controls
version=1
nRows=9459
nColumns=3
inDegrees=no
endheader
time	prosthetic_knee_motor	prosthetic_ankle_motor
      0.00000000	    -27.99032211	    -26.80775412
      0.01000000	    -27.99041835	    -26.80783861
      0.03352219	    -27.99334948	    -26.81060935
      0.05704439	    -27.99661249	    -26.81369391
      0.08819332	    -27.99531620	    -26.81246078
      0.13555360	    -27.97773044	    -26.79592277
      0.15577167	    -27.97340554	    -26.79193220
      0.18011566	    -27.98098431	    -26.79917286
      0.20445965	    -28.00506071	    -26.82174520
      0.22880364	    -28.03178525	    -26.84639704
      0.26703768	    -28.01768395	    -26.83191205
      0.29819537	    -27.93191759	    -26.75226263
      0.31445643	    -27.88496986	    -26.71043237
      0.32139617	    -27.87057836	    -26.69824766
      0.32833591	    -27.86337227	    -26.69305356
      0.34343055	    -27.87933608	    -26.71173796
      0.35028823	    -27.90005102	    -26.73281089
      0.35957799	    -27.94828241	    -26.77978042
      0.36913400	    -28.01651258	    -26.84452111
      0.37869000	    -28.09790361	    -26.92002783
      0.38824601	    -28.18364677	    -26.99753853
      0.39321584	    -28.22515347	    -27.03392517
      0.39818567	    -28.26483608	    -27.06812585
      0.40239906	    -28.29186852	    -27.09027664
      0.40846790	    -28.32360460	    -27.11472635
      0.41217726	    -28.33292795	    -27.11977715
      0.41588661	    -28.33516224	    -27.11786625
      0.42007669	    -28.33718980	    -27.11523802
      0.42711855	    -28.29586367	    -27.06848496
      0.43032251	    -28.27445605	    -27.04483306
      0.43352647	    -28.22977673	    -26.99991891
      0.43862136	    -28.15872835	    -26.92849709
      0.44083427	    -28.12016949	    -26.89071587
      0.44304718	    -28.06888679	    -26.84176387
      0.44789413	    -27.95656199	    -26.73454403
      0.45059342	    -27.88822734	    -26.67000796
      0.45329271	    -27.79937929	    -26.58834961
      0.45841380	    -27.63081642	    -26.43342708
      0.46087327	    -27.54158416	    -26.35258751
      0.46333274	    -27.43731598	    -26.26005736
      0.46848848	    -27.21874009	    -26.06608775
      0.47221628	    -27.04209453	    -25.91293640
      0.47594407	    -26.85275870	    -25.75098426
      0.48076542	    -26.60286805	    -25.53877373
      0.48558677	    -26.32641585	    -25.31199505
      0.49617945	    -25.69363325	    -24.80834923
      0.50226415	    -25.31664179	    -24.52150526
      0.50834885	    -24.93444959	    -24.24255880
      0.51238516	    -24.68415856	    -24.06930926
      0.51760541	    -24.36335199	    -23.85579931
      0.52150271	    -24.12939371	    -23.70762867
      0.52540001	    -23.90427603	    -23.57735410
      0.53061043	    -23.60657140	    -23.40893640
      0.53582084	    -23.33344742	    -23.28385079
      0.54080026	    -23.07732977	    -23.17280902
      0.54577967	    -22.84678815	    -23.10614725
      0.55117682	    -22.60391737	    -23.04683740
      0.55657397	    -22.38619063	    -23.03394843
      0.56141876	    -22.19773360	    -23.03739084
      0.56626355	    -22.02614907	    -23.07708503
      0.57166866	    -21.84005301	    -23.13716627
      0.57707378	    -21.66589838	    -23.23261828
      0.58362030	    -21.45864576	    -23.37651170
      0.59016681	    -21.25414219	    -23.54423598
      0.60185146	    -20.86709905	    -23.91648379
      0.61353611	    -20.42443625	    -24.32985713
      0.62522076	    -19.89828636	    -24.75289772
      0.63690542	    -19.26864668	    -25.15772545
      0.64485270	    -18.77115943	    -25.40891952
      0.65022988	    -18.41424670	    -25.57050842
      0.65731483	    -17.88492400	    -25.75350273
      0.66307887	    -17.42907278	    -25.88750298
      0.66884291	    -16.95123045	    -26.00852896
      0.67634800	    -16.28290337	    -26.13597296
      0.68270561	    -15.69348205	    -26.22806484
      0.68906323	    -15.08226016	    -26.30502139
      0.69430881	    -14.56714786	    -26.35571398
      0.69955439	    -14.04968721	    -26.40362304
      0.70400368	    -13.60141490	    -26.43857908
      0.70845297	    -13.15210047	    -26.47290290
      0.71290227	    -12.70014486	    -26.50884249
      0.71532963	    -12.45280711	    -26.52891963
      0.71775699	    -12.20546935	    -26.54899677
      0.71984757	    -11.99244870	    -26.56628829
      0.72193814	    -11.77993947	    -26.58889720
      0.72396872	    -11.57356802	    -26.61126346
      0.72599930	    -11.36719657	    -26.63362973
      0.72802988	    -11.16082512	    -26.65599600
      0.73061404	    -10.89884451	    -26.68748450
      0.73319820	    -10.63895490	    -26.72867777
      0.73578235	    -10.37906529	    -26.76987104
      0.73719269	    -10.23722722	    -26.79235279
      0.73817655	    -10.13827999	    -26.80803621
      0.73891201	    -10.06431407	    -26.81976003
      0.73964748	     -9.99034816	    -26.83148384
      0.74038294	     -9.91692046	    -26.84582432
      0.74111840	     -9.84398824	    -26.86257364
      0.74206783	     -9.74983855	    -26.88419566
      0.74301725	     -9.65568886	    -26.90581769
      0.74396548	     -9.56165805	    -26.92741242
      0.74491371	     -9.46762723	    -26.94900714
      0.74586193	     -9.37359642	    -26.97060187
      0.74681016	     -9.27956561	    -26.99219660
      0.74781043	     -9.18037355	    -27.01497663
      0.74864673	     -9.09744238	    -27.03402226
      0.74930337	     -9.03232694	    -27.04897640
      0.74996001	     -8.96721150	    -27.06393054
      0.75078426	     -8.88648192	    -27.08909993
      0.75185628	     -8.78155342	    -27.12225910
      0.75328581	     -8.64163170	    -27.16647672
      0.75426400	     -8.54588683	    -27.19673371
      0.75513194	     -8.46093269	    -27.22358065
      0.75599989	     -8.37597855	    -27.25042758
      0.75686784	     -8.29102441	    -27.27727452
      0.75761386	     -8.21800412	    -27.30035016
      0.75835988	     -8.14498382	    -27.32342580
      0.75910590	     -8.07196353	    -27.34650144
      0.75985192	     -7.99894323	    -27.36957708
      0.76059794	     -7.92638374	    -27.39778899
      0.76134396	     -7.85393836	    -27.42727288
      0.76226996	     -7.76401628	    -27.46386945
      0.76319595	     -7.67409419	    -27.50046602
      0.76401055	     -7.59498915	    -27.53266027
      0.76455208	     -7.54240135	    -27.55406250
      0.76491563	     -7.50709762	    -27.56843044
      0.76527918	     -7.47179389	    -27.58279839
      0.76575211	     -7.42586793	    -27.60148938
      0.76622504	     -7.37994196	    -27.62018037
      0.76679930	     -7.32417626	    -27.64287595
      0.76750169	     -7.25596854	    -27.67063519
      0.76805308	     -7.20242321	    -27.69242712
      0.76860447	     -7.14887787	    -27.71421905
      0.76915587	     -7.09533254	    -27.73601098
      0.76988054	     -7.02496045	    -27.76465108
      0.77044515	     -6.97013824	    -27.79046478
      0.77093327	     -6.92274475	    -27.81359318
      0.77129138	     -6.88797390	    -27.83056163
      0.77164949	     -6.85320305	    -27.84753007
      0.77217810	     -6.80187815	    -27.87257703
      0.77287313	     -6.73439445	    -27.90550961
      0.77360811	     -6.66303205	    -27.94033502
      0.77422653	     -6.60298663	    -27.96963766
      0.77477548	     -6.54968707	    -27.99564826
      0.77532442	     -6.49638752	    -28.02165886
      0.77587337	     -6.44308796	    -28.04766946
      0.77634295	     -6.39749423	    -28.06991956
      0.77681253	     -6.35190050	    -28.09216966
      0.77728211	     -6.30630677	    -28.11441976
      0.77775169	     -6.26071304	    -28.13666986
      0.77822127	     -6.21511931	    -28.15891996
      0.77869085	     -6.16952559	    -28.18117005
      0.77929337	     -6.11102379	    -28.20971939
      0.77989590	     -6.05252199	    -28.23826873
      0.78054287	     -5.98929127	    -28.27207255
      0.78093992	     -5.95043669	    -28.29318915
      0.78118531	     -5.92642418	    -28.30623942
      0.78143069	     -5.90241167	    -28.31928968
      0.78177429	     -5.86878798	    -28.33756342
      0.78211789	     -5.83516429	    -28.35583715
      0.78253294	     -5.79454960	    -28.37791033
      0.78294798	     -5.75393492	    -28.39998350
      0.78336302	     -5.71332024	    -28.42205668
      0.78377807	     -5.67270556	    -28.44412986
      0.78419311	     -5.63209087	    -28.46620304
      0.78460815	     -5.59147619	    -28.48827622
      0.78504759	     -5.54847397	    -28.51164698
      0.78548703	     -5.50547174	    -28.53501773
      0.78580599	     -5.47425987	    -28.55198069
      0.78612495	     -5.44304801	    -28.56894365
      0.78644390	     -5.41183614	    -28.58590661
      0.78693198	     -5.36407390	    -28.61186433
      0.78751161	     -5.30735354	    -28.64269058
      0.78798295	     -5.26123030	    -28.66775754
      0.78840170	     -5.22025292	    -28.69002784
      0.78882045	     -5.17927555	    -28.71229813
      0.78923919	     -5.13829818	    -28.73456843
      0.78959232	     -5.10374301	    -28.75334839
      0.78994544	     -5.06918785	    -28.77212836
      0.79029856	     -5.03417337	    -28.79161699
      0.79065168	     -4.99907494	    -28.81123514
      0.79100480	     -4.96397652	    -28.83085329
      0.79135792	     -4.92887809	    -28.85047144
      0.79180476	     -4.88446380	    -28.87529666
      0.79225161	     -4.84004952	    -28.90012187
      0.79285513	     -4.78006234	    -28.93365151
      0.79316893	     -4.74887207	    -28.95108521
      0.79336332	     -4.72955134	    -28.96188447
      0.79355770	     -4.71023060	    -28.97268373
      0.79383242	     -4.68292502	    -28.98794610
      0.79410714	     -4.65561943	    -29.00320846
      0.79443846	     -4.62268755	    -29.02161563
      0.79476978	     -4.58975566	    -29.04002280
      0.79510110	     -4.55682378	    -29.05842997
      0.79543243	     -4.52389189	    -29.07683713
      0.79576375	     -4.49096001	    -29.09524430
      0.79609507	     -4.45802813	    -29.11365147
      0.79644780	     -4.42296879	    -29.13324777
      0.79680053	     -4.38790945	    -29.15284407
      0.79707319	     -4.36080797	    -29.16799235
      0.79731673	     -4.33660130	    -29.18152259
      0.79756027	     -4.31239463	    -29.19505283
      0.79793952	     -4.27469959	    -29.21612235
      0.79846238	     -4.22272965	    -29.24517077
      0.79883592	     -4.18560137	    -29.26592351
      0.79920946	     -4.14847308	    -29.28667624
      0.79951910	     -4.11769706	    -29.30387839
      0.79982873	     -4.08692105	    -29.32108055
      0.80013836	     -4.05568479	    -29.33796649
      0.80044800	     -4.02387883	    -29.35446102
      0.80075763	     -3.99207288	    -29.37095555
      0.80106726	     -3.96026692	    -29.38745008
      0.80137690	     -3.92846097	    -29.40394461
      0.80168653	     -3.89665502	    -29.42043914
      0.80206285	     -3.85799944	    -29.44048588
      0.80243916	     -3.81934386	    -29.46053262
      0.80285458	     -3.77667130	    -29.48266256
      0.80310459	     -3.75099031	    -29.49598069
      0.80329043	     -3.73190007	    -29.50588086
      0.80347628	     -3.71280983	    -29.51578104
      0.80371697	     -3.68808585	    -29.52860287
      0.80395766	     -3.66336187	    -29.54142470
      0.80424771	     -3.63356690	    -29.55687633
      0.80453777	     -3.60377193	    -29.57232797
      0.80482783	     -3.57397697	    -29.58777960
      0.80511788	     -3.54418200	    -29.60323124
      0.80540794	     -3.51438703	    -29.61868287
      0.80569799	     -3.48459206	    -29.63413451
      0.80598805	     -3.45479710	    -29.64958614
      0.80624904	     -3.42798806	    -29.66348928
      0.80644284	     -3.40808031	    -29.67381342
      0.80663664	     -3.38817255	    -29.68413756
      0.80688070	     -3.36310250	    -29.69713886
      0.80723006	     -3.32721658	    -29.71574925
      0.80759641	     -3.28958364	    -29.73526565
      0.80791341	     -3.25702109	    -29.75215255
      0.80819655	     -3.22793672	    -29.76723567
      0.80847969	     -3.19885235	    -29.78231879
      0.80871974	     -3.17419371	    -29.79510673
      0.80895980	     -3.14953507	    -29.80789467
      0.80919985	     -3.12487644	    -29.82068261
      0.80943991	     -3.10021780	    -29.83347055
      0.80967996	     -3.07555916	    -29.84625850
      0.80992001	     -3.05090053	    -29.85904644
      0.81016007	     -3.02598985	    -29.87061175
      0.81046401	     -2.99428960	    -29.88448166
      0.81076796	     -2.96258935	    -29.89835156
      0.81116010	     -2.92169046	    -29.91624618
      0.81143873	     -2.89262984	    -29.92896116
      0.81156550	     -2.87940891	    -29.93474576
      0.81169226	     -2.86618798	    -29.94053035
      0.81187598	     -2.84702661	    -29.94891408
      0.81205970	     -2.82786524	    -29.95729782
      0.81229209	     -2.80362874	    -29.96790209
      0.81252447	     -2.77939224	    -29.97850636
      0.81277748	     -2.75300408	    -29.99005205
      0.81303049	     -2.72661592	    -30.00159774
      0.81328350	     -2.70022775	    -30.01314344
      0.81353652	     -2.67383959	    -30.02468913
      0.81378953	     -2.64745143	    -30.03623482
      0.81404254	     -2.62106327	    -30.04778051
      0.81429555	     -2.59467511	    -30.05932621
      0.81446001	     -2.57752302	    -30.06683081
      0.81462446	     -2.56037093	    -30.07433542
      0.81484245	     -2.53763588	    -30.08428275
      0.81515183	     -2.50536881	    -30.09840067
      0.81546964	     -2.47222267	    -30.11290320
      0.81574655	     -2.44334186	    -30.12553951
      0.81599358	     -2.41757771	    -30.13681217
      0.81624061	     -2.39181356	    -30.14808484
      0.81644614	     -2.37037792	    -30.15746364
      0.81665166	     -2.34894228	    -30.16684244
      0.81685719	     -2.32750664	    -30.17622124
      0.81706272	     -2.30607100	    -30.18560005
      0.81726824	     -2.28463536	    -30.19497885
      0.81747377	     -2.26319972	    -30.20435765
      0.81767930	     -2.24176407	    -30.21373645
      0.81794210	     -2.21435464	    -30.22572898
      0.81820491	     -2.18694521	    -30.23772151
      0.81854178	     -2.15181081	    -30.25309398
      0.81881777	     -2.12302569	    -30.26568842
      0.81896750	     -2.10740974	    -30.27252091
      0.81911723	     -2.09179380	    -30.27935340
      0.81926695	     -2.07617785	    -30.28618589
      0.81946186	     -2.05584947	    -30.29508023
      0.81965678	     -2.03552109	    -30.30397457
      0.81985169	     -2.01519270	    -30.31286891
      0.82009684	     -1.98959465	    -30.32277723
      0.82030960	     -1.96734088	    -30.32967625
      0.82052236	     -1.94508711	    -30.33657527
      0.82073511	     -1.92283334	    -30.34347429
      0.82094787	     -1.90057957	    -30.35037331
      0.82116063	     -1.87832580	    -30.35727233
      0.82137339	     -1.85607203	    -30.36417135
      0.82154691	     -1.83792147	    -30.36979832
      0.82172044	     -1.81977091	    -30.37542528
      0.82189397	     -1.80162035	    -30.38105224
      0.82217205	     -1.77253406	    -30.39006945
      0.82245954	     -1.74246383	    -30.39939170
      0.82271061	     -1.71620219	    -30.40753322
      0.82293413	     -1.69282341	    -30.41478102
      0.82313273	     -1.67205041	    -30.42122098
      0.82333133	     -1.65127740	    -30.42766094
      0.82352993	     -1.63050440	    -30.43410090
      0.82372853	     -1.60973140	    -30.44054086
      0.82392713	     -1.58895840	    -30.44698082
      0.82412573	     -1.56818539	    -30.45342078
      0.82432433	     -1.54741239	    -30.45986074
      0.82452293	     -1.52663939	    -30.46630070
      0.82476554	     -1.50126286	    -30.47416782
      0.82500815	     -1.47588633	    -30.48203495
      0.82532766	     -1.44246719	    -30.49239541
      0.82554923	     -1.41929110	    -30.49958037
      0.82564651	     -1.40911609	    -30.50273478
      0.82574379	     -1.39894107	    -30.50588920
      0.82589672	     -1.38294486	    -30.51084828
      0.82604965	     -1.36694865	    -30.51580736
      0.82624057	     -1.34697870	    -30.52199836
      0.82643150	     -1.32700875	    -30.52818936
      0.82662242	     -1.30703880	    -30.53438036
      0.82681334	     -1.28706885	    -30.54057136
      0.82700427	     -1.26709890	    -30.54676236
      0.82719519	     -1.24712895	    -30.55295336
      0.82738611	     -1.22715900	    -30.55914436
      0.82757703	     -1.20718905	    -30.56533536
      0.82776796	     -1.18721910	    -30.57152637
      0.82795888	     -1.16724915	    -30.57771737
      0.82807947	     -1.15463570	    -30.58162774
      0.82820006	     -1.14202225	    -30.58553811
      0.82840726	     -1.12034978	    -30.59225692
      0.82868390	     -1.09141385	    -30.60122751
      0.82896055	     -1.06247793	    -30.61019811
      0.82917717	     -1.03981920	    -30.61722267
      0.82936959	     -1.01969333	    -30.62346201
      0.82954172	     -1.00168862	    -30.62904376
      0.82971386	     -0.98368391	    -30.63462550
      0.82988599	     -0.96567920	    -30.64020725
      0.83005812	     -0.94776889	    -30.64473733
      0.83023026	     -0.93004376	    -30.64720458
      0.83040239	     -0.91231863	    -30.64967183
      0.83057453	     -0.89459350	    -30.65213909
      0.83074666	     -0.87686837	    -30.65460634
      0.83097082	     -0.85378582	    -30.65781932
      0.83119498	     -0.83070328	    -30.66103229
      0.83149124	     -0.80019728	    -30.66527858
      0.83169696	     -0.77901341	    -30.66822727
      0.83178575	     -0.76987001	    -30.66949999
      0.83187455	     -0.76072662	    -30.67077270
      0.83201660	     -0.74609865	    -30.67280885
      0.83215866	     -0.73147068	    -30.67484499
      0.83233621	     -0.71318750	    -30.67738992
      0.83251377	     -0.69490432	    -30.67993485
      0.83269132	     -0.67662113	    -30.68247978
      0.83286888	     -0.65833795	    -30.68502471
      0.83304643	     -0.64005476	    -30.68756964
      0.83322398	     -0.62177158	    -30.69011457
      0.83340154	     -0.60348839	    -30.69265950
      0.83357909	     -0.58520521	    -30.69520443
      0.83375664	     -0.56692202	    -30.69774936
      0.83393420	     -0.54863884	    -30.70029429
      0.83403240	     -0.53852617	    -30.70170192
      0.83413061	     -0.52841350	    -30.70310956
      0.83431125	     -0.50981226	    -30.70569876
      0.83455002	     -0.48522527	    -30.70912115
      0.83479406	     -0.46009678	    -30.71261891
      0.83500846	     -0.43801863	    -30.71569208
      0.83519480	     -0.41883145	    -30.71836284
      0.83535388	     -0.40244956	    -30.72064312
      0.83551297	     -0.38606767	    -30.72292340
      0.83567206	     -0.36968578	    -30.72520368
      0.83583115	     -0.35330389	    -30.72748396
      0.83599024	     -0.33692200	    -30.72976424
      0.83614933	     -0.32054011	    -30.73204452
      0.83630842	     -0.30415821	    -30.73432480
      0.83646751	     -0.28777632	    -30.73660508
      0.83666595	     -0.26734272	    -30.73944934
      0.83686439	     -0.24690912	    -30.74229359
      0.83712128	     -0.22045559	    -30.74597580
      0.83737818	     -0.19400207	    -30.74965800
      0.83751494	     -0.17991943	    -30.75161823
      0.83765170	     -0.16583679	    -30.75357847
      0.83778846	     -0.15175415	    -30.75553870
      0.83792522	     -0.13767152	    -30.75749894
      0.83809695	     -0.11998842	    -30.75996034
      0.83826868	     -0.10230532	    -30.76242174
      0.83844040	     -0.08462222	    -30.76488314
      0.83861213	     -0.06693913	    -30.76734454
      0.83878385	     -0.04925603	    -30.76980594
      0.83895558	     -0.03157293	    -30.77226734
      0.83912731	     -0.01388983	    -30.77472874
      0.83929903	      0.00379327	    -30.77719014
      0.83947076	      0.02147637	    -30.77965155
      0.83961135	      0.03595357	    -30.78166670
      0.83975194	      0.05043078	    -30.78368186
      0.83989254	      0.06490799	    -30.78569702
      0.84012018	      0.08787578	    -30.78639367
      0.84035592	      0.11122208	    -30.78473876
      0.84056110	      0.13154236	    -30.78329835
      0.84073994	      0.14925349	    -30.78204289
      0.84089842	      0.16494885	    -30.78093032
      0.84105691	      0.18064422	    -30.77981774
      0.84121539	      0.19633958	    -30.77870517
      0.84137387	      0.21203494	    -30.77759260
      0.84153236	      0.22773031	    -30.77648003
      0.84169084	      0.24342567	    -30.77536746
      0.84184932	      0.25912103	    -30.77425488
      0.84200781	      0.27481640	    -30.77314231
      0.84220254	      0.29410205	    -30.77177524
      0.84239728	      0.31338770	    -30.77040817
      0.84264782	      0.33819995	    -30.76864934
      0.84285694	      0.35890990	    -30.76718131
      0.84297001	      0.37010751	    -30.76638756
      0.84308307	      0.38130512	    -30.76559382
      0.84319614	      0.39250272	    -30.76480007
      0.84334614	      0.40735795	    -30.76374705
      0.84349614	      0.42221317	    -30.76269403
      0.84364614	      0.43706840	    -30.76164101
      0.84379614	      0.45192363	    -30.76058799
      0.84394614	      0.46677885	    -30.75953498
      0.84409614	      0.48163408	    -30.75848196
      0.84424614	      0.49648930	    -30.75742894
      0.84439614	      0.51134453	    -30.75637592
      0.84454614	      0.52619976	    -30.75532290
      0.84469614	      0.54105498	    -30.75426988
      0.84484614	      0.55591021	    -30.75321686
      0.84497368	      0.56854066	    -30.75232155
      0.84510121	      0.58117111	    -30.75142624
      0.84522875	      0.59380156	    -30.75053092
      0.84544779	      0.61549440	    -30.74899321
      0.84567589	      0.63808427	    -30.74739192
      0.84587287	      0.65759147	    -30.74600915
      0.84604483	      0.67462160	    -30.74480196
      0.84619835	      0.68982539	    -30.74372423
      0.84635187	      0.70502918	    -30.74264651
      0.84650539	      0.72023297	    -30.74156878
      0.84665891	      0.73543676	    -30.74049105
      0.84679633	      0.74904606	    -30.73952635
      0.84693375	      0.76265536	    -30.73856165
      0.84707117	      0.77626467	    -30.73759695
      0.84720859	      0.78987397	    -30.73663225
      0.84738811	      0.80765265	    -30.73537200
      0.84756763	      0.82543132	    -30.73411175
      0.84779530	      0.84797935	    -30.73251343
      0.84802298	      0.87052739	    -30.73091510
      0.84816883	      0.88497180	    -30.72989120
      0.84827807	      0.89578996	    -30.72912435
      0.84838731	      0.90660813	    -30.72835750
      0.84852834	      0.92057558	    -30.72736741
      0.84866938	      0.93454303	    -30.72637733
      0.84881041	      0.94851049	    -30.72538724
      0.84898099	      0.96540359	    -30.72418976
      0.84915157	      0.98229669	    -30.72299229
      0.84932215	      0.99918979	    -30.72179481
      0.84949272	      1.01608289	    -30.72059734
      0.84966330	      1.03297599	    -30.71939987
      0.84983388	      1.04986909	    -30.71820239
      0.85000446	      1.06673444	    -30.71690671
      0.85013129	      1.07850597	    -30.71322190
      0.85025812	      1.09027750	    -30.70953708
      0.85038496	      1.10204902	    -30.70585227
      0.85059896	      1.12191065	    -30.69963503
      0.85081952	      1.14238070	    -30.69322733
      0.85100970	      1.16003167	    -30.68770209
      0.85117678	      1.17553854	    -30.68284801
      0.85132708	      1.18948765	    -30.67848155
      0.85147737	      1.20343677	    -30.67411509
      0.85162767	      1.21738588	    -30.66974864
      0.85177796	      1.23133500	    -30.66538218
      0.85191049	      1.24363467	    -30.66153204
      0.85204301	      1.25593435	    -30.65768190
      0.85217554	      1.26823403	    -30.65383176
      0.85230806	      1.28053371	    -30.64998162
      0.85248345	      1.29681200	    -30.64488606
      0.85265885	      1.31309029	    -30.63979050
      0.85287767	      1.33339933	    -30.63343321
      0.85309649	      1.35370836	    -30.62707592
      0.85324098	      1.36711878	    -30.62287809
      0.85334623	      1.37688688	    -30.61982040
      0.85345148	      1.38665499	    -30.61676272
      0.85358863	      1.39938461	    -30.61277799
      0.85372579	      1.41211424	    -30.60879326
      0.85386295	      1.42484386	    -30.60480854
      0.85402894	      1.44024958	    -30.59998612
      0.85419493	      1.45565529	    -30.59516371
      0.85436092	      1.47106101	    -30.59034129
      0.85452691	      1.48646672	    -30.58551888
      0.85469290	      1.50187244	    -30.58069646
      0.85485889	      1.51727815	    -30.57587405
      0.85502488	      1.53268387	    -30.57105163
      0.85515286	      1.54456163	    -30.56733356
      0.85528084	      1.55643940	    -30.56361549
      0.85540882	      1.56831716	    -30.55989742
      0.85561791	      1.58772318	    -30.55382280
      0.85583344	      1.60772723	    -30.54756098
      0.85601985	      1.62502737	    -30.54214556
      0.85618492	      1.64034806	    -30.53734975
      0.85633340	      1.65412862	    -30.53303606
      0.85646692	      1.66652107	    -30.52915688
      0.85660045	      1.67891352	    -30.52527770
      0.85673397	      1.69130597	    -30.52139852
      0.85686750	      1.70369842	    -30.51751934
      0.85700102	      1.71609087	    -30.51364016
      0.85713454	      1.72848332	    -30.50976098
      0.85726807	      1.74087576	    -30.50588180
      0.85743537	      1.75640341	    -30.50102121
      0.85760268	      1.77193106	    -30.49616063
      0.85781271	      1.79142439	    -30.49005868
      0.85802274	      1.81091772	    -30.48395673
      0.85818853	      1.82630451	    -30.47914023
      0.85826248	      1.83316826	    -30.47699169
      0.85833644	      1.84003201	    -30.47484315
      0.85845963	      1.85146582	    -30.47126405
      0.85858283	      1.86289962	    -30.46768495
      0.85873378	      1.87690946	    -30.46329948
      0.85888473	      1.89091930	    -30.45891401
      0.85903568	      1.90492914	    -30.45452855
      0.85918663	      1.91893898	    -30.45014308
      0.85933758	      1.93294882	    -30.44575761
      0.85948853	      1.94695866	    -30.44137214
      0.85963948	      1.96096850	    -30.43698667
      0.85979043	      1.97497834	    -30.43260121
      0.85994138	      1.98898818	    -30.42821574
      0.86007712	      2.00097192	    -30.42278288
      0.86019065	      2.01060416	    -30.41729225
      0.86030418	      2.02023640	    -30.41180162
      0.86048863	      2.03588598	    -30.40288095
      0.86071896	      2.05542828	    -30.39174133
      0.86091028	      2.07166042	    -30.38248859
      0.86108026	      2.08608245	    -30.37426765
      0.86123215	      2.09896969	    -30.36692159
      0.86136423	      2.11017583	    -30.36053380
      0.86149631	      2.12138197	    -30.35414601
      0.86162839	      2.13258811	    -30.34775821
      0.86176046	      2.14379425	    -30.34137042
      0.86189254	      2.15500039	    -30.33498263
      0.86202462	      2.16620653	    -30.32859483
      0.86215670	      2.17741268	    -30.32220704
      0.86228878	      2.18861882	    -30.31581925
      0.86246711	      2.20374923	    -30.30719452
      0.86264544	      2.21887964	    -30.29856979
      0.86287387	      2.23826079	    -30.28752203
      0.86306971	      2.25487599	    -30.27805093
      0.86317809	      2.26407162	    -30.27280918
      0.86328647	      2.27326725	    -30.26756743
      0.86339485	      2.28246288	    -30.26232568
      0.86353407	      2.29427473	    -30.25559262
      0.86367329	      2.30608658	    -30.24885956
      0.86381251	      2.31789843	    -30.24212649
      0.86395172	      2.32971028	    -30.23539343
      0.86409094	      2.34152213	    -30.22866037
      0.86423016	      2.35333398	    -30.22192730
      0.86436938	      2.36514582	    -30.21519424
      0.86450859	      2.37695767	    -30.20846118
      0.86464781	      2.38876952	    -30.20172812
      0.86478703	      2.40058137	    -30.19499505
      0.86492625	      2.41239322	    -30.18826199
      0.86503775	      2.42185388	    -30.18286917
      0.86514926	      2.43131454	    -30.17747635
      0.86529132	      2.44336759	    -30.17060579
      0.86549841	      2.46093770	    -30.16059037
      0.86570794	      2.47871543	    -30.15045660
      0.86589230	      2.49435702	    -30.14154049
      0.86605722	      2.50835014	    -30.13356405
      0.86619787	      2.52028296	    -30.12676203
      0.86633851	      2.53221578	    -30.11996001
      0.86647915	      2.54414860	    -30.11315799
      0.86661980	      2.55608142	    -30.10635597
      0.86676044	      2.56801424	    -30.09955395
      0.86690108	      2.57994706	    -30.09275193
      0.86704173	      2.59187988	    -30.08594991
      0.86718237	      2.60381270	    -30.07914789
      0.86735612	      2.61855407	    -30.07074493
      0.86752986	      2.63329543	    -30.06234197
      0.86775503	      2.65240005	    -30.05145183
      0.86798021	      2.67150468	    -30.04056170
      0.86810290	      2.68191415	    -30.03462802
      0.86822558	      2.69232363	    -30.02869435
      0.86834827	      2.70273311	    -30.02276067
      0.86847096	      2.71314259	    -30.01682700
      0.86862473	      2.72618906	    -30.00939017
      0.86877850	      2.73923554	    -30.00195334
      0.86893227	      2.75228201	    -29.99451650
      0.86908604	      2.76532849	    -29.98707967
      0.86923981	      2.77837496	    -29.97964284
      0.86939358	      2.79142144	    -29.97220601
      0.86954735	      2.80446791	    -29.96476918
      0.86970112	      2.81751439	    -29.95733235
      0.86985489	      2.83056086	    -29.94989551
      0.86997296	      2.84057900	    -29.94418492
      0.87009104	      2.84981089	    -29.93732133
      0.87020912	      2.85880928	    -29.93011534
      0.87041424	      2.87444135	    -29.91759705
      0.87063163	      2.89100863	    -29.90432983
      0.87082244	      2.90554948	    -29.89268540
      0.87099042	      2.91835134	    -29.88243356
      0.87113367	      2.92926790	    -29.87369148
      0.87127692	      2.94018447	    -29.86494941
      0.87142016	      2.95110103	    -29.85620733
      0.87156341	      2.96201760	    -29.84746525
      0.87170666	      2.97293416	    -29.83872318
      0.87184990	      2.98385073	    -29.82998110
      0.87199315	      2.99476729	    -29.82123902
      0.87213640	      3.00568386	    -29.81249695
      0.87231046	      3.01894879	    -29.80187427
      0.87248452	      3.03221373	    -29.79125160
      0.87271152	      3.04951276	    -29.77739840
      0.87293851	      3.06681178	    -29.76354520
      0.87307543	      3.07724602	    -29.75518937
      0.87318322	      3.08546022	    -29.74861137
      0.87329100	      3.09367441	    -29.74203337
      0.87342919	      3.10420543	    -29.73360005
      0.87356738	      3.11473645	    -29.72516672
      0.87370557	      3.12526746	    -29.71673340
      0.87387230	      3.13797427	    -29.70655768
      0.87403904	      3.15068108	    -29.69638196
      0.87420578	      3.16338789	    -29.68620624
      0.87437252	      3.17609470	    -29.67603052
      0.87453926	      3.18880151	    -29.66585480
      0.87470599	      3.20150832	    -29.65567908
      0.87487273	      3.21421512	    -29.64550336
      0.87498472	      3.22274973	    -29.63866878
      0.87509671	      3.23128434	    -29.63183419
      0.87524204	      3.24235959	    -29.62296504
      0.87545036	      3.25823550	    -29.61025148
      0.87567032	      3.27499823	    -29.59682774
      0.87586443	      3.28979076	    -29.58498176
      0.87603254	      3.30260184	    -29.57472254
      0.87617888	      3.31375468	    -29.56579126
      0.87632523	      3.32490751	    -29.55685997
      0.87647158	      3.33606034	    -29.54792869
      0.87661792	      3.34721318	    -29.53899741
      0.87676427	      3.35836601	    -29.53006613
      0.87691062	      3.36951884	    -29.52113485
      0.87705696	      3.38067167	    -29.51220356
      0.87720331	      3.39182451	    -29.50327228
      0.87738325	      3.40553729	    -29.49229097
      0.87756319	      3.41925008	    -29.48130966
      0.87779769	      3.43712090	    -29.46699855
      0.87803219	      3.45499172	    -29.45268745
      0.87816583	      3.46517608	    -29.44453173
      0.87827888	      3.47379180	    -29.43763219
      0.87839194	      3.48240752	    -29.43073265
      0.87853456	      3.49327649	    -29.42202868
      0.87867718	      3.50414547	    -29.41332472
      0.87881980	      3.51501444	    -29.40462075
      0.87899115	      3.52807285	    -29.39416347
      0.87916251	      3.54113126	    -29.38370619
      0.87933386	      3.55418966	    -29.37324890
      0.87950521	      3.56724807	    -29.36279162
      0.87967656	      3.58030648	    -29.35233434
      0.87984791	      3.59336489	    -29.34187706
      0.88000097	      3.60502162	    -29.33253424
      0.88010842	      3.61237299	    -29.32576086
      0.88021587	      3.61972435	    -29.31898748
      0.88036454	      3.62989612	    -29.30961545
      0.88057321	      3.64417317	    -29.29646090
      0.88080509	      3.66003826	    -29.28184317
      0.88100731	      3.67387372	    -29.26909550
      0.88118293	      3.68588954	    -29.25802440
      0.88133718	      3.69644248	    -29.24830116
      0.88149142	      3.70699542	    -29.23857792
      0.88164566	      3.71754836	    -29.22885468
      0.88179990	      3.72810130	    -29.21913144
      0.88193850	      3.73758385	    -29.21039444
      0.88207709	      3.74706639	    -29.20165744
      0.88221569	      3.75654894	    -29.19292044
      0.88235429	      3.76603148	    -29.18418345
      0.88253463	      3.77836996	    -29.17281506
      0.88271497	      3.79070843	    -29.16144667
      0.88294700	      3.80658411	    -29.14681918
      0.88317904	      3.82245979	    -29.13219170
      0.88335494	      3.83449428	    -29.12110340
      0.88343189	      3.83975943	    -29.11625221
      0.88350885	      3.84502458	    -29.11140102
      0.88363734	      3.85381560	    -29.10330118
      0.88376583	      3.86260662	    -29.09520133
      0.88392770	      3.87368182	    -29.08499689
      0.88408958	      3.88475702	    -29.07479246
      0.88425145	      3.89583222	    -29.06458802
      0.88441333	      3.90690742	    -29.05438358
      0.88457520	      3.91798263	    -29.04417915
      0.88473708	      3.92905783	    -29.03397471
      0.88489895	      3.94013303	    -29.02377027
      0.88506083	      3.95120823	    -29.01356583
      0.88522270	      3.96228343	    -29.00336140
      0.88536476	      3.97200290	    -28.99440610
      0.88549222	      3.98072317	    -28.98637144
      0.88561967	      3.98944344	    -28.97833679
      0.88582120	      4.00323117	    -28.96563309
      0.88609290	      4.02182086	    -28.94850498
      0.88630754	      4.03650613	    -28.93497431
      0.88649671	      4.04944894	    -28.92304910
      0.88666377	      4.06087887	    -28.91251783
      0.88683083	      4.07230880	    -28.90198655
      0.88697932	      4.08246794	    -28.89262615
      0.88712780	      4.09262708	    -28.88326575
      0.88727629	      4.10278623	    -28.87390534
      0.88742478	      4.11294537	    -28.86454494
      0.88757326	      4.12310452	    -28.85518454
      0.88772175	      4.13326366	    -28.84582414
      0.88790596	      4.14586688	    -28.83421182
      0.88809016	      4.15847010	    -28.82259950
      0.88832558	      4.17457649	    -28.80775944
      0.88856099	      4.19068288	    -28.79291938
      0.88876779	      4.20483216	    -28.77988256
      0.88888062	      4.21255157	    -28.77277008
      0.88899345	      4.22027098	    -28.76565759
      0.88910627	      4.22799038	    -28.75854511
      0.88926169	      4.23862406	    -28.74874748
      0.88941712	      4.24925774	    -28.73894985
      0.88960494	      4.26210835	    -28.72710960
      0.88979276	      4.27495895	    -28.71526935
      0.88998059	      4.28780955	    -28.70342910
      0.89016841	      4.29978896	    -28.69363840
      0.89035624	      4.31166795	    -28.68408395
      0.89054406	      4.32354694	    -28.67452949
      0.89073188	      4.33542593	    -28.66497503
      0.89088364	      4.34502402	    -28.65725514
      0.89100700	      4.35282541	    -28.65098036
      0.89113035	      4.36062681	    -28.64470558
      0.89132889	      4.37318369	    -28.63460588
      0.89159853	      4.39023727	    -28.62088942
      0.89183732	      4.40533925	    -28.60874266
      0.89204455	      4.41844603	    -28.59820068
      0.89222878	      4.43009736	    -28.58882934
      0.89239377	      4.44053249	    -28.58043620
      0.89255877	      4.45096762	    -28.57204306
      0.89272376	      4.46140276	    -28.56364992
      0.89288876	      4.47183789	    -28.55525678
      0.89305375	      4.48227302	    -28.54686364
      0.89321875	      4.49270816	    -28.53847050
      0.89338374	      4.50314329	    -28.53007736
      0.89354874	      4.51357842	    -28.52168422
      0.89376737	      4.52740584	    -28.51056261
      0.89398600	      4.54123326	    -28.49944101
      0.89425994	      4.55855842	    -28.48550612
      0.89448543	      4.57282013	    -28.47403520
      0.89461992	      4.58132570	    -28.46719404
      0.89475440	      4.58983127	    -28.46035288
      0.89488889	      4.59833684	    -28.45351172
      0.89505388	      4.60877149	    -28.44511896
      0.89521886	      4.61920615	    -28.43672621
      0.89542266	      4.63209529	    -28.42635927
      0.89560438	      4.64358791	    -28.41711558
      0.89578609	      4.65508052	    -28.40787189
      0.89596781	      4.66657313	    -28.39862821
      0.89614952	      4.67806574	    -28.38938452
      0.89633124	      4.68955836	    -28.38014083
      0.89651295	      4.70105097	    -28.37089715
      0.89669467	      4.71254358	    -28.36165346
      0.89679203	      4.71870113	    -28.35670085
      0.89688939	      4.72485869	    -28.35174823
      0.89706408	      4.73590730	    -28.34286166
      0.89729357	      4.75042118	    -28.33118792
      0.89758160	      4.76863814	    -28.31653574
      0.89782362	      4.78394430	    -28.30422476
      0.89803818	      4.79751439	    -28.29331012
      0.89822795	      4.80951673	    -28.28365645
      0.89841773	      4.82151907	    -28.27400278
      0.89860750	      4.83352142	    -28.26434911
      0.89879728	      4.84552376	    -28.25469544
      0.89896613	      4.85620262	    -28.24610627
      0.89913497	      4.86688149	    -28.23751709
      0.89930382	      4.87756036	    -28.22892791
      0.89947267	      4.88823922	    -28.22033874
      0.89969248	      4.90214108	    -28.20915725
      0.89991229	      4.91604295	    -28.19797577
      0.90019045	      4.93348048	    -28.18930592
      0.90046862	      4.95084656	    -28.18315995
      0.90066915	      4.96336565	    -28.17872936
      0.90076308	      4.96923013	    -28.17665388
      0.90085702	      4.97509462	    -28.17457840
      0.90100680	      4.98444567	    -28.17126900
      0.90115658	      4.99379672	    -28.16795960
      0.90134999	      5.00587137	    -28.16368630
      0.90154340	      5.01794601	    -28.15941301
      0.90173681	      5.03002065	    -28.15513971
      0.90193022	      5.04209530	    -28.15086641
      0.90212363	      5.05416994	    -28.14659311
      0.90231704	      5.06624458	    -28.14231982
      0.90251045	      5.07831923	    -28.13804652
      0.90270385	      5.09039387	    -28.13377322
      0.90289726	      5.10246851	    -28.12949993
      0.90301694	      5.10994002	    -28.12685571
      0.90313662	      5.11741154	    -28.12421149
      0.90331102	      5.12829942	    -28.12035819
      0.90354974	      5.14320285	    -28.11508377
      0.90388314	      5.16401727	    -28.10771741
      0.90414684	      5.18048044	    -28.10189098
      0.90438246	      5.19519060	    -28.09668496
      0.90459025	      5.20816299	    -28.09209394
      0.90479804	      5.22113538	    -28.08750293
      0.90500583	      5.23410777	    -28.08291191
      0.90521362	      5.24708016	    -28.07832089
      0.90539956	      5.25868868	    -28.07421256
      0.90558550	      5.27029720	    -28.07010423
      0.90577144	      5.28190572	    -28.06599589
      0.90595739	      5.29351424	    -28.06188756
      0.90619725	      5.30848881	    -28.05658796
      0.90643710	      5.32346339	    -28.05128836
      0.90674593	      5.34274370	    -28.04446493
      0.90705476	      5.36202402	    -28.03764149
      0.90727037	      5.37548463	    -28.03287769
      0.90737381	      5.38194240	    -28.03059224
      0.90747725	      5.38840017	    -28.02830679
      0.90763686	      5.39836500	    -28.02478017
      0.90779647	      5.40832983	    -28.02125355
      0.90800656	      5.42144557	    -28.01661181
      0.90821664	      5.43456130	    -28.01197006
      0.90842673	      5.44767703	    -28.00732832
      0.90863681	      5.46079276	    -28.00268657
      0.90884690	      5.47390850	    -27.99804482
      0.90905698	      5.48702423	    -27.99340308
      0.90926707	      5.50013996	    -27.98876133
      0.90947715	      5.51325570	    -27.98411959
      0.90968724	      5.52637143	    -27.97947784
      0.90980280	      5.53358595	    -27.97692457
      0.90991836	      5.54080048	    -27.97437130
      0.91011946	      5.55393926	    -27.97543483
      0.91038088	      5.57153795	    -27.98170993
      0.91074100	      5.59578119	    -27.99035427
      0.91103274	      5.61542097	    -27.99735716
      0.91129283	      5.63292994	    -28.00360028
      0.91152425	      5.64850955	    -28.00915544
      0.91175568	      5.66408916	    -28.01471061
      0.91198711	      5.67966876	    -28.02026578
      0.91221854	      5.69524837	    -28.02582095
      0.91242670	      5.70926220	    -28.03081781
      0.91263487	      5.72327603	    -28.03581468
      0.91284304	      5.73728986	    -28.04081155
      0.91305121	      5.75130370	    -28.04580841
      0.91331993	      5.76939402	    -28.05225882
      0.91358866	      5.78748435	    -28.05870922
      0.91394070	      5.81118338	    -28.06715951
      0.91429273	      5.83488242	    -28.07560980
      0.91451508	      5.84985057	    -28.08094694
      0.91463007	      5.85759152	    -28.08370711
      0.91474505	      5.86533247	    -28.08646727
      0.91492350	      5.87734564	    -28.09075077
      0.91510195	      5.88935882	    -28.09503427
      0.91533879	      5.90530277	    -28.10071935
      0.91557563	      5.92124672	    -28.10640443
      0.91581247	      5.93719067	    -28.11208951
      0.91604931	      5.95313463	    -28.11777459
      0.91628615	      5.96907858	    -28.12345968
      0.91652299	      5.98502253	    -28.12914476
      0.91675983	      6.00096648	    -28.13482984
      0.91699667	      6.01691043	    -28.14051492
      0.91716438	      6.02820020	    -28.14454048
      0.91733208	      6.03948997	    -28.14856603
      0.91749979	      6.05077973	    -28.15259159
      0.91777283	      6.06916106	    -28.15914576
      0.91813097	      6.09327086	    -28.16774251
      0.91848911	      6.11738065	    -28.17633926
      0.91879294	      6.13783417	    -28.18363230
      0.91906513	      6.15615805	    -28.19016598
      0.91933732	      6.17448192	    -28.19669967
      0.91957392	      6.19040970	    -28.20237898
      0.91981052	      6.20633748	    -28.20805830
      0.92004712	      6.22278873	    -28.21665686
      0.92028372	      6.24134491	    -28.23699392
      0.92052032	      6.25990109	    -28.25733097
      0.92075692	      6.27845727	    -28.27766803
      0.92104451	      6.30101232	    -28.30238772
      0.92133209	      6.32356736	    -28.32710742
      0.92170433	      6.35276159	    -28.35910348
      0.92207657	      6.38195582	    -28.39109953
      0.92238869	      6.40643471	    -28.41792772
      0.92259583	      6.42268063	    -28.43573279
      0.92276191	      6.43570576	    -28.45000797
      0.92292798	      6.44873089	    -28.46428315
      0.92314816	      6.46599906	    -28.48320857
      0.92336834	      6.48326723	    -28.50213400
      0.92364896	      6.50527631	    -28.52625534
      0.92389986	      6.52495366	    -28.54782116
      0.92415075	      6.54463100	    -28.56938698
      0.92440165	      6.56430834	    -28.59095279
      0.92465254	      6.58398569	    -28.61251861
      0.92492229	      6.60514115	    -28.63570440
      0.92516317	      6.62403373	    -28.65641015
      0.92535652	      6.63919765	    -28.67302938
      0.92554987	      6.65436158	    -28.68964862
      0.92574321	      6.66952550	    -28.70626785
      0.92603215	      6.69218635	    -28.73110350
      0.92641069	      6.72187443	    -28.76364081
      0.92682247	      6.75416997	    -28.79903582
      0.92717729	      6.78199770	    -28.82953423
      0.92749386	      6.80682623	    -28.85674561
      0.92781044	      6.83165476	    -28.88395699
      0.92808255	      6.85299633	    -28.90734674
      0.92835466	      6.87433789	    -28.93073650
      0.92862678	      6.89567946	    -28.95412625
      0.92889889	      6.91702102	    -28.97751601
      0.92917101	      6.93836258	    -29.00090577
      0.92944312	      6.95970415	    -29.02429552
      0.92971524	      6.98104571	    -29.04768528
      0.93007439	      7.01044541	    -29.08405177
      0.93043354	      7.04456040	    -29.14145404
      0.93091833	      7.09060888	    -29.21893576
      0.93128154	      7.12510928	    -29.27698654
      0.93153924	      7.14958745	    -29.31817379
      0.93168690	      7.16361285	    -29.34177308
      0.93183455	      7.17763824	    -29.36537237
      0.93205480	      7.19855895	    -29.40057380
      0.93227505	      7.21947966	    -29.43577523
      0.93259339	      7.24971822	    -29.48665498
      0.93287503	      7.27647082	    -29.53166922
      0.93315668	      7.30322342	    -29.57668345
      0.93343832	      7.32997601	    -29.62169768
      0.93371997	      7.35672861	    -29.66671192
      0.93402736	      7.38592752	    -29.71584233
      0.93429431	      7.41128432	    -29.75850798
      0.93450992	      7.43176381	    -29.79296701
      0.93472552	      7.45224330	    -29.82742604
      0.93494112	      7.47272279	    -29.86188506
      0.93524528	      7.50161404	    -29.91049782
      0.93563976	      7.53908409	    -29.97354536
      0.93618006	      7.59040587	    -30.05989999
      0.93658454	      7.62882609	    -30.12454630
      0.93694839	      7.66338737	    -30.18269951
      0.93731224	      7.69794865	    -30.24085273
      0.93762522	      7.72767746	    -30.29087477
      0.93793819	      7.75740628	    -30.34089682
      0.93825117	      7.78713509	    -30.39091887
      0.93856415	      7.81686390	    -30.44094091
      0.93887712	      7.84659271	    -30.49096296
      0.93919010	      7.87632153	    -30.54098501
      0.93950308	      7.90605034	    -30.59100705
      0.93990969	      7.94467324	    -30.65599439
      0.94031630	      7.98947886	    -30.74610227
      0.94087456	      8.05341853	    -30.87966352
      0.94127362	      8.09912438	    -30.97513679
      0.94156640	      8.13265752	    -31.04518295
      0.94173255	      8.15168747	    -31.08493391
      0.94189870	      8.17071741	    -31.12468487
      0.94212624	      8.19677926	    -31.17912451
      0.94240475	      8.22867802	    -31.24575668
      0.94276653	      8.27011375	    -31.33231025
      0.94306374	      8.30415492	    -31.40341762
      0.94336096	      8.33819610	    -31.47452499
      0.94365817	      8.37223728	    -31.54563236
      0.94395539	      8.40627845	    -31.61673973
      0.94427702	      8.44311626	    -31.69368889
      0.94454849	      8.47420955	    -31.75863853
      0.94472709	      8.49466547	    -31.80136816
      0.94490570	      8.51512140	    -31.84409779
      0.94514289	      8.54228794	    -31.90084500
      0.94545815	      8.57839580	    -31.97626939
      0.94586311	      8.62477749	    -32.07315441
      0.94640340	      8.68665945	    -32.20241738
      0.94688747	      8.74210246	    -32.31823026
      0.94730230	      8.78961393	    -32.41747523
      0.94771712	      8.83712540	    -32.51672020
      0.94806856	      8.87737764	    -32.60080165
      0.94842000	      8.91762989	    -32.68488310
      0.94877145	      8.95788213	    -32.76896454
      0.94912289	      8.99813438	    -32.85304599
      0.94947433	      9.03838662	    -32.93712744
      0.94982578	      9.07863887	    -33.02120888
      0.95017722	      9.12210642	    -33.11885538
      0.95061215	      9.17981140	    -33.25620107
      0.95104708	      9.23751637	    -33.39354675
      0.95164545	      9.31690756	    -33.58250857
      0.95208761	      9.37557125	    -33.72213612
      0.95241731	      9.41931573	    -33.82625395
      0.95263483	      9.44817513	    -33.89494325
      0.95285235	      9.47703454	    -33.96363255
      0.95306986	      9.50589394	    -34.03232184
      0.95336412	      9.54493551	    -34.12524611
      0.95370966	      9.59078099	    -34.23436457
      0.95401441	      9.63121446	    -34.33060174
      0.95431916	      9.67164794	    -34.42683891
      0.95462392	      9.71208142	    -34.52307609
      0.95492867	      9.75251489	    -34.61931326
      0.95525426	      9.79571426	    -34.72213363
      0.95551866	      9.83079333	    -34.80562659
      0.95569822	      9.85461735	    -34.86233098
      0.95587779	      9.87844136	    -34.91903537
      0.95614555	      9.91396748	    -35.00359236
      0.95648251	      9.95867446	    -35.11000106
      0.95691271	     10.01575180	    -35.24585288
      0.95747896	     10.09088108	    -35.42467079
      0.95796606	     10.15550790	    -35.57849141
      0.95838361	     10.21090665	    -35.71034795
      0.95880115	     10.26630539	    -35.84220449
      0.95915357	     10.31306384	    -35.95349596
      0.95950600	     10.35982228	    -36.06478742
      0.95985842	     10.40658073	    -36.17607888
      0.96021084	     10.45556203	    -36.30085012
      0.96056326	     10.50603599	    -36.43467307
      0.96091569	     10.55650995	    -36.56849601
      0.96126811	     10.60698391	    -36.70231896
      0.96170578	     10.66966708	    -36.86851251
      0.96214345	     10.73235025	    -37.03470606
      0.96274199	     10.81807231	    -37.26198325
      0.96315678	     10.87747914	    -37.41949014
      0.96346798	     10.92204872	    -37.53765866
      0.96367059	     10.95106772	    -37.61459749
      0.96387321	     10.98008671	    -37.69153633
      0.96407583	     11.00910571	    -37.76847516
      0.96435360	     11.04888801	    -37.87395103
      0.96472014	     11.10138390	    -38.01313479
      0.96500928	     11.14279416	    -38.12292690
      0.96529842	     11.18420441	    -38.23271901
      0.96558755	     11.22561467	    -38.34251113
      0.96587669	     11.26702493	    -38.45230324
      0.96618395	     11.31103049	    -38.56897636
      0.96642823	     11.34601658	    -38.66173590
      0.96659764	     11.37027839	    -38.72606190
      0.96676704	     11.39454021	    -38.79038789
      0.96703161	     11.43243161	    -38.89085038
      0.96735876	     11.47928639	    -39.01507768
      0.96777518	     11.53892556	    -39.17320061
      0.96831738	     11.61657976	    -39.37908725
      0.96874985	     11.67851793	    -39.54330555
      0.96912608	     11.73240205	    -39.68616997
      0.96950231	     11.78628618	    -39.82903439
      0.96981523	     11.83110184	    -39.94785534
      0.97012814	     11.87536813	    -40.07197514
      0.97044106	     11.91884226	    -40.20373544
      0.97075397	     11.96231638	    -40.33549575
      0.97106689	     12.00579051	    -40.46725606
      0.97137980	     12.04926464	    -40.59901637
      0.97169272	     12.09273877	    -40.73077667
      0.97208569	     12.14733603	    -40.89624869
      0.97247867	     12.20193329	    -41.06172070
      0.97300787	     12.27545683	    -41.28455403
      0.97337890	     12.32700447	    -41.44078332
      0.97365278	     12.36505515	    -41.55610637
      0.97382200	     12.38856568	    -41.62736150
      0.97399122	     12.41207621	    -41.69861663
      0.97416044	     12.43558674	    -41.76987176
      0.97440029	     12.46890986	    -41.87086665
      0.97469420	     12.50974238	    -41.99462083
      0.97498810	     12.55057490	    -42.11837501
      0.97524848	     12.58675029	    -42.22801450
      0.97550886	     12.62292569	    -42.33765399
      0.97576924	     12.65910108	    -42.44729347
      0.97605743	     12.69913960	    -42.56864123
      0.97629199	     12.73172893	    -42.66741215
      0.97643613	     12.75175351	    -42.72810215
      0.97658026	     12.77177809	    -42.78879216
      0.97679173	     12.80115886	    -42.87783864
      0.97706265	     12.83879780	    -42.99191382
      0.97740697	     12.88663558	    -43.13689935
      0.97785049	     12.94825497	    -43.32365387
      0.97823858	     13.00217411	    -43.48707067
      0.97856858	     13.04802102	    -43.62602235
      0.97886158	     13.08872825	    -43.74939681
      0.97915458	     13.12943549	    -43.87277128
      0.97940852	     13.16471604	    -43.97969871
      0.97966246	     13.19999660	    -44.08662614
      0.97991640	     13.23527715	    -44.19355357
      0.98017034	     13.26613139	    -44.30215705
      0.98042428	     13.29481315	    -44.41158317
      0.98067822	     13.32349490	    -44.52100928
      0.98099129	     13.35885512	    -44.65591498
      0.98130435	     13.39421535	    -44.79082067
      0.98171097	     13.44014184	    -44.96603860
      0.98211759	     13.48606833	    -45.14125652
      0.98238405	     13.51616379	    -45.25607619
      0.98256820	     13.53696259	    -45.33542739
      0.98271484	     13.55352574	    -45.39861884
      0.98286149	     13.57008889	    -45.46181028
      0.98305827	     13.59231514	    -45.54660748
      0.98325506	     13.61454140	    -45.63140468
      0.98350354	     13.64260706	    -45.73848029
      0.98375203	     13.67067272	    -45.84555590
      0.98400051	     13.69873838	    -45.95263151
      0.98424900	     13.72680404	    -46.05970712
      0.98449748	     13.75486970	    -46.16678273
      0.98474597	     13.78293536	    -46.27385834
      0.98491465	     13.80198778	    -46.34654680
      0.98508334	     13.82104020	    -46.41923525
      0.98525202	     13.84009263	    -46.49192371
      0.98549396	     13.86741863	    -46.59617740
      0.98579853	     13.90181877	    -46.72742019
      0.98619466	     13.94656131	    -46.89812113
      0.98650103	     13.98116473	    -47.03013949
      0.98676875	     14.01140287	    -47.14550349
      0.98700581	     14.03817772	    -47.24765444
      0.98724286	     14.06495258	    -47.34980539
      0.98745230	     14.08860826	    -47.44005612
      0.98766175	     14.11226394	    -47.53030685
      0.98787119	     14.13591962	    -47.62055758
      0.98808063	     14.15957530	    -47.71080831
      0.98829007	     14.18323098	    -47.80105904
      0.98849951	     14.20688666	    -47.89130977
      0.98876391	     14.23675067	    -48.00524640
      0.98902832	     14.26661467	    -48.11918302
      0.98936671	     14.30483439	    -48.26499821
      0.98970509	     14.34305411	    -48.41081340
      0.98992833	     14.36826845	    -48.50701071
      0.99007355	     14.38082919	    -48.56751158
      0.99021878	     14.38964699	    -48.62598885
      0.99036400	     14.39846478	    -48.68446612
      0.99054151	     14.40924338	    -48.75594691
      0.99071902	     14.42002198	    -48.82742770
      0.99092777	     14.43269695	    -48.91148467
      0.99113652	     14.44537192	    -48.99554164
      0.99134526	     14.45804688	    -49.07959861
      0.99155401	     14.47072185	    -49.16365559
      0.99176275	     14.48339681	    -49.24771256
      0.99197150	     14.49607178	    -49.33176953
      0.99213098	     14.50575588	    -49.39599186
      0.99226258	     14.51374647	    -49.44898331
      0.99239418	     14.52173706	    -49.50197476
      0.99259301	     14.53380998	    -49.58203916
      0.99284426	     14.54906584	    -49.68321194
      0.99317479	     14.56913556	    -49.81630891
      0.99344149	     14.58532968	    -49.92370398
      0.99367327	     14.59940303	    -50.01703463
      0.99387650	     14.61174314	    -50.09887097
      0.99405612	     14.62264967	    -50.17120014
      0.99423574	     14.63355620	    -50.24352932
      0.99441536	     14.64446273	    -50.31585850
      0.99459498	     14.65536926	    -50.38818768
      0.99477460	     14.66627579	    -50.46051686
      0.99495422	     14.67718232	    -50.53284604
      0.99513384	     14.68808885	    -50.60517521
      0.99535021	     14.70122659	    -50.69230116
      0.99556658	     14.71436432	    -50.77942711
      0.99584158	     14.73106227	    -50.89016341
      0.99611658	     14.74776022	    -51.00089971
      0.99634495	     14.76162699	    -51.09286047
      0.99649841	     14.77094521	    -51.15465638
      0.99660312	     14.77730326	    -51.19682124
      0.99670784	     14.78366131	    -51.23898611
      0.99685323	     14.79248977	    -51.29753409
      0.99699863	     14.80131823	    -51.35608207
      0.99719035	     14.81295971	    -51.43328526
      0.99738208	     14.82460119	    -51.51048846
      0.99757380	     14.83624268	    -51.58769165
      0.99776553	     14.84788416	    -51.66489484
      0.99795725	     14.85952564	    -51.74209804
      0.99814898	     14.87116713	    -51.81930123
      0.99830983	     14.88093389	    -51.88407180
      0.99842264	     14.88778391	    -51.92949928
      0.99853546	     14.89463393	    -51.97492675
      0.99867738	     14.90325178	    -52.03207806
      0.99887047	     14.91497596	    -52.10982968
      0.99912151	     14.93021875	    -52.21091579
      0.99937627	     14.94568796	    -52.31350340
      0.99959451	     14.95893931	    -52.40138281
      0.99978547	     14.97053461	    -52.47827975
      0.99994955	     14.98049759	    -52.54435154
      1.00011363	     14.98153036	    -52.60254231
      1.00027771	     14.97859854	    -52.65723427
      1.00044180	     14.97566671	    -52.71192624
      1.00060588	     14.97273488	    -52.76661820
      1.00076996	     14.96980305	    -52.82131016
      1.00093404	     14.96687123	    -52.87600212
      1.00109812	     14.96393940	    -52.93069409
      1.00130196	     14.96029711	    -52.99863927
      1.00150581	     14.95665483	    -53.06658446
      1.00177404	     14.95186198	    -53.15599300
      1.00200448	     14.94774441	    -53.23280441
      1.00216023	     14.94496144	    -53.28471950
      1.00223314	     14.94365867	    -53.30902211
      1.00230605	     14.94235590	    -53.33332473
      1.00242375	     14.94025291	    -53.37255518
      1.00254144	     14.93814991	    -53.41178564
      1.00269706	     14.93536932	    -53.46365642
      1.00285268	     14.93258872	    -53.51552720
      1.00300829	     14.92980813	    -53.56739799
      1.00316391	     14.92702753	    -53.61926877
      1.00331953	     14.92424694	    -53.67113955
      1.00347515	     14.92146634	    -53.72301033
      1.00363076	     14.91868575	    -53.77488112
      1.00378638	     14.91590515	    -53.82675190
      1.00391485	     14.91360959	    -53.86957450
      1.00402161	     14.91170201	    -53.90515972
      1.00412837	     14.90979442	    -53.94074495
      1.00429177	     14.90687481	    -53.99520903
      1.00450065	     14.90314255	    -54.06483265
      1.00473559	     14.89894452	    -54.14314507
      1.00493907	     14.89530866	    -54.21097039
      1.00511621	     14.89214361	    -54.27001301
      1.00526615	     14.88946434	    -54.31999356
      1.00540103	     14.88705439	    -54.36495020
      1.00553590	     14.88464444	    -54.40990684
      1.00567078	     14.88223448	    -54.45486348
      1.00580565	     14.87982453	    -54.49982012
      1.00594053	     14.87741457	    -54.54477676
      1.00607540	     14.87500462	    -54.58973340
      1.00621028	     14.87259467	    -54.63469004
      1.00637485	     14.86965405	    -54.68954587
      1.00653942	     14.86671344	    -54.74440170
      1.00675407	     14.86287799	    -54.81595038
      1.00696873	     14.85904254	    -54.88749907
      1.00716980	     14.85544966	    -54.95452254
      1.00730749	     14.85298945	    -55.00041676
      1.00738094	     14.85167713	    -55.02489749
      1.00745438	     14.85036481	    -55.04937821
      1.00756864	     14.84832312	    -55.08746507
      1.00768291	     14.84628143	    -55.12555194
      1.00783067	     14.84364122	    -55.17480387
      1.00797843	     14.84100101	    -55.22405580
      1.00812619	     14.83836080	    -55.27330773
      1.00827395	     14.83572060	    -55.32255966
      1.00842171	     14.83308039	    -55.37181159
      1.00856947	     14.83044018	    -55.42106352
      1.00871723	     14.82779997	    -55.47031545
      1.00886499	     14.82515976	    -55.51956738
      1.00895816	     14.82349498	    -55.55062318
      1.00905133	     14.82183020	    -55.58167898
      1.00917225	     14.81966963	    -55.62198339
      1.00933684	     14.81672879	    -55.67684351
      1.00954901	     14.81293773	    -55.74756407
      1.00976117	     14.80914667	    -55.81828463
      1.00993639	     14.80601584	    -55.87668889
      1.01008473	     14.79497273	    -55.91688067
      1.01021403	     14.77985532	    -55.94585963
      1.01034334	     14.76473790	    -55.97483860
      1.01047264	     14.74962048	    -56.00381756
      1.01060194	     14.73450307	    -56.03279652
      1.01073124	     14.71938565	    -56.06177549
      1.01086054	     14.70426824	    -56.09075445
      1.01098985	     14.68915082	    -56.11973342
      1.01111915	     14.67403340	    -56.14871238
      1.01128271	     14.65490977	    -56.18537096
      1.01144628	     14.63578614	    -56.22202955
      1.01166345	     14.61039566	    -56.27070120
      1.01188062	     14.58500519	    -56.31937286
      1.01201955	     14.56876238	    -56.35050912
      1.01208056	     14.56162962	    -56.36418210
      1.01214156	     14.55449685	    -56.37785508
      1.01223976	     14.54301661	    -56.39986185
      1.01233795	     14.53153637	    -56.42186862
      1.01246907	     14.51620623	    -56.45125535
      1.01260019	     14.50087610	    -56.48064208
      1.01273131	     14.48554597	    -56.51002880
      1.01286243	     14.47021583	    -56.53941553
      1.01299355	     14.45488570	    -56.56880226
      1.01312467	     14.43955557	    -56.59818899
      1.01325580	     14.42422543	    -56.62757572
      1.01338692	     14.40889530	    -56.65696244
      1.01351804	     14.39356517	    -56.68634917
      1.01359718	     14.38431216	    -56.70408649
      1.01367632	     14.37505916	    -56.72182381
      1.01379060	     14.36169883	    -56.74743457
      1.01394318	     14.34385935	    -56.78163154
      1.01414242	     14.32056468	    -56.82628568
      1.01434167	     14.29727001	    -56.87093983
      1.01450546	     14.27812013	    -56.90764873
      1.01464473	     14.26183714	    -56.93886203
      1.01476719	     14.24751961	    -56.96630767
      1.01488965	     14.23320208	    -56.99375331
      1.01501211	     14.21888455	    -57.02119895
      1.01513457	     14.20456702	    -57.04864459
      1.01525703	     14.19024949	    -57.07609024
      1.01537949	     14.17593196	    -57.10353588
      1.01550195	     14.16161443	    -57.13098152
      1.01562441	     14.14729690	    -57.15842716
      1.01577896	     14.12922795	    -57.19306399
      1.01593351	     14.11115900	    -57.22770082
      1.01613341	     14.08778706	    -57.27250310
      1.01633331	     14.06441512	    -57.31730538
      1.01646826	     14.04863743	    -57.34755004
      1.01653216	     14.04116706	    -57.36187018
      1.01659605	     14.03369669	    -57.37619032
      1.01669069	     14.02263226	    -57.39740001
      1.01678533	     14.01156783	    -57.41860970
      1.01691138	     13.99682982	    -57.44686137
      1.01703744	     13.98209181	    -57.47511305
      1.01716350	     13.96735380	    -57.50336473
      1.01728955	     13.95261579	    -57.53161640
      1.01741561	     13.93787777	    -57.55986808
      1.01754167	     13.92313976	    -57.58811975
      1.01766772	     13.90840175	    -57.61637143
      1.01779378	     13.89366374	    -57.64462310
      1.01791984	     13.87892572	    -57.67287478
      1.01798022	     13.87186616	    -57.68640744
      1.01804060	     13.86480660	    -57.69994010
      1.01814903	     13.85212934	    -57.72424146
      1.01828861	     13.83581070	    -57.75552309
      1.01847469	     13.81405447	    -57.79722816
      1.01866077	     13.79229824	    -57.83893323
      1.01882161	     13.77349441	    -57.87497878
      1.01895902	     13.75742865	    -57.90577566
      1.01907937	     13.74335735	    -57.93274929
      1.01919973	     13.72928605	    -57.95972293
      1.01932008	     13.71521475	    -57.98669656
      1.01944044	     13.70114345	    -58.01367020
      1.01956079	     13.68707215	    -58.04064383
      1.01968115	     13.67300085	    -58.06761747
      1.01980150	     13.65892956	    -58.09459110
      1.01992185	     13.64485826	    -58.12156474
      1.02007224	     13.61952542	    -58.14492435
      1.02022262	     13.58580796	    -58.15709357
      1.02041673	     13.54228577	    -58.17280150
      1.02061085	     13.49876357	    -58.18850943
      1.02073909	     13.47001081	    -58.19888681
      1.02079375	     13.45775445	    -58.20331035
      1.02084842	     13.44549809	    -58.20773388
      1.02093936	     13.42510834	    -58.21509291
      1.02103030	     13.40471859	    -58.22245193
      1.02115132	     13.37758529	    -58.23224481
      1.02127234	     13.35045200	    -58.24203770
      1.02139335	     13.32331870	    -58.25183058
      1.02151437	     13.29618541	    -58.26162347
      1.02163539	     13.26905211	    -58.27141635
      1.02175641	     13.24191882	    -58.28120924
      1.02187742	     13.21478553	    -58.29100212
      1.02199844	     13.18765223	    -58.30079501
      1.02211946	     13.16051894	    -58.31058789
      1.02220125	     13.14218004	    -58.31720673
      1.02228305	     13.12384115	    -58.32382556
      1.02238929	     13.10001953	    -58.33242320
      1.02253505	     13.06734049	    -58.34421764
      1.02272818	     13.02403896	    -58.35984593
      1.02292130	     12.98073743	    -58.37547422
      1.02306770	     12.94791356	    -58.38732093
      1.02319671	     12.91898979	    -58.39776003
      1.02330664	     12.89434225	    -58.40665576
      1.02341657	     12.86969472	    -58.41555149
      1.02352650	     12.84504718	    -58.42444722
      1.02363643	     12.82039964	    -58.43334296
      1.02374636	     12.79575210	    -58.44223869
      1.02385629	     12.77110456	    -58.45113442
      1.02396622	     12.74645703	    -58.46003015
      1.02407615	     12.72180949	    -58.46892588
      1.02422371	     12.68872648	    -58.48086613
      1.02437126	     12.65564347	    -58.49280637
      1.02455985	     12.61335963	    -58.50806735
      1.02474844	     12.57107579	    -58.52332834
      1.02488315	     12.54087393	    -58.53422872
      1.02495780	     12.52413527	    -58.54027000
      1.02503246	     12.50739661	    -58.54631128
      1.02512333	     12.48702334	    -58.55366435
      1.02523251	     12.46254409	    -58.56249934
      1.02534169	     12.43806484	    -58.57133434
      1.02548045	     12.40695372	    -58.58256289
      1.02560167	     12.37977448	    -58.59237236
      1.02572289	     12.35259523	    -58.60218183
      1.02584411	     12.32541599	    -58.61199130
      1.02596534	     12.29823675	    -58.62180077
      1.02608656	     12.27105750	    -58.63161024
      1.02620778	     12.24387826	    -58.64141971
      1.02630952	     12.22106759	    -58.64965248
      1.02639610	     12.20165512	    -58.65665878
      1.02648268	     12.18224265	    -58.66366509
      1.02661602	     12.15234812	    -58.67445455
      1.02678887	     12.11359210	    -58.68844228
      1.02697120	     12.07271356	    -58.70319607
      1.02713044	     12.03701041	    -58.71608197
      1.02726866	     12.00601988	    -58.72726700
      1.02738202	     11.98060188	    -58.73644080
      1.02749539	     11.95518388	    -58.74561461
      1.02760876	     11.92976588	    -58.75478841
      1.02772213	     11.90434789	    -58.76396221
      1.02783549	     11.87892989	    -58.77313602
      1.02794886	     11.85351189	    -58.78230982
      1.02806223	     11.82809389	    -58.79148363
      1.02817559	     11.80267590	    -58.80065743
      1.02831788	     11.77077501	    -58.81217103
      1.02846016	     11.73887412	    -58.82368462
      1.02864340	     11.69778906	    -58.83851294
      1.02886557	     11.64797639	    -58.85649121
      1.02900153	     11.61749350	    -58.86749303
      1.02908359	     11.59909564	    -58.87413314
      1.02916564	     11.58069778	    -58.88077325
      1.02924770	     11.56229992	    -58.88741337
      1.02935817	     11.53753157	    -58.89635270
      1.02946864	     11.51276322	    -58.90529204
      1.02961204	     11.48061186	    -58.91689603
      1.02973333	     11.45341644	    -58.92671134
      1.02985463	     11.42622103	    -58.93652664
      1.02997592	     11.39902561	    -58.94634195
      1.03009722	     11.36229913	    -58.93991762
      1.03021851	     11.32321187	    -58.92947084
      1.03033980	     11.28412461	    -58.91902407
      1.03043855	     11.25230352	    -58.91051931
      1.03053730	     11.22048243	    -58.90201455
      1.03063604	     11.18866134	    -58.89350979
      1.03077779	     11.14298397	    -58.88130169
      1.03096024	     11.08419030	    -58.86558802
      1.03114268	     11.02539664	    -58.84987436
      1.03130031	     10.97460279	    -58.83629879
      1.03143061	     10.93261262	    -58.82507616
      1.03154219	     10.89665530	    -58.81546592
      1.03165377	     10.86069798	    -58.80585568
      1.03176535	     10.82474066	    -58.79624543
      1.03187694	     10.78878334	    -58.78663519
      1.03198852	     10.75282602	    -58.77702495
      1.03210010	     10.71686870	    -58.76741471
      1.03221168	     10.68091138	    -58.75780447
      1.03232326	     10.64495406	    -58.74819423
      1.03246316	     10.59987286	    -58.73614547
      1.03260305	     10.55479166	    -58.72409670
      1.03279184	     10.49395532	    -58.70783710
      1.03298063	     10.43311899	    -58.69157749
      1.03313540	     10.38324165	    -58.67824688
      1.03323631	     10.35072499	    -58.66955621
      1.03332108	     10.32340819	    -58.66225531
      1.03340585	     10.29609140	    -58.65495440
      1.03351590	     10.26062603	    -58.64547564
      1.03362596	     10.22516067	    -58.63599689
      1.03377135	     10.17830687	    -58.62347436
      1.03389474	     10.13854616	    -58.61284760
      1.03401812	     10.09878544	    -58.60222083
      1.03414151	     10.05902473	    -58.59159406
      1.03426489	     10.01926402	    -58.58096730
      1.03438827	      9.97950330	    -58.57034053
      1.03451166	      9.93974259	    -58.55971376
      1.03461321	      9.90701735	    -58.55096736
      1.03470358	      9.87789646	    -58.54318427
      1.03479395	      9.84877558	    -58.53540119
      1.03493105	      9.80459253	    -58.52359248
      1.03510627	      9.74812764	    -58.50850122
      1.03528149	      9.69166274	    -58.49340996
      1.03545672	      9.63519785	    -58.47831870
      1.03559942	      9.58921226	    -58.46602822
      1.03572079	      9.55009972	    -58.45557469
      1.03584216	      9.51098717	    -58.44512116
      1.03596354	      9.47187463	    -58.43466763
      1.03608491	      9.43276208	    -58.42421410
      1.03620628	      9.39364954	    -58.41376056
      1.03632766	      9.35453699	    -58.40330703
      1.03644903	      9.31542445	    -58.39285350
      1.03657040	      9.27631190	    -58.38239997
      1.03669177	      9.23719936	    -58.37194644
      1.03685915	      9.18326371	    -58.35753116
      1.03702652	      9.12932806	    -58.34311589
      1.03724836	      9.05784066	    -58.32400959
      1.03740689	      9.00675326	    -58.31035556
      1.03751388	      8.97227508	    -58.30114065
      1.03759895	      8.94486309	    -58.29381430
      1.03768401	      8.91745110	    -58.28648795
      1.03779655	      8.88118544	    -58.27679530
      1.03790909	      8.84491979	    -58.26710266
      1.03805721	      8.79718676	    -58.25434514
      1.03818481	      8.75606701	    -58.24335515
      1.03831242	      8.71494726	    -58.23236516
      1.03844002	      8.67382751	    -58.22137516
      1.03856762	      8.63270776	    -58.21038517
      1.03869522	      8.59158801	    -58.19939518
      1.03882282	      8.55046827	    -58.18840518
      1.03892613	      8.51717619	    -58.17950728
      1.03902945	      8.48388412	    -58.17060937
      1.03913276	      8.45059205	    -58.16171147
      1.03927893	      8.40348868	    -58.14912224
      1.03946815	      8.34250969	    -58.13282451
      1.03965738	      8.28153070	    -58.11652678
      1.03984661	      8.22055171	    -58.10022904
      1.03999170	      8.17379732	    -58.08773309
      1.04011992	      8.12417350	    -58.05542412
      1.04024814	      8.07397482	    -58.02164312
      1.04037636	      8.02377614	    -57.98786212
      1.04050458	      7.97357746	    -57.95408112
      1.04063280	      7.92337878	    -57.92030012
      1.04076102	      7.87318010	    -57.88651912
      1.04088924	      7.82298142	    -57.85273812
      1.04101746	      7.77278274	    -57.81895712
      1.04117657	      7.71049107	    -57.77703818
      1.04133568	      7.64819939	    -57.73511925
      1.04154625	      7.56576060	    -57.67964240
      1.04175681	      7.48332181	    -57.62416554
      1.04191155	      7.42274047	    -57.58339758
      1.04201120	      7.38372883	    -57.55714485
      1.04211085	      7.34471719	    -57.53089213
      1.04221049	      7.30570555	    -57.50463940
      1.04233402	      7.25734192	    -57.47209329
      1.04245756	      7.20897828	    -57.43954717
      1.04261159	      7.14867237	    -57.39896455
      1.04274585	      7.09610922	    -57.36359239
      1.04288011	      7.04354606	    -57.32822023
      1.04301437	      6.99098291	    -57.29284806
      1.04314863	      6.93841975	    -57.25747590
      1.04328289	      6.88585660	    -57.22210374
      1.04341715	      6.83329345	    -57.18673157
      1.04348206	      6.80787996	    -57.16962967
      1.04354697	      6.78246647	    -57.15252776
      1.04365940	      6.73845096	    -57.12290770
      1.04380379	      6.68192043	    -57.08486571
      1.04399473	      6.60716813	    -57.03456145
      1.04424234	      6.51022753	    -56.96932567
      1.04443027	      6.43665252	    -56.91981366
      1.04459397	      6.37256460	    -56.87668595
      1.04475766	      6.30847667	    -56.83355824
      1.04489212	      6.25583685	    -56.79813448
      1.04502657	      6.20319702	    -56.76271072
      1.04516103	      6.15055720	    -56.72728696
      1.04529548	      6.09791737	    -56.69186320
      1.04542994	      6.04527755	    -56.65643944
      1.04556439	      5.99263772	    -56.62101568
      1.04569885	      5.93999789	    -56.58559193
      1.04587035	      5.87285631	    -56.54040927
      1.04604184	      5.80571473	    -56.49522661
      1.04626155	      5.71969970	    -56.43734314
      1.04648125	      5.63368467	    -56.37945967
      1.04666106	      5.56328640	    -56.33208544
      1.04678531	      5.51464318	    -56.29935118
      1.04687439	      5.47977020	    -56.27588355
      1.04696346	      5.44489722	    -56.25241592
      1.04708731	      5.39640972	    -56.21978645
      1.04721116	      5.34792223	    -56.18715699
      1.04737814	      5.28254824	    -56.14316383
      1.04752157	      5.22639503	    -56.10537575
      1.04766500	      5.17024183	    -56.06758768
      1.04780843	      5.11408862	    -56.02979960
      1.04795186	      5.05793542	    -55.99201153
      1.04809529	      5.00178221	    -55.95422345
      1.04823872	      4.94562900	    -55.91643538
      1.04833723	      4.90705955	    -55.89048022
      1.04843575	      4.86849010	    -55.86452506
      1.04853426	      4.82992064	    -55.83856990
      1.04869419	      4.76730738	    -55.79643456
      1.04889572	      4.68840898	    -55.74334020
      1.04916758	      4.58197617	    -55.67171667
      1.04938031	      4.49868830	    -55.61566843
      1.04956935	      4.42467901	    -55.56586418
      1.04973412	      4.36017100	    -55.52245377
      1.04987567	      4.30475305	    -55.48516048
      1.05001722	      4.24893294	    -55.44490596
      1.05015878	      4.19021001	    -55.38327709
      1.05030033	      4.13148709	    -55.32164822
      1.05044188	      4.07276417	    -55.26001935
      1.05058343	      4.01404124	    -55.19839048
      1.05072498	      3.95531832	    -55.13676161
      1.05090381	      3.88112882	    -55.05890079
      1.05108265	      3.80693932	    -54.98103996
      1.05131551	      3.71033421	    -54.87965428
      1.05154838	      3.61372910	    -54.77826860
      1.05178111	      3.51718008	    -54.67694177
      1.05195142	      3.44652767	    -54.60279308
      1.05206141	      3.40089868	    -54.55490611
      1.05217139	      3.35526969	    -54.50701913
      1.05228138	      3.30964070	    -54.45913216
      1.05242902	      3.24839270	    -54.39485326
      1.05260795	      3.17416360	    -54.31695087
      1.05276505	      3.10898844	    -54.24855048
      1.05292216	      3.04381329	    -54.18015008
      1.05307926	      2.97863813	    -54.11174969
      1.05323637	      2.91346298	    -54.04334929
      1.05339347	      2.84828782	    -53.97494890
      1.05355058	      2.78311267	    -53.90654850
      1.05365919	      2.73805356	    -53.85925961
      1.05376781	      2.69299445	    -53.81197072
      1.05387642	      2.64793534	    -53.76468182
      1.05404588	      2.57763345	    -53.69090099
      1.05425800	      2.48963676	    -53.59854972
      1.05453758	      2.37364983	    -53.47682309
      1.05481717	      2.25766290	    -53.35509647
      1.05503422	      2.16761969	    -53.26059740
      1.05521885	      2.09102364	    -53.18021093
      1.05538309	      2.02288798	    -53.10870354
      1.05554733	      1.95475233	    -53.03719614
      1.05571158	      1.88661668	    -52.96568875
      1.05587582	      1.81848103	    -52.89418135
      1.05604006	      1.75034537	    -52.82267396
      1.05620430	      1.68220972	    -52.75116656
      1.05636854	      1.61407407	    -52.67965917
      1.05657407	      1.52880688	    -52.59017247
      1.05677961	      1.44353969	    -52.50068577
      1.05704444	      1.33367446	    -52.38538378
      1.05730927	      1.22380924	    -52.27008179
      1.05757668	      1.11287404	    -52.15365689
      1.05777708	      1.02973558	    -52.06640426
      1.05792056	      0.97021211	    -52.00393523
      1.05803276	      0.92366542	    -51.95508514
      1.05814496	      0.87711872	    -51.90623504
      1.05830398	      0.81115049	    -51.83700233
      1.05850722	      0.72683449	    -51.74851389
      1.05867930	      0.65544765	    -51.67359442
      1.05885138	      0.58406082	    -51.59867496
      1.05902346	      0.51267399	    -51.52375549
      1.05919553	      0.44128715	    -51.44883603
      1.05938324	      0.36341523	    -51.36711056
      1.05953705	      0.29960705	    -51.30014478
      1.05962552	      0.26290667	    -51.26162825
      1.05971399	      0.22620629	    -51.22311173
      1.05985111	      0.16932065	    -51.16341107
      1.06002596	      0.09762946	    -51.08338241
      1.06024892	      0.01241374	    -50.95281665
      1.06053440	     -0.09670000	    -50.78563483
      1.06088188	     -0.22950962	    -50.58214668
      1.06114719	     -0.33091188	    -50.42678022
      1.06137606	     -0.41838854	    -50.29275030
      1.06157780	     -0.49549282	    -50.17461272
      1.06177953	     -0.57259710	    -50.05647513
      1.06198127	     -0.64970138	    -49.93833755
      1.06218300	     -0.72680566	    -49.82019996
      1.06238474	     -0.80390994	    -49.70206238
      1.06258647	     -0.88101422	    -49.58392480
      1.06278821	     -0.95811850	    -49.46578721
      1.06298994	     -1.03522278	    -49.34764963
      1.06325625	     -1.13700737	    -49.19169738
      1.06352256	     -1.23879196	    -49.03574513
      1.06388309	     -1.37659032	    -48.82461332
      1.06419046	     -1.49406914	    -48.64461471
      1.06442524	     -1.58380497	    -48.50712332
      1.06460467	     -1.65238374	    -48.40204836
      1.06470860	     -1.69210492	    -48.34118837
      1.06481252	     -1.73182611	    -48.28032839
      1.06497416	     -1.79360237	    -48.18567609
      1.06519274	     -1.87714648	    -48.05767153
      1.06538208	     -1.94951294	    -47.94679312
      1.06557142	     -2.02187941	    -47.83591472
      1.06576075	     -2.09424588	    -47.72503632
      1.06595009	     -2.16661234	    -47.61415791
      1.06616438	     -2.24851273	    -47.48867183
      1.06632541	     -2.31005901	    -47.39437189
      1.06643276	     -2.35108975	    -47.33150544
      1.06654011	     -2.39212049	    -47.26863899
      1.06670800	     -2.45628814	    -47.17032264
      1.06691336	     -2.53477897	    -47.05006061
      1.06717090	     -2.63321172	    -46.89924399
      1.06749786	     -2.75817975	    -46.70777056
      1.06791775	     -2.91866409	    -46.46187977
      1.06822371	     -3.03560537	    -46.28270475
      1.06849200	     -3.13814456	    -46.12559633
      1.06876028	     -3.24068374	    -45.96848791
      1.06899934	     -3.33205277	    -45.82849417
      1.06923839	     -3.42342179	    -45.68850044
      1.06947745	     -3.51479082	    -45.54850671
      1.06971651	     -3.60615985	    -45.40851297
      1.06995556	     -3.69752887	    -45.26851924
      1.07019462	     -3.77175294	    -45.10647595
      1.07043368	     -3.84206225	    -44.93939801
      1.07075529	     -3.93665381	    -44.71461750
      1.07107691	     -4.03124536	    -44.48983698
      1.07150413	     -4.15689611	    -44.19124966
      1.07182501	     -4.25127066	    -43.96698482
      1.07208024	     -4.32633699	    -43.78860264
      1.07228344	     -4.38610031	    -43.64658542
      1.07241011	     -4.42335373	    -43.55805911
      1.07253677	     -4.46060714	    -43.46953280
      1.07273332	     -4.51841513	    -43.33216208
      1.07293754	     -4.57847689	    -43.18943569
      1.07314175	     -4.63853864	    -43.04670929
      1.07334597	     -4.69860040	    -42.90398289
      1.07355018	     -4.75866215	    -42.76125650
      1.07375439	     -4.81872390	    -42.61853010
      1.07394881	     -4.87590280	    -42.48265433
      1.07406682	     -4.91061053	    -42.40017739
      1.07418482	     -4.94531826	    -42.31770046
      1.07435521	     -4.99542925	    -42.19862034
      1.07456408	     -5.05686225	    -42.05263541
      1.07481972	     -5.13204839	    -41.87396851
      1.07513489	     -5.22474206	    -41.65369800
      1.07553781	     -5.34324805	    -41.37208898
      1.07594121	     -5.46189026	    -41.09015623
      1.07627558	     -5.56023378	    -40.85645981
      1.07657212	     -5.64744841	    -40.64920930
      1.07686865	     -5.73466303	    -40.44195879
      1.07716519	     -5.82187766	    -40.23470828
      1.07742095	     -5.89710138	    -40.05595209
      1.07767672	     -5.97232510	    -39.87719589
      1.07793249	     -6.04754882	    -39.69843970
      1.07818825	     -6.12277255	    -39.51968350
      1.07844402	     -6.19799627	    -39.34092731
      1.07876510	     -6.29243025	    -39.11652123
      1.07908618	     -6.38686424	    -38.89211516
      1.07950822	     -6.51098999	    -38.59715172
      1.07993026	     -6.63511575	    -38.30218828
      1.08025391	     -6.69057523	    -38.05946623
      1.08051622	     -6.72667810	    -37.85907276
      1.08073121	     -6.75626921	    -37.69482359
      1.08087785	     -6.77645260	    -37.58279316
      1.08102450	     -6.79663600	    -37.47076273
      1.08124250	     -6.82664117	    -37.30421528
      1.08146051	     -6.85664635	    -37.13766783
      1.08167851	     -6.88665152	    -36.97112037
      1.08189651	     -6.91665670	    -36.80457292
      1.08211452	     -6.94666187	    -36.63802546
      1.08233526	     -6.97704420	    -36.46938458
      1.08246371	     -6.99472301	    -36.37125612
      1.08259215	     -7.01240183	    -36.27312767
      1.08277882	     -7.03809332	    -36.13052383
      1.08296548	     -7.06378482	    -35.98791999
      1.08323265	     -7.10055712	    -35.78381075
      1.08349982	     -7.13732943	    -35.57970151
      1.08389430	     -7.19162376	    -35.27833406
      1.08440526	     -7.26195112	    -34.88797328
      1.08475131	     -7.30958009	    -34.62360279
      1.08509736	     -7.35720905	    -34.35923231
      1.08538158	     -7.39632771	    -34.14209934
      1.08566580	     -7.43544636	    -33.92496638
      1.08595002	     -7.47456502	    -33.70783342
      1.08620411	     -7.50953661	    -33.51371927
      1.08645819	     -7.54450820	    -33.31960512
      1.08671228	     -7.57947979	    -33.12549097
      1.08696637	     -7.61445137	    -32.93137683
      1.08728169	     -7.65785174	    -32.69047768
      1.08759702	     -7.70125211	    -32.44957854
      1.08800853	     -7.75789071	    -32.13519896
      1.08842004	     -7.81452931	    -31.82081938
      1.08876117	     -7.86148021	    -31.56021258
      1.08903192	     -7.89874631	    -31.35336242
      1.08925356	     -7.92925134	    -31.18404049
      1.08941647	     -7.95167376	    -31.05958207
      1.08957938	     -7.97409617	    -30.93512365
      1.08979542	     -8.00383116	    -30.77007591
      1.09001146	     -8.03180845	    -30.60496004
      1.09022750	     -8.02841645	    -30.43862809
      1.09044354	     -8.02502445	    -30.27229614
      1.09065959	     -8.02163244	    -30.10596420
      1.09088555	     -8.01808465	    -29.93199297
      1.09101099	     -8.01611509	    -29.83541257
      1.09113644	     -8.01414553	    -29.73883218
      1.09131837	     -8.01128904	    -29.59875975
      1.09150030	     -8.00843255	    -29.45868731
      1.09176128	     -8.00433493	    -29.25775461
      1.09202227	     -8.00023731	    -29.05682190
      1.09240516	     -7.99422557	    -28.76202699
      1.09287918	     -7.98678312	    -28.39707538
      1.09321258	     -7.98154854	    -28.14038992
      1.09350658	     -7.97693253	    -27.91403692
      1.09376404	     -7.97289017	    -27.71581362
      1.09402150	     -7.96884781	    -27.51759033
      1.09427896	     -7.96480545	    -27.31936704
      1.09453643	     -7.96076308	    -27.12114374
      1.09479389	     -7.95672072	    -26.92292045
      1.09505135	     -7.95267836	    -26.72469716
      1.09530882	     -7.94863600	    -26.52647386
      1.09556628	     -7.94459364	    -26.32825057
      1.09589993	     -7.93935499	    -26.07136589
      1.09623359	     -7.93411635	    -25.81448120
      1.09666542	     -7.92733627	    -25.48200985
      1.09698594	     -7.92230393	    -25.23524148
      1.09723963	     -7.91832083	    -25.03992409
      1.09744259	     -7.91513406	    -24.88365624
      1.09757634	     -7.91303409	    -24.78068073
      1.09771009	     -7.91093411	    -24.67770522
      1.09788841	     -7.90813437	    -24.54041577
      1.09808699	     -7.90501654	    -24.38752838
      1.09828557	     -7.90189871	    -24.23464098
      1.09848415	     -7.89878089	    -24.08175359
      1.09868273	     -7.89566306	    -23.92886620
      1.09888130	     -7.89254523	    -23.77597881
      1.09907185	     -7.88955346	    -23.62927299
      1.09918641	     -7.88775484	    -23.54107475
      1.09930097	     -7.88595621	    -23.45287652
      1.09947194	     -7.88327179	    -23.32124158
      1.09967803	     -7.88003599	    -23.16256953
      1.09992910	     -7.87609410	    -22.96927310
      1.10023657	     -7.83904741	    -22.74603276
      1.10062138	     -7.78059633	    -22.47169642
      1.10100620	     -7.72214525	    -22.19736009
      1.10129672	     -7.67801695	    -21.99024680
      1.10155257	     -7.63915417	    -21.80784691
      1.10178269	     -7.60420166	    -21.64379959
      1.10201280	     -7.56924915	    -21.47975227
      1.10224291	     -7.53429665	    -21.31570496
      1.10247302	     -7.49934414	    -21.15165764
      1.10270313	     -7.46439163	    -20.98761032
      1.10293324	     -7.42943912	    -20.82356301
      1.10316335	     -7.39448661	    -20.65951569
      1.10344053	     -7.35238482	    -20.46191370
      1.10371771	     -7.31028304	    -20.26431172
      1.10407601	     -7.25585957	    -20.00887874
      1.10443431	     -7.20143611	    -19.75344576
      1.10471953	     -7.15811237	    -19.55010866
      1.10494252	     -7.12424153	    -19.39113805
      1.10511390	     -7.09821053	    -19.26896325
      1.10522308	     -7.08162715	    -19.19113023
      1.10533225	     -7.06504376	    -19.11329721
      1.10551113	     -7.03787374	    -18.98577646
      1.10570620	     -7.00824288	    -18.84670599
      1.10590128	     -6.97861203	    -18.70763551
      1.10609636	     -6.94898118	    -18.56856504
      1.10629143	     -6.91935032	    -18.42949456
      1.10648651	     -6.88971947	    -18.29042409
      1.10666958	     -6.86191196	    -18.15991137
      1.10677395	     -6.84605939	    -18.08550835
      1.10687831	     -6.83020681	    -18.01110533
      1.10702954	     -6.80723586	    -17.90329268
      1.10721769	     -6.77865695	    -17.76915940
      1.10744897	     -6.74352764	    -17.60428227
      1.10773423	     -6.70019849	    -17.40091976
      1.10809422	     -6.64551814	    -17.14428112
      1.10845421	     -6.59083779	    -16.88764247
      1.10872168	     -6.55021008	    -16.69695894
      1.10895788	     -6.51433350	    -16.52857457
      1.10916548	     -6.48279911	    -16.38056995
      1.10937309	     -6.45126471	    -16.23256534
      1.10958070	     -6.41973032	    -16.08456073
      1.10978831	     -6.38819593	    -15.93655612
      1.10999592	     -6.35666154	    -15.78855151
      1.11020352	     -6.30802786	    -15.66477790
      1.11041113	     -6.25905099	    -15.54149061
      1.11066242	     -6.19977033	    -15.39226602
      1.11091370	     -6.14048967	    -15.24304143
      1.11123723	     -6.06416559	    -15.05091420
      1.11156076	     -5.98784151	    -14.85878698
      1.11184984	     -5.91964492	    -14.68711872
      1.11206998	     -5.86771136	    -14.55638868
      1.11223832	     -5.82799738	    -14.45641845
      1.11233766	     -5.80456296	    -14.39742802
      1.11243700	     -5.78112854	    -14.33843758
      1.11259295	     -5.74433722	    -14.24582444
      1.11280533	     -5.69423414	    -14.11970215
      1.11298458	     -5.65194815	    -14.01325751
      1.11316382	     -5.60966216	    -13.90681287
      1.11334307	     -5.56737618	    -13.80036823
      1.11352232	     -5.52509019	    -13.69392359
      1.11372399	     -5.47751404	    -13.57416224
      1.11386687	     -5.44380594	    -13.48931034
      1.11399301	     -5.41404871	    -13.41440380
      1.11411915	     -5.38429149	    -13.33949725
      1.11429716	     -5.34229555	    -13.23378273
      1.11451375	     -5.29120016	    -13.10516258
      1.11478309	     -5.22765997	    -12.94521567
      1.11512046	     -5.14807177	    -12.74487181
      1.11542351	     -5.07657954	    -12.56490758
      1.11568433	     -5.01504810	    -12.41001721
      1.11590899	     -4.96204999	    -12.27660743
      1.11610675	     -4.91539458	    -12.15916383
      1.11630452	     -4.86873917	    -12.04172023
      1.11650229	     -4.82208376	    -11.92427663
      1.11670006	     -4.77542835	    -11.80683303
      1.11689782	     -4.72877293	    -11.68938943
      1.11709559	     -4.68211752	    -11.57194583
      1.11729336	     -4.63546211	    -11.45450223
      1.11749113	     -4.58880670	    -11.33705863
      1.11775663	     -4.52617157	    -11.17938998
      1.11802213	     -4.46353643	    -11.02172133
      1.11837928	     -4.37928308	    -10.80963411
      1.11866174	     -4.31264760	    -10.64189556
      1.11887750	     -4.26174635	    -10.51376410
      1.11904128	     -4.22310934	    -10.41650488
      1.11913519	     -4.20095499	    -10.36073671
      1.11922910	     -4.17880064	    -10.30496855
      1.11937629	     -4.14407793	    -10.21756261
      1.11956926	     -4.09855391	    -10.10296699
      1.11976223	     -4.05302988	     -9.98837138
      1.11993561	     -4.01212854	     -9.88541225
      1.12010898	     -3.97257578	     -9.80145658
      1.12028236	     -3.93381987	     -9.72872952
      1.12050571	     -3.88389241	     -9.63503862
      1.12064909	     -3.85184184	     -9.57489440
      1.12076422	     -3.82610646	     -9.52660091
      1.12087935	     -3.80037107	     -9.47830741
      1.12104696	     -3.76290473	     -9.40800029
      1.12125159	     -3.71716148	     -9.32216122
      1.12150706	     -3.66005493	     -9.21499844
      1.12182642	     -3.58866634	     -9.08103484
      1.12214578	     -3.51727775	     -8.94707124
      1.12239472	     -3.46163209	     -8.84264989
      1.12261088	     -3.41331048	     -8.75197241
      1.12280101	     -3.37081066	     -8.67221976
      1.12299113	     -3.32831083	     -8.59246711
      1.12318126	     -3.28581101	     -8.51271445
      1.12337138	     -3.24331119	     -8.43296180
      1.12356151	     -3.20081136	     -8.35320914
      1.12375164	     -3.15831154	     -8.27345649
      1.12394176	     -3.11581172	     -8.19370384
      1.12413189	     -3.07331189	     -8.11395118
      1.12438858	     -3.01593169	     -8.00627489
      1.12464527	     -2.95855149	     -7.89859860
      1.12499088	     -2.88129461	     -7.75362291
      1.12526924	     -2.81907108	     -7.63685792
      1.12548110	     -2.77171373	     -7.54798991
      1.12564106	     -2.73595659	     -7.48089019
      1.12573210	     -2.71560643	     -7.44270228
      1.12582314	     -2.69525626	     -7.40451436
      1.12596716	     -2.66306096	     -7.34409857
      1.12615328	     -2.62145801	     -7.26602892
      1.12633939	     -2.57985505	     -7.18795927
      1.12652550	     -2.53825209	     -7.10988962
      1.12671162	     -2.49664913	     -7.03181998
      1.12689773	     -2.45504618	     -6.95375033
      1.12708857	     -2.41238719	     -6.87369899
      1.12723161	     -2.38041156	     -6.81369542
      1.12734038	     -2.35609735	     -6.76806882
      1.12744915	     -2.33178315	     -6.72244222
      1.12761077	     -2.29565570	     -6.65464759
      1.12780848	     -2.25146107	     -6.57171457
      1.12805592	     -2.19614804	     -6.46791740
      1.12836585	     -2.12686837	     -6.33791127
      1.12867578	     -2.05758870	     -6.20790514
      1.12892258	     -2.00241927	     -6.10437746
      1.12913631	     -1.95464260	     -6.01472258
      1.12932364	     -1.91276690	     -5.93614113
      1.12951098	     -1.87089121	     -5.85755969
      1.12969831	     -1.82901552	     -5.77897824
      1.12988564	     -1.78713983	     -5.70039680
      1.13007298	     -1.75198796	     -5.63747248
      1.13026031	     -1.72737275	     -5.59908383
      1.13044764	     -1.70275753	     -5.56069518
      1.13063497	     -1.67814231	     -5.52230652
      1.13088751	     -1.64495982	     -5.47055679
      1.13114004	     -1.61177733	     -5.41880706
      1.13147158	     -1.56821438	     -5.35086848
      1.13175243	     -1.53131129	     -5.29331627
      1.13196404	     -1.50350585	     -5.24995232
      1.13212395	     -1.48249381	     -5.21718299
      1.13221362	     -1.47071119	     -5.19880742
      1.13230329	     -1.45892858	     -5.18043185
      1.13244406	     -1.44043226	     -5.15158592
      1.13262494	     -1.41666454	     -5.11451899
      1.13279928	     -1.39375630	     -5.07879245
      1.13297362	     -1.37084806	     -5.04306591
      1.13314797	     -1.34793982	     -5.00733937
      1.13332231	     -1.32503158	     -4.97161284
      1.13353174	     -1.29751228	     -4.92869513
      1.13368399	     -1.27750778	     -4.89749713
      1.13377337	     -1.26576325	     -4.87918095
      1.13386275	     -1.25401872	     -4.86086476
      1.13400521	     -1.23530000	     -4.83167199
      1.13418106	     -1.21219342	     -4.79563615
      1.13440147	     -1.18323242	     -4.75047002
      1.13467781	     -1.14692077	     -4.69384021
      1.13501028	     -1.10323599	     -4.62571162
      1.13527120	     -1.06895152	     -4.57224329
      1.13549927	     -1.03898353	     -4.52550673
      1.13569529	     -1.01322609	     -4.48533673
      1.13589132	     -0.98746866	     -4.44516674
      1.13608734	     -0.96171123	     -4.40499674
      1.13628337	     -0.93595379	     -4.36482675
      1.13647939	     -0.91019636	     -4.32465675
      1.13667542	     -0.88443892	     -4.28448676
      1.13687145	     -0.85868149	     -4.24431676
      1.13706747	     -0.83292406	     -4.20414677
      1.13731648	     -0.80020524	     -4.15312015
      1.13756548	     -0.76748643	     -4.10209354
      1.13789964	     -0.72357933	     -4.03361824
      1.13818404	     -0.68620948	     -3.97533811
      1.13839681	     -0.65825160	     -3.93173641
      1.13855808	     -0.63706034	     -3.89868760
      1.13864733	     -0.62533382	     -3.88039950
      1.13873657	     -0.61360730	     -3.86211141
      1.13887493	     -0.59542721	     -3.83375867
      1.13905347	     -0.57196722	     -3.79717165
      1.13922766	     -0.54907999	     -3.76147788
      1.13940184	     -0.52619276	     -3.72578412
      1.13957602	     -0.50330554	     -3.69009035
      1.13975020	     -0.48041831	     -3.65439658
      1.13992438	     -0.45753108	     -3.61870282
      1.14008639	     -0.45027024	     -3.60584317
      1.14018707	     -0.45338734	     -3.60891450
      1.14028774	     -0.45650445	     -3.61198584
      1.14042042	     -0.46061224	     -3.61603330
      1.14059249	     -0.46593986	     -3.62128268
      1.14080665	     -0.47257075	     -3.62781619
      1.14107531	     -0.48088901	     -3.63601230
      1.14140358	     -0.49105276	     -3.64602679
      1.14167083	     -0.49932737	     -3.65417988
      1.14190450	     -0.50656227	     -3.66130853
      1.14210377	     -0.51273212	     -3.66738777
      1.14230305	     -0.51890197	     -3.67346701
      1.14250232	     -0.52507181	     -3.67954625
      1.14270159	     -0.53124166	     -3.68562549
      1.14287862	     -0.53672262	     -3.69102596
      1.14305564	     -0.54220359	     -3.69642643
      1.14323266	     -0.54768455	     -3.70182690
      1.14344826	     -0.55435974	     -3.70840406
      1.14366385	     -0.56103494	     -3.71498123
      1.14393544	     -0.56944396	     -3.72326676
      1.14420704	     -0.57785298	     -3.73155229
      1.14452307	     -0.58763789	     -3.74119351
      1.14475669	     -0.59487116	     -3.74832055
      1.14493661	     -0.60044198	     -3.75380956
      1.14505686	     -0.60416524	     -3.75747814
      1.14517712	     -0.60788849	     -3.76114671
      1.14529737	     -0.61161175	     -3.76481529
      1.14547945	     -0.61724919	     -3.77036995
      1.14565359	     -0.62264081	     -3.77568239
      1.14582772	     -0.62803244	     -3.78099483
      1.14600186	     -0.63342406	     -3.78630727
      1.14617600	     -0.63881568	     -3.79161971
      1.14635014	     -0.64420730	     -3.79693216
      1.14651297	     -0.64924898	     -3.80189980
      1.14661546	     -0.65242237	     -3.80502658
      1.14671796	     -0.65559575	     -3.80815336
      1.14685058	     -0.65970205	     -3.81219936
      1.14702317	     -0.66504566	     -3.81746450
      1.14723777	     -0.67169007	     -3.82401132
      1.14750700	     -0.68002587	     -3.83222471
      1.14783732	     -0.69025329	     -3.84230193
      1.14810890	     -0.69866189	     -3.85058705
      1.14834208	     -0.70588157	     -3.85770070
      1.14854154	     -0.71205713	     -3.86378557
      1.14874099	     -0.71823269	     -3.86987044
      1.14894045	     -0.72440825	     -3.87595531
      1.14913991	     -0.73058381	     -3.88204018
      1.14933937	     -0.73675938	     -3.88812505
      1.14953882	     -0.74293494	     -3.89420992
      1.14973828	     -0.74911050	     -3.90029479
      1.14993774	     -0.75528606	     -3.90637966
      1.15018425	     -0.80320597	     -3.95707887
      1.15043077	     -0.86473960	     -4.02236883
      1.15077685	     -0.95112648	     -4.11402921
      1.15106000	     -1.02180279	     -4.18901998
      1.15127466	     -1.07538433	     -4.24587243
      1.15143787	     -1.11612484	     -4.28909995
      1.15152810	     -1.13864710	     -4.31299709
      1.15161833	     -1.16116936	     -4.33689423
      1.15175706	     -1.19579821	     -4.37363700
      1.15193807	     -1.24097944	     -4.42157633
      1.15211229	     -1.28446730	     -4.46771892
      1.15228651	     -1.32795516	     -4.51386151
      1.15246073	     -1.37144303	     -4.56000410
      1.15263495	     -1.41493089	     -4.60614669
      1.15280917	     -1.45841875	     -4.65228929
      1.15297081	     -1.49876613	     -4.69509968
      1.15306672	     -1.52270554	     -4.72050048
      1.15316263	     -1.54664495	     -4.74590127
      1.15329572	     -1.57986565	     -4.78114994
      1.15346657	     -1.62251235	     -4.82640002
      1.15367948	     -1.67565883	     -4.88279085
      1.15394637	     -1.74227641	     -4.95347511
      1.15428119	     -1.82585180	     -5.04215238
      1.15455992	     -1.89542716	     -5.11597499
      1.15479641	     -1.95445688	     -5.17860819
      1.15500179	     -2.00572307	     -5.23300394
      1.15520717	     -2.05698926	     -5.28739969
      1.15541256	     -2.10825545	     -5.34179544
      1.15561794	     -2.15952165	     -5.39619119
      1.15582332	     -2.21078784	     -5.45058694
      1.15602871	     -2.26205403	     -5.50498269
      1.15623409	     -2.31332022	     -5.55937844
      1.15643947	     -2.36458641	     -5.61377419
      1.15669341	     -2.42797281	     -5.68103003
      1.15694735	     -2.49135920	     -5.74828586
      1.15728730	     -2.57621616	     -5.83832294
      1.15756934	     -2.64661586	     -5.91302021
      1.15778427	     -2.70026462	     -5.96994396
      1.15794791	     -2.74111158	     -6.01328444
      1.15803983	     -2.76405472	     -6.03762815
      1.15813174	     -2.78699786	     -6.06197186
      1.15827428	     -2.82257759	     -6.09972356
      1.15846193	     -2.86941624	     -6.14942149
      1.15864957	     -2.91625488	     -6.19911941
      1.15883722	     -2.96309353	     -6.24881734
      1.15902486	     -3.00993218	     -6.29851526
      1.15921251	     -3.05677082	     -6.34821319
      1.15940061	     -3.10372473	     -6.39803340
      1.15954047	     -3.13863473	     -6.43507450
      1.15965460	     -3.16712210	     -6.46530088
      1.15976872	     -3.19560946	     -6.49552727
      1.15993448	     -3.23698397	     -6.53942749
      1.16013724	     -3.31975507	     -6.62196154
      1.16039109	     -3.44259874	     -6.74252016
      1.16071500	     -3.59935046	     -6.89635607
      1.16103892	     -3.75610218	     -7.05019199
      1.16128606	     -3.87570445	     -7.16756949
      1.16150712	     -3.98267897	     -7.27255414
      1.16170378	     -4.07785021	     -7.36595505
      1.16190044	     -4.17302144	     -7.45935597
      1.16209711	     -4.26819268	     -7.55275688
      1.16229377	     -4.36336391	     -7.64615780
      1.16249043	     -4.45853514	     -7.73955871
      1.16268709	     -4.55370638	     -7.83295963
      1.16288376	     -4.64887761	     -7.92636054
      1.16312271	     -4.76451564	     -8.03984754
      1.16336167	     -4.88015366	     -8.15333454
      1.16367416	     -5.03137634	     -8.30174426
      1.16398665	     -5.18259901	     -8.45015398
      1.16424972	     -5.30990666	     -8.57509353
      1.16445209	     -5.40783926	     -8.67120444
      1.16460251	     -5.48063612	     -8.74264718
      1.16471781	     -5.53642964	     -8.79740286
      1.16483310	     -5.59222315	     -8.85215854
      1.16500790	     -5.67681407	     -8.93517595
      1.16518947	     -5.76468357	     -9.02141095
      1.16537105	     -5.85255306	     -9.10764594
      1.16555262	     -5.94042255	     -9.19388094
      1.16573420	     -6.02829204	     -9.28011593
      1.16591577	     -6.11616153	     -9.36635093
      1.16608637	     -6.19872001	     -9.44737370
      1.16619458	     -6.25108402	     -9.49876367
      1.16630278	     -6.30344802	     -9.55015363
      1.16643862	     -6.36918655	     -9.61466933
      1.16661561	     -6.45483644	     -9.69872601
      1.16683443	     -6.56072917	     -9.80264899
      1.16710855	     -6.69338322	     -9.93283549
      1.16745863	     -6.86280020	    -10.09910107
      1.16775279	     -7.00515055	    -10.23880350
      1.16800796	     -7.12863387	    -10.35998987
      1.16822548	     -7.23390288	    -10.46330073
      1.16841951	     -7.32779813	    -10.55544939
      1.16861354	     -7.42169338	    -10.64759805
      1.16880756	     -7.51558863	    -10.73974672
      1.16900159	     -7.60948387	    -10.83189538
      1.16919562	     -7.70337912	    -10.92404405
      1.16938964	     -7.79727437	    -11.01619271
      1.16958367	     -7.89116962	    -11.10834138
      1.16982864	     -8.00972108	    -11.22468761
      1.17007362	     -8.14319955	    -11.35312962
      1.17039057	     -8.36084272	    -11.55573081
      1.17070751	     -8.57848590	    -11.75833201
      1.17102446	     -8.79612908	    -11.96093320
      1.17123641	     -8.94167069	    -12.09641599
      1.17139895	     -9.05328544	    -12.20031670
      1.17150454	     -9.12579334	    -12.26781336
      1.17161013	     -9.19830124	    -12.33531002
      1.17178107	     -9.31568425	    -12.44458033
      1.17196916	     -9.44484405	    -12.56481350
      1.17215726	     -9.57400385	    -12.68504667
      1.17234535	     -9.70316365	    -12.80527984
      1.17253344	     -9.83232345	    -12.92551302
      1.17272153	     -9.96148325	    -13.04574619
      1.17289830	    -10.08287090	    -13.15874437
      1.17300774	    -10.15802254	    -13.22870205
      1.17311718	    -10.23317418	    -13.29865973
      1.17325651	    -10.32884446	    -13.38771795
      1.17343664	    -10.45253719	    -13.50286190
      1.17365850	    -10.60489012	    -13.64468525
      1.17393456	    -10.79445396	    -13.82114776
      1.17428129	    -11.03255162	    -14.04278976
      1.17462803	    -11.27064927	    -14.26443176
      1.17489522	    -11.45412596	    -14.43522781
      1.17512597	    -11.61258081	    -14.58273137
      1.17533331	    -11.75495501	    -14.71526566
      1.17554064	    -11.89732922	    -14.84779995
      1.17574798	    -12.03970343	    -14.98033424
      1.17595531	    -12.18207763	    -15.11286853
      1.17616265	    -12.32445184	    -15.24540282
      1.17636998	    -12.46682604	    -15.37793711
      1.17657732	    -12.60920025	    -15.51047140
      1.17683389	    -12.78538586	    -15.67448028
      1.17709046	    -12.96157146	    -15.83848916
      1.17743110	    -13.19547965	    -16.05623125
      1.17777173	    -13.42938784	    -16.27397333
      1.17806810	    -13.63290020	    -16.46342033
      1.17829882	    -13.79133628	    -16.61090641
      1.17848028	    -13.91594219	    -16.72690043
      1.17858924	    -13.99076485	    -16.79655186
      1.17869821	    -14.06558751	    -16.86620330
      1.17886717	    -14.18160998	    -16.97420710
      1.17905902	    -14.31335691	    -17.09684860
      1.17925088	    -14.44510384	    -17.21949010
      1.17944274	    -14.57685077	    -17.34213160
      1.17963460	    -14.70859770	    -17.46477310
      1.17982646	    -14.84034463	    -17.58741460
      1.18001066	    -14.96818367	    -17.70623205
      1.18011465	    -15.05281576	    -17.78319737
      1.18021865	    -15.13744785	    -17.86016268
      1.18036302	    -15.25493569	    -17.96700737
      1.18054543	    -15.40338112	    -18.10200522
      1.18076939	    -15.58564288	    -18.26775599
      1.18104560	    -15.81042381	    -18.47217415
      1.18139366	    -16.09367167	    -18.72976275
      1.18174172	    -16.37691952	    -18.98735135
      1.18204565	    -16.62426128	    -19.21228656
      1.18230476	    -16.83512009	    -19.40404379
      1.18253771	    -17.02469361	    -19.57644396
      1.18277065	    -17.21426712	    -19.74884412
      1.18300360	    -17.40384064	    -19.92124428
      1.18323655	    -17.59341416	    -20.09364445
      1.18346950	    -17.78298768	    -20.26604461
      1.18370245	    -17.97256119	    -20.43844478
      1.18393540	    -18.16213471	    -20.61084494
      1.18416835	    -18.35170823	    -20.78324510
      1.18447870	    -18.60427201	    -21.01292928
      1.18478905	    -18.85683580	    -21.24261346
      1.18520224	    -19.19308592	    -21.54840288
      1.18551363	    -19.44650024	    -21.77886055
      1.18576151	    -19.64821943	    -21.96230612
      1.18596122	    -19.81074820	    -22.11011150
      1.18609386	    -19.91868919	    -22.20827417
      1.18622650	    -20.02663017	    -22.30643684
      1.18641115	    -20.17689745	    -22.44309150
      1.18660199	    -20.33220332	    -22.58432830
      1.18679283	    -20.48750919	    -22.72556511
      1.18698367	    -20.64281506	    -22.86680191
      1.18717451	    -20.79812093	    -23.00803871
      1.18736535	    -20.95342680	    -23.14927551
      1.18754322	    -21.09817867	    -23.28091440
      1.18765445	    -21.18869456	    -23.36323051
      1.18776568	    -21.27921045	    -23.44554662
      1.18793497	    -21.41697927	    -23.57083504
      1.18810426	    -21.55474809	    -23.69612346
      1.18835051	    -21.75514417	    -23.87836577
      1.18859675	    -21.95554025	    -24.06060809
      1.18896624	    -22.25623236	    -24.33406068
      1.18936367	    -22.57965357	    -24.62818335
      1.18968460	    -22.84082646	    -24.86569674
      1.18996412	    -23.06830382	    -25.07256706
      1.19024365	    -23.30067549	    -25.28562028
      1.19047994	    -23.49771485	    -25.46648964
      1.19071623	    -23.69475422	    -25.64735900
      1.19095252	    -23.89179359	    -25.82822835
      1.19118881	    -24.08883295	    -26.00909771
      1.19142510	    -24.28587232	    -26.18996707
      1.19166139	    -24.48291169	    -26.37083642
      1.19189768	    -24.67995105	    -26.55170578
      1.19221928	    -24.94813047	    -26.79787708
      1.19254088	    -25.21630988	    -27.04404839
      1.19295903	    -25.56499695	    -27.36412050
      1.19330532	    -25.85376634	    -27.62919207
      1.19357749	    -26.08071997	    -27.83752078
      1.19380005	    -26.26630995	    -28.00788034
      1.19397435	    -26.41165695	    -28.14129946
      1.19414865	    -26.55700396	    -28.27471858
      1.19432295	    -26.70235096	    -28.40813770
      1.19451515	    -26.86262873	    -28.55526229
      1.19470736	    -27.02290649	    -28.70238688
      1.19489957	    -27.18318426	    -28.84951147
      1.19509177	    -27.34346202	    -28.99663607
      1.19528398	    -27.50373979	    -29.14376066
      1.19545398	    -27.64549883	    -29.27388626
      1.19559217	    -27.76073872	    -29.37966901
      1.19573037	    -27.87597862	    -29.48545175
      1.19592167	    -28.03550216	    -29.63188402
      1.19611297	    -28.19502570	    -29.77831628
      1.19638691	    -28.42345631	    -29.98800076
      1.19671637	    -28.69819367	    -30.24019184
      1.19713786	    -29.04966520	    -30.56281990
      1.19750300	    -29.35415603	    -30.84232273
      1.19781188	    -29.61172743	    -31.07875657
      1.19808329	    -29.83804997	    -31.28650597
      1.19832389	    -30.03868462	    -31.47067557
      1.19856449	    -30.23931928	    -31.65484517
      1.19880510	    -30.43995393	    -31.83901477
      1.19904570	    -30.64058859	    -32.02318436
      1.19928630	    -30.84122324	    -32.20735396
      1.19952690	    -31.04185790	    -32.39152356
      1.19976750	    -31.24249255	    -32.57569316
      1.20006609	    -31.48495815	    -32.80059596
      1.20036467	    -31.70448956	    -33.01266164
      1.20075257	    -31.98969112	    -33.28816420
      1.20114047	    -32.27489269	    -33.56366676
      1.20145695	    -32.50757841	    -33.78843941
      1.20170891	    -32.69283363	    -33.96739455
      1.20191412	    -32.84371524	    -34.11314504
      1.20205490	    -32.94721720	    -34.21312715
      1.20219567	    -33.05071916	    -34.31310926
      1.20239763	    -33.19920920	    -34.45654952
      1.20259959	    -33.34769924	    -34.59998978
      1.20280155	    -33.49618928	    -34.74343003
      1.20300351	    -33.64467932	    -34.88687029
      1.20320547	    -33.79316936	    -35.03031054
      1.20340743	    -33.94165940	    -35.17375080
      1.20354084	    -34.03975040	    -35.26850597
      1.20367426	    -34.13784139	    -35.36326113
      1.20380767	    -34.23593239	    -35.45801629
      1.20400621	    -34.38190874	    -35.59902834
      1.20420475	    -34.52788508	    -35.74004038
      1.20448647	    -34.73501200	    -35.94012342
      1.20482615	    -34.98476564	    -36.18138355
      1.20524421	    -35.29213907	    -36.47830396
      1.20557870	    -35.53807184	    -36.71587315
      1.20586641	    -35.74960938	    -36.92021683
      1.20611577	    -35.93294379	    -37.09731648
      1.20636512	    -36.11627821	    -37.27441614
      1.20661447	    -36.29961262	    -37.45151579
      1.20686382	    -36.48294703	    -37.62861544
      1.20708691	    -36.64697191	    -37.78706224
      1.20731000	    -36.81099679	    -37.94550903
      1.20753309	    -36.97502167	    -38.10395583
      1.20775618	    -37.13904655	    -38.26240262
      1.20805267	    -37.35704050	    -38.47298313
      1.20834916	    -37.57503445	    -38.68356365
      1.20873235	    -37.85677194	    -38.95571993
      1.20911554	    -38.13850943	    -39.22787622
      1.20937402	    -38.32855385	    -39.41145769
      1.20958144	    -38.48105550	    -39.55877313
      1.20973598	    -38.59468013	    -39.66853366
      1.20989052	    -38.70830475	    -39.77829419
      1.21004506	    -38.81261405	    -39.88204613
      1.21024160	    -38.91648684	    -39.99542879
      1.21043814	    -39.02035963	    -40.10881144
      1.21063469	    -39.12423243	    -40.22219409
      1.21083123	    -39.22810522	    -40.33557675
      1.21102777	    -39.33197801	    -40.44895940
      1.21121186	    -39.42926982	    -40.55515856
      1.21131777	    -39.48524039	    -40.61625340
      1.21142367	    -39.54121097	    -40.67734824
      1.21157971	    -39.62367684	    -40.76736411
      1.21177063	    -39.72457988	    -40.87750512
      1.21200400	    -39.84791512	    -41.01213207
      1.21229007	    -39.99910157	    -41.17716008
      1.21264626	    -40.18734950	    -41.38264266
      1.21300245	    -40.37559743	    -41.58812525
      1.21327195	    -40.51802406	    -41.74359145
      1.21350733	    -40.64242406	    -41.87938063
      1.21371850	    -40.75402822	    -42.00120249
      1.21392967	    -40.86563239	    -42.12302434
      1.21414084	    -40.97723656	    -42.24484620
      1.21435202	    -41.08884072	    -42.36666806
      1.21456319	    -41.20044489	    -42.48848991
      1.21477436	    -41.31204906	    -42.61031177
      1.21498553	    -41.42365322	    -42.73213363
      1.21519670	    -41.53525739	    -42.85395548
      1.21548182	    -41.68594406	    -43.01843795
      1.21576695	    -41.83663072	    -43.18292043
      1.21612672	    -42.02677068	    -43.39046826
      1.21638844	    -42.16509208	    -43.54145339
      1.21659114	    -42.27221543	    -43.65838420
      1.21674204	    -42.35196647	    -43.74543668
      1.21684785	    -42.40788888	    -43.80647896
      1.21695366	    -42.46381130	    -43.86752123
      1.21711444	    -42.54878320	    -43.96027256
      1.21730554	    -42.64977773	    -44.07051343
      1.21749664	    -42.75077225	    -44.18075431
      1.21768773	    -42.85176678	    -44.29099518
      1.21787883	    -42.95276131	    -44.40123606
      1.21806993	    -43.05375584	    -44.51147693
      1.21823721	    -43.14216371	    -44.60797880
      1.21833357	    -43.19309004	    -44.66356758
      1.21842993	    -43.24401637	    -44.71915637
      1.21856528	    -43.31555257	    -44.79724192
      1.21873752	    -43.40657766	    -44.89660063
      1.21895072	    -43.51925670	    -45.01959577
      1.21921563	    -43.65925831	    -45.17241494
      1.21954942	    -43.83566763	    -45.36497504
      1.21982000	    -43.97867011	    -45.52106982
      1.22005036	    -44.08610738	    -45.64381755
      1.22025175	    -44.13532487	    -45.71943129
      1.22042968	    -44.17880743	    -45.78623436
      1.22060760	    -44.22228999	    -45.85303743
      1.22078552	    -44.26577255	    -45.91984050
      1.22096345	    -44.30925511	    -45.98664357
      1.22114137	    -44.35273767	    -46.05344664
      1.22131929	    -44.39622023	    -46.12024972
      1.22149722	    -44.43970280	    -46.18705279
      1.22171354	    -44.49256916	    -46.26827237
      1.22192986	    -44.54543553	    -46.34949195
      1.22220574	    -44.61285829	    -46.45307481
      1.22248162	    -44.68028106	    -46.55665766
      1.22272264	    -44.73918324	    -46.64715019
      1.22290185	    -44.78298039	    -46.71443656
      1.22302819	    -44.81385487	    -46.76186960
      1.22313545	    -44.84006873	    -46.80214245
      1.22324271	    -44.86628260	    -46.84241530
      1.22339159	    -44.90266604	    -46.89831186
      1.22358150	    -44.94907876	    -46.96961659
      1.22373963	    -44.98772462	    -47.02898895
      1.22389777	    -45.02637048	    -47.08836130
      1.22405590	    -45.06501634	    -47.14773366
      1.22421403	    -45.10366221	    -47.20710602
      1.22438453	    -45.14533116	    -47.27112281
      1.22451703	    -45.17771197	    -47.32087006
      1.22461454	    -45.20154198	    -47.35748055
      1.22471205	    -45.22537199	    -47.39409104
      1.22486001	    -45.26153288	    -47.44964569
      1.22504196	    -45.30599835	    -47.51795881
      1.22527136	    -45.36206083	    -47.60408865
      1.22556223	    -45.43314819	    -47.71330149
      1.22579915	    -45.49104764	    -47.80225350
      1.22600444	    -45.54121768	    -47.87933067
      1.22617973	    -45.58405823	    -47.94514740
      1.22633288	    -45.62148460	    -48.00264623
      1.22648602	    -45.65891097	    -48.06014506
      1.22663916	    -45.69633734	    -48.11764389
      1.22679230	    -45.73376371	    -48.17514272
      1.22694545	    -45.77119008	    -48.23264155
      1.22709859	    -45.80861645	    -48.29014038
      1.22725173	    -45.84604282	    -48.34763921
      1.22740487	    -45.88346919	    -48.40513805
      1.22761203	    -45.93409532	    -48.48291591
      1.22781918	    -45.98472145	    -48.56069378
      1.22809184	    -46.05135532	    -48.66306465
      1.22832969	    -46.10948357	    -48.75236816
      1.22850206	    -46.15160984	    -48.81708754
      1.22862403	    -46.18141810	    -48.86288253
      1.22871651	    -46.20401852	    -48.89760398
      1.22880899	    -46.22661894	    -48.93232542
      1.22893783	    -46.25810643	    -48.98070024
      1.22909313	    -46.29605982	    -49.03900873
      1.22924843	    -46.33401320	    -49.09731723
      1.22940372	    -46.37196659	    -49.15562572
      1.22955902	    -46.40991997	    -49.21393422
      1.22971432	    -46.44787336	    -49.27224271
      1.22986962	    -46.48582675	    -49.33055121
      1.23000699	    -46.51718064	    -49.38036300
      1.23010033	    -46.51038520	    -49.39184510
      1.23019366	    -46.50358975	    -49.40332720
      1.23030864	    -46.49521853	    -49.41747184
      1.23046222	    -46.48403710	    -49.43636482
      1.23065546	    -46.46996736	    -49.46013811
      1.23089853	    -46.45227013	    -49.49004069
      1.23114160	    -46.43457290	    -49.51994327
      1.23133017	    -46.42084340	    -49.54314165
      1.23149085	    -46.40914501	    -49.56290815
      1.23162995	    -46.39901783	    -49.58001979
      1.23176904	    -46.38889065	    -49.59713144
      1.23190814	    -46.37876346	    -49.61424309
      1.23204723	    -46.36863628	    -49.63135473
      1.23218633	    -46.35850910	    -49.64846638
      1.23232543	    -46.34838192	    -49.66557803
      1.23246452	    -46.33825474	    -49.68268967
      1.23260362	    -46.32812756	    -49.69980132
      1.23278493	    -46.31492673	    -49.72210644
      1.23296624	    -46.30172590	    -49.74441155
      1.23321081	    -46.28391942	    -49.77449872
      1.23345538	    -46.26611294	    -49.80458589
      1.23361450	    -46.25452812	    -49.82416047
      1.23372573	    -46.24642998	    -49.83784371
      1.23381502	    -46.23992896	    -49.84882831
      1.23390431	    -46.23342795	    -49.85981292
      1.23402532	    -46.22461728	    -49.87470008
      1.23414633	    -46.21580662	    -49.88958724
      1.23428877	    -46.20543615	    -49.90710997
      1.23443121	    -46.19506567	    -49.92463271
      1.23457365	    -46.18469520	    -49.94215544
      1.23471608	    -46.17432472	    -49.95967818
      1.23485852	    -46.16395425	    -49.97720091
      1.23500096	    -46.15358377	    -49.99472364
      1.23511068	    -46.14559545	    -50.00822131
      1.23520251	    -46.13890935	    -50.01951866
      1.23529434	    -46.13222324	    -50.03081601
      1.23543113	    -46.12226448	    -50.04764308
      1.23560203	    -46.10982128	    -50.06866806
      1.23581743	    -46.09413867	    -50.09516657
      1.23603283	    -46.07845606	    -50.12166509
      1.23621403	    -46.06526311	    -50.14395688
      1.23636616	    -46.05418724	    -50.16267152
      1.23649728	    -46.04464067	    -50.17880211
      1.23662840	    -46.03509411	    -50.19493269
      1.23675952	    -46.02554755	    -50.21106328
      1.23689065	    -46.01600099	    -50.22719387
      1.23702177	    -46.00645443	    -50.24332446
      1.23715289	    -45.99690787	    -50.25945504
      1.23728401	    -45.98736131	    -50.27558563
      1.23741513	    -45.97781475	    -50.29171622
      1.23758000	    -45.96581079	    -50.31199902
      1.23774488	    -45.95380683	    -50.33228182
      1.23796571	    -45.93772854	    -50.35944890
      1.23818654	    -45.92165025	    -50.38661599
      1.23834411	    -45.91017791	    -50.40600052
      1.23845427	    -45.90215796	    -50.41955164
      1.23853524	    -45.89626245	    -50.42951312
      1.23861622	    -45.89036695	    -50.43947461
      1.23872804	    -45.88222557	    -50.45323090
      1.23883986	    -45.87408419	    -50.46698719
      1.23899059	    -45.86311010	    -50.48552984
      1.23911942	    -45.85372978	    -50.50137953
      1.23924826	    -45.84434946	    -50.51722922
      1.23937710	    -45.83496915	    -50.53307891
      1.23950594	    -45.82558883	    -50.54892860
      1.23963478	    -45.81620851	    -50.56477829
      1.23976361	    -45.80682819	    -50.58062798
      1.23982454	    -45.80239256	    -50.58812276
      1.23988546	    -45.79795693	    -50.59561753
      1.23998857	    -45.79044983	    -50.60830210
      1.24012007	    -45.74464121	    -50.59076621
      1.24028986	    -45.68104237	    -50.56398094
      1.24050305	    -45.60118859	    -50.53034973
      1.24071623	    -45.52133480	    -50.49671852
      1.24087521	    -45.46178533	    -50.47163868
      1.24101189	    -45.41058849	    -50.45007663
      1.24113152	    -45.36577860	    -50.43120450
      1.24125115	    -45.32096870	    -50.41233237
      1.24137078	    -45.27615880	    -50.39346024
      1.24149040	    -45.23134891	    -50.37458811
      1.24161003	    -45.18653901	    -50.35571598
      1.24172966	    -45.14172912	    -50.33684385
      1.24184929	    -45.09691922	    -50.31797173
      1.24196892	    -45.05210932	    -50.29909960
      1.24212757	    -44.99268418	    -50.27407211
      1.24228621	    -44.93325904	    -50.24904463
      1.24249486	    -44.85510628	    -50.21612982
      1.24270350	    -44.77695351	    -50.18321502
      1.24285329	    -44.72084547	    -50.15958456
      1.24295592	    -44.68240193	    -50.14339369
      1.24303820	    -44.65158348	    -50.13041420
      1.24312047	    -44.62076504	    -50.11743471
      1.24323084	    -44.57942305	    -50.10002312
      1.24334121	    -44.53808105	    -50.08261153
      1.24348361	    -44.48474210	    -50.06014731
      1.24360807	    -44.43812189	    -50.04051275
      1.24373254	    -44.39150168	    -50.02087819
      1.24385700	    -44.34488147	    -50.00124363
      1.24398146	    -44.29826125	    -49.98160906
      1.24410592	    -44.25164104	    -49.96197450
      1.24423038	    -44.20502083	    -49.94233994
      1.24428891	    -44.18309657	    -49.93310632
      1.24434744	    -44.16117231	    -49.92387271
      1.24444825	    -44.12341325	    -49.90797010
      1.24457665	    -44.07531840	    -49.88771449
      1.24474328	    -44.01290326	    -49.86142774
      1.24495440	    -43.93382308	    -49.82812234
      1.24513612	    -43.86575577	    -49.79945512
      1.24529203	    -43.80735412	    -49.77485870
      1.24542415	    -43.75786322	    -49.75401511
      1.24553845	    -43.71505019	    -49.73598399
      1.24565275	    -43.67223717	    -49.71795286
      1.24576705	    -43.62942415	    -49.69992174
      1.24588134	    -43.58661113	    -49.68189061
      1.24599564	    -43.54379810	    -49.66385948
      1.24610994	    -43.50098508	    -49.64582836
      1.24622424	    -43.45817206	    -49.62779723
      1.24633853	    -43.41535903	    -49.60976611
      1.24649524	    -43.35666293	    -49.58504566
      1.24665194	    -43.29796682	    -49.56032522
      1.24685410	    -43.22224281	    -49.52843331
      1.24705626	    -43.14651881	    -49.49654140
      1.24720708	    -43.09002418	    -49.47274813
      1.24731095	    -43.05111489	    -49.45636110
      1.24738946	    -43.02170819	    -49.44397618
      1.24746797	    -42.99230149	    -49.43159126
      1.24757503	    -42.95219774	    -49.41470117
      1.24768210	    -42.91209399	    -49.39781108
      1.24781397	    -42.86269870	    -49.37700777
      1.24794584	    -42.81330341	    -49.35620446
      1.24807771	    -42.76390812	    -49.33540114
      1.24820958	    -42.71451283	    -49.31459783
      1.24834145	    -42.66511754	    -49.29379452
      1.24847332	    -42.61572225	    -49.27299121
      1.24858113	    -42.57533960	    -49.25598366
      1.24863863	    -42.55379976	    -49.24691194
      1.24869614	    -42.53225992	    -49.23784022
      1.24879926	    -42.49363367	    -49.22157240
      1.24892897	    -42.44504467	    -49.20110867
      1.24909767	    -42.38185699	    -49.17449655
      1.24930649	    -42.30363654	    -49.14155324
      1.24948106	    -42.23824527	    -49.11401306
      1.24963567	    -42.18033386	    -49.08962310
      1.24976228	    -42.13291020	    -49.06965016
      1.24987347	    -42.09126091	    -49.05210915
      1.24998466	    -42.04961161	    -49.03456814
      1.25009585	    -41.98462742	    -48.98990950
      1.25020704	    -41.91590804	    -48.94091017
      1.25031823	    -41.84718866	    -48.89191083
      1.25042942	    -41.77846928	    -48.84291150
      1.25054061	    -41.70974990	    -48.79391217
      1.25068202	    -41.62235227	    -48.73159459
      1.25082344	    -41.53495463	    -48.66927700
      1.25100016	    -41.42573651	    -48.59140064
      1.25117688	    -41.31651838	    -48.51352428
      1.25138342	    -41.18886693	    -48.42250431
      1.25152928	    -41.09872179	    -48.35822766
      1.25162892	    -41.03714162	    -48.31431883
      1.25171106	    -40.98637696	    -48.27812184
      1.25179320	    -40.93561229	    -48.24192485
      1.25190278	    -40.86788627	    -48.19363381
      1.25201236	    -40.80016024	    -48.14534278
      1.25214288	    -40.71949506	    -48.08782567
      1.25227340	    -40.63882988	    -48.03030856
      1.25240392	    -40.55816470	    -47.97279145
      1.25253444	    -40.47749951	    -47.91527434
      1.25266496	    -40.39683433	    -47.85775723
      1.25279548	    -40.31616915	    -47.80024012
      1.25290081	    -40.25107512	    -47.75382579
      1.25296837	    -40.20931800	    -47.72405150
      1.25303594	    -40.16756087	    -47.69427720
      1.25314838	    -40.09806371	    -47.64472328
      1.25328964	    -40.01076297	    -47.58247478
      1.25347103	    -39.89866010	    -47.50254149
      1.25365241	    -39.78655722	    -47.42260821
      1.25383380	    -39.67445435	    -47.34267492
      1.25398160	    -39.58310954	    -47.27754286
      1.25410466	    -39.50705476	    -47.22331313
      1.25422772	    -39.43099997	    -47.16908339
      1.25435078	    -39.35494518	    -47.11485365
      1.25447384	    -39.27889040	    -47.06062392
      1.25459690	    -39.20283561	    -47.00639418
      1.25471996	    -39.12678082	    -46.95216445
      1.25484302	    -39.05072604	    -46.89793471
      1.25496608	    -38.97467125	    -46.84370498
      1.25511382	    -38.88336509	    -46.77860048
      1.25526155	    -38.79205893	    -46.71349598
      1.25546404	    -38.66691675	    -46.62426521
      1.25570710	    -38.51669723	    -46.51715341
      1.25585872	    -38.42298965	    -46.45033661
      1.25596649	    -38.35638329	    -46.40284394
      1.25604375	    -38.30863667	    -46.36879892
      1.25612101	    -38.26089005	    -46.33475390
      1.25622871	    -38.19432578	    -46.28729123
      1.25633641	    -38.12776150	    -46.23982856
      1.25647253	    -38.04363607	    -46.17984417
      1.25660865	    -37.95951063	    -46.11985978
      1.25674477	    -37.87538520	    -46.05987539
      1.25688089	    -37.79125977	    -45.99989100
      1.25701700	    -37.70713433	    -45.93990661
      1.25715312	    -37.62300890	    -45.87992222
      1.25726013	    -37.55687737	    -45.83276812
      1.25732837	    -37.51470209	    -45.80269566
      1.25739661	    -37.47252680	    -45.77262319
      1.25751031	    -37.40225741	    -45.72251865
      1.25765303	    -37.31405222	    -45.65962525
      1.25783698	    -37.20036679	    -45.57856355
      1.25802092	    -37.08668137	    -45.49750184
      1.25820487	    -36.97299594	    -45.41644014
      1.25835924	    -36.87758936	    -45.34841190
      1.25848900	    -36.79739696	    -45.29123189
      1.25861875	    -36.71720455	    -45.23405189
      1.25874851	    -36.63701215	    -45.17687189
      1.25887826	    -36.55681974	    -45.11969189
      1.25900801	    -36.47662734	    -45.06251188
      1.25913777	    -36.39643493	    -45.00533188
      1.25926752	    -36.31624253	    -44.94815188
      1.25939728	    -36.23605013	    -44.89097188
      1.25952703	    -36.15585772	    -44.83379187
      1.25970590	    -36.04531157	    -44.75496859
      1.25988477	    -35.93476543	    -44.67614530
      1.26011993	    -35.77072234	    -44.54157534
      1.26028745	    -35.64105824	    -44.42453385
      1.26040881	    -35.54712528	    -44.33974513
      1.26046700	    -35.50208634	    -44.29909068
      1.26052519	    -35.45704741	    -44.25843622
      1.26062411	    -35.38047640	    -44.18931928
      1.26072304	    -35.30390538	    -44.12020235
      1.26086390	    -35.19487653	    -44.02178730
      1.26100476	    -35.08584767	    -43.92337225
      1.26114562	    -34.97681882	    -43.82495720
      1.26128649	    -34.86778996	    -43.72654215
      1.26142735	    -34.75876111	    -43.62812710
      1.26156821	    -34.64973226	    -43.52971205
      1.26169072	    -34.55490411	    -43.44411528
      1.26178289	    -34.48356710	    -43.37972284
      1.26187505	    -34.41223010	    -43.31533039
      1.26196722	    -34.34089309	    -43.25093794
      1.26210767	    -34.23218336	    -43.15281094
      1.26228360	    -34.09601077	    -43.02989456
      1.26250768	    -33.92257079	    -42.87333872
      1.26270789	    -33.76760309	    -42.73345690
      1.26287451	    -33.63863504	    -42.61704371
      1.26301895	    -33.52683546	    -42.51612766
      1.26316339	    -33.41503589	    -42.41521162
      1.26330783	    -33.30323631	    -42.31429557
      1.26345227	    -33.19143674	    -42.21337953
      1.26358188	    -33.09111900	    -42.12282758
      1.26371149	    -32.99080127	    -42.03227563
      1.26384110	    -32.89048353	    -41.94172368
      1.26397070	    -32.79016579	    -41.85117174
      1.26412971	    -32.66708772	    -41.74007514
      1.26428873	    -32.54400964	    -41.62897854
      1.26450282	    -32.37830014	    -41.47940063
      1.26471691	    -32.21259065	    -41.32982272
      1.26490453	    -32.06736916	    -41.19873833
      1.26504090	    -31.96181530	    -41.10345999
      1.26511567	    -31.90393970	    -41.05121850
      1.26519045	    -31.84606411	    -40.99897701
      1.26529003	    -31.76898685	    -40.92940312
      1.26541324	    -31.67362009	    -40.84332018
      1.26556376	    -31.55711306	    -40.73815494
      1.26569917	    -31.45230233	    -40.64354739
      1.26583459	    -31.34749161	    -40.54893984
      1.26597000	    -31.24268088	    -40.45433229
      1.26610541	    -31.13787016	    -40.35972474
      1.26624082	    -31.03305943	    -40.26511719
      1.26637623	    -30.92824871	    -40.17050964
      1.26647346	    -30.85299203	    -40.10257910
      1.26657069	    -30.77773536	    -40.03464855
      1.26666792	    -30.70247868	    -39.96671801
      1.26681295	    -30.59022562	    -39.86539262
      1.26699492	    -30.44937340	    -39.73825216
      1.26723353	    -30.26468930	    -39.57154679
      1.26747213	    -30.08000519	    -39.40484143
      1.26765200	    -29.94078395	    -39.27917318
      1.26783187	    -29.80156271	    -39.15350493
      1.26797222	    -29.69293396	    -39.05545103
      1.26811256	    -29.58430520	    -38.95739713
      1.26825290	    -29.47567645	    -38.85934322
      1.26839325	    -29.36704769	    -38.76128932
      1.26853359	    -29.25841894	    -38.66323542
      1.26867394	    -29.14979018	    -38.56518152
      1.26881428	    -29.04116142	    -38.46712762
      1.26898712	    -28.90738618	    -38.34637521
      1.26915995	    -28.77361094	    -38.22562280
      1.26938389	    -28.60027583	    -38.06916162
      1.26960783	    -28.42694073	    -37.91270044
      1.26980889	    -28.27132322	    -37.77223207
      1.26995603	    -28.15742961	    -37.66942584
      1.27004589	    -28.08523363	    -37.59710300
      1.27013575	    -28.01050409	    -37.51563809
      1.27022561	    -27.93577455	    -37.43417319
      1.27035949	    -27.82442983	    -37.31279297
      1.27052137	    -27.68981057	    -37.16604049
      1.27066296	    -27.57205886	    -37.03767583
      1.27080455	    -27.45430715	    -36.90931117
      1.27094614	    -27.33655545	    -36.78094651
      1.27108773	    -27.21880374	    -36.65258185
      1.27122931	    -27.10105203	    -36.52421719
      1.27137090	    -26.98330033	    -36.39585253
      1.27145345	    -26.91465675	    -36.32102212
      1.27153599	    -26.84601317	    -36.24619170
      1.27164842	    -26.75251155	    -36.14426279
      1.27179624	    -26.62957699	    -36.01024814
      1.27198479	    -26.47276609	    -35.83930389
      1.27223044	    -26.26847974	    -35.61660522
      1.27247608	    -26.06419338	    -35.39390656
      1.27267908	    -25.89536700	    -35.20986387
      1.27285503	    -25.74904257	    -35.05035123
      1.27300078	    -25.62783396	    -34.91821809
      1.27314653	    -25.50662534	    -34.78608495
      1.27329227	    -25.38541673	    -34.65395182
      1.27343802	    -25.26420811	    -34.52181868
      1.27358377	    -25.14299950	    -34.38968554
      1.27372951	    -25.02179088	    -34.25755240
      1.27387526	    -24.90058227	    -34.12541927
      1.27402101	    -24.77937365	    -33.99328613
      1.27422114	    -24.61293513	    -33.81184651
      1.27442127	    -24.44649660	    -33.63040690
      1.27467894	    -24.23220592	    -33.39680222
      1.27493662	    -24.01791525	    -33.16319754
      1.27512267	    -23.86318453	    -32.99452095
      1.27526038	    -23.74866011	    -32.86967446
      1.27533283	    -23.68840855	    -32.80399243
      1.27540528	    -23.62815700	    -32.73831041
      1.27552449	    -23.52901649	    -32.63023437
      1.27566936	    -23.40853621	    -32.49889522
      1.27582906	    -23.27572553	    -32.35411433
      1.27598876	    -23.14291486	    -32.20933344
      1.27614845	    -23.01010418	    -32.06455255
      1.27630815	    -22.87729351	    -31.91977166
      1.27646785	    -22.74448284	    -31.77499077
      1.27662755	    -22.61167216	    -31.63020988
      1.27673995	    -22.51818909	    -31.52830119
      1.27685236	    -22.42470603	    -31.42639250
      1.27696477	    -22.33122296	    -31.32448382
      1.27712085	    -22.20141828	    -31.18297985
      1.27731610	    -22.03904452	    -31.00597136
      1.27756533	    -21.83177464	    -30.78002026
      1.27781456	    -21.62450476	    -30.55406917
      1.27806379	    -21.41723488	    -30.32811807
      1.27824998	    -21.26239565	    -30.15932319
      1.27841226	    -21.12743372	    -30.01219714
      1.27857455	    -20.99247178	    -29.86507110
      1.27873683	    -20.85750984	    -29.71794506
      1.27889911	    -20.72254791	    -29.57081901
      1.27906140	    -20.58758597	    -29.42369297
      1.27922368	    -20.45262404	    -29.27656692
      1.27938597	    -20.31766210	    -29.12944088
      1.27954825	    -20.18270017	    -28.98231484
      1.27976352	    -20.00367664	    -28.78715594
      1.27997878	    -19.82465312	    -28.59199704
      1.28026442	    -19.59587234	    -28.29671158
      1.28055006	    -19.36779504	    -27.99851135
      1.28074289	    -19.21382332	    -27.79720064
      1.28088809	    -19.09788858	    -27.64562148
      1.28096661	    -19.03518826	    -27.56364378
      1.28104513	    -18.97248794	    -27.48166609
      1.28117209	    -18.87111458	    -27.34912524
      1.28133072	    -18.74445546	    -27.18352445
      1.28149363	    -18.61436887	    -27.01344241
      1.28165655	    -18.48428227	    -26.84336036
      1.28181947	    -18.35419568	    -26.67327832
      1.28198239	    -18.22410908	    -26.50319627
      1.28214530	    -18.09402249	    -26.33311423
      1.28230822	    -17.96393589	    -26.16303218
      1.28241267	    -17.88053626	    -26.05399112
      1.28251712	    -17.79713663	    -25.94495006
      1.28262156	    -17.71373699	    -25.83590900
      1.28278306	    -17.58478625	    -25.66731203
      1.28298010	    -17.42745631	    -25.46161061
      1.28323025	    -17.22771213	    -25.20045458
      1.28353739	    -16.98246695	    -24.87980815
      1.28378383	    -16.78569097	    -24.62253291
      1.28399188	    -16.61956205	    -24.40532723
      1.28417263	    -16.47524089	    -24.21663417
      1.28435337	    -16.33091973	    -24.02794110
      1.28453412	    -16.18659857	    -23.83924803
      1.28471486	    -16.04227740	    -23.65055497
      1.28489561	    -15.89795624	    -23.46186190
      1.28507635	    -15.75363508	    -23.27316883
      1.28525710	    -15.60931391	    -23.08447577
      1.28543784	    -15.46499275	    -22.89578270
      1.28566651	    -15.28240247	    -22.65705458
      1.28589518	    -15.09981219	    -22.41832646
      1.28620027	    -14.85620848	    -22.09982617
      1.28647176	    -14.63942621	    -21.81639366
      1.28667638	    -14.47603777	    -21.60277103
      1.28683177	    -14.35196860	    -21.44055647
      1.28691519	    -14.28535899	    -21.35346757
      1.28699861	    -14.21874938	    -21.26637867
      1.28712711	    -14.11614312	    -21.13222586
      1.28729244	    -13.98413004	    -20.95962503
      1.28745939	    -13.85082107	    -20.78532988
      1.28762634	    -13.71751210	    -20.61103473
      1.28779330	    -13.58420312	    -20.43673958
      1.28796025	    -13.45089415	    -20.26244443
      1.28812720	    -13.31758518	    -20.08814928
      1.28828338	    -13.19287895	    -19.92510181
      1.28838733	    -13.10987994	    -19.81658454
      1.28849127	    -13.02688092	    -19.70806727
      1.28861619	    -12.92713660	    -19.57765631
      1.28878178	    -12.79492100	    -19.40479068
      1.28898740	    -12.63073221	    -19.19012164
      1.28924694	    -12.42349281	    -18.91916596
      1.28957958	    -12.15788774	    -18.57189994
      1.28983451	    -11.95433256	    -18.30576122
      1.29005275	    -11.78548812	    -18.07512089
      1.29024813	    -11.64954706	    -17.86077542
      1.29044351	    -11.51360599	    -17.64642995
      1.29063890	    -11.37766492	    -17.43208448
      1.29083428	    -11.24172386	    -17.21773901
      1.29102966	    -11.10578279	    -17.00339353
      1.29122504	    -10.96984173	    -16.78904806
      1.29142042	    -10.83390066	    -16.57470259
      1.29161580	    -10.69795959	    -16.36035712
      1.29186372	    -10.52546362	    -16.08837359
      1.29211164	    -10.35296765	    -15.81639007
      1.29242632	    -10.13402565	    -15.47117263
      1.29268469	     -9.95425504	    -15.18771881
      1.29288228	     -9.81677970	    -14.97095416
      1.29303065	     -9.71354702	    -14.80818173
      1.29312107	     -9.65063685	    -14.70898794
      1.29321148	     -9.58772669	    -14.60979416
      1.29335589	     -9.48725364	    -14.45137299
      1.29354569	     -9.35519206	    -14.24314450
      1.29371007	     -9.24082023	    -14.06280839
      1.29387446	     -9.12644840	    -13.88247227
      1.29403884	     -9.01207657	    -13.70213615
      1.29420322	     -8.89770473	    -13.52180003
      1.29438889	     -8.76851609	    -13.31810146
      1.29452711	     -8.67234666	    -13.16646603
      1.29462731	     -8.60263234	    -13.05654377
      1.29472751	     -8.53291802	    -12.94662152
      1.29487885	     -8.42761501	    -12.78058469
      1.29506390	     -8.29886554	    -12.57757859
      1.29529568	     -8.13759643	    -12.32329706
      1.29559262	     -7.93099431	    -11.99753656
      1.29588740	     -7.72589309	    -11.67414261
      1.29613234	     -7.55547572	    -11.40543653
      1.29634863	     -7.40498394	    -11.16814818
      1.29656492	     -7.25449215	    -10.93085982
      1.29675351	     -7.12327564	    -10.72396379
      1.29694211	     -6.99205912	    -10.51706777
      1.29713070	     -6.86084260	    -10.31017174
      1.29731929	     -6.72962608	    -10.10327571
      1.29750788	     -6.59840956	     -9.89637969
      1.29769647	     -6.46719304	     -9.68948366
      1.29788506	     -6.33597653	     -9.48258763
      1.29813949	     -6.15894858	     -9.20345830
      1.29839393	     -5.98192063	     -8.92432897
      1.29870811	     -5.76332227	     -8.57965337
      1.29896189	     -5.58674677	     -8.30123744
      1.29915645	     -5.45137474	     -8.08778919
      1.29930159	     -5.35038949	     -7.92856041
      1.29940127	     -5.28103650	     -7.81920788
      1.29950095	     -5.21168351	     -7.70985535
      1.29965351	     -5.10553617	     -7.54248722
      1.29983529	     -4.97905677	     -7.34306046
      1.30001707	     -4.85784157	     -7.14998150
      1.30019886	     -4.78740770	     -7.01813678
      1.30038064	     -4.71697382	     -6.88629206
      1.30056242	     -4.64653995	     -6.75444734
      1.30072427	     -4.58383138	     -6.63706357
      1.30083146	     -4.54229607	     -6.55931389
      1.30093866	     -4.50076076	     -6.48156422
      1.30104586	     -4.45922546	     -6.40381455
      1.30121371	     -4.39419062	     -6.28207625
      1.30141593	     -4.31583703	     -6.13540667
      1.30167117	     -4.21694337	     -5.95028825
      1.30200539	     -4.08744427	     -5.70787972
      1.30227344	     -3.98358457	     -5.51346542
      1.30250689	     -3.89313220	     -5.34414821
      1.30271422	     -3.81279942	     -5.19377380
      1.30289553	     -3.74254800	     -5.06227060
      1.30307684	     -3.67229657	     -4.93076741
      1.30325815	     -3.60204514	     -4.79926421
      1.30343946	     -3.53179371	     -4.66776101
      1.30362078	     -3.46154228	     -4.53625782
      1.30380209	     -3.39129086	     -4.40475462
      1.30398340	     -3.32103943	     -4.27325142
      1.30420780	     -3.23409104	     -4.11049330
      1.30443221	     -3.14714266	     -3.94773517
      1.30471783	     -3.03647444	     -3.74057604
      1.30500346	     -2.92580621	     -3.53341690
      1.30525115	     -2.82983360	     -3.35376639
      1.30544005	     -2.75664394	     -3.21676313
      1.30557874	     -2.70290408	     -3.11616784
      1.30568818	     -2.66050209	     -3.03679582
      1.30579761	     -2.61810009	     -2.95742379
      1.30595930	     -2.55545084	     -2.84015105
      1.30613289	     -2.48819134	     -2.71424842
      1.30630648	     -2.42093184	     -2.58834580
      1.30648007	     -2.35367234	     -2.46244317
      1.30665366	     -2.28641284	     -2.33654054
      1.30682725	     -2.21915334	     -2.21063792
      1.30698888	     -2.15652995	     -2.09341361
      1.30709636	     -2.11488550	     -2.01545963
      1.30720384	     -2.07324105	     -1.93750564
      1.30731132	     -2.03159660	     -1.85955166
      1.30747904	     -1.96660886	     -1.73790153
      1.30768127	     -1.88825272	     -1.59122719
      1.30793609	     -1.78952203	     -1.40641383
      1.30826083	     -1.66369475	     -1.17087855
      1.30853056	     -1.55918508	     -0.97524757
      1.30876091	     -1.46993491	     -0.80818076
      1.30895671	     -1.39406927	     -0.66616834
      1.30915251	     -1.31820362	     -0.52415593
      1.30934831	     -1.24233798	     -0.38214352
      1.30954411	     -1.16647233	     -0.24013110
      1.30971487	     -1.10031056	     -0.11628330
      1.30988562	     -1.03414879	      0.00756449
      1.31005638	     -0.99052350	      0.08906291
      1.31022714	     -0.99261573	      0.08465133
      1.31044991	     -0.99534531	      0.07889587
      1.31067268	     -0.99807489	      0.07314041
      1.31095574	     -1.00154310	      0.06582752
      1.31123880	     -1.00501131	      0.05851463
      1.31149097	     -1.00810109	      0.05199967
      1.31168263	     -1.01044954	      0.04704785
      1.31182460	     -1.01218897	      0.04338016
      1.31192910	     -1.01346940	      0.04068032
      1.31203360	     -1.01474983	      0.03798048
      1.31219019	     -1.01666853	      0.03393479
      1.31236757	     -1.01884187	      0.02935220
      1.31254494	     -1.02101521	      0.02476960
      1.31272232	     -1.02318855	      0.02018700
      1.31289970	     -1.02536189	      0.01560441
      1.31307707	     -1.02753523	      0.01102181
      1.31323935	     -1.02952354	      0.00682937
      1.31334849	     -1.03086089	      0.00400950
      1.31345764	     -1.03219823	      0.00118963
      1.31356679	     -1.03353558	     -0.00163024
      1.31373480	     -1.03559415	     -0.00597082
      1.31393774	     -1.03808079	     -0.01121403
      1.31419287	     -1.04120686	     -0.01780550
      1.31451376	     -1.04513856	     -0.02609569
      1.31478464	     -1.04845756	     -0.03309398
      1.31501301	     -1.05125579	     -0.03899417
      1.31521156	     -1.05368856	     -0.04412380
      1.31541011	     -1.05612134	     -0.04925343
      1.31558641	     -1.05828145	     -0.05380814
      1.31576270	     -1.06044156	     -0.05836285
      1.31593900	     -1.06260168	     -0.06291755
      1.31611530	     -1.06476179	     -0.06747226
      1.31629159	     -1.06692190	     -0.07202697
      1.31646789	     -1.06908202	     -0.07658167
      1.31668825	     -1.07178207	     -0.08227487
      1.31690862	     -1.07448212	     -0.08796806
      1.31719049	     -1.07793588	     -0.09525050
      1.31747237	     -1.08138965	     -0.10253294
      1.31775425	     -1.08484342	     -0.10981538
      1.31794289	     -1.08715479	     -0.11468902
      1.31808253	     -1.08886584	     -0.11829685
      1.31819068	     -1.09019086	     -0.12109073
      1.31829882	     -1.09151589	     -0.12388462
      1.31845902	     -1.09347886	     -0.12802363
      1.31863377	     -1.09562000	     -0.13253836
      1.31880852	     -1.09776115	     -0.13705308
      1.31898327	     -1.09990230	     -0.14156780
      1.31915802	     -1.10204345	     -0.14608252
      1.31933277	     -1.10418460	     -0.15059724
      1.31949478	     -1.10616976	     -0.15478305
      1.31960344	     -1.10750114	     -0.15759032
      1.31971210	     -1.10883251	     -0.16039758
      1.31982076	     -1.11016388	     -0.16320484
      1.31998877	     -1.11222239	     -0.16754532
      1.32019159	     -1.11275217	     -0.17170891
      1.32044695	     -1.11327484	     -0.17687166
      1.32077315	     -1.11394248	     -0.18346648
      1.32104042	     -1.11448951	     -0.18886984
      1.32126900	     -1.11495736	     -0.19349113
      1.32146897	     -1.11536664	     -0.19753383
      1.32164442	     -1.11572573	     -0.20108086
      1.32181986	     -1.11608482	     -0.20462789
      1.32199531	     -1.11644392	     -0.20817492
      1.32217076	     -1.11680301	     -0.21172195
      1.32234620	     -1.11716211	     -0.21526898
      1.32252165	     -1.11752120	     -0.21881601
      1.32269710	     -1.11788030	     -0.22236304
      1.32291321	     -1.11832263	     -0.22673228
      1.32312933	     -1.11876496	     -0.23110152
      1.32340604	     -1.11933132	     -0.23669585
      1.32368276	     -1.11989768	     -0.24229018
      1.32395947	     -1.12046404	     -0.24788452
      1.32415973	     -1.12087392	     -0.25193322
      1.32431142	     -1.12118438	     -0.25499986
      1.32439791	     -1.12136142	     -0.25674862
      1.32448441	     -1.12153846	     -0.25849737
      1.32462398	     -1.12182412	     -0.26131896
      1.32480493	     -1.12219448	     -0.26497730
      1.32498588	     -1.12256484	     -0.26863563
      1.32516684	     -1.12293520	     -0.27229396
      1.32534779	     -1.12330557	     -0.27595230
      1.32552874	     -1.12367593	     -0.27961063
      1.32570459	     -1.12403584	     -0.28316571
      1.32583484	     -1.12430243	     -0.28579898
      1.32594818	     -1.12453441	     -0.28809044
      1.32606152	     -1.12476639	     -0.29038189
      1.32622355	     -1.12509803	     -0.29365773
      1.32642193	     -1.12550406	     -0.29766840
      1.32667068	     -1.12601318	     -0.30269726
      1.32698540	     -1.12665733	     -0.30906000
      1.32725612	     -1.12721143	     -0.31453324
      1.32749001	     -1.12769014	     -0.31926185
      1.32768982	     -1.12809910	     -0.32330138
      1.32786638	     -1.12846047	     -0.32687096
      1.32804295	     -1.12882185	     -0.33044054
      1.32821951	     -1.12918323	     -0.33401012
      1.32839607	     -1.12954461	     -0.33757971
      1.32857263	     -1.12990598	     -0.34114929
      1.32874920	     -1.13026736	     -0.34471887
      1.32892576	     -1.13062874	     -0.34828845
      1.32913862	     -1.13106442	     -0.35259196
      1.32935149	     -1.13150010	     -0.35689546
      1.32963066	     -1.13207148	     -0.36253944
      1.32990983	     -1.13264287	     -0.36818342
      1.33018198	     -1.13237768	     -0.37235747
      1.33038950	     -1.13186483	     -0.37503823
      1.33054764	     -1.13147400	     -0.37708124
      1.33063387	     -1.13126090	     -0.37819518
      1.33072010	     -1.13104780	     -0.37930911
      1.33085240	     -1.13072083	     -0.38101826
      1.33102442	     -1.13029570	     -0.38324052
      1.33119281	     -1.12987954	     -0.38541589
      1.33136120	     -1.12946338	     -0.38759126
      1.33152959	     -1.12904723	     -0.38976663
      1.33169798	     -1.12863107	     -0.39194200
      1.33186637	     -1.12821491	     -0.39411737
      1.33202236	     -1.12782940	     -0.39613251
      1.33211447	     -1.12760175	     -0.39732250
      1.33220659	     -1.12737410	     -0.39851249
      1.33233477	     -1.12705732	     -0.40016842
      1.33249907	     -1.12665127	     -0.40229092
      1.33270361	     -1.12614577	     -0.40493332
      1.33295931	     -1.12551385	     -0.40823652
      1.33327323	     -1.12473804	     -0.41229193
      1.33353866	     -1.12408205	     -0.41572093
      1.33376882	     -1.12351324	     -0.41869428
      1.33396487	     -1.12302872	     -0.42122696
      1.33414004	     -1.12259580	     -0.42348994
      1.33431521	     -1.12216289	     -0.42575292
      1.33449039	     -1.12172997	     -0.42801590
      1.33466556	     -1.12129705	     -0.43027888
      1.33484073	     -1.12086413	     -0.43254186
      1.33501590	     -1.12043121	     -0.43480484
      1.33519108	     -1.11999830	     -0.43706782
      1.33540615	     -1.11946677	     -0.43984627
      1.33562122	     -1.11893524	     -0.44262471
      1.33590856	     -1.11822510	     -0.44633676
      1.33619591	     -1.11751497	     -0.45004882
      1.33648325	     -1.11680484	     -0.45376087
      1.33667876	     -1.11632166	     -0.45628656
      1.33682603	     -1.11595769	     -0.45818912
      1.33691997	     -1.11572553	     -0.45940272
      1.33701391	     -1.11549336	     -0.46061632
      1.33716112	     -1.11512957	     -0.46251794
      1.33735667	     -1.11464627	     -0.46504428
      1.33752049	     -1.11424142	     -0.46716055
      1.33768431	     -1.11383657	     -0.46927682
      1.33784812	     -1.11343172	     -0.47139309
      1.33801194	     -1.11302686	     -0.47350936
      1.33819334	     -1.11257855	     -0.47585282
      1.33832909	     -1.11224306	     -0.47760650
      1.33843482	     -1.11198175	     -0.47897246
      1.33854056	     -1.11172043	     -0.48033843
      1.33869635	     -1.11133542	     -0.48235100
      1.33888689	     -1.11086451	     -0.48481254
      1.33912525	     -1.11027544	     -0.48789178
      1.33942421	     -1.10953659	     -0.49175397
      1.33972318	     -1.10879773	     -0.49561616
      1.33996119	     -1.10820952	     -0.49869093
      1.34016631	     -1.10768599	     -0.49995156
      1.34034656	     -1.10722257	     -0.50077439
      1.34052680	     -1.10675915	     -0.50159722
      1.34070704	     -1.10629573	     -0.50242005
      1.34088728	     -1.10583231	     -0.50324288
      1.34106752	     -1.10536889	     -0.50406571
      1.34124776	     -1.10490547	     -0.50488854
      1.34142801	     -1.10444205	     -0.50571137
      1.34160825	     -1.10397864	     -0.50653420
      1.34185144	     -1.10335336	     -0.50764442
      1.34209464	     -1.10272808	     -0.50875464
      1.34241099	     -1.10191469	     -0.51019886
      1.34268512	     -1.10120989	     -0.51145028
      1.34289279	     -1.10067594	     -0.51239834
      1.34305108	     -1.10026896	     -0.51312096
      1.34313735	     -1.10004715	     -0.51351479
      1.34322362	     -1.09982534	     -0.51390863
      1.34335581	     -1.09948548	     -0.51451208
      1.34352785	     -1.09904315	     -0.51529747
      1.34369626	     -1.09861015	     -0.51606628
      1.34386467	     -1.09817715	     -0.51683510
      1.34403308	     -1.09774415	     -0.51760391
      1.34420149	     -1.09731115	     -0.51837273
      1.34436990	     -1.09687816	     -0.51914155
      1.34452594	     -1.09647696	     -0.51985389
      1.34461813	     -1.09623993	     -0.52027475
      1.34471032	     -1.09600291	     -0.52069560
      1.34483852	     -1.09567328	     -0.52128087
      1.34500287	     -1.09525073	     -0.52203114
      1.34520746	     -1.09472469	     -0.52296516
      1.34546355	     -1.09406628	     -0.52413421
      1.34578476	     -1.09324040	     -0.52560060
      1.34605037	     -1.09255750	     -0.52681314
      1.34627878	     -1.09197022	     -0.52785589
      1.34647420	     -1.09146779	     -0.52874798
      1.34664869	     -1.09101916	     -0.52954455
      1.34682317	     -1.09057054	     -0.53034112
      1.34699766	     -1.09012191	     -0.53113768
      1.34717215	     -1.08967328	     -0.53193425
      1.34734664	     -1.08922465	     -0.53273082
      1.34752113	     -1.08877603	     -0.53352738
      1.34769562	     -1.08832740	     -0.53432395
      1.34791127	     -1.08777294	     -0.53530842
      1.34812692	     -1.08721849	     -0.53629289
      1.34840926	     -1.08649254	     -0.53758185
      1.34869161	     -1.08576659	     -0.53887082
      1.34895760	     -1.08508272	     -0.54008508
      1.34916058	     -1.08456084	     -0.54101172
      1.34931431	     -1.08416559	     -0.54171351
      1.34940079	     -1.08394323	     -0.54210831
      1.34948727	     -1.08372088	     -0.54250311
      1.34962473	     -1.08336746	     -0.54313063
      1.34980294	     -1.08290927	     -0.54394418
      1.34998115	     -1.08245108	     -0.54475773
      1.35015935	     -1.08224249	     -0.54418550
      1.35033756	     -1.08206344	     -0.54344931
      1.35051577	     -1.08188439	     -0.54271312
      1.35069707	     -1.08170223	     -0.54196415
      1.35083257	     -1.08156610	     -0.54140443
      1.35093878	     -1.08145939	     -0.54096566
      1.35104499	     -1.08135267	     -0.54052689
      1.35120117	     -1.08119576	     -0.53988172
      1.35139219	     -1.08100383	     -0.53909258
      1.35163116	     -1.08076373	     -0.53810539
      1.35193040	     -1.08046308	     -0.53686923
      1.35222964	     -1.08016243	     -0.53563307
      1.35246810	     -1.07992284	     -0.53464797
      1.35267323	     -1.07971674	     -0.53380058
      1.35285206	     -1.07953706	     -0.53306179
      1.35303090	     -1.07935738	     -0.53232301
      1.35320974	     -1.07917770	     -0.53158423
      1.35338857	     -1.07899802	     -0.53084545
      1.35356741	     -1.07881834	     -0.53010667
      1.35374625	     -1.07863866	     -0.52936789
      1.35392508	     -1.07845898	     -0.52862911
      1.35414073	     -1.07824230	     -0.52773824
      1.35435639	     -1.07802563	     -0.52684737
      1.35463635	     -1.07774435	     -0.52569082
      1.35491631	     -1.07746306	     -0.52453428
      1.35518840	     -1.07718969	     -0.52341028
      1.35539602	     -1.07698109	     -0.52255259
      1.35555425	     -1.07682211	     -0.52189892
      1.35564061	     -1.07673534	     -0.52154216
      1.35572697	     -1.07664857	     -0.52118540
      1.35585938	     -1.07651554	     -0.52063845
      1.35603193	     -1.07634218	     -0.51992563
      1.35620024	     -1.07617307	     -0.51923033
      1.35636855	     -1.07600396	     -0.51853502
      1.35653686	     -1.07583485	     -0.51783971
      1.35670518	     -1.07566575	     -0.51714440
      1.35687349	     -1.07549664	     -0.51644909
      1.35702926	     -1.07534013	     -0.51580559
      1.35712032	     -1.07524865	     -0.51542944
      1.35721137	     -1.07515716	     -0.51505329
      1.35733952	     -1.07502841	     -0.51452390
      1.35750348	     -1.07486368	     -0.51384659
      1.35770771	     -1.07465848	     -0.51300291
      1.35796298	     -1.07440200	     -0.51194836
      1.35827721	     -1.07408628	     -0.51065025
      1.35854646	     -1.07381577	     -0.50953799
      1.35877748	     -1.07358365	     -0.50858362
      1.35897323	     -1.07338698	     -0.50777497
      1.35914936	     -1.07321001	     -0.50704735
      1.35932550	     -1.07303305	     -0.50631973
      1.35950164	     -1.07285608	     -0.50559211
      1.35967777	     -1.07267911	     -0.50486449
      1.35985391	     -1.07250214	     -0.50413686
      1.36003004	     -1.07232489	     -0.50315984
      1.36020618	     -1.07214624	     -0.50096991
      1.36042337	     -1.07192594	     -0.49826949
      1.36064056	     -1.07170564	     -0.49556907
      1.36093170	     -1.07141034	     -0.49194929
      1.36122284	     -1.07111504	     -0.48832951
      1.36148393	     -1.07085022	     -0.48508333
      1.36168147	     -1.07064985	     -0.48262725
      1.36182975	     -1.07049945	     -0.48078360
      1.36192124	     -1.07040666	     -0.47964615
      1.36201272	     -1.07031386	     -0.47850870
      1.36215805	     -1.07016646	     -0.47670179
      1.36235062	     -1.06997114	     -0.47430762
      1.36251505	     -1.06980435	     -0.47226314
      1.36267949	     -1.06963757	     -0.47021866
      1.36284393	     -1.06947078	     -0.46817418
      1.36300836	     -1.06930399	     -0.46612970
      1.36319242	     -1.06911730	     -0.46384128
      1.36333005	     -1.06897770	     -0.46213007
      1.36343257	     -1.06887372	     -0.46085548
      1.36353508	     -1.06876974	     -0.45958090
      1.36368836	     -1.06861427	     -0.45767512
      1.36387576	     -1.06842419	     -0.45534512
      1.36411015	     -1.06818646	     -0.45243100
      1.36440486	     -1.06788753	     -0.44876676
      1.36469957	     -1.06758861	     -0.44510252
      1.36494384	     -1.06734084	     -0.44206547
      1.36515211	     -1.06712960	     -0.43947603
      1.36533718	     -1.06694188	     -0.43717497
      1.36552226	     -1.06675416	     -0.43487391
      1.36570733	     -1.06656644	     -0.43257285
      1.36589241	     -1.06637872	     -0.43027179
      1.36607748	     -1.06619100	     -0.42797072
      1.36626255	     -1.06600328	     -0.42566966
      1.36644763	     -1.06581556	     -0.42336860
      1.36663270	     -1.06562784	     -0.42106754
      1.36687893	     -1.06537810	     -0.41800615
      1.36712515	     -1.06512835	     -0.41494475
      1.36744927	     -1.06479961	     -0.41091500
      1.36771424	     -1.06453085	     -0.40762058
      1.36791646	     -1.06432573	     -0.40510623
      1.36806941	     -1.06417060	     -0.40320463
      1.36815603	     -1.06408274	     -0.40212767
      1.36824265	     -1.06399488	     -0.40105072
      1.36838113	     -1.06385442	     -0.39932889
      1.36856115	     -1.06367182	     -0.39709066
      1.36874117	     -1.06348923	     -0.39485243
      1.36892120	     -1.06330664	     -0.39261419
      1.36910122	     -1.06312404	     -0.39037596
      1.36928124	     -1.06294145	     -0.38813773
      1.36945918	     -1.06276096	     -0.38592529
      1.36959145	     -1.06262680	     -0.38428072
      1.36970244	     -1.06251423	     -0.38290085
      1.36981342	     -1.06240166	     -0.38152097
      1.36997351	     -1.06223928	     -0.37953054
      1.37016945	     -1.06133429	     -0.37587156
      1.37041500	     -1.06006182	     -0.37104662
      1.37072729	     -1.05844351	     -0.36491035
      1.37103957	     -1.05682521	     -0.35877409
      1.37126701	     -1.05564661	     -0.35430513
      1.37146900	     -1.05459985	     -0.35033603
      1.37165039	     -1.05365986	     -0.34677180
      1.37183179	     -1.05271987	     -0.34320757
      1.37201318	     -1.05177988	     -0.33964334
      1.37219457	     -1.05083990	     -0.33607911
      1.37237596	     -1.04989991	     -0.33251487
      1.37255735	     -1.04895992	     -0.32895064
      1.37273874	     -1.04801993	     -0.32538641
      1.37296062	     -1.04687013	     -0.32102662
      1.37318250	     -1.04572033	     -0.31666683
      1.37347169	     -1.04422166	     -0.31098422
      1.37376089	     -1.04272300	     -0.30530161
      1.37401218	     -1.04142080	     -0.30036397
      1.37420348	     -1.04042946	     -0.29660503
      1.37434479	     -1.03969715	     -0.29382827
      1.37445050	     -1.03914935	     -0.29175113
      1.37455621	     -1.03860155	     -0.28967398
      1.37471391	     -1.03778434	     -0.28657533
      1.37489058	     -1.03686880	     -0.28310378
      1.37506726	     -1.03595325	     -0.27963224
      1.37524393	     -1.03503771	     -0.27616069
      1.37542061	     -1.03412216	     -0.27268914
      1.37559728	     -1.03320662	     -0.26921760
      1.37575948	     -1.03236609	     -0.26603052
      1.37586862	     -1.03180052	     -0.26388600
      1.37597775	     -1.03123495	     -0.26174147
      1.37608689	     -1.03066938	     -0.25959695
      1.37625506	     -1.02979794	     -0.25629264
      1.37645823	     -1.02874506	     -0.25230035
      1.37671423	     -1.02741843	     -0.24727008
      1.37704095	     -1.02572532	     -0.24085017
      1.37730544	     -1.02435472	     -0.23565315
      1.37753541	     -1.02316301	     -0.23113444
      1.37773244	     -1.02214195	     -0.22726280
      1.37790707	     -1.02123698	     -0.22383135
      1.37808171	     -1.02033200	     -0.22039990
      1.37825634	     -1.01942703	     -0.21696845
      1.37843097	     -1.01852206	     -0.21353700
      1.37860561	     -1.01761709	     -0.21010555
      1.37878024	     -1.01671212	     -0.20667410
      1.37895487	     -1.01580715	     -0.20324265
      1.37917250	     -1.01467939	     -0.19896641
      1.37939013	     -1.01355162	     -0.19469018
      1.37967184	     -1.01209174	     -0.18915463
      1.37995356	     -1.01063186	     -0.18361908
      1.38021721	     -1.00723811	     -0.17723353
      1.38041891	     -1.00431005	     -0.17215115
      1.38057134	     -1.00209733	     -0.16831043
      1.38065800	     -1.00083930	     -0.16612679
      1.38074466	     -0.99958127	     -0.16394316
      1.38088368	     -0.99756323	     -0.16044035
      1.38106393	     -0.99494658	     -0.15589849
      1.38124418	     -0.99232992	     -0.15135662
      1.38142443	     -0.98971327	     -0.14681476
      1.38160469	     -0.98709661	     -0.14227290
      1.38178494	     -0.98447996	     -0.13773104
      1.38196218	     -0.98190711	     -0.13326522
      1.38209391	     -0.97999477	     -0.12994588
      1.38220561	     -0.97837328	     -0.12713136
      1.38231731	     -0.97675178	     -0.12431685
      1.38247802	     -0.97441876	     -0.12026730
      1.38267478	     -0.97156248	     -0.11530950
      1.38292116	     -0.96798588	     -0.10910141
      1.38322729	     -0.96354198	     -0.10138791
      1.38350268	     -0.95954425	     -0.09444885
      1.38374089	     -0.95608623	     -0.08844659
      1.38394233	     -0.95316211	     -0.08337103
      1.38412025	     -0.95057921	     -0.07888776
      1.38429818	     -0.94799631	     -0.07440449
      1.38447611	     -0.94541341	     -0.06992122
      1.38465404	     -0.94283051	     -0.06543795
      1.38483196	     -0.94024761	     -0.06095468
      1.38500989	     -0.93766471	     -0.05647141
      1.38518782	     -0.93508181	     -0.05198814
      1.38540179	     -0.93197567	     -0.04659665
      1.38561576	     -0.92886953	     -0.04120515
      1.38589885	     -0.92476014	     -0.03407228
      1.38618193	     -0.92065075	     -0.02693941
      1.38645022	     -0.91675601	     -0.02017910
      1.38665534	     -0.91377842	     -0.01501074
      1.38681107	     -0.91151779	     -0.01108685
      1.38689747	     -0.91026359	     -0.00890987
      1.38698386	     -0.90900938	     -0.00673288
      1.38711904	     -0.90704709	     -0.00332683
      1.38729441	     -0.90450130	      0.00109202
      1.38746978	     -0.90195551	      0.00551088
      1.38764515	     -0.89940973	      0.00992973
      1.38782052	     -0.89686394	      0.01434859
      1.38799590	     -0.89431815	      0.01876744
      1.38817127	     -0.89177237	      0.02318630
      1.38831539	     -0.88968016	      0.02681785
      1.38840137	     -0.88843200	      0.02898434
      1.38848735	     -0.88718384	      0.03115084
      1.38862836	     -0.88513686	      0.03470387
      1.38880054	     -0.88263743	      0.03904226
      1.38901622	     -0.87950649	      0.04447680
      1.38928644	     -0.87558391	      0.05128543
      1.38961308	     -0.87084216	      0.05951593
      1.38986833	     -0.86713687	      0.06594739
      1.39008705	     -0.88965483	      0.02306773
      1.39027652	     -0.94283082	     -0.07749121
      1.39046600	     -0.99600680	     -0.17805014
      1.39065548	     -1.04918279	     -0.27860908
      1.39084495	     -1.10235877	     -0.37916801
      1.39103443	     -1.15553476	     -0.47972694
      1.39122391	     -1.20871075	     -0.58028588
      1.39141338	     -1.26188673	     -0.68084481
      1.39160286	     -1.31506272	     -0.78140375
      1.39184287	     -1.38242146	     -0.90878312
      1.39208288	     -1.44978021	     -1.03616249
      1.39240357	     -1.53977931	     -1.20635612
      1.39267903	     -1.61708685	     -1.35254926
      1.39288755	     -1.67560777	     -1.46321578
      1.39304656	     -1.72023314	     -1.54760498
      1.39313283	     -1.74444363	     -1.59338846
      1.39321909	     -1.76865413	     -1.63917194
      1.39335041	     -1.80550860	     -1.70886593
      1.39352144	     -1.85350670	     -1.79963318
      1.39369015	     -1.90085541	     -1.88917239
      1.39385886	     -1.94820412	     -1.97871159
      1.39402758	     -1.99555283	     -2.06825080
      1.39419629	     -2.04290153	     -2.15779001
      1.39436500	     -2.09025024	     -2.24732922
      1.39452183	     -2.13426280	     -2.33055957
      1.39461722	     -2.16103400	     -2.38118549
      1.39471261	     -2.18780520	     -2.43181141
      1.39484094	     -2.22382088	     -2.49991920
      1.39500648	     -2.27027787	     -2.58777210
      1.39521236	     -2.32805747	     -2.69703675
      1.39547039	     -2.40047526	     -2.83398308
      1.39579490	     -2.49154796	     -3.00620694
      1.39606049	     -2.56608379	     -3.14715860
      1.39628718	     -2.62970265	     -3.26746562
      1.39648430	     -2.68502539	     -3.37208421
      1.39666084	     -2.73456909	     -3.46577428
      1.39683737	     -2.78411280	     -3.55946436
      1.39701390	     -2.83365650	     -3.65315443
      1.39719044	     -2.88320020	     -3.74684450
      1.39736697	     -2.93274390	     -3.84053457
      1.39754350	     -2.98228761	     -3.93422464
      1.39772004	     -3.03183131	     -4.02791471
      1.39793957	     -3.09344093	     -4.14442215
      1.39815909	     -3.15505055	     -4.26092958
      1.39844787	     -3.23609475	     -4.41418897
      1.39873665	     -3.31713896	     -4.56744836
      1.39899368	     -3.38927377	     -4.70385955
      1.39918885	     -3.44404885	     -4.80744246
      1.39933442	     -3.48490208	     -4.88469834
      1.39943347	     -3.51270069	     -4.93726717
      1.39953252	     -3.54049931	     -4.98983600
      1.39968431	     -3.58309696	     -5.07039067
      1.39986764	     -3.63454891	     -5.16768936
      1.40003189	     -3.69350090	     -5.27283018
      1.40019614	     -3.80581289	     -5.45255902
      1.40036039	     -3.91812488	     -5.63228785
      1.40052464	     -4.03043687	     -5.81201669
      1.40070457	     -4.15346988	     -6.00890199
      1.40083904	     -4.24542015	     -6.15604670
      1.40094751	     -4.31959225	     -6.27474164
      1.40105598	     -4.39376434	     -6.39343658
      1.40121417	     -4.50192607	     -6.56652390
      1.40140773	     -4.63428131	     -6.77832723
      1.40165016	     -4.80005593	     -7.04361038
      1.40195691	     -5.00980320	     -7.37926139
      1.40226365	     -5.21955046	     -7.71491239
      1.40249778	     -5.37964279	     -7.97110238
      1.40270102	     -5.51861712	     -8.19349801
      1.40287998	     -5.64098855	     -8.38932460
      1.40305894	     -5.76335997	     -8.58515119
      1.40323790	     -5.88573140	     -8.78097777
      1.40341686	     -6.00810282	     -8.97680436
      1.40359582	     -6.13047424	     -9.17263095
      1.40377479	     -6.25284567	     -9.36845753
      1.40395375	     -6.37521709	     -9.56428412
      1.40416888	     -6.52231991	     -9.79968747
      1.40438401	     -6.66942273	    -10.03509082
      1.40466619	     -6.86237353	    -10.34386305
      1.40494837	     -7.05532434	    -10.65263528
      1.40522021	     -7.24120553	    -10.95009426
      1.40542747	     -7.38292764	    -11.17688705
      1.40558535	     -7.49088463	    -11.34964675
      1.40567227	     -7.55032304	    -11.44476388
      1.40575920	     -7.60976144	    -11.53988102
      1.40589352	     -7.70160640	    -11.68685721
      1.40606842	     -7.82120395	    -11.87824487
      1.40624333	     -7.94080150	    -12.06963253
      1.40641823	     -8.06039905	    -12.26102018
      1.40659314	     -8.17999660	    -12.45240784
      1.40676804	     -8.29959415	    -12.64379550
      1.40694294	     -8.41919170	    -12.83518315
      1.40709014	     -8.51984517	    -12.99625527
      1.40717650	     -8.57889235	    -13.09074636
      1.40726285	     -8.63793954	    -13.18523744
      1.40740197	     -8.73306463	    -13.33746270
      1.40757273	     -8.84983224	    -13.52432171
      1.40778638	     -8.99592467	    -13.75810817
      1.40805362	     -9.17866002	    -14.05053297
      1.40837521	     -9.39855316	    -14.40242005
      1.40863494	     -9.57615598	    -14.68663145
      1.40886044	     -9.73034888	    -14.93338080
      1.40905188	     -9.86125155	    -15.14285964
      1.40924331	     -9.99215422	    -15.35233848
      1.40943475	    -10.12305690	    -15.56181732
      1.40962619	    -10.25395957	    -15.77129616
      1.40979747	    -10.37107681	    -15.95871466
      1.40996874	    -10.48819405	    -16.14613316
      1.41014002	    -10.62164284	    -16.32966532
      1.41031130	    -10.75873724	    -16.51232996
      1.41053852	    -10.94060992	    -16.75465718
      1.41076574	    -11.12248260	    -16.99698440
      1.41107214	    -11.36773529	    -17.32375916
      1.41137855	    -11.61298797	    -17.65053391
      1.41160946	    -11.79781330	    -17.89679525
      1.41178744	    -11.94027618	    -18.08661284
      1.41191130	    -12.03941482	    -18.21870520
      1.41203516	    -12.13855346	    -18.35079755
      1.41215901	    -12.23769210	    -18.48288991
      1.41233574	    -12.37915126	    -18.67137014
      1.41251247	    -12.52061041	    -18.85985036
      1.41268921	    -12.66206956	    -19.04833058
      1.41286594	    -12.80352872	    -19.23681081
      1.41304267	    -12.94498787	    -19.42529103
      1.41321940	    -13.08644702	    -19.61377126
      1.41336125	    -13.19999085	    -19.76505709
      1.41345211	    -13.27271794	    -19.86195869
      1.41354297	    -13.34544503	    -19.95886029
      1.41368732	    -13.46098345	    -20.11280372
      1.41386359	    -13.60207800	    -20.30079815
      1.41408413	    -13.77860403	    -20.53600148
      1.41436017	    -13.99954868	    -20.83038822
      1.41463620	    -14.22049334	    -21.12477496
      1.41491224	    -14.44143800	    -21.41916170
      1.41512249	    -14.60972637	    -21.64338918
      1.41530647	    -14.75699086	    -21.83960443
      1.41549045	    -14.90425535	    -22.03581969
      1.41567444	    -15.05151983	    -22.23203494
      1.41585842	    -15.19878432	    -22.42825019
      1.41604240	    -15.34604880	    -22.62446544
      1.41622639	    -15.49331329	    -22.82068069
      1.41641037	    -15.64057778	    -23.01689594
      1.41659435	    -15.78784226	    -23.21311119
      1.41682852	    -15.97527149	    -23.46284196
      1.41706268	    -16.16270072	    -23.71257273
      1.41738206	    -16.41834466	    -24.05319281
      1.41764601	    -16.62961632	    -24.33469123
      1.41784511	    -16.78897616	    -24.54702234
      1.41799480	    -16.90878851	    -24.70666035
      1.41807659	    -16.97425570	    -24.79388886
      1.41815838	    -17.03972290	    -24.88111737
      1.41828767	    -17.14321280	    -25.01900735
      1.41845109	    -17.27401459	    -25.19328770
      1.41861669	    -17.40656381	    -25.36989633
      1.41878228	    -17.53911303	    -25.54650495
      1.41894788	    -17.67166225	    -25.72311358
      1.41911348	    -17.80421147	    -25.89972221
      1.41927908	    -17.93676069	    -26.07633083
      1.41944468	    -18.06930991	    -26.25293946
      1.41953770	    -18.14376534	    -26.35214390
      1.41963072	    -18.21822077	    -26.45134835
      1.41975570	    -18.31825573	    -26.58463495
      1.41991735	    -18.44764882	    -26.75703835
      1.42011883	    -18.61560841	    -26.95932024
      1.42037162	    -18.83217521	    -27.20212242
      1.42068420	    -19.09995757	    -27.50234452
      1.42092619	    -19.30727857	    -27.73478085
      1.42113304	    -19.48448777	    -27.93345755
      1.42131364	    -19.63920473	    -28.10691726
      1.42149423	    -19.79392169	    -28.28037697
      1.42167483	    -19.94863865	    -28.45383669
      1.42185542	    -20.10335561	    -28.62729640
      1.42203601	    -20.25807257	    -28.80075611
      1.42221661	    -20.41278953	    -28.97421582
      1.42239720	    -20.56750649	    -29.14767553
      1.42257780	    -20.72222345	    -29.32113524
      1.42280391	    -20.91593708	    -29.53831577
      1.42303003	    -21.10965071	    -29.75549629
      1.42332112	    -21.35903142	    -30.03508753
      1.42356727	    -21.56990758	    -30.27150969
      1.42375162	    -21.72784825	    -30.44858364
      1.42388666	    -21.84353756	    -30.57828780
      1.42397413	    -21.91847522	    -30.66230358
      1.42406161	    -21.99341288	    -30.74631935
      1.42419353	    -22.10643236	    -30.87303026
      1.42435769	    -22.24706766	    -31.03070243
      1.42452184	    -22.38770297	    -31.18837461
      1.42468600	    -22.52833828	    -31.34604678
      1.42485016	    -22.66897358	    -31.50371895
      1.42501432	    -22.80960889	    -31.66139113
      1.42517847	    -22.95024419	    -31.81906330
      1.42531614	    -23.06818086	    -31.95128708
      1.42539284	    -23.13389516	    -32.02496215
      1.42546955	    -23.19960946	    -32.09863722
      1.42559355	    -23.30583904	    -32.21773570
      1.42574839	    -23.43849487	    -32.36646174
      1.42594381	    -23.60591353	    -32.55416187
      1.42619078	    -23.81749087	    -32.79137014
      1.42646176	    -24.04964166	    -33.05164419
      1.42668330	    -24.23944109	    -33.26443634
      1.42687643	    -24.40489819	    -33.44993728
      1.42704667	    -24.55074673	    -33.61345423
      1.42719582	    -24.67852323	    -33.75670985
      1.42734497	    -24.80629972	    -33.89996547
      1.42749412	    -24.93407622	    -34.04322109
      1.42764327	    -25.06185272	    -34.18647671
      1.42779242	    -25.18962921	    -34.32973233
      1.42794156	    -25.31740571	    -34.47298796
      1.42809071	    -25.44518220	    -34.61624358
      1.42828205	    -25.60910113	    -34.80002000
      1.42847338	    -25.77302006	    -34.98379643
      1.42872068	    -25.98488400	    -35.22132603
      1.42896798	    -26.19674794	    -35.45885564
      1.42917999	    -26.37837853	    -35.66248935
      1.42933619	    -26.51219347	    -35.81251493
      1.42943889	    -26.60017544	    -35.91115522
      1.42954158	    -26.68815741	    -36.00979552
      1.42964428	    -26.77613938	    -36.10843582
      1.42978347	    -26.89538600	    -36.24212823
      1.42995543	    -27.04270593	    -36.40729483
      1.43010003	    -27.16419588	    -36.52895269
      1.43024463	    -27.28462200	    -36.64293579
      1.43038923	    -27.40504811	    -36.75691890
      1.43053382	    -27.52547423	    -36.87090201
      1.43068840	    -27.65421328	    -36.99275328
      1.43081294	    -27.75793477	    -37.09092549
      1.43088934	    -27.82156117	    -37.15114777
      1.43096574	    -27.88518757	    -37.21137004
      1.43109224	    -27.99054733	    -37.31109286
      1.43124844	    -28.12063227	    -37.43421802
      1.43144717	    -28.28614442	    -37.59087498
      1.43170116	    -28.49767577	    -37.79108902
      1.43192841	    -28.68693873	    -37.97022608
      1.43212392	    -28.84976473	    -38.12434060
      1.43228967	    -28.98780985	    -38.25500006
      1.43242961	    -29.10435342	    -38.36530835
      1.43256954	    -29.22089699	    -38.47561663
      1.43270948	    -29.33744056	    -38.58592491
      1.43284941	    -29.45398413	    -38.69623319
      1.43298935	    -29.57052771	    -38.80654147
      1.43312929	    -29.68707128	    -38.91684975
      1.43326922	    -29.80361485	    -39.02715803
      1.43340916	    -29.92015842	    -39.13746632
      1.43359895	    -30.07822703	    -39.28707798
      1.43378875	    -30.23629564	    -39.43668964
      1.43403531	    -30.44164280	    -39.63105036
      1.43428187	    -30.64698996	    -39.82541108
      1.43444377	    -30.78182157	    -39.95302895
      1.43455920	    -30.87795479	    -40.04401888
      1.43464524	    -30.94961059	    -40.11184096
      1.43473127	    -31.02126639	    -40.17966305
      1.43485139	    -31.12130134	    -40.27434596
      1.43499557	    -31.24137903	    -40.38799927
      1.43513974	    -31.36145671	    -40.50165258
      1.43528392	    -31.48153440	    -40.61530590
      1.43542810	    -31.60161208	    -40.72895921
      1.43557228	    -31.72168977	    -40.84261253
      1.43571646	    -31.84176745	    -40.95626584
      1.43586064	    -31.96184514	    -41.06991916
      1.43595504	    -32.04046706	    -41.14433467
      1.43604945	    -32.11908898	    -41.21875018
      1.43614385	    -32.19771090	    -41.29316569
      1.43628934	    -32.31887851	    -41.40785061
      1.43646878	    -32.46832445	    -41.54930092
      1.43669578	    -32.65738434	    -41.72824577
      1.43692279	    -32.84644424	    -41.90719063
      1.43710391	    -32.99728671	    -42.04996276
      1.43725420	    -33.12245252	    -42.16843197
      1.43738463	    -33.23107896	    -42.27124671
      1.43751506	    -33.33970540	    -42.37406144
      1.43764549	    -33.44833185	    -42.47687618
      1.43777592	    -33.55695829	    -42.57969091
      1.43790635	    -33.66558473	    -42.68250565
      1.43803677	    -33.77421118	    -42.78532038
      1.43816720	    -33.88283762	    -42.88813512
      1.43829763	    -33.99146407	    -42.99094985
      1.43846661	    -34.13219128	    -43.12414791
      1.43863558	    -34.27291849	    -43.25734596
      1.43886418	    -34.46330520	    -43.43754664
      1.43909278	    -34.65369190	    -43.61774732
      1.43925129	    -34.78570072	    -43.74269344
      1.43936391	    -34.87949893	    -43.83147327
      1.43944233	    -34.94480922	    -43.89328934
      1.43952075	    -35.01011951	    -43.95510541
      1.43963189	    -35.10267930	    -44.04271309
      1.43974302	    -35.19523909	    -44.13032077
      1.43988165	    -35.31069105	    -44.23959584
      1.44002027	    -35.42387234	    -44.34439313
      1.44015890	    -35.52379801	    -44.42305028
      1.44029752	    -35.62372369	    -44.50170743
      1.44043615	    -35.72364937	    -44.58036458
      1.44057477	    -35.82357504	    -44.65902173
      1.44068444	    -35.90262364	    -44.72124535
      1.44076022	    -35.95724943	    -44.76424440
      1.44083600	    -36.01187522	    -44.80724344
      1.44095662	    -36.09882208	    -44.87568423
      1.44110706	    -36.20726316	    -44.96104434
      1.44129896	    -36.34559584	    -45.06993381
      1.44149087	    -36.48392851	    -45.17882328
      1.44168277	    -36.62226119	    -45.28771275
      1.44183939	    -36.73515616	    -45.37657876
      1.44197219	    -36.83088513	    -45.45193245
      1.44210500	    -36.92661411	    -45.52728614
      1.44223780	    -37.02234308	    -45.60263983
      1.44237060	    -37.11807206	    -45.67799351
      1.44250341	    -37.21380103	    -45.75334720
      1.44263621	    -37.30953000	    -45.82870089
      1.44276901	    -37.40525898	    -45.90405458
      1.44290181	    -37.50098795	    -45.97940826
      1.44303462	    -37.59671693	    -46.05476195
      1.44321740	    -37.72847405	    -46.15847544
      1.44340018	    -37.86023118	    -46.26218892
      1.44362666	    -38.02348082	    -46.39069194
      1.44378464	    -38.13736205	    -46.48033429
      1.44389777	    -38.21890851	    -46.54452412
      1.44396543	    -38.26767819	    -46.58291350
      1.44403309	    -38.31644788	    -46.62130287
      1.44413494	    -38.38986591	    -46.67909435
      1.44423679	    -38.46328393	    -46.73688583
      1.44437726	    -38.56454423	    -46.81659354
      1.44450251	    -38.65482736	    -46.88766049
      1.44462776	    -38.74511049	    -46.95872745
      1.44475301	    -38.83539361	    -47.02979440
      1.44487826	    -38.92567674	    -47.10086135
      1.44500350	    -39.01595986	    -47.17192831
      1.44512875	    -39.10624299	    -47.24299526
      1.44521956	    -39.17170307	    -47.29452259
      1.44531037	    -39.23716314	    -47.34604991
      1.44540119	    -39.30262322	    -47.39757724
      1.44553661	    -39.40024421	    -47.47442024
      1.44570617	    -39.52246568	    -47.57062767
      1.44592148	    -39.67767068	    -47.69279830
      1.44610607	    -39.81072915	    -47.79753614
      1.44625906	    -39.92100806	    -47.88434291
      1.44639085	    -40.01600956	    -47.95912396
      1.44652265	    -40.11101105	    -48.03390501
      1.44665444	    -40.20601255	    -48.10868606
      1.44678623	    -40.30101405	    -48.18346711
      1.44690171	    -40.38425537	    -48.24899106
      1.44701719	    -40.46749669	    -48.31451501
      1.44713267	    -40.55073801	    -48.38003896
      1.44724815	    -40.63397933	    -48.44556291
      1.44738914	    -40.73561259	    -48.52556419
      1.44753014	    -40.83724586	    -48.60556548
      1.44771867	    -40.97315055	    -48.71254375
      1.44790721	    -41.10905525	    -48.81952202
      1.44809575	    -41.24495995	    -48.92650029
      1.44821965	    -41.33426932	    -48.99680075
      1.44828741	    -41.38311676	    -49.03525133
      1.44835518	    -41.43196420	    -49.07370191
      1.44844446	    -41.49632513	    -49.12436404
      1.44855331	    -41.57478198	    -49.18612186
      1.44866215	    -41.65323884	    -49.24787969
      1.44879791	    -41.75110242	    -49.32491365
      1.44891853	    -41.83804665	    -49.39335237
      1.44903914	    -41.92499088	    -49.46179108
      1.44915976	    -42.01193511	    -49.53022980
      1.44928038	    -42.09887934	    -49.59866852
      1.44940099	    -42.18582357	    -49.66710724
      1.44950646	    -42.26184865	    -49.72695088
      1.44956289	    -42.30252636	    -49.75897060
      1.44961932	    -42.34320406	    -49.79099032
      1.44972131	    -42.41672295	    -49.84886120
      1.44984893	    -42.50871102	    -49.92127021
      1.45001505	    -42.62556071	    -50.01179443
      1.45023182	    -42.74006071	    -50.08097370
      1.45040565	    -42.83188305	    -50.13645144
      1.45055383	    -42.91015632	    -50.18374303
      1.45068669	    -42.98033968	    -50.22614681
      1.45081956	    -43.05052304	    -50.26855060
      1.45093041	    -43.10907640	    -50.30392770
      1.45104126	    -43.16762976	    -50.33930480
      1.45115211	    -43.22618311	    -50.37468190
      1.45126296	    -43.28473647	    -50.41005900
      1.45137381	    -43.34328983	    -50.44543611
      1.45148466	    -43.40184319	    -50.48081321
      1.45159550	    -43.46039655	    -50.51619031
      1.45175286	    -43.54351555	    -50.56640962
      1.45191022	    -43.62663455	    -50.61662893
      1.45210694	    -43.73054969	    -50.67941297
      1.45230366	    -43.83446483	    -50.74219701
      1.45243616	    -43.90445429	    -50.78448365
      1.45252187	    -43.94972488	    -50.81183549
      1.45260757	    -43.99499546	    -50.83918733
      1.45269327	    -44.04026605	    -50.86653917
      1.45280337	    -44.09842387	    -50.90167729
      1.45291347	    -44.15658168	    -50.93681541
      1.45302357	    -44.21473950	    -50.97195354
      1.45313367	    -44.27289732	    -51.00709166
      1.45324378	    -44.33105514	    -51.04222978
      1.45335388	    -44.38921296	    -51.07736790
      1.45346398	    -44.44737078	    -51.11250603
      1.45359772	    -44.51801595	    -51.15518883
      1.45370809	    -44.57632062	    -51.19041568
      1.45378219	    -44.61546000	    -51.21406313
      1.45385629	    -44.65459938	    -51.23771058
      1.45395350	    -44.70595229	    -51.26873728
      1.45408363	    -44.77469052	    -51.31026793
      1.45425163	    -44.86343239	    -51.36388451
      1.45447355	    -44.98065287	    -51.43470744
      1.45464149	    -45.06936486	    -51.48830595
      1.45479087	    -45.14826863	    -51.53597849
      1.45491795	    -45.21539490	    -51.57653522
      1.45502492	    -45.27190092	    -51.61067535
      1.45513189	    -45.32840695	    -51.64481549
      1.45523887	    -45.38491298	    -51.67895562
      1.45534584	    -45.44141900	    -51.71309575
      1.45545281	    -45.49792503	    -51.74723589
      1.45555979	    -45.55443106	    -51.78137602
      1.45566676	    -45.61093709	    -51.81551615
      1.45580023	    -45.68144099	    -51.85811361
      1.45593370	    -45.75194490	    -51.90071106
      1.45610671	    -45.84333217	    -51.95592594
      1.45627972	    -45.93471944	    -52.01114082
      1.45647841	    -46.03967142	    -52.07455131
      1.45662045	    -46.11470103	    -52.11988313
      1.45671785	    -46.16614843	    -52.15096691
      1.45679754	    -46.20824287	    -52.17639977
      1.45687723	    -46.25033731	    -52.20183263
      1.45698391	    -46.30668864	    -52.23587929
      1.45709059	    -46.36303997	    -52.26992596
      1.45722422	    -46.43362666	    -52.31257343
      1.45734343	    -46.49659627	    -52.35061877
      1.45746264	    -46.55956588	    -52.38866410
      1.45758185	    -46.62253549	    -52.42670944
      1.45770106	    -46.68550509	    -52.46475478
      1.45782027	    -46.74847470	    -52.50280012
      1.45793947	    -46.81144431	    -52.54084545
      1.45799542	    -46.84099456	    -52.55869929
      1.45805136	    -46.87054481	    -52.57655313
      1.45815049	    -46.92291022	    -52.60819156
      1.45827564	    -46.98901366	    -52.64813031
      1.45843885	    -47.07522827	    -52.70021995
      1.45864865	    -47.18605022	    -52.76717699
      1.45882676	    -47.28013192	    -52.82401980
      1.45898103	    -47.36161923	    -52.87325327
      1.45910549	    -47.42736216	    -52.91297421
      1.45921604	    -47.48576076	    -52.94825781
      1.45932660	    -47.54415936	    -52.98354141
      1.45943716	    -47.60255796	    -53.01882501
      1.45954771	    -47.66095656	    -53.05410860
      1.45965827	    -47.71935515	    -53.08939220
      1.45976882	    -47.77775375	    -53.12467580
      1.45987938	    -47.83615235	    -53.15995940
      1.45998994	    -47.89455095	    -53.19524300
      1.46013653	    -47.93774383	    -53.20749618
      1.46028313	    -47.97841281	    -53.21720415
      1.46048125	    -48.03337536	    -53.23032410
      1.46067938	    -48.08833792	    -53.24344405
      1.46083844	    -48.13246491	    -53.25397748
      1.46095162	    -48.16386330	    -53.26147250
      1.46101268	    -48.18080311	    -53.26551615
      1.46107374	    -48.19774293	    -53.26955980
      1.46117098	    -48.22471731	    -53.27599878
      1.46126821	    -48.25169169	    -53.28243776
      1.46140444	    -48.28948274	    -53.29145875
      1.46154066	    -48.32727378	    -53.30047973
      1.46166299	    -48.36121039	    -53.30858064
      1.46178532	    -48.39514700	    -53.31668155
      1.46190765	    -48.42908361	    -53.32478246
      1.46202998	    -48.46302021	    -53.33288337
      1.46215231	    -48.49695682	    -53.34098428
      1.46224693	    -48.52320597	    -53.34725014
      1.46234155	    -48.54945512	    -53.35351600
      1.46243617	    -48.57570427	    -53.35978185
      1.46256907	    -48.61257260	    -53.36858258
      1.46273745	    -48.65928474	    -53.37973310
      1.46294490	    -48.71683636	    -53.39347108
      1.46315236	    -48.77438797	    -53.40720906
      1.46330307	    -48.81619893	    -53.41718963
      1.46343201	    -48.85196925	    -53.42572826
      1.46356095	    -48.88773956	    -53.43426689
      1.46368989	    -48.92350987	    -53.44280551
      1.46381883	    -48.95928018	    -53.45134414
      1.46394777	    -48.99505049	    -53.45988277
      1.46407671	    -49.03082080	    -53.46842139
      1.46420565	    -49.06659111	    -53.47696002
      1.46433459	    -49.10236143	    -53.48549865
      1.46446353	    -49.13813174	    -53.49403727
      1.46463977	    -49.18702498	    -53.50570844
      1.46481602	    -49.23591823	    -53.51737960
      1.46504051	    -49.29819671	    -53.53224592
      1.46521019	    -49.34526808	    -53.54348219
      1.46533401	    -49.37961799	    -53.55168175
      1.46539154	    -49.39557763	    -53.55549143
      1.46544907	    -49.41153727	    -53.55930111
      1.46554291	    -49.43757223	    -53.56551584
      1.46563676	    -49.46360718	    -53.57173057
      1.46577248	    -49.50125910	    -53.58071835
      1.46590820	    -49.53891101	    -53.58970612
      1.46604393	    -49.57656293	    -53.59869390
      1.46617965	    -49.61421484	    -53.60768168
      1.46631537	    -49.65186676	    -53.61666946
      1.46645109	    -49.68951867	    -53.62565724
      1.46658682	    -49.72717059	    -53.63464502
      1.46668098	    -49.75329263	    -53.64088053
      1.46677514	    -49.77941466	    -53.64711605
      1.46686930	    -49.80553670	    -53.65335156
      1.46700690	    -49.84370953	    -53.66246369
      1.46718003	    -49.89173898	    -53.67392866
      1.46740137	    -49.95314176	    -53.68858594
      1.46762270	    -50.01454455	    -53.70324322
      1.46778580	    -50.05979012	    -53.71404366
      1.46792811	    -50.09926840	    -53.72346740
      1.46807041	    -50.13874667	    -53.73289115
      1.46821272	    -50.17822495	    -53.74231489
      1.46835502	    -50.21770323	    -53.75173863
      1.46848042	    -50.25248999	    -53.76004248
      1.46860581	    -50.28727676	    -53.76834633
      1.46873121	    -50.32206352	    -53.77665018
      1.46885660	    -50.35685029	    -53.78495402
      1.46901237	    -50.40006416	    -53.79526948
      1.46916814	    -50.44327803	    -53.80558494
      1.46937593	    -50.50092276	    -53.81934514
      1.46958372	    -50.55856748	    -53.83310535
      1.46979151	    -50.61621220	    -53.84686555
      1.46993735	    -50.65666949	    -53.85652299
      1.47003348	    -50.67410470	    -53.85499808
      1.47012962	    -50.67426153	    -53.83870830
      1.47022576	    -50.67441835	    -53.82241852
      1.47035430	    -50.67462803	    -53.80063780
      1.47051026	    -50.67488246	    -53.77421025
      1.47064400	    -50.67510063	    -53.75154783
      1.47077775	    -50.67531880	    -53.72888541
      1.47091149	    -50.67553698	    -53.70622299
      1.47104524	    -50.67575515	    -53.68356056
      1.47117898	    -50.67597332	    -53.66089814
      1.47131273	    -50.67619150	    -53.63823572
      1.47138321	    -50.67630647	    -53.62629285
      1.47145369	    -50.67642145	    -53.61434997
      1.47156006	    -50.67659497	    -53.59632592
      1.47169768	    -50.67681946	    -53.57300735
      1.47187406	    -50.67710718	    -53.54312040
      1.47210252	    -50.67747987	    -53.50440851
      1.47233091	    -50.67785244	    -53.46570836
      1.47252257	    -50.67816510	    -53.43323162
      1.47268921	    -50.67843693	    -53.40499508
      1.47283882	    -50.67868098	    -53.37964461
      1.47298843	    -50.67892504	    -53.35429415
      1.47313804	    -50.67916909	    -53.32894368
      1.47328765	    -50.67941314	    -53.30359322
      1.47341973	    -50.67962861	    -53.28121178
      1.47355182	    -50.67984408	    -53.25883035
      1.47368390	    -50.68005955	    -53.23644892
      1.47384425	    -50.68032111	    -53.20927907
      1.47400459	    -50.68058268	    -53.18210922
      1.47421834	    -50.68093136	    -53.14589107
      1.47443208	    -50.68128003	    -53.10967292
      1.47469882	    -50.68171515	    -53.06447604
      1.47488078	    -50.68201198	    -53.03364342
      1.47501706	    -50.68223429	    -53.01055114
      1.47508695	    -50.68234831	    -52.99870764
      1.47515685	    -50.68246233	    -52.98686414
      1.47527042	    -50.68264760	    -52.96761942
      1.47540970	    -50.68287481	    -52.94401869
      1.47556443	    -50.68312720	    -52.91780180
      1.47571915	    -50.68337959	    -52.89158491
      1.47587387	    -50.68363199	    -52.86536802
      1.47602859	    -50.68388438	    -52.83915112
      1.47618331	    -50.68413677	    -52.81293423
      1.47633803	    -50.68438916	    -52.78671734
      1.47644926	    -50.68457060	    -52.76787078
      1.47656048	    -50.68475204	    -52.74902422
      1.47667170	    -50.68493348	    -52.73017765
      1.47682246	    -50.68517941	    -52.70463238
      1.47701202	    -50.68548863	    -52.67251217
      1.47725637	    -50.68588723	    -52.63110839
      1.47751660	    -50.68631173	    -52.58701421
      1.47773938	    -50.68667515	    -52.54926461
      1.47793197	    -50.68698933	    -52.51662997
      1.47809324	    -50.68725239	    -52.48930430
      1.47825450	    -50.68751546	    -52.46197864
      1.47841577	    -50.68777853	    -52.43465298
      1.47857703	    -50.68804160	    -52.40732731
      1.47873830	    -50.68830466	    -52.38000165
      1.47889956	    -50.68856773	    -52.35267598
      1.47906083	    -50.68883080	    -52.32535032
      1.47922209	    -50.68909387	    -52.29802465
      1.47943332	    -50.68943843	    -52.26223322
      1.47964454	    -50.68978300	    -52.22644180
      1.47992138	    -50.69023460	    -52.17953247
      1.48019822	    -50.63849795	    -52.09309621
      1.48040974	    -50.58315448	    -52.01507756
      1.48057272	    -50.54050884	    -51.95495928
      1.48067682	    -50.51327227	    -51.91656341
      1.48078092	    -50.48603570	    -51.87816755
      1.48088501	    -50.45879912	    -51.83977168
      1.48105450	    -50.41445292	    -51.77725609
      1.48122398	    -50.37010673	    -51.71474049
      1.48139347	    -50.32576053	    -51.65222489
      1.48156295	    -50.28141433	    -51.58970929
      1.48173244	    -50.23706813	    -51.52719369
      1.48190193	    -50.19272193	    -51.46467809
      1.48204384	    -50.15558922	    -51.41233147
      1.48212500	    -50.13435466	    -51.38239675
      1.48220616	    -50.11312011	    -51.35246204
      1.48233354	    -50.07979064	    -51.30547691
      1.48249261	    -50.03816881	    -51.24680191
      1.48269258	    -49.98584697	    -51.17304290
      1.48294422	    -49.92000387	    -51.08022275
      1.48325615	    -49.83838786	    -50.96516726
      1.48352767	    -49.76734507	    -50.86501702
      1.48375883	    -49.70686130	    -50.77975201
      1.48395566	    -49.65536030	    -50.70715016
      1.48415249	    -49.60385929	    -50.63454831
      1.48434932	    -49.55235829	    -50.56194646
      1.48454615	    -49.50085729	    -50.48934461
      1.48472100	    -49.45510934	    -50.42485294
      1.48489584	    -49.40936139	    -50.36036127
      1.48507069	    -49.36361344	    -50.29586960
      1.48524553	    -49.31786549	    -50.23137792
      1.48547641	    -49.25745391	    -50.14621468
      1.48570730	    -49.19704233	    -50.06105144
      1.48601826	    -49.11567910	    -49.94635230
      1.48632922	    -49.03431587	    -49.83165316
      1.48659971	    -48.96354223	    -49.73188234
      1.48681172	    -48.90806882	    -49.65368052
      1.48697818	    -48.86451503	    -49.59228199
      1.48707924	    -48.83807288	    -49.55500604
      1.48718030	    -48.81163073	    -49.51773009
      1.48734632	    -48.76819242	    -49.45649435
      1.48752206	    -48.72221023	    -49.39167247
      1.48769779	    -48.67622804	    -49.32685059
      1.48787353	    -48.63024585	    -49.26202871
      1.48804927	    -48.58426367	    -49.19720683
      1.48822501	    -48.53828148	    -49.13238495
      1.48839492	    -48.49382457	    -49.06971327
      1.48849143	    -48.46857271	    -49.03411530
      1.48858794	    -48.44332086	    -48.99851734
      1.48872194	    -48.40825962	    -48.94909090
      1.48889153	    -48.36388553	    -48.88653598
      1.48910008	    -48.30931957	    -48.80961341
      1.48935771	    -48.24190859	    -48.71458300
      1.48968286	    -48.15683384	    -48.59465166
      1.49003468	    -48.05727737	    -48.45972469
      1.49032621	    -47.91791473	    -48.30882632
      1.49057603	    -47.79849080	    -48.17951708
      1.49080024	    -47.69130693	    -48.06346107
      1.49102446	    -47.58412306	    -47.94740506
      1.49124868	    -47.47693919	    -47.83134905
      1.49147289	    -47.36975532	    -47.71529305
      1.49169711	    -47.26257145	    -47.59923704
      1.49192133	    -47.15538758	    -47.48318103
      1.49214554	    -47.04820371	    -47.36712502
      1.49236976	    -46.94101984	    -47.25106901
      1.49266998	    -46.79750203	    -47.09567152
      1.49297021	    -46.65398422	    -46.94027404
      1.49336817	    -46.46374110	    -46.73428355
      1.49368908	    -46.31033716	    -46.56818162
      1.49394507	    -46.18796191	    -46.43567676
      1.49415663	    -46.08682827	    -46.32617179
      1.49432501	    -46.00633615	    -46.23901694
      1.49449340	    -45.92584403	    -46.15186209
      1.49470460	    -45.82488199	    -46.04254292
      1.49488109	    -45.74051052	    -45.95118760
      1.49505759	    -45.65613904	    -45.85983228
      1.49523408	    -45.57176757	    -45.76847696
      1.49541058	    -45.48739609	    -45.67712164
      1.49563720	    -45.37906353	    -45.55982186
      1.49574854	    -45.32583623	    -45.50218868
      1.49585989	    -45.27260893	    -45.44455549
      1.49602193	    -45.19514608	    -45.36068066
      1.49618398	    -45.11768323	    -45.27680582
      1.49641648	    -45.00653646	    -45.15645889
      1.49664899	    -44.89538969	    -45.03611195
      1.49698873	    -44.73297917	    -44.86025790
      1.49741512	    -44.52915014	    -44.63955694
      1.49776255	    -44.36306774	    -44.45972708
      1.49805883	    -44.22143491	    -44.30637060
      1.49832374	    -44.09479857	    -44.16925195
      1.49858865	    -43.96816224	    -44.03213330
      1.49882324	    -43.85601865	    -43.91070704
      1.49905783	    -43.74387507	    -43.78928077
      1.49929242	    -43.63173149	    -43.66785451
      1.49952701	    -43.51958790	    -43.54642825
      1.49976160	    -43.40744432	    -43.42500199
      1.49999620	    -43.29530074	    -43.30357573
      1.50030503	    -43.10357582	    -43.11643798
      1.50061386	    -42.91130109	    -42.92896001
      1.50101714	    -42.66022887	    -42.68415140
      1.50142041	    -42.40915664	    -42.43934279
      1.50172775	    -42.21781264	    -42.25277232
      1.50198125	    -42.05999073	    -42.09888767
      1.50219790	    -41.92510549	    -41.96736747
      1.50237855	    -41.81263721	    -41.85770499
      1.50255920	    -41.70016893	    -41.74804250
      1.50273985	    -41.58770065	    -41.63838001
      1.50292050	    -41.47523237	    -41.52871753
      1.50310114	    -41.36276408	    -41.41905504
      1.50328179	    -41.25029580	    -41.30939256
      1.50346244	    -41.13782752	    -41.19973007
      1.50363575	    -41.02992947	    -41.09452380
      1.50379015	    -40.93379892	    -41.00079146
      1.50394456	    -40.83766837	    -40.90705912
      1.50414431	    -40.71330743	    -40.78580066
      1.50434406	    -40.58894648	    -40.66454220
      1.50462182	    -40.41601915	    -40.49592897
      1.50489957	    -40.24309182	    -40.32731573
      1.50531250	    -39.98601124	    -40.07664866
      1.50572543	    -39.72893066	    -39.82598158
      1.50604669	    -39.52891572	    -39.63095650
      1.50632675	    -39.35455992	    -39.46095043
      1.50657426	    -39.20046469	    -39.31069948
      1.50682176	    -39.04636945	    -39.16044852
      1.50706927	    -38.89227421	    -39.01019756
      1.50731678	    -38.73817897	    -38.85994661
      1.50756429	    -38.58408373	    -38.70969565
      1.50781180	    -38.42998850	    -38.55944470
      1.50805931	    -38.27589326	    -38.40919374
      1.50835703	    -38.09054285	    -38.22846735
      1.50865474	    -37.90519244	    -38.04774096
      1.50904279	    -37.66359887	    -37.81217453
      1.50943084	    -37.42200531	    -37.57660811
      1.50976094	    -37.21648686	    -37.37621682
      1.51002409	    -37.05118517	    -37.21580709
      1.51024405	    -36.90079473	    -37.07618230
      1.51042599	    -36.77639678	    -36.96068933
      1.51060794	    -36.65199883	    -36.84519636
      1.51079077	    -36.52699182	    -36.72913793
      1.51097361	    -36.40198481	    -36.61307950
      1.51115644	    -36.27697780	    -36.49702107
      1.51133927	    -36.15197078	    -36.38096264
      1.51152211	    -36.02696377	    -36.26490421
      1.51174587	    -35.87397426	    -36.12286639
      1.51188350	    -35.77987400	    -36.03550227
      1.51202113	    -35.68577374	    -35.94813814
      1.51220920	    -35.55718748	    -35.82875668
      1.51239727	    -35.42860122	    -35.70937522
      1.51265914	    -35.24955819	    -35.54314893
      1.51292100	    -35.07051517	    -35.37692263
      1.51330234	    -34.80978679	    -35.13485840
      1.51368368	    -34.54905842	    -34.89279417
      1.51399954	    -34.33310378	    -34.69229856
      1.51426945	    -34.14855666	    -34.52096218
      1.51450716	    -33.98603346	    -34.37007314
      1.51474487	    -33.82351025	    -34.21918410
      1.51498257	    -33.66098705	    -34.06829506
      1.51522028	    -33.49846384	    -33.91740602
      1.51545798	    -33.33594064	    -33.76651698
      1.51569569	    -33.17341743	    -33.61562794
      1.51593339	    -33.01089423	    -33.46473890
      1.51617110	    -32.84837102	    -33.31384986
      1.51648344	    -32.63481771	    -33.11558369
      1.51679578	    -32.42126440	    -32.91731752
      1.51720220	    -32.14339004	    -32.65933468
      1.51750878	    -31.93377778	    -32.46472745
      1.51775176	    -31.76764746	    -32.31048950
      1.51794885	    -31.63289360	    -32.18538195
      1.51809498	    -31.53298066	    -32.09262124
      1.51824111	    -31.43306772	    -31.99986053
      1.51838724	    -31.33315478	    -31.90709982
      1.51856836	    -31.20932029	    -31.79212998
      1.51874948	    -31.08548580	    -31.67716013
      1.51893060	    -30.96165131	    -31.56219029
      1.51911172	    -30.83781682	    -31.44722045
      1.51929284	    -30.71398233	    -31.33225061
      1.51946083	    -30.59912731	    -31.22561745
      1.51957840	    -30.51873933	    -31.15098401
      1.51969598	    -30.43835134	    -31.07635057
      1.51986633	    -30.32188097	    -30.96821768
      1.52003667	    -30.20612959	    -30.86119646
      1.52028052	    -30.04418851	    -30.71380093
      1.52052437	    -29.88224743	    -30.56640540
      1.52088406	    -29.64337258	    -30.34898628
      1.52124375	    -29.40449773	    -30.13156716
      1.52151787	    -29.22245235	    -29.96587310
      1.52175698	    -29.06365085	    -29.82133514
      1.52197080	    -28.92165587	    -29.69209415
      1.52218461	    -28.77966089	    -29.56285317
      1.52239842	    -28.63766592	    -29.43361218
      1.52261223	    -28.49567094	    -29.30437119
      1.52282604	    -28.35367596	    -29.17513020
      1.52303986	    -28.21168099	    -29.04588921
      1.52325367	    -28.06968601	    -28.91664822
      1.52346748	    -27.92769103	    -28.78740723
      1.52375498	    -27.73675739	    -28.61362324
      1.52404248	    -27.54582375	    -28.43983926
      1.52440542	    -27.30479412	    -28.22045891
      1.52467908	    -27.12305516	    -28.05504374
      1.52489354	    -26.98062412	    -27.92540585
      1.52506133	    -26.86919380	    -27.82398420
      1.52515898	    -26.80434583	    -27.76496088
      1.52525662	    -26.73949786	    -27.70593756
      1.52540517	    -26.64084946	    -27.61614975
      1.52559321	    -26.51596525	    -27.50248264
      1.52578126	    -26.39108105	    -27.38881554
      1.52596931	    -26.26619685	    -27.27514843
      1.52615735	    -26.14131264	    -27.16148132
      1.52634540	    -26.01642844	    -27.04781422
      1.52651154	    -25.90609528	    -26.94739119
      1.52660572	    -25.84354403	    -26.89045829
      1.52669991	    -25.78099279	    -26.83352539
      1.52684163	    -25.68687554	    -26.74786176
      1.52701562	    -25.57132839	    -26.64269306
      1.52722930	    -25.42941839	    -26.51352940
      1.52749229	    -25.25476434	    -26.35456278
      1.52782298	    -25.03515265	    -26.15467661
      1.52815366	    -24.81554097	    -25.95479045
      1.52839608	    -24.65454833	    -25.80825817
      1.52860981	    -24.51260650	    -25.67906555
      1.52879527	    -24.38943786	    -25.56695992
      1.52898074	    -24.26626922	    -25.45485429
      1.52916620	    -24.14310059	    -25.34274866
      1.52935167	    -24.01993195	    -25.23064302
      1.52953713	    -23.89676331	    -25.11853739
      1.52972259	    -23.77359468	    -25.00643176
      1.52990806	    -23.65042604	    -24.89432613
      1.53013105	    -23.51353591	    -24.76993266
      1.53035404	    -23.38450394	    -24.65283268
      1.53064111	    -23.21839247	    -24.50208206
      1.53092817	    -23.05228100	    -24.35133144
      1.53121524	    -22.88616953	    -24.20058083
      1.53141921	    -22.76814474	    -24.09347017
      1.53157636	    -22.67721129	    -24.01094561
      1.53166345	    -22.62682026	    -23.96521441
      1.53175053	    -22.57642923	    -23.91948320
      1.53188360	    -22.49942644	    -23.84960110
      1.53206021	    -22.39723148	    -23.75685642
      1.53223683	    -22.29503651	    -23.66411175
      1.53241344	    -22.19284154	    -23.57136707
      1.53259005	    -22.09064658	    -23.47862240
      1.53276666	    -21.98845161	    -23.38587773
      1.53294748	    -21.88381903	    -23.29092085
      1.53307640	    -21.80922039	    -23.22322058
      1.53319144	    -21.74265589	    -23.16281151
      1.53330647	    -21.67609140	    -23.10240245
      1.53346865	    -21.58224856	    -23.01723756
      1.53366612	    -21.46798360	    -22.91353903
      1.53391180	    -21.32582205	    -22.78452362
      1.53421786	    -21.14871949	    -22.62379829
      1.53448415	    -20.99463162	    -22.48395941
      1.53471557	    -20.86072279	    -22.36243356
      1.53491269	    -20.74665860	    -22.25891724
      1.53508520	    -20.64683800	    -22.16832736
      1.53525771	    -20.54701739	    -22.07773749
      1.53543021	    -20.44719679	    -21.98714761
      1.53560272	    -20.34737618	    -21.89655773
      1.53577523	    -20.24755558	    -21.80596785
      1.53594774	    -20.14773498	    -21.71537798
      1.53612024	    -20.04791437	    -21.62478810
      1.53629275	    -19.94809377	    -21.53419822
      1.53652432	    -19.81409786	    -21.41259334
      1.53675589	    -19.68010194	    -21.29098845
      1.53706810	    -19.49944331	    -21.12703589
      1.53733185	    -19.34682579	    -20.98853139
      1.53753000	    -19.23216486	    -20.88447352
      1.53768033	    -19.14517907	    -20.80553158
      1.53776089	    -19.09856514	    -20.76322819
      1.53784144	    -19.05195121	    -20.72092480
      1.53796570	    -18.98005086	    -20.65567330
      1.53812457	    -18.88812130	    -20.57224476
      1.53828747	    -18.79385847	    -20.48669871
      1.53845037	    -18.69959565	    -20.40115267
      1.53861328	    -18.60533282	    -20.31560663
      1.53877618	    -18.51107000	    -20.23006058
      1.53893908	    -18.41680717	    -20.14451454
      1.53909060	    -18.32913087	    -20.06494594
      1.53918752	    -18.27305266	    -20.01405346
      1.53928443	    -18.21697444	    -19.96316097
      1.53940675	    -18.14619601	    -19.89892764
      1.53956657	    -18.05371183	    -19.81499577
      1.53976484	    -17.93898866	    -19.71088142
      1.54001261	    -17.79723292	    -19.58221896
      1.54026039	    -17.68567856	    -19.48067946
      1.54050817	    -17.57412419	    -19.37913995
      1.54072279	    -17.47750053	    -19.29119075
      1.54090407	    -17.39588363	    -19.21690105
      1.54106595	    -17.32300338	    -19.15056368
      1.54122782	    -17.25012314	    -19.08422630
      1.54138970	    -17.17724289	    -19.01788893
      1.54155158	    -17.10436265	    -18.95155155
      1.54171346	    -17.03148240	    -18.88521418
      1.54187533	    -16.95860216	    -18.81887680
      1.54203721	    -16.88572191	    -18.75253943
      1.54223246	    -16.79781678	    -18.67252603
      1.54242771	    -16.70991164	    -18.59251264
      1.54268980	    -16.59191646	    -18.48511055
      1.54295188	    -16.47392128	    -18.37770846
      1.54321396	    -16.35592611	    -18.27030637
      1.54339520	    -16.27433098	    -18.19603650
      1.54352955	    -16.21384330	    -18.14097914
      1.54361852	    -16.17378915	    -18.10452088
      1.54370748	    -16.13373500	    -18.06806261
      1.54384212	    -16.07312007	    -18.01288943
      1.54401426	    -15.99561717	    -17.94234440
      1.54416849	    -15.92618143	    -17.87914230
      1.54432272	    -15.85674569	    -17.81594019
      1.54447694	    -15.78730995	    -17.75273809
      1.54463117	    -15.71787420	    -17.68953598
      1.54482189	    -15.63200642	    -17.61137704
      1.54495099	    -15.57388486	    -17.55847338
      1.54504065	    -15.53351871	    -17.52173112
      1.54513031	    -15.49315256	    -17.48498887
      1.54526902	    -15.43070254	    -17.42814534
      1.54543926	    -15.35405791	    -17.35838153
      1.54565323	    -15.25772224	    -17.27069446
      1.54592174	    -15.13683374	    -17.16065880
      1.54619026	    -15.01594523	    -17.05062313
      1.54640460	    -14.91944513	    -16.96278638
      1.54658844	    -14.83667298	    -16.88744516
      1.54675022	    -14.76383968	    -16.82115051
      1.54691199	    -14.69100637	    -16.75485587
      1.54707376	    -14.61817307	    -16.68856122
      1.54723554	    -14.54533977	    -16.62226657
      1.54739731	    -14.47250647	    -16.55597193
      1.54755908	    -14.39967317	    -16.48967728
      1.54772086	    -14.32683987	    -16.42338264
      1.54788263	    -14.25400657	    -16.35708799
      1.54809817	    -14.15696719	    -16.26876039
      1.54831371	    -14.05992782	    -16.18043279
      1.54858958	    -13.93572674	    -16.06738193
      1.54886544	    -13.81152565	    -15.95433108
      1.54904390	    -13.73118211	    -15.88120044
      1.54917646	    -13.67149988	    -15.82687621
      1.54926276	    -13.63264707	    -15.79151144
      1.54934906	    -13.59379426	    -15.75614666
      1.54947981	    -13.53492922	    -15.70256627
      1.54964434	    -13.46085102	    -15.63513848
      1.54980888	    -13.38677281	    -15.56771070
      1.54997342	    -13.31269461	    -15.50028291
      1.55013796	    -13.25870420	    -15.45163741
      1.55030250	    -13.20858396	    -15.40661055
      1.55046704	    -13.15846372	    -15.36158369
      1.55059226	    -13.12031755	    -15.32731406
      1.55068358	    -13.09250242	    -15.30232559
      1.55077489	    -13.06468728	    -15.27733711
      1.55091403	    -13.02230409	    -15.23926104
      1.55108526	    -12.97014708	    -15.19240440
      1.55130124	    -12.90435455	    -15.13329792
      1.55157471	    -12.82105223	    -15.05846105
      1.55181996	    -12.74634847	    -14.99134893
      1.55202729	    -12.68319172	    -14.93461037
      1.55220553	    -12.62889874	    -14.88583482
      1.55235983	    -12.58189571	    -14.84360839
      1.55251414	    -12.53489268	    -14.80138196
      1.55266844	    -12.48788966	    -14.75915554
      1.55282275	    -12.44088663	    -14.71692911
      1.55297705	    -12.39388360	    -14.67470268
      1.55313136	    -12.34688057	    -14.63247625
      1.55328566	    -12.29987755	    -14.59024983
      1.55343997	    -12.25287452	    -14.54802340
      1.55365079	    -12.18865475	    -14.49032985
      1.55386162	    -12.12443497	    -14.43263629
      1.55413439	    -12.04134662	    -14.35799165
      1.55440716	    -11.95825828	    -14.28334701
      1.55458962	    -11.90267664	    -14.23341376
      1.55472622	    -11.86106768	    -14.19603324
      1.55479997	    -11.83860294	    -14.17585144
      1.55487372	    -11.81613819	    -14.15566963
      1.55499497	    -11.77920503	    -14.12248974
      1.55514413	    -11.73376781	    -14.08167000
      1.55530038	    -11.68617407	    -14.03891289
      1.55545662	    -11.63858033	    -13.99615578
      1.55561286	    -11.59098659	    -13.95339867
      1.55576911	    -11.54339286	    -13.91064156
      1.55592535	    -11.49579912	    -13.86788445
      1.55608160	    -11.44820538	    -13.82512734
      1.55618251	    -11.41746616	    -13.79751195
      1.55628342	    -11.38672695	    -13.76989655
      1.55638433	    -11.35598773	    -13.74228116
      1.55653874	    -11.30895359	    -13.70002677
      1.55672722	    -11.25154118	    -13.64844880
      1.55696606	    -11.17878868	    -13.58308964
      1.55720489	    -11.10603618	    -13.51773049
      1.55744373	    -11.03328368	    -13.45237134
      1.55764041	    -10.97337328	    -13.39854922
      1.55780626	    -10.92285210	    -13.35316217
      1.55795530	    -10.87745285	    -13.31237654
      1.55810434	    -10.83205360	    -13.27159090
      1.55825338	    -10.78665434	    -13.23080527
      1.55840242	    -10.74125509	    -13.19001963
      1.55855146	    -10.69585584	    -13.14923400
      1.55870050	    -10.65045658	    -13.10844837
      1.55884954	    -10.60505733	    -13.06766273
      1.55904081	    -10.54679464	    -13.01532089
      1.55923208	    -10.48853196	    -12.96297905
      1.55947918	    -10.41326341	    -12.89535953
      1.55972628	    -10.33799486	    -12.82774001
      1.55996397	    -10.26559202	    -12.76269499
      1.56014386	    -10.23078874	    -12.73382153
      1.56027642	    -10.20883279	    -12.71630193
      1.56036109	    -10.19480999	    -12.70511253
      1.56044576	    -10.18078719	    -12.69392313
      1.56057517	    -10.15935321	    -12.67682004
      1.56073889	    -10.13223783	    -12.65518350
      1.56090260	    -10.10512245	    -12.63354697
      1.56106632	    -10.07800707	    -12.61191043
      1.56123003	    -10.05089168	    -12.59027390
      1.56139375	    -10.02377630	    -12.56863737
      1.56155747	     -9.99666092	    -12.54700083
      1.56168351	     -9.97578536	    -12.53034332
      1.56177006	     -9.96144985	    -12.51890440
      1.56185662	     -9.94711434	    -12.50746548
      1.56199179	     -9.92472665	    -12.48960138
      1.56215818	     -9.89716766	    -12.46761086
      1.56236811	     -9.86239867	    -12.43986719
      1.56262977	     -9.81906146	    -12.40528656
      1.56289143	     -9.77572424	    -12.37070593
      1.56310466	     -9.74040788	    -12.34252547
      1.56328375	     -9.71074694	    -12.31885773
      1.56344068	     -9.68475533	    -12.29811790
      1.56359761	     -9.65876372	    -12.27737808
      1.56375454	     -9.63277212	    -12.25663825
      1.56391147	     -9.60678051	    -12.23589843
      1.56406840	     -9.58078890	    -12.21515860
      1.56422533	     -9.55479729	    -12.19441877
      1.56438227	     -9.52880568	    -12.17367895
      1.56453920	     -9.50281407	    -12.15293912
      1.56474716	     -9.46837105	    -12.12545555
      1.56495511	     -9.43392802	    -12.09797197
      1.56524088	     -9.38659767	    -12.06020504
      1.56549731	     -9.34412707	    -12.02631592
      1.56568820	     -9.31251171	    -12.00108865
      1.56583190	     -9.28871175	    -11.98209764
      1.56590702	     -9.27626956	    -11.97216948
      1.56598214	     -9.26382737	    -11.96224132
      1.56610016	     -9.24428132	    -11.94664468
      1.56624853	     -9.21970622	    -11.92703515
      1.56640716	     -9.19343440	    -11.90607173
      1.56656578	     -9.16716259	    -11.88510831
      1.56672440	     -9.14089077	    -11.86414490
      1.56688303	     -9.11461895	    -11.84318148
      1.56704165	     -9.08834714	    -11.82221806
      1.56720027	     -9.06207532	    -11.80125465
      1.56730331	     -9.04500917	    -11.78763683
      1.56740635	     -9.02794301	    -11.77401901
      1.56750940	     -9.01087686	    -11.76040119
      1.56766508	     -8.98509224	    -11.73982653
      1.56785521	     -8.95360189	    -11.71469902
      1.56809566	     -8.91377747	    -11.68292139
      1.56838808	     -8.86534590	    -11.64427576
      1.56861978	     -8.82696997	    -11.61365394
      1.56881622	     -8.79443512	    -11.58769298
      1.56898663	     -8.76621088	    -11.56517165
      1.56915704	     -8.73798665	    -11.54265031
      1.56932745	     -8.70976242	    -11.52012898
      1.56949786	     -8.68153818	    -11.49760765
      1.56966828	     -8.65331395	    -11.47508631
      1.56983869	     -8.62508972	    -11.45256498
      1.57000910	     -8.59790395	    -11.43125326
      1.57017951	     -8.58913211	    -11.43139021
      1.57039354	     -8.57811509	    -11.43156222
      1.57060757	     -8.56709807	    -11.43173423
      1.57089144	     -8.55248554	    -11.43196237
      1.57117532	     -8.53787301	    -11.43219051
      1.57136246	     -8.52824028	    -11.43234091
      1.57150407	     -8.52095066	    -11.43245472
      1.57158121	     -8.51698009	    -11.43251671
      1.57165835	     -8.51300951	    -11.43257870
      1.57178339	     -8.50657306	    -11.43267919
      1.57194098	     -8.49846102	    -11.43280585
      1.57209812	     -8.49037248	    -11.43293213
      1.57225526	     -8.48228395	    -11.43305842
      1.57241239	     -8.47419542	    -11.43318470
      1.57256953	     -8.46610688	    -11.43331099
      1.57272667	     -8.45801835	    -11.43343727
      1.57288380	     -8.44992982	    -11.43356356
      1.57297681	     -8.44514232	    -11.43363830
      1.57306982	     -8.44035483	    -11.43371305
      1.57318881	     -8.43422956	    -11.43380868
      1.57334461	     -8.42620969	    -11.43393389
      1.57353897	     -8.41620538	    -11.43409009
      1.57378443	     -8.40357029	    -11.43428736
      1.57409422	     -8.38762408	    -11.43453632
      1.57432784	     -8.37559855	    -11.43472408
      1.57452993	     -8.36519603	    -11.43488649
      1.57470815	     -8.35602236	    -11.43502972
      1.57488637	     -8.34684868	    -11.43517294
      1.57506458	     -8.33767501	    -11.43531617
      1.57524280	     -8.32850134	    -11.43545940
      1.57540105	     -8.32035580	    -11.43558657
      1.57555929	     -8.31221026	    -11.43571375
      1.57571753	     -8.30406471	    -11.43584092
      1.57587578	     -8.29591917	    -11.43596810
      1.57609027	     -8.28487844	    -11.43614047
      1.57630476	     -8.27383771	    -11.43631285
      1.57657872	     -8.25973559	    -11.43653302
      1.57685268	     -8.24563348	    -11.43675320
      1.57706825	     -8.23453720	    -11.43692644
      1.57723341	     -8.22603580	    -11.43705917
      1.57734478	     -8.22030315	    -11.43714868
      1.57745615	     -8.21457050	    -11.43723818
      1.57756751	     -8.20883786	    -11.43732768
      1.57773265	     -8.20033757	    -11.43746039
      1.57789778	     -8.19183729	    -11.43759311
      1.57806292	     -8.18333701	    -11.43772582
      1.57822806	     -8.17483673	    -11.43785853
      1.57839319	     -8.16633645	    -11.43799125
      1.57855833	     -8.15783617	    -11.43812396
      1.57869991	     -8.15054811	    -11.43823775
      1.57877933	     -8.14646002	    -11.43830157
      1.57885875	     -8.14237192	    -11.43836540
      1.57898333	     -8.13595910	    -11.43846552
      1.57913904	     -8.12794423	    -11.43859066
      1.57933440	     -8.11788802	    -11.43874766
      1.57958028	     -8.10523149	    -11.43894527
      1.57989507	     -8.08902786	    -11.43919825
      1.58014144	     -8.08745741	    -11.45545648
      1.58035759	     -8.09331112	    -11.48017185
      1.58054131	     -8.09828689	    -11.50118037
      1.58070411	     -8.10269601	    -11.51979645
      1.58086692	     -8.10710513	    -11.53841253
      1.58102972	     -8.11151425	    -11.55702861
      1.58119252	     -8.11592338	    -11.57564469
      1.58135532	     -8.12033250	    -11.59426077
      1.58151813	     -8.12474162	    -11.61287685
      1.58168093	     -8.12915075	    -11.63149293
      1.58188807	     -8.13476058	    -11.65517862
      1.58209520	     -8.14037042	    -11.67886432
      1.58236404	     -8.14765132	    -11.70960554
      1.58263288	     -8.15493222	    -11.74034677
      1.58288910	     -8.16187140	    -11.76964517
      1.58308534	     -8.16718601	    -11.79208436
      1.58323468	     -8.17123053	    -11.80916103
      1.58331787	     -8.17348339	    -11.81867301
      1.58340105	     -8.17573626	    -11.82818500
      1.58353356	     -8.17932509	    -11.84333768
      1.58370707	     -8.18402412	    -11.86317780
      1.58388058	     -8.18872316	    -11.88301793
      1.58405408	     -8.19342219	    -11.90285806
      1.58422759	     -8.19812122	    -11.92269819
      1.58440110	     -8.20282025	    -11.94253832
      1.58457461	     -8.20751929	    -11.96237844
      1.58469978	     -8.21090934	    -11.97669183
      1.58480919	     -8.21387234	    -11.98920212
      1.58491859	     -8.21683534	    -12.00171242
      1.58507473	     -8.22106401	    -12.01956663
      1.58526585	     -8.22624011	    -12.04142099
      1.58550510	     -8.23271948	    -12.06877802
      1.58580303	     -8.24078826	    -12.10284581
      1.58610096	     -8.24885704	    -12.13691360
      1.58632859	     -8.25502175	    -12.16294207
      1.58652263	     -8.26027712	    -12.18513115
      1.58669520	     -8.26495073	    -12.20486391
      1.58686777	     -8.26962433	    -12.22459667
      1.58704034	     -8.27429793	    -12.24432943
      1.58721291	     -8.27897154	    -12.26406219
      1.58738547	     -8.28364514	    -12.28379495
      1.58755804	     -8.28831874	    -12.30352771
      1.58773061	     -8.29299235	    -12.32326047
      1.58794196	     -8.29871619	    -12.34742752
      1.58815330	     -8.30444003	    -12.37159457
      1.58843282	     -8.31200999	    -12.40355626
      1.58871233	     -8.31957996	    -12.43551795
      1.58898102	     -8.32685675	    -12.46624182
      1.58918790	     -8.33245967	    -12.48989833
      1.58934782	     -8.33679078	    -12.50818501
      1.58943468	     -8.33914315	    -12.51811713
      1.58952154	     -8.34149552	    -12.52804926
      1.58965095	     -8.34500017	    -12.54284650
      1.58982647	     -8.34975378	    -12.56291706
      1.59000199	     -8.35458666	    -12.58316102
      1.59017751	     -8.36633130	    -12.61852435
      1.59035303	     -8.37807594	    -12.65388767
      1.59052856	     -8.38982058	    -12.68925100
      1.59070683	     -8.40174927	    -12.72516852
      1.59083543	     -8.41035435	    -12.75107858
      1.59094737	     -8.41784460	    -12.77363187
      1.59105931	     -8.42533486	    -12.79618516
      1.59121834	     -8.43597546	    -12.82822423
      1.59141226	     -8.44895142	    -12.86729507
      1.59165401	     -8.46512759	    -12.91600183
      1.59195691	     -8.48539530	    -12.97702828
      1.59225981	     -8.50566301	    -13.03805472
      1.59250120	     -8.52181541	    -13.08668990
      1.59270772	     -8.53563429	    -13.12829882
      1.59289255	     -8.54800132	    -13.16553616
      1.59307737	     -8.56036834	    -13.20277351
      1.59326219	     -8.57273537	    -13.24001085
      1.59344702	     -8.58510239	    -13.27724819
      1.59363184	     -8.59746942	    -13.31448554
      1.59381667	     -8.60983644	    -13.35172288
      1.59400149	     -8.62220347	    -13.38896023
      1.59418631	     -8.63457049	    -13.42619757
      1.59443745	     -8.65137469	    -13.47679533
      1.59468859	     -8.66817889	    -13.52739309
      1.59502203	     -8.69049053	    -13.59457385
      1.59529431	     -8.70870959	    -13.64943179
      1.59550477	     -8.72279163	    -13.69183308
      1.59566864	     -8.73375702	    -13.72485007
      1.59576007	     -8.73987461	    -13.74327025
      1.59585150	     -8.74599220	    -13.76169043
      1.59598654	     -8.75502816	    -13.78889787
      1.59617659	     -8.76774503	    -13.82718859
      1.59634100	     -8.77874586	    -13.86031229
      1.59650540	     -8.78974668	    -13.89343599
      1.59666981	     -8.80074751	    -13.92655968
      1.59683421	     -8.81174834	    -13.95968338
      1.59702417	     -8.82445905	    -13.99795558
      1.59715689	     -8.83333940	    -14.02469446
      1.59727055	     -8.84094485	    -14.04759463
      1.59738421	     -8.84855030	    -14.07049479
      1.59754536	     -8.85933279	    -14.10296105
      1.59774110	     -8.87243019	    -14.14239758
      1.59798411	     -8.88869070	    -14.19135826
      1.59829071	     -8.90920617	    -14.25313074
      1.59859731	     -8.92972165	    -14.31490322
      1.59885217	     -8.94677470	    -14.36625027
      1.59907203	     -8.96148612	    -14.41054663
      1.59926891	     -8.97465999	    -14.45021342
      1.59946579	     -8.98783387	    -14.48988020
      1.59966267	     -9.00100774	    -14.52954699
      1.59985955	     -9.01418162	    -14.56921378
      1.60005644	     -9.02760281	    -14.61214589
      1.60025332	     -9.04163947	    -14.66320424
      1.60045020	     -9.05567613	    -14.71426259
      1.60064708	     -9.06971279	    -14.76532094
      1.60091079	     -9.08851402	    -14.83371043
      1.60117450	     -9.10731526	    -14.90209991
      1.60150819	     -9.13110531	    -14.98863624
      1.60178002	     -9.15048550	    -15.05913166
      1.60199120	     -9.16554135	    -15.11389731
      1.60215631	     -9.17731325	    -15.15671761
      1.60224975	     -9.18397450	    -15.18094788
      1.60234318	     -9.19063574	    -15.20517816
      1.60248433	     -9.20069888	    -15.24178283
      1.60268857	     -9.21526073	    -15.29475155
      1.60285286	     -9.22697340	    -15.33735638
      1.60301714	     -9.23868606	    -15.37996120
      1.60318143	     -9.25039873	    -15.42256602
      1.60334571	     -9.26211139	    -15.46517084
      1.60352955	     -9.27521774	    -15.51284518
      1.60365346	     -9.28405221	    -15.54498054
      1.60377738	     -9.29288667	    -15.57711589
      1.60390129	     -9.30172113	    -15.60925125
      1.60407172	     -9.31387194	    -15.65344982
      1.60427832	     -9.32860136	    -15.70702810
      1.60453469	     -9.34687941	    -15.77351450
      1.60485978	     -9.37005634	    -15.85782056
      1.60518486	     -9.39323327	    -15.94212663
      1.60543188	     -9.41084428	    -16.00618669
      1.60564943	     -9.42635463	    -16.06260558
      1.60583805	     -9.43980225	    -16.11152131
      1.60602667	     -9.45324988	    -16.16043705
      1.60621529	     -9.46669750	    -16.20935278
      1.60640391	     -9.48014513	    -16.25826852
      1.60659253	     -9.49359276	    -16.30718426
      1.60678115	     -9.50704038	    -16.35609999
      1.60696977	     -9.52048801	    -16.40501573
      1.60719867	     -9.53680749	    -16.46437784
      1.60742758	     -9.55312697	    -16.52373996
      1.60772398	     -9.57425906	    -16.60060793
      1.60802038	     -9.59539115	    -16.67747591
      1.60830535	     -9.61570748	    -16.75137654
      1.60852566	     -9.63141486	    -16.80851214
      1.60869918	     -9.64378604	    -16.85351232
      1.60881385	     -9.65196085	    -16.88324819
      1.60892851	     -9.66013566	    -16.91298406
      1.60906876	     -9.67013493	    -16.94935639
      1.60925043	     -9.68308698	    -16.99646948
      1.60943210	     -9.69603903	    -17.04358256
      1.60961377	     -9.70899109	    -17.09069565
      1.60979544	     -9.72194314	    -17.13780874
      1.60997710	     -9.73489519	    -17.18492182
      1.61014172	     -9.74414581	    -17.23183769
      1.61023245	     -9.74902268	    -17.25807009
      1.61032317	     -9.75389956	    -17.28430248
      1.61045454	     -9.76096124	    -17.32228679
      1.61061937	     -9.76982196	    -17.36994798
      1.61082232	     -9.78073120	    -17.42862799
      1.61107254	     -9.79418186	    -17.50097820
      1.61138377	     -9.81091253	    -17.59097132
      1.61169501	     -9.82764320	    -17.68096444
      1.61195380	     -9.84155438	    -17.75579173
      1.61217403	     -9.85339268	    -17.81946914
      1.61236545	     -9.86368268	    -17.87481832
      1.61255687	     -9.87397267	    -17.93016749
      1.61274830	     -9.88426267	    -17.98551667
      1.61293972	     -9.89455266	    -18.04086585
      1.61313114	     -9.90484266	    -18.09621502
      1.61332257	     -9.91513265	    -18.15156420
      1.61351399	     -9.92542265	    -18.20691338
      1.61370541	     -9.93571264	    -18.26226256
      1.61395876	     -9.94933124	    -18.33551605
      1.61421210	     -9.96294984	    -18.40876955
      1.61455665	     -9.98147081	    -18.50839257
      1.61484156	     -9.99678658	    -18.59077508
      1.61506007	    -10.00853249	    -18.65395549
      1.61523156	    -10.01775088	    -18.70354060
      1.61534462	    -10.02382860	    -18.73623220
      1.61545769	    -10.02990631	    -18.76892381
      1.61559379	    -10.03722249	    -18.80827702
      1.61577830	    -10.04714101	    -18.86162806
      1.61594248	    -10.05596626	    -18.90909850
      1.61610665	    -10.06479152	    -18.95656895
      1.61627083	    -10.07361677	    -19.00403939
      1.61643500	    -10.08244203	    -19.05150983
      1.61662053	    -10.09241520	    -19.10515485
      1.61674606	    -10.09916302	    -19.14145090
      1.61687159	    -10.10591084	    -19.17774694
      1.61699712	    -10.11265866	    -19.21404299
      1.61716617	    -10.12174623	    -19.26292446
      1.61737178	    -10.13279860	    -19.32237437
      1.61762637	    -10.14648409	    -19.39598768
      1.61794246	    -10.16347571	    -19.48738441
      1.61825855	    -10.18046732	    -19.57878115
      1.61849639	    -10.19325258	    -19.64755220
      1.61870174	    -10.20429116	    -19.70692796
      1.61888607	    -10.21419972	    -19.76022538
      1.61907040	    -10.22410827	    -19.81352280
      1.61925473	    -10.23401682	    -19.86682022
      1.61943905	    -10.24392537	    -19.92011763
      1.61962338	    -10.25383392	    -19.97341505
      1.61980771	    -10.26374247	    -20.02671247
      1.61999204	    -10.27365103	    -20.08000989
      1.62021340	    -10.27792428	    -20.14521493
      1.62043477	    -10.28191293	    -20.21046467
      1.62073305	    -10.28728752	    -20.29838666
      1.62103134	    -10.29266210	    -20.38630865
      1.62129000	    -10.29732276	    -20.46255163
      1.62148822	    -10.30089438	    -20.52097915
      1.62164022	    -10.30363314	    -20.56578211
      1.62172724	    -10.30520111	    -20.59143236
      1.62181426	    -10.30676909	    -20.61708260
      1.62195262	    -10.30926217	    -20.65786662
      1.62214058	    -10.31264884	    -20.71326857
      1.62230140	    -10.31554655	    -20.76067176
      1.62246222	    -10.31844426	    -20.80807496
      1.62262304	    -10.32134197	    -20.85547815
      1.62278386	    -10.32423968	    -20.90288134
      1.62296651	    -10.32753073	    -20.95671906
      1.62309524	    -10.32985025	    -20.99466374
      1.62320786	    -10.33187960	    -21.02786161
      1.62332049	    -10.33390896	    -21.06105949
      1.62347958	    -10.33677555	    -21.10795363
      1.62367297	    -10.34026002	    -21.16495557
      1.62391310	    -10.34458679	    -21.23573648
      1.62421467	    -10.35002055	    -21.32462646
      1.62451624	    -10.35545430	    -21.41351644
      1.62474513	    -10.35957857	    -21.48098471
      1.62494519	    -10.36318333	    -21.53995429
      1.62512460	    -10.36641612	    -21.59283908
      1.62530402	    -10.36964892	    -21.64572387
      1.62548344	    -10.37288171	    -21.69860866
      1.62566285	    -10.37611451	    -21.75149345
      1.62584227	    -10.37934730	    -21.80437824
      1.62602169	    -10.38258010	    -21.85726303
      1.62620110	    -10.38581289	    -21.91014782
      1.62638052	    -10.38904569	    -21.96303261
      1.62662563	    -10.39346223	    -22.03528209
      1.62687075	    -10.39787877	    -22.10753157
      1.62717641	    -10.40338633	    -22.19762897
      1.62742120	    -10.40779709	    -22.26978384
      1.62760872	    -10.41117587	    -22.32505674
      1.62774965	    -10.41371513	    -22.36659619
      1.62783339	    -10.41522403	    -22.39127999
      1.62791713	    -10.41673292	    -22.41596378
      1.62805217	    -10.41916607	    -22.45576714
      1.62822779	    -10.42233045	    -22.50753288
      1.62838471	    -10.42515789	    -22.55378648
      1.62854163	    -10.42798533	    -22.60004007
      1.62869855	    -10.43081276	    -22.64629366
      1.62885547	    -10.43364020	    -22.69254726
      1.62905227	    -10.43718619	    -22.75055556
      1.62917722	    -10.43943769	    -22.78738749
      1.62928342	    -10.44135112	    -22.81868895
      1.62938961	    -10.44326455	    -22.84999040
      1.62954184	    -10.44600741	    -22.89486050
      1.62972772	    -10.44935680	    -22.94965266
      1.62995998	    -10.45354164	    -23.01811181
      1.63025469	    -10.44699470	    -23.10178107
      1.63051087	    -10.43968438	    -23.17407116
      1.63072825	    -10.43348107	    -23.23541420
      1.63091802	    -10.42806587	    -23.28896389
      1.63107916	    -10.42346743	    -23.33443672
      1.63124030	    -10.41886900	    -23.37990955
      1.63140144	    -10.41427057	    -23.42538237
      1.63156259	    -10.40967213	    -23.47085520
      1.63172373	    -10.40507370	    -23.51632802
      1.63188487	    -10.40047527	    -23.56180085
      1.63204601	    -10.39587683	    -23.60727368
      1.63220716	    -10.39127840	    -23.65274650
      1.63242917	    -10.38494295	    -23.71539631
      1.63265118	    -10.37860749	    -23.77804612
      1.63293495	    -10.37050988	    -23.85812155
      1.63318930	    -10.36325159	    -23.92989707
      1.63337806	    -10.35786486	    -23.98316510
      1.63352050	    -10.35380034	    -24.02335820
      1.63359562	    -10.35165660	    -24.04455717
      1.63367074	    -10.34951286	    -24.06575613
      1.63378833	    -10.34615746	    -24.09893689
      1.63393626	    -10.34193599	    -24.14068199
      1.63409362	    -10.33744552	    -24.18508715
      1.63425098	    -10.33295506	    -24.22949231
      1.63440834	    -10.32846459	    -24.27389746
      1.63456570	    -10.32397413	    -24.31830262
      1.63472305	    -10.31948366	    -24.36270778
      1.63488041	    -10.31499320	    -24.40711293
      1.63497238	    -10.31236883	    -24.43306472
      1.63506434	    -10.30974446	    -24.45901651
      1.63518113	    -10.30641182	    -24.49197214
      1.63533389	    -10.30205250	    -24.53508048
      1.63552389	    -10.29663055	    -24.58869680
      1.63576253	    -10.28982077	    -24.65603719
      1.63605162	    -10.28157115	    -24.73761568
      1.63627473	    -10.27520439	    -24.80057513
      1.63646732	    -10.26970854	    -24.85492222
      1.63662866	    -10.26510452	    -24.90045029
      1.63679000	    -10.26050051	    -24.94597835
      1.63695133	    -10.25589649	    -24.99150642
      1.63711267	    -10.25129247	    -25.03703448
      1.63725787	    -10.24714896	    -25.07800862
      1.63740307	    -10.24300546	    -25.11898276
      1.63754827	    -10.23886195	    -25.15995690
      1.63769347	    -10.23471845	    -25.20093104
      1.63788641	    -10.22921282	    -25.25537487
      1.63807934	    -10.22370720	    -25.30981871
      1.63833376	    -10.21644714	    -25.38161177
      1.63858817	    -10.20918707	    -25.45340482
      1.63879810	    -10.20319643	    -25.51264483
      1.63895585	    -10.19869473	    -25.55716108
      1.63906428	    -10.19560062	    -25.58775808
      1.63917270	    -10.19250650	    -25.61835508
      1.63928113	    -10.18941238	    -25.64895208
      1.63942511	    -10.18530372	    -25.68958165
      1.63957709	    -10.18096689	    -25.73246756
      1.63972906	    -10.17663006	    -25.77535346
      1.63988104	    -10.17229323	    -25.81823936
      1.64003301	    -10.16643220	    -25.86033896
      1.64018499	    -10.15507858	    -25.89960507
      1.64033696	    -10.14372496	    -25.93887118
      1.64043466	    -10.13642654	    -25.96411252
      1.64053235	    -10.12912812	    -25.98935386
      1.64063004	    -10.12182969	    -26.01459520
      1.64077916	    -10.11068935	    -26.05312370
      1.64096100	    -10.09710489	    -26.10010508
      1.64118973	    -10.08001727	    -26.15920204
      1.64141846	    -10.06292964	    -26.21829900
      1.64164719	    -10.04584202	    -26.27739596
      1.64182843	    -10.03230198	    -26.32422371
      1.64198320	    -10.02073916	    -26.36421335
      1.64213798	    -10.00917633	    -26.40420299
      1.64229275	     -9.99761350	    -26.44419262
      1.64244753	     -9.98605068	    -26.48418226
      1.64260231	     -9.97448785	    -26.52417189
      1.64275708	     -9.96292503	    -26.56416153
      1.64291186	     -9.95136220	    -26.60415117
      1.64306663	     -9.93979937	    -26.64414080
      1.64325545	     -9.92569369	    -26.69292481
      1.64344426	     -9.91158801	    -26.74170881
      1.64369953	     -9.89251754	    -26.80766341
      1.64395480	     -9.87344706	    -26.87361801
      1.64412970	     -9.86038106	    -26.91880631
      1.64426014	     -9.85063590	    -26.95250962
      1.64432691	     -9.84564776	    -26.96976092
      1.64439368	     -9.84065962	    -26.98701222
      1.64450234	     -9.83254199	    -27.01508676
      1.64463464	     -9.82265844	    -27.04926870
      1.64478607	     -9.81134519	    -27.08839519
      1.64493751	     -9.80003194	    -27.12752167
      1.64508894	     -9.78871869	    -27.16664815
      1.64524038	     -9.77740544	    -27.20577463
      1.64539181	     -9.76609219	    -27.24490111
      1.64554325	     -9.75477894	    -27.28402760
      1.64564464	     -9.74720393	    -27.31022550
      1.64574604	     -9.73962893	    -27.33642340
      1.64584743	     -9.73205392	    -27.36262130
      1.64599293	     -9.72118463	    -27.40021235
      1.64617276	     -9.70774964	    -27.44667682
      1.64640023	     -9.69075589	    -27.50544910
      1.64662770	     -9.67376215	    -27.56422138
      1.64683168	     -9.65852342	    -27.61692401
      1.64700131	     -9.64585158	    -27.66074914
      1.64715018	     -9.63472930	    -27.69921516
      1.64729906	     -9.62360702	    -27.73768117
      1.64744794	     -9.61248474	    -27.77614719
      1.64759682	     -9.60136246	    -27.81461320
      1.64774570	     -9.59024019	    -27.85307922
      1.64789458	     -9.57911791	    -27.89154523
      1.64804346	     -9.56799563	    -27.93001124
      1.64819233	     -9.55687335	    -27.96847726
      1.64837993	     -9.54285864	    -28.01694667
      1.64856752	     -9.52884392	    -28.06541609
      1.64880768	     -9.51090280	    -28.12746482
      1.64904783	     -9.49296169	    -28.18951356
      1.64921174	     -9.48071632	    -28.23186374
      1.64933159	     -9.47176320	    -28.26282778
      1.64940938	     -9.46595127	    -28.28292815
      1.64948718	     -9.46013934	    -28.30302852
      1.64960318	     -9.45147305	    -28.33300058
      1.64974447	     -9.44091770	    -28.36950590
      1.64988576	     -9.43036235	    -28.40601122
      1.65002705	     -9.41871714	    -28.44174124
      1.65016834	     -9.40246946	    -28.47419721
      1.65030963	     -9.38622178	    -28.50665317
      1.65045092	     -9.36997410	    -28.53910913
      1.65059221	     -9.35372642	    -28.57156509
      1.65068551	     -9.34299785	    -28.59299620
      1.65077880	     -9.33226929	    -28.61442732
      1.65087210	     -9.32154073	    -28.63585843
      1.65101452	     -9.30516267	    -28.66857482
      1.65118951	     -9.28503982	    -28.70877173
      1.65141370	     -9.25925903	    -28.76027080
      1.65164734	     -9.23239113	    -28.81394143
      1.65183959	     -9.21028345	    -28.85810318
      1.65200538	     -9.19121876	    -28.89618634
      1.65215396	     -9.17413243	    -28.93031755
      1.65230254	     -9.15704611	    -28.96444877
      1.65245113	     -9.13995978	    -28.99857998
      1.65259971	     -9.12287346	    -29.03271120
      1.65272795	     -9.10812632	    -29.06216972
      1.65285619	     -9.09337918	    -29.09162824
      1.65298443	     -9.07863204	    -29.12108675
      1.65311267	     -9.06388490	    -29.15054527
      1.65329082	     -9.04339852	    -29.19146836
      1.65346897	     -9.02291214	    -29.23239144
      1.65369403	     -8.99703190	    -29.28408916
      1.65391908	     -8.97115166	    -29.33578688
      1.65410128	     -8.95019947	    -29.37764045
      1.65423616	     -8.93468913	    -29.40862353
      1.65431184	     -8.92598663	    -29.42600742
      1.65438751	     -8.91728413	    -29.44339131
      1.65448789	     -8.90574165	    -29.46644828
      1.65461423	     -8.89121322	    -29.49546992
      1.65477101	     -8.87318351	    -29.53148561
      1.65490471	     -8.85780862	    -29.56219812
      1.65503841	     -8.84243372	    -29.59291064
      1.65517211	     -8.82705882	    -29.62362315
      1.65530581	     -8.81168392	    -29.65433567
      1.65544970	     -8.79513796	    -29.68738746
      1.65556697	     -8.78165221	    -29.71432626
      1.65563178	     -8.77419893	    -29.72921475
      1.65569660	     -8.76674564	    -29.74410324
      1.65580776	     -8.75396219	    -29.76963914
      1.65594574	     -8.73809567	    -29.80133371
      1.65612179	     -8.71785036	    -29.84177525
      1.65634757	     -8.69188658	    -29.89363984
      1.65657335	     -8.66592280	    -29.94550443
      1.65676496	     -8.64388882	    -29.98951897
      1.65693148	     -8.62473977	    -30.02777063
      1.65706932	     -8.60888906	    -30.05943362
      1.65720716	     -8.59303834	    -30.09109661
      1.65734499	     -8.57718763	    -30.12275960
      1.65748283	     -8.56133692	    -30.15442259
      1.65762067	     -8.54548620	    -30.18608558
      1.65775851	     -8.52963549	    -30.21774857
      1.65789635	     -8.51378478	    -30.24941156
      1.65803418	     -8.49793406	    -30.28107455
      1.65821443	     -8.47720655	    -30.32247931
      1.65839468	     -8.45647904	    -30.36388407
      1.65862894	     -8.42953977	    -30.41769727
      1.65886320	     -8.40260051	    -30.47151048
      1.65903484	     -8.38286268	    -30.51093827
      1.65916220	     -8.36821737	    -30.54019338
      1.65922571	     -8.36091431	    -30.55478178
      1.65928922	     -8.35361126	    -30.56937018
      1.65939247	     -8.34173694	    -30.59309003
      1.65951808	     -8.32729318	    -30.62194251
      1.65967531	     -8.30921194	    -30.65806114
      1.65980899	     -8.29384002	    -30.68876771
      1.65994266	     -8.27846810	    -30.71947428
      1.66007633	     -8.26068082	    -30.74801436
      1.66021001	     -8.24107921	    -30.77492706
      1.66035384	     -8.21998765	    -30.80388544
      1.66047087	     -8.20282679	    -30.82744704
      1.66053586	     -8.19329677	    -30.84053161
      1.66060085	     -8.18376675	    -30.85361618
      1.66071238	     -8.16741269	    -30.87607006
      1.66085067	     -8.14713490	    -30.90391114
      1.66102693	     -8.12128871	    -30.93939755
      1.66125001	     -8.08857690	    -30.98431036
      1.66147309	     -8.05586509	    -31.02922317
      1.66167078	     -8.02687579	    -31.06902503
      1.66183419	     -8.00291467	    -31.10192327
      1.66197356	     -7.98247753	    -31.12998316
      1.66211293	     -7.96204038	    -31.15804304
      1.66225230	     -7.94160324	    -31.18610292
      1.66239168	     -7.92116609	    -31.21416280
      1.66253105	     -7.90072895	    -31.24222268
      1.66267042	     -7.88029180	    -31.27028257
      1.66280979	     -7.85985466	    -31.29834245
      1.66294916	     -7.83941751	    -31.32640233
      1.66312505	     -7.81362593	    -31.36181378
      1.66330094	     -7.78783434	    -31.39722523
      1.66353963	     -7.75283273	    -31.44528189
      1.66377833	     -7.71783112	    -31.49333856
      1.66396101	     -7.69104404	    -31.53011681
      1.66409816	     -7.67093199	    -31.55773034
      1.66417683	     -7.65939586	    -31.57356927
      1.66425550	     -7.64785972	    -31.58940820
      1.66435834	     -7.63277956	    -31.61011303
      1.66449003	     -7.61346912	    -31.63662596
      1.66463592	     -7.59207733	    -31.66599656
      1.66478180	     -7.57068553	    -31.69536717
      1.66492768	     -7.54929374	    -31.72473777
      1.66507356	     -7.52790194	    -31.75410837
      1.66521945	     -7.50651015	    -31.78347897
      1.66536533	     -7.48511835	    -31.81284958
      1.66546799	     -7.47006386	    -31.83351916
      1.66557066	     -7.45500936	    -31.85418875
      1.66567332	     -7.43995487	    -31.87485833
      1.66581539	     -7.41912212	    -31.90346137
      1.66599237	     -7.39317027	    -31.93909286
      1.66621575	     -7.36041519	    -31.98406508
      1.66643912	     -7.32766010	    -32.02903731
      1.66666250	     -7.29490501	    -32.07400953
      1.66683079	     -7.27022757	    -32.10789128
      1.66697852	     -7.24856404	    -32.13763496
      1.66712626	     -7.22690052	    -32.16737865
      1.66727400	     -7.20523699	    -32.19712234
      1.66742173	     -7.18357346	    -32.22686602
      1.66756947	     -7.16190993	    -32.25660971
      1.66771720	     -7.14024641	    -32.28635339
      1.66786494	     -7.11858288	    -32.31609708
      1.66801267	     -7.09691935	    -32.34584076
      1.66819924	     -7.06956155	    -32.38340260
      1.66838581	     -7.04220375	    -32.42096444
      1.66863406	     -7.00580067	    -32.47094530
      1.66888232	     -6.96939760	    -32.52092615
      1.66906471	     -6.94265132	    -32.55764837
      1.66920286	     -6.92239345	    -32.58546212
      1.66927633	     -6.91162035	    -32.60025342
      1.66934980	     -6.90084725	    -32.61504472
      1.66945628	     -6.88523347	    -32.63648219
      1.66959220	     -6.86530163	    -32.66384830
      1.66974078	     -6.84351421	    -32.69376209
      1.66988937	     -6.82172679	    -32.72367588
      1.67003795	     -6.79905180	    -32.75264647
      1.67018653	     -6.77378905	    -32.77886707
      1.67033511	     -6.74852630	    -32.80508767
      1.67048369	     -6.72326355	    -32.83130827
      1.67058361	     -6.70627329	    -32.84894272
      1.67068354	     -6.68928303	    -32.86657717
      1.67078347	     -6.67229277	    -32.88421162
      1.67092870	     -6.64759871	    -32.90984196
      1.67110746	     -6.61720609	    -32.94138693
      1.67133437	     -6.57862514	    -32.98143070
      1.67161665	     -6.53062898	    -33.03124665
      1.67182929	     -6.49447468	    -33.06877175
      1.67201218	     -6.46337784	    -33.10104764
      1.67217361	     -6.43592985	    -33.12953633
      1.67233505	     -6.40848186	    -33.15802502
      1.67249648	     -6.38103387	    -33.18651371
      1.67265791	     -6.35358588	    -33.21500240
      1.67280154	     -6.32916475	    -33.24034947
      1.67294517	     -6.30474361	    -33.26569655
      1.67308881	     -6.28032247	    -33.29104363
      1.67323244	     -6.25590133	    -33.31639070
      1.67342680	     -6.22285503	    -33.35068997
      1.67362115	     -6.18980873	    -33.38498923
      1.67387057	     -6.14740093	    -33.42900494
      1.67411999	     -6.10499312	    -33.47302065
      1.67433180	     -6.06897887	    -33.51040039
      1.67449395	     -6.04140943	    -33.53901514
      1.67460982	     -6.02170846	    -33.55946308
      1.67472569	     -6.00200748	    -33.57991103
      1.67484156	     -5.98230651	    -33.60035897
      1.67500010	     -5.95535048	    -33.62833705
      1.67515864	     -5.92839445	    -33.65631513
      1.67531718	     -5.90143842	    -33.68429320
      1.67547572	     -5.87448239	    -33.71227128
      1.67563426	     -5.84752636	    -33.74024936
      1.67579280	     -5.82057033	    -33.76822744
      1.67591439	     -5.79989645	    -33.78968518
      1.67600383	     -5.78468840	    -33.80546985
      1.67609328	     -5.76948034	    -33.82125452
      1.67622808	     -5.74656014	    -33.84504375
      1.67639324	     -5.71847776	    -33.87419088
      1.67660059	     -5.68322312	    -33.91078222
      1.67686519	     -5.63823494	    -33.95747614
      1.67712978	     -5.59324677	    -34.00417006
      1.67735140	     -5.55556558	    -34.04327994
      1.67754559	     -5.52254798	    -34.07754942
      1.67771184	     -5.49428072	    -34.10688844
      1.67787809	     -5.46601347	    -34.13622746
      1.67804434	     -5.43774621	    -34.16556648
      1.67821059	     -5.40947896	    -34.19490549
      1.67837684	     -5.38121171	    -34.22424451
      1.67854310	     -5.35294445	    -34.25358353
      1.67870935	     -5.32467720	    -34.28292255
      1.67887560	     -5.29640994	    -34.31226157
      1.67909787	     -5.25861722	    -34.35148722
      1.67932015	     -5.22082450	    -34.39071286
      1.67960541	     -5.17232143	    -34.44105494
      1.67989068	     -5.12381836	    -34.49139703
      1.68009232	     -5.08747055	    -34.52510511
      1.68025131	     -5.05688575	    -34.54993050
      1.68035576	     -5.03679131	    -34.56624097
      1.68046021	     -5.01669687	    -34.58255144
      1.68058725	     -4.99225884	    -34.60238755
      1.68075589	     -4.95981536	    -34.62872162
      1.68090760	     -4.93062934	    -34.65241164
      1.68105932	     -4.90144331	    -34.67610166
      1.68121103	     -4.87225729	    -34.69979167
      1.68136274	     -4.84307127	    -34.72348169
      1.68153323	     -4.81027349	    -34.75010334
      1.68165378	     -4.78708274	    -34.76892705
      1.68176115	     -4.76642710	    -34.78569304
      1.68186852	     -4.74577145	    -34.80245903
      1.68201957	     -4.71671325	    -34.82604530
      1.68220329	     -4.68137061	    -34.85473259
      1.68243172	     -4.63742516	    -34.89040269
      1.68271830	     -4.58229459	    -34.93515165
      1.68300487	     -4.52716403	    -34.97990060
      1.68325125	     -4.47976691	    -35.01837240
      1.68345854	     -4.43988922	    -35.05074074
      1.68363832	     -4.40530428	    -35.07881301
      1.68381809	     -4.37071934	    -35.10688528
      1.68399787	     -4.33613440	    -35.13495755
      1.68417765	     -4.30154945	    -35.16302982
      1.68435743	     -4.26696451	    -35.19110209
      1.68453720	     -4.23237957	    -35.21917436
      1.68471698	     -4.19779463	    -35.24724663
      1.68489676	     -4.16320969	    -35.27531890
      1.68513497	     -4.11738387	    -35.31251528
      1.68537318	     -4.07155805	    -35.34971166
      1.68569757	     -4.00915316	    -35.40036512
      1.68602195	     -3.94674827	    -35.45101857
      1.68624784	     -3.90329296	    -35.48629084
      1.68643144	     -3.86797301	    -35.51495971
      1.68657271	     -3.84079553	    -35.53701941
      1.68671398	     -3.81361806	    -35.55907911
      1.68685526	     -3.78644058	    -35.58113881
      1.68701702	     -3.75532206	    -35.60639741
      1.68717877	     -3.72420355	    -35.63165602
      1.68734053	     -3.69308503	    -35.65691462
      1.68750229	     -3.66196651	    -35.68217323
      1.68766405	     -3.63084799	    -35.70743184
      1.68781795	     -3.60124046	    -35.73146399
      1.68790790	     -3.58393624	    -35.74550966
      1.68799785	     -3.56663203	    -35.75955533
      1.68813638	     -3.53998196	    -35.78118693
      1.68830311	     -3.50790798	    -35.80722108
      1.68850678	     -3.46872607	    -35.83902466
      1.68875650	     -3.42068551	    -35.87801873
      1.68906815	     -3.36073102	    -35.92668322
      1.68937981	     -3.30077653	    -35.97534771
      1.68965806	     -3.24724784	    -36.01879645
      1.68989152	     -3.20233448	    -36.05525219
      1.69009729	     -3.16188983	    -36.08584085
      1.69030306	     -3.12048738	    -36.11470955
      1.69050884	     -3.07908494	    -36.14357825
      1.69071461	     -3.03768250	    -36.17244694
      1.69092038	     -2.99628006	    -36.20131564
      1.69112615	     -2.95487761	    -36.23018434
      1.69133192	     -2.91347517	    -36.25905304
      1.69153769	     -2.87207273	    -36.28792173
      1.69181040	     -2.81720266	    -36.32618101
      1.69208311	     -2.76233259	    -36.36444028
      1.69245008	     -2.68849540	    -36.41592477
      1.69276459	     -2.62521339	    -36.46004944
      1.69301326	     -2.57518007	    -36.49493619
      1.69321986	     -2.53361086	    -36.52392118
      1.69339399	     -2.49857486	    -36.54835074
      1.69354952	     -2.46728209	    -36.57017026
      1.69370504	     -2.43598932	    -36.59198978
      1.69386057	     -2.40469655	    -36.61380931
      1.69401610	     -2.37340377	    -36.63562883
      1.69417162	     -2.34211100	    -36.65744835
      1.69432715	     -2.31081823	    -36.67926787
      1.69448268	     -2.27952546	    -36.70108740
      1.69462649	     -2.25058932	    -36.72126371
      1.69477030	     -2.22165319	    -36.74144002
      1.69491412	     -2.19271705	    -36.76161633
      1.69508960	     -2.15740960	    -36.78623517
      1.69526508	     -2.12210215	    -36.81085401
      1.69551467	     -2.07188249	    -36.84587070
      1.69581429	     -2.01159744	    -36.88790567
      1.69619200	     -1.93559872	    -36.94089733
      1.69652535	     -1.86852808	    -36.98766370
      1.69680267	     -1.81272851	    -37.02657109
      1.69704559	     -1.76385203	    -37.06065121
      1.69728851	     -1.71497556	    -37.09473132
      1.69749831	     -1.67276254	    -37.12416522
      1.69770811	     -1.63054952	    -37.15359911
      1.69791791	     -1.58833649	    -37.18303300
      1.69812771	     -1.54612347	    -37.21246689
      1.69833751	     -1.50391045	    -37.24190078
      1.69854731	     -1.46169742	    -37.27133467
      1.69881675	     -1.40748567	    -37.30913492
      1.69908618	     -1.35327392	    -37.34693517
      1.69944157	     -1.28176793	    -37.39679418
      1.69979695	     -1.21026194	    -37.44665319
      1.70011529	     -1.14587708	    -37.48974072
      1.70037087	     -1.09371037	    -37.52211093
      1.70058961	     -1.04906194	    -37.54981594
      1.70080836	     -1.00441351	    -37.57752095
      1.70094453	     -0.97661918	    -37.59476774
      1.70108071	     -0.94882485	    -37.61201453
      1.70121688	     -0.92103051	    -37.62926133
      1.70135306	     -0.89323618	    -37.64650812
      1.70148923	     -0.86544185	    -37.66375491
      1.70162540	     -0.83764752	    -37.68100171
      1.70179528	     -0.80297479	    -37.70251665
      1.70193505	     -0.77444464	    -37.72022003
      1.70207483	     -0.74591449	    -37.73792341
      1.70221461	     -0.71738434	    -37.75562678
      1.70240141	     -0.67925729	    -37.77928518
      1.70258820	     -0.64113025	    -37.80294357
      1.70284062	     -0.58960984	    -37.83491275
      1.70309303	     -0.53808942	    -37.86688192
      1.70346192	     -0.46279676	    -37.91360213
      1.70383080	     -0.38750410	    -37.96032234
      1.70414260	     -0.32386319	    -37.99981246
      1.70441063	     -0.26915523	    -38.03375955
      1.70464269	     -0.22179046	    -38.06315010
      1.70487474	     -0.17442569	    -38.09254064
      1.70510680	     -0.12706091	    -38.12193118
      1.70533885	     -0.07969614	    -38.15132172
      1.70557091	     -0.03233137	    -38.18071226
      1.70580296	      0.01503341	    -38.21010280
      1.70603502	      0.06239818	    -38.23949334
      1.70626707	      0.10976296	    -38.26888388
      1.70657507	      0.17262844	    -38.30789284
      1.70688307	      0.23549392	    -38.34690180
      1.70728226	      0.31697162	    -38.39745991
      1.70761459	      0.38480337	    -38.43955051
      1.70787950	      0.43887544	    -38.47310303
      1.70810408	      0.48471327	    -38.50154608
      1.70832865	      0.53055110	    -38.52998913
      1.70847692	      0.56081416	    -38.54876781
      1.70862539	      0.59111919	    -38.56757252
      1.70877387	      0.62142422	    -38.58637724
      1.70892234	      0.65172924	    -38.60518196
      1.70907082	      0.68203427	    -38.62398667
      1.70921929	      0.71233930	    -38.64279139
      1.70936777	      0.74264432	    -38.66159610
      1.70949240	      0.76808389	    -38.67738173
      1.70961704	      0.79352346	    -38.69316736
      1.70978047	      0.82688141	    -38.71386646
      1.70994390	      0.86023936	    -38.73456556
      1.71016222	      0.90437206	    -38.75994208
      1.71038054	      0.94835677	    -38.78453220
      1.71068443	      1.00958311	    -38.81876143
      1.71104939	      1.08311158	    -38.85986831
      1.71141434	      1.15664005	    -38.90097518
      1.71170596	      1.21539318	    -38.93382174
      1.71195416	      1.26539802	    -38.96177748
      1.71217245	      1.30937777	    -38.98636483
      1.71239075	      1.35335751	    -39.01095217
      1.71260904	      1.39733726	    -39.03553951
      1.71282733	      1.44131700	    -39.06012686
      1.71304562	      1.48529675	    -39.08471420
      1.71326392	      1.52927649	    -39.10930155
      1.71348221	      1.57325624	    -39.13388889
      1.71370050	      1.61723598	    -39.15847623
      1.71399567	      1.67670347	    -39.19172216
      1.71429083	      1.73617096	    -39.22496809
      1.71468783	      1.81615433	    -39.26968365
      1.71498802	      1.87663483	    -39.30349592
      1.71522895	      1.92517532	    -39.33063300
      1.71543061	      1.96580513	    -39.35334752
      1.71560356	      2.00064886	    -39.37282728
      1.71577651	      2.03549260	    -39.39230704
      1.71594945	      2.07033633	    -39.41178680
      1.71610174	      2.10101882	    -39.42894017
      1.71625404	      2.13170131	    -39.44609354
      1.71640633	      2.16238380	    -39.46324692
      1.71655862	      2.19306630	    -39.48040029
      1.71674388	      2.23039045	    -39.50126676
      1.71686851	      2.25549979	    -39.51530440
      1.71699314	      2.28060913	    -39.52934204
      1.71716004	      2.31423557	    -39.54814126
      1.71732694	      2.34786200	    -39.56694048
      1.71755628	      2.39406773	    -39.59277228
      1.71778563	      2.44027347	    -39.61860409
      1.71811600	      2.50683496	    -39.65581600
      1.71844638	      2.57339645	    -39.69302791
      1.71872412	      2.62935440	    -39.72431179
      1.71895827	      2.67652752	    -39.75068442
      1.71916451	      2.71807987	    -39.77391471
      1.71937075	      2.75963223	    -39.79714500
      1.71957700	      2.80118459	    -39.82037529
      1.71978324	      2.84273695	    -39.84360557
      1.71998949	      2.88428931	    -39.86683586
      1.72019573	      2.92420750	    -39.88673453
      1.72040197	      2.96403791	    -39.90645424
      1.72060822	      3.00386832	    -39.92617395
      1.72087748	      3.05586802	    -39.95191857
      1.72114673	      3.10786772	    -39.97766320
      1.72149025	      3.17420861	    -40.01050803
      1.72176275	      3.22683522	    -40.03656303
      1.72197759	      3.26832526	    -40.05710441
      1.72215260	      3.30212388	    -40.07383782
      1.72228906	      3.32847612	    -40.08688460
      1.72242551	      3.35482836	    -40.09993138
      1.72256196	      3.38118061	    -40.11297816
      1.72271493	      3.41072228	    -40.12760400
      1.72286790	      3.44026395	    -40.14222983
      1.72302087	      3.46980562	    -40.15685567
      1.72317384	      3.49934729	    -40.17148151
      1.72332680	      3.52888897	    -40.18610735
      1.72346314	      3.55521912	    -40.19914319
      1.72357524	      3.57686789	    -40.20986132
      1.72368734	      3.59851667	    -40.22057945
      1.72384093	      3.62817930	    -40.23526518
      1.72399453	      3.65784194	    -40.24995090
      1.72421326	      3.70008371	    -40.27086446
      1.72443199	      3.74232548	    -40.29177801
      1.72475472	      3.80465274	    -40.32263572
      1.72502905	      3.85763093	    -40.34886479
      1.72525836	      3.90191725	    -40.37079059
      1.72545732	      3.94034064	    -40.38981369
      1.72563058	      3.97380134	    -40.40637980
      1.72580385	      4.00726203	    -40.42294592
      1.72597711	      4.04072272	    -40.43951203
      1.72615037	      4.07418342	    -40.45607815
      1.72632363	      4.10764411	    -40.47264426
      1.72649689	      4.14110481	    -40.48921037
      1.72667015	      4.17456550	    -40.50577649
      1.72684341	      4.20802620	    -40.52234260
      1.72708204	      4.25411117	    -40.54515890
      1.72732067	      4.30019615	    -40.56797519
      1.72761974	      4.35795317	    -40.59657021
      1.72787396	      4.40704827	    -40.62087679
      1.72806928	      4.44476916	    -40.63955210
      1.72822427	      4.47470001	    -40.65437061
      1.72833414	      4.49591983	    -40.66487637
      1.72844402	      4.51713966	    -40.67538213
      1.72855390	      4.53835948	    -40.68588789
      1.72870963	      4.56843405	    -40.70077757
      1.72886535	      4.59850863	    -40.71566724
      1.72902108	      4.62858321	    -40.73055692
      1.72917681	      4.65865778	    -40.74544659
      1.72933254	      4.68873236	    -40.76033627
      1.72947567	      4.71637414	    -40.77402149
      1.72955276	      4.73126207	    -40.78139238
      1.72962985	      4.74615001	    -40.78876327
      1.72974889	      4.76914045	    -40.80014565
      1.72989429	      4.79721997	    -40.81404759
      1.73007252	      4.83059052	    -40.82948936
      1.73029080	      4.86958675	    -40.84554620
      1.73056113	      4.91788373	    -40.86543264
      1.73083147	      4.96618070	    -40.88531908
      1.73104672	      5.00463634	    -40.90115332
      1.73122814	      5.03704736	    -40.91449867
      1.73138318	      5.06474497	    -40.92590325
      1.73153821	      5.09244257	    -40.93730784
      1.73169324	      5.12014018	    -40.94871242
      1.73184828	      5.14783778	    -40.96011700
      1.73200331	      5.17553539	    -40.97152159
      1.73215835	      5.20323299	    -40.98292617
      1.73231338	      5.23093060	    -40.99433075
      1.73246842	      5.25862820	    -41.00573534
      1.73267109	      5.29483680	    -41.02064435
      1.73287377	      5.33104541	    -41.03555337
      1.73314751	      5.37995056	    -41.05569023
      1.73342125	      5.42885570	    -41.07582709
      1.73360524	      5.46172630	    -41.08936167
      1.73375001	      5.48759093	    -41.10001152
      1.73384896	      5.50526778	    -41.10729003
      1.73394790	      5.52294463	    -41.11456853
      1.73404685	      5.54062148	    -41.12184703
      1.73420286	      5.56849287	    -41.13332317
      1.73434030	      5.59304736	    -41.14343356
      1.73447774	      5.61760185	    -41.15354396
      1.73461518	      5.64215633	    -41.16365435
      1.73475262	      5.66671082	    -41.17376475
      1.73492010	      5.69663109	    -41.18608452
      1.73502902	      5.71609121	    -41.19409729
      1.73512522	      5.73327792	    -41.20117397
      1.73522142	      5.75046463	    -41.20825066
      1.73535682	      5.77465305	    -41.21821032
      1.73552120	      5.80402095	    -41.23030266
      1.73572451	      5.84034321	    -41.24525847
      1.73597184	      5.88452917	    -41.26345219
      1.73621916	      5.92871513	    -41.28164591
      1.73641401	      5.96352520	    -41.29597908
      1.73657638	      5.99253270	    -41.30792301
      1.73671853	      6.01792840	    -41.31837978
      1.73686068	      6.04332410	    -41.32883655
      1.73700283	      6.06871980	    -41.33929331
      1.73714498	      6.09411550	    -41.34975008
      1.73728713	      6.11951121	    -41.36020685
      1.73742928	      6.14490691	    -41.37066361
      1.73757143	      6.17030261	    -41.38112038
      1.73771358	      6.19569831	    -41.39157715
      1.73790048	      6.22908970	    -41.40532616
      1.73808739	      6.26248108	    -41.41907518
      1.73834036	      6.30767501	    -41.43768393
      1.73859332	      6.35286894	    -41.45629269
      1.73876606	      6.38372961	    -41.46899967
      1.73890005	      6.40766615	    -41.47885563
      1.73898482	      6.42281161	    -41.48509182
      1.73906960	      6.43795707	    -41.49132801
      1.73915437	      6.45310252	    -41.49756421
      1.73929198	      6.47768706	    -41.50768697
      1.73942617	      6.50166074	    -41.51755822
      1.73956036	      6.52563442	    -41.52742946
      1.73969455	      6.54960810	    -41.53730071
      1.73982874	      6.57358177	    -41.54717195
      1.73996293	      6.59755545	    -41.55704319
      1.74009712	      6.61951204	    -41.56419279
      1.74016143	      6.62966540	    -41.56712131
      1.74022574	      6.63981877	    -41.57004983
      1.74032720	      6.65583758	    -41.57467011
      1.74045436	      6.67591437	    -41.58046084
      1.74061310	      6.70097712	    -41.58768965
      1.74081006	      6.73207530	    -41.59665925
      1.74105203	      6.77027904	    -41.60767830
      1.74126841	      6.80444157	    -41.61753176
      1.74144704	      6.83264441	    -41.62566626
      1.74159861	      6.85657557	    -41.63256869
      1.74173452	      6.87803309	    -41.63875765
      1.74187042	      6.89949060	    -41.64494661
      1.74200633	      6.92094811	    -41.65113557
      1.74214223	      6.94240562	    -41.65732453
      1.74227814	      6.96386313	    -41.66351349
      1.74241404	      6.98532064	    -41.66970245
      1.74254995	      7.00677815	    -41.67589141
      1.74268585	      7.02823566	    -41.68208037
      1.74287015	      7.05733447	    -41.69047330
      1.74305446	      7.08643329	    -41.69886623
      1.74328647	      7.12306418	    -41.70943163
      1.74351848	      7.15969508	    -41.71999703
      1.74367905	      7.18504765	    -41.72730943
      1.74380174	      7.20441910	    -41.73289671
      1.74386337	      7.21414965	    -41.73570328
      1.74392500	      7.22388020	    -41.73850985
      1.74402225	      7.23923389	    -41.74293830
      1.74414600	      7.25877271	    -41.74857385
      1.74427870	      7.27972402	    -41.75461681
      1.74441140	      7.30067534	    -41.76065977
      1.74454410	      7.32162666	    -41.76670273
      1.74467680	      7.34257798	    -41.77274569
      1.74480950	      7.36352930	    -41.77878865
      1.74494220	      7.38448062	    -41.78483161
      1.74502155	      7.39700854	    -41.78844502
      1.74510089	      7.40953645	    -41.79205843
      1.74519946	      7.42509844	    -41.79654695
      1.74532874	      7.44551051	    -41.80243437
      1.74548903	      7.47081738	    -41.80973360
      1.74568988	      7.50252915	    -41.81888018
      1.74593975	      7.54198015	    -41.83025898
      1.74613221	      7.57236679	    -41.83902335
      1.74629921	      7.59873292	    -41.84662810
      1.74644425	      7.62163325	    -41.85323321
      1.74656884	      7.64130389	    -41.85890678
      1.74669342	      7.66097452	    -41.86458036
      1.74681801	      7.68064515	    -41.87025393
      1.74694260	      7.70031578	    -41.87592750
      1.74706719	      7.71998641	    -41.88160107
      1.74719178	      7.73965704	    -41.88727465
      1.74731636	      7.75932767	    -41.89294822
      1.74746908	      7.78343923	    -41.89990268
      1.74762179	      7.80755078	    -41.90685714
      1.74782711	      7.83996709	    -41.91620693
      1.74803242	      7.87238339	    -41.92555672
      1.74825037	      7.90679485	    -41.93548197
      1.74841336	      7.93252807	    -41.94290417
      1.74853776	      7.95216964	    -41.94856936
      1.74860869	      7.96336804	    -41.95179930
      1.74867962	      7.97456644	    -41.95502924
      1.74877624	      7.98982157	    -41.95942925
      1.74890278	      8.00980094	    -41.96519187
      1.74903179	      8.03016854	    -41.97106647
      1.74916079	      8.05053614	    -41.97694107
      1.74928979	      8.07090374	    -41.98281567
      1.74941879	      8.09127134	    -41.98869027
      1.74954779	      8.11163894	    -41.99456487
      1.74967680	      8.13200655	    -42.00043947
      1.74975233	      8.14393212	    -42.00387914
      1.74982786	      8.15585770	    -42.00731882
      1.74992522	      8.17122897	    -42.01175233
      1.75005207	      8.18987305	    -42.01578019
      1.75020985	      8.21058833	    -42.01766593
      1.75040777	      8.23657361	    -42.02003139
      1.75064911	      8.26826059	    -42.02291590
      1.75084365	      8.29380315	    -42.02524106
      1.75101185	      8.31588669	    -42.02725135
      1.75114856	      8.33383604	    -42.02888530
      1.75127082	      8.34988847	    -42.03034657
      1.75139308	      8.36594090	    -42.03180784
      1.75151534	      8.38199333	    -42.03326911
      1.75163760	      8.39804575	    -42.03473038
      1.75175987	      8.41409818	    -42.03619165
      1.75188213	      8.43015061	    -42.03765292
      1.75200439	      8.44620304	    -42.03911419
      1.75216188	      8.46688089	    -42.04099652
      1.75231937	      8.48755873	    -42.04287885
      1.75252146	      8.51409241	    -42.04529424
      1.75272356	      8.54062609	    -42.04770963
      1.75294673	      8.56992789	    -42.05037700
      1.75311494	      8.59201352	    -42.05238748
      1.75324456	      8.60903210	    -42.05393670
      1.75332808	      8.61999706	    -42.05493485
      1.75341159	      8.63096202	    -42.05593301
      1.75349511	      8.64192698	    -42.05693116
      1.75362851	      8.65944239	    -42.05852561
      1.75375617	      8.67620340	    -42.06005138
      1.75388383	      8.69296442	    -42.06157715
      1.75401149	      8.70972544	    -42.06310293
      1.75413915	      8.72648645	    -42.06462870
      1.75426680	      8.74324747	    -42.06615448
      1.75439446	      8.76000849	    -42.06768025
      1.75446432	      8.76918023	    -42.06851516
      1.75453417	      8.77835198	    -42.06935008
      1.75463162	      8.79114624	    -42.07051475
      1.75475658	      8.80755257	    -42.07200824
      1.75491225	      8.82799164	    -42.07386883
      1.75510591	      8.85341873	    -42.07618349
      1.75529958	      8.87884582	    -42.07849814
      1.75549324	      8.90427292	    -42.08081280
      1.75568690	      8.92970001	    -42.08312746
      1.75583488	      8.94912879	    -42.08489608
      1.75596559	      8.96628996	    -42.08645828
      1.75609630	      8.98345114	    -42.08802048
      1.75622700	      9.00061231	    -42.08958268
      1.75635771	      9.01777349	    -42.09114488
      1.75648842	      9.03493467	    -42.09270708
      1.75661912	      9.05209584	    -42.09426928
      1.75674983	      9.06925702	    -42.09583149
      1.75688054	      9.08641819	    -42.09739369
      1.75705212	      9.10894674	    -42.09944448
      1.75722371	      9.13147529	    -42.10149528
      1.75746157	      9.16270540	    -42.10433819
      1.75769943	      9.19393551	    -42.10718111
      1.75788071	      9.21773589	    -42.10934768
      1.75802210	      9.23630081	    -42.11103767
      1.75812399	      9.24967861	    -42.11225546
      1.75822589	      9.26305641	    -42.11347326
      1.75832778	      9.27643421	    -42.11469105
      1.75847494	      9.29575672	    -42.11645000
      1.75860207	      9.31244775	    -42.11796941
      1.75872920	      9.32913878	    -42.11948881
      1.75885632	      9.34582981	    -42.12100821
      1.75898345	      9.36252084	    -42.12252761
      1.75914028	      9.38311238	    -42.12440209
      1.75924297	      9.39659483	    -42.12562941
      1.75932888	      9.40787491	    -42.12665625
      1.75941480	      9.41915499	    -42.12768308
      1.75953821	      9.43535786	    -42.12915805
      1.75968873	      9.45512116	    -42.13095712
      1.75987609	      9.47971993	    -42.13319638
      1.76010854	      9.50686966	    -42.13191487
      1.76034099	      9.53017170	    -42.12599845
      1.76053377	      9.54949691	    -42.12109175
      1.76069487	      9.56564611	    -42.11699144
      1.76083807	      9.58000102	    -42.11334671
      1.76098127	      9.59435592	    -42.10970198
      1.76112447	      9.60871082	    -42.10605725
      1.76126767	      9.62306572	    -42.10241252
      1.76141087	      9.63742063	    -42.09876779
      1.76155407	      9.65177553	    -42.09512306
      1.76169727	      9.66613043	    -42.09147833
      1.76184047	      9.68048533	    -42.08783360
      1.76202960	      9.69944464	    -42.08301981
      1.76221873	      9.71840394	    -42.07820601
      1.76246504	      9.74309578	    -42.07193672
      1.76271136	      9.76778763	    -42.06566742
      1.76289478	      9.78617446	    -42.06099898
      1.76304019	      9.80075064	    -42.05729807
      1.76314659	      9.81141675	    -42.05458993
      1.76325299	      9.82208285	    -42.05188179
      1.76335939	      9.83274896	    -42.04917365
      1.76349994	      9.84683794	    -42.04559643
      1.76364049	      9.86092693	    -42.04201922
      1.76378103	      9.87501591	    -42.03844200
      1.76392158	      9.88910490	    -42.03486479
      1.76406213	      9.90319388	    -42.03128758
      1.76419415	      9.91642817	    -42.02792737
      1.76427256	      9.92428848	    -42.02593163
      1.76435097	      9.93214880	    -42.02393588
      1.76445361	      9.94243752	    -42.02132356
      1.76458492	      9.95560101	    -42.01798133
      1.76474606	      9.97175473	    -42.01387988
      1.76494524	      9.99172072	    -42.00881048
      1.76519613	     10.01687099	    -42.00242480
      1.76544702	     10.04202125	    -41.99603911
      1.76565493	     10.06286360	    -41.99074720
      1.76583759	     10.08117349	    -41.98609830
      1.76599873	     10.09732729	    -41.98199682
      1.76614351	     10.11184070	    -41.97831185
      1.76628829	     10.12635411	    -41.97462687
      1.76643307	     10.14086752	    -41.97094190
      1.76657785	     10.15538093	    -41.96725692
      1.76672263	     10.16989434	    -41.96357195
      1.76686741	     10.18440775	    -41.95988697
      1.76701219	     10.19892116	    -41.95620199
      1.76721134	     10.21888467	    -41.95113323
      1.76741049	     10.23884818	    -41.94606447
      1.76766133	     10.26399314	    -41.93968012
      1.76791216	     10.28913809	    -41.93329578
      1.76813340	     10.31131576	    -41.92766484
      1.76830865	     10.32888373	    -41.92320431
      1.76845068	     10.34312094	    -41.91958946
      1.76853983	     10.35205807	    -41.91732031
      1.76862898	     10.36099519	    -41.91505116
      1.76876821	     10.37495169	    -41.91150759
      1.76890744	     10.38890820	    -41.90796401
      1.76904666	     10.40286470	    -41.90442043
      1.76918589	     10.41682120	    -41.90087686
      1.76932511	     10.43077770	    -41.89733328
      1.76946434	     10.44473421	    -41.89378971
      1.76958113	     10.45644267	    -41.89081691
      1.76967685	     10.46603774	    -41.88838071
      1.76977257	     10.47563281	    -41.88594451
      1.76990591	     10.48899912	    -41.88255078
      1.77003924	     10.50105749	    -41.87765003
      1.77023232	     10.51397692	    -41.86532156
      1.77046545	     10.52957699	    -41.85043506
      1.77075866	     10.54919725	    -41.83171227
      1.77101600	     10.56641686	    -41.81528032
      1.77123707	     10.58121006	    -41.80116379
      1.77141834	     10.59333993	    -41.78958875
      1.77157858	     10.60406216	    -41.77935698
      1.77173882	     10.61478438	    -41.76912521
      1.77189905	     10.62550661	    -41.75889344
      1.77205929	     10.63622883	    -41.74866167
      1.77221953	     10.64695106	    -41.73842990
      1.77237976	     10.65767328	    -41.72819813
      1.77254000	     10.66839550	    -41.71796636
      1.77274234	     10.68193502	    -41.70504617
      1.77294468	     10.69547453	    -41.69212598
      1.77320915	     10.71317200	    -41.67523802
      1.77347363	     10.73086948	    -41.65835006
      1.77375826	     10.74991565	    -41.64017509
      1.77398168	     10.76486535	    -41.62590922
      1.77416735	     10.77728952	    -41.61405335
      1.77432710	     10.78797904	    -41.60385279
      1.77445305	     10.79640752	    -41.59580985
      1.77457901	     10.80483600	    -41.58776690
      1.77470497	     10.81326447	    -41.57972396
      1.77483093	     10.82169295	    -41.57168101
      1.77495689	     10.83012143	    -41.56363807
      1.77508284	     10.83854991	    -41.55559513
      1.77520880	     10.84697838	    -41.54755218
      1.77538008	     10.85843908	    -41.53661572
      1.77549439	     10.86608863	    -41.52931607
      1.77560871	     10.87373819	    -41.52201642
      1.77575782	     10.88371617	    -41.51249485
      1.77590694	     10.89369415	    -41.50297329
      1.77611464	     10.90759277	    -41.48971041
      1.77632235	     10.92149139	    -41.47644754
      1.77662406	     10.94168057	    -41.45718185
      1.77692578	     10.96186975	    -41.43791616
      1.77718934	     10.97950603	    -41.42108659
      1.77740657	     10.99404184	    -41.40721567
      1.77759652	     11.00675230	    -41.39508661
      1.77778647	     11.01946276	    -41.38295756
      1.77797642	     11.03217322	    -41.37082850
      1.77816637	     11.04488367	    -41.35869944
      1.77835632	     11.05759413	    -41.34657038
      1.77854627	     11.07030459	    -41.33444133
      1.77873622	     11.08301504	    -41.32231227
      1.77892616	     11.09572550	    -41.31018321
      1.77917874	     11.11262626	    -41.29405552
      1.77943131	     11.12952703	    -41.27792783
      1.77977669	     11.15263807	    -41.25587393
      1.78012206	     11.17172173	    -41.22942825
      1.78036689	     11.18002661	    -41.20498615
      1.78057792	     11.18718477	    -41.18391897
      1.78078894	     11.19434293	    -41.16285179
      1.78094157	     11.19952029	    -41.14761432
      1.78104997	     11.20319745	    -41.13679205
      1.78115838	     11.20687462	    -41.12596978
      1.78126678	     11.21055179	    -41.11514751
      1.78137518	     11.21422895	    -41.10432524
      1.78148359	     11.21790612	    -41.09350297
      1.78161475	     11.22235541	    -41.08040825
      1.78174592	     11.22680471	    -41.06731353
      1.78189209	     11.23176292	    -41.05272103
      1.78203825	     11.23672113	    -41.03812852
      1.78218442	     11.24167934	    -41.02353602
      1.78238103	     11.24834832	    -41.00390854
      1.78257763	     11.25501730	    -40.98428106
      1.78284660	     11.26414100	    -40.95742909
      1.78317218	     11.27518523	    -40.92492482
      1.78356715	     11.28858315	    -40.88549341
      1.78384391	     11.29797104	    -40.85786389
      1.78408493	     11.30614690	    -40.83380152
      1.78432596	     11.31432276	    -40.80973915
      1.78453859	     11.32153543	    -40.78851154
      1.78475122	     11.32874811	    -40.76728393
      1.78496385	     11.33596078	    -40.74605631
      1.78517648	     11.34317345	    -40.72482870
      1.78538911	     11.35038612	    -40.70360109
      1.78560174	     11.35759879	    -40.68237348
      1.78581437	     11.36481146	    -40.66114587
      1.78611061	     11.37486023	    -40.63157135
      1.78640685	     11.38490899	    -40.60199683
      1.78678190	     11.39763098	    -40.56455473
      1.78709628	     11.40829529	    -40.53316860
      1.78735403	     11.41703850	    -40.50743646
      1.78758257	     11.42479092	    -40.48462032
      1.78781112	     11.43254334	    -40.46180418
      1.78796646	     11.43781268	    -40.44629599
      1.78805734	     11.44089539	    -40.43722327
      1.78814822	     11.44397810	    -40.42815055
      1.78823909	     11.44706080	    -40.41907783
      1.78832997	     11.45014351	    -40.41000510
      1.78842085	     11.45322622	    -40.40093238
      1.78851173	     11.45630893	    -40.39185966
      1.78860261	     11.45939164	    -40.38278694
      1.78873017	     11.46371874	    -40.37005184
      1.78891918	     11.47013004	    -40.35118275
      1.78910818	     11.47654134	    -40.33231366
      1.78929719	     11.48295264	    -40.31344458
      1.78952754	     11.49076641	    -40.29044786
      1.78975789	     11.49858019	    -40.26745114
      1.79007963	     11.50709707	    -40.23293244
      1.79047613	     11.50861221	    -40.18140490
      1.79080250	     11.50985936	    -40.13899127
      1.79107928	     11.51091701	    -40.10302250
      1.79132239	     11.51184598	    -40.07142948
      1.79153415	     11.51265517	    -40.04391023
      1.79174591	     11.51346436	    -40.01639098
      1.79195767	     11.51427355	    -39.98887173
      1.79216943	     11.51508274	    -39.96135248
      1.79238119	     11.51589193	    -39.93383323
      1.79259295	     11.51670112	    -39.90631398
      1.79280471	     11.51751031	    -39.87879473
      1.79307688	     11.51855035	    -39.84342458
      1.79334906	     11.51959039	    -39.80805443
      1.79369676	     11.52091906	    -39.76286851
      1.79404446	     11.52224773	    -39.71768260
      1.79435104	     11.52341922	    -39.67784203
      1.79460344	     11.52438373	    -39.64504055
      1.79485585	     11.52534824	    -39.61223906
      1.79510826	     11.52631275	    -39.57943758
      1.79523615	     11.52680144	    -39.56281790
      1.79532417	     11.52713782	    -39.55137806
      1.79541220	     11.52747421	    -39.53993823
      1.79550023	     11.52781059	    -39.52849840
      1.79558826	     11.52814697	    -39.51705857
      1.79567629	     11.52848335	    -39.50561874
      1.79576432	     11.52881973	    -39.49417890
      1.79587949	     11.52925982	    -39.47921214
      1.79605185	     11.52991847	    -39.45681251
      1.79626859	     11.53074669	    -39.42864632
      1.79648533	     11.53157490	    -39.40048013
      1.79670207	     11.53240311	    -39.37231394
      1.79696542	     11.53340943	    -39.33809072
      1.79722876	     11.53441574	    -39.30386750
      1.79759966	     11.53583304	    -39.25566730
      1.79792678	     11.53708305	    -39.21315644
      1.79820176	     11.53813383	    -39.17742111
      1.79843151	     11.53901176	    -39.14756407
      1.79863528	     11.53979039	    -39.12108406
      1.79883904	     11.54056902	    -39.09460405
      1.79904280	     11.54134766	    -39.06812404
      1.79924657	     11.54212629	    -39.04164403
      1.79945033	     11.54290492	    -39.01516402
      1.79965409	     11.54368355	    -38.98868401
      1.79985786	     11.54446218	    -38.96220400
      1.80010450	     11.54278121	    -38.92791649
      1.80035114	     11.53753170	    -38.89058891
      1.80067880	     11.53055787	    -38.84100032
      1.80100646	     11.52358404	    -38.79141173
      1.80133412	     11.51661022	    -38.74182313
      1.80157338	     11.51151792	    -38.70561345
      1.80178296	     11.50705725	    -38.67389509
      1.80199254	     11.50259658	    -38.64217672
      1.80214079	     11.49944117	    -38.61973967
      1.80222666	     11.49761353	    -38.60674390
      1.80231253	     11.49578589	    -38.59374812
      1.80239840	     11.49395824	    -38.58075235
      1.80250582	     11.49167199	    -38.56449558
      1.80261324	     11.48938574	    -38.54823881
      1.80272066	     11.48709949	    -38.53198204
      1.80282807	     11.48481324	    -38.51572527
      1.80293549	     11.48252699	    -38.49946850
      1.80310799	     11.47885565	    -38.47336274
      1.80328048	     11.47518430	    -38.44725699
      1.80345298	     11.47151295	    -38.42115124
      1.80367180	     11.46685559	    -38.38803425
      1.80389062	     11.46219822	    -38.35491727
      1.80419591	     11.45570062	    -38.30871495
      1.80450119	     11.44920302	    -38.26251263
      1.80480647	     11.44270542	    -38.21631031
      1.80504171	     11.43769879	    -38.18070982
      1.80524686	     11.43333232	    -38.14966127
      1.80545202	     11.42896585	    -38.11861273
      1.80563517	     11.42506759	    -38.09089350
      1.80581833	     11.42116933	    -38.06317427
      1.80600148	     11.41727108	    -38.03545504
      1.80618464	     11.41337282	    -38.00773581
      1.80636780	     11.40947456	    -37.98001658
      1.80655095	     11.40557631	    -37.95229736
      1.80678402	     11.40061573	    -37.91702431
      1.80701709	     11.39565515	    -37.88175126
      1.80732129	     11.38918056	    -37.83571259
      1.80762550	     11.38270597	    -37.78967392
      1.80788318	     11.37722148	    -37.75067548
      1.80809170	     11.37278335	    -37.71911739
      1.80827148	     11.36895693	    -37.69190901
      1.80845126	     11.36513052	    -37.66470062
      1.80854904	     11.36304949	    -37.64990313
      1.80864681	     11.36096847	    -37.63510564
      1.80876730	     11.35840409	    -37.61687121
      1.80888778	     11.35583972	    -37.59863678
      1.80900827	     11.35327534	    -37.58040235
      1.80912875	     11.35071097	    -37.56216793
      1.80924924	     11.34814660	    -37.54393350
      1.80935221	     11.34595498	    -37.52834961
      1.80945518	     11.34376335	    -37.51276571
      1.80959574	     11.34077174	    -37.49149332
      1.80973630	     11.33778013	    -37.47022094
      1.80991797	     11.33391346	    -37.44272635
      1.81009964	     11.32817309	    -37.41415616
      1.81035168	     11.31806917	    -37.37329102
      1.81065538	     11.30589427	    -37.32404987
      1.81095909	     11.29371937	    -37.27480871
      1.81118107	     11.28482018	    -37.23881610
      1.81137474	     11.27705664	    -37.20741660
      1.81153861	     11.27048716	    -37.18084645
      1.81170249	     11.26391768	    -37.15427631
      1.81186636	     11.25734820	    -37.12770616
      1.81203024	     11.25077872	    -37.10113602
      1.81219411	     11.24420924	    -37.07456587
      1.81235799	     11.23763976	    -37.04799573
      1.81252186	     11.23107028	    -37.02142558
      1.81268574	     11.22450079	    -36.99485544
      1.81290885	     11.21555648	    -36.95868033
      1.81313196	     11.20661217	    -36.92250521
      1.81342075	     11.19503508	    -36.87568188
      1.81370954	     11.18345798	    -36.82885854
      1.81391663	     11.17515605	    -36.79528149
      1.81408842	     11.16826934	    -36.76742832
      1.81423474	     11.16240378	    -36.74370518
      1.81435137	     11.15772840	    -36.72479568
      1.81446799	     11.15305301	    -36.70588619
      1.81459338	     11.14802644	    -36.68555631
      1.81471877	     11.14299987	    -36.66522643
      1.81484415	     11.13797330	    -36.64489655
      1.81496954	     11.13294673	    -36.62456667
      1.81509493	     11.12792016	    -36.60423679
      1.81522096	     11.12286777	    -36.58380253
      1.81532953	     11.11851547	    -36.56619971
      1.81543810	     11.11416316	    -36.54859689
      1.81557770	     11.10856648	    -36.52596122
      1.81571731	     11.10296980	    -36.50332555
      1.81591087	     11.09521052	    -36.47194327
      1.81610442	     11.08745124	    -36.44056099
      1.81637498	     11.07660491	    -36.39669322
      1.81664554	     11.06575859	    -36.35282546
      1.81685529	     11.05735003	    -36.31881721
      1.81703017	     11.05033932	    -36.29046250
      1.81718099	     11.04429347	    -36.26601016
      1.81733180	     11.03824761	    -36.24155783
      1.81748261	     11.03220176	    -36.21710549
      1.81763343	     11.02615591	    -36.19265315
      1.81778424	     11.02011006	    -36.16820081
      1.81793505	     11.01406421	    -36.14374847
      1.81808587	     11.00801836	    -36.11929614
      1.81823668	     11.00197250	    -36.09484380
      1.81843626	     10.99397174	    -36.06248487
      1.81863584	     10.98597099	    -36.03012595
      1.81891059	     10.97495660	    -35.98557848
      1.81918534	     10.96394222	    -35.94103101
      1.81937940	     10.95616253	    -35.90956619
      1.81953839	     10.94978907	    -35.88378886
      1.81966920	     10.94454493	    -35.86257902
      1.81975023	     10.94129670	    -35.84944160
      1.81983126	     10.93804847	    -35.83630419
      1.81996550	     10.93266706	    -35.81453919
      1.82009973	     10.92607760	    -35.79281149
      1.82023397	     10.91907021	    -35.77109671
      1.82036821	     10.91206281	    -35.74938192
      1.82050245	     10.90505542	    -35.72766713
      1.82063669	     10.89804802	    -35.70595234
      1.82071599	     10.89390857	    -35.69312486
      1.82079529	     10.88976913	    -35.68029738
      1.82091293	     10.88362781	    -35.66126642
      1.82103058	     10.87748649	    -35.64223547
      1.82119638	     10.86883170	    -35.61541567
      1.82136217	     10.86017691	    -35.58859587
      1.82159944	     10.84779143	    -35.55021527
      1.82183670	     10.83540596	    -35.51183468
      1.82207397	     10.82302048	    -35.47345408
      1.82224914	     10.81387657	    -35.44511857
      1.82240024	     10.80598900	    -35.42067627
      1.82255134	     10.79810143	    -35.39623397
      1.82270244	     10.79021387	    -35.37179167
      1.82285354	     10.78232630	    -35.34734938
      1.82300464	     10.77443873	    -35.32290708
      1.82315574	     10.76655117	    -35.29846478
      1.82330684	     10.75866360	    -35.27402248
      1.82345793	     10.75077603	    -35.24958019
      1.82364534	     10.74099331	    -35.21926510
      1.82383274	     10.73121059	    -35.18895002
      1.82408241	     10.71817766	    -35.14856309
      1.82433208	     10.70514474	    -35.10817616
      1.82452256	     10.69520136	    -35.07736323
      1.82467605	     10.68718929	    -35.05253512
      1.82480023	     10.68070675	    -35.03244676
      1.82487335	     10.67688982	    -35.02061870
      1.82494647	     10.67307288	    -35.00879065
      1.82507416	     10.66640758	    -34.98813593
      1.82520184	     10.65974227	    -34.96748122
      1.82532953	     10.65307696	    -34.94682651
      1.82545721	     10.64641166	    -34.92617179
      1.82558490	     10.63974635	    -34.90551708
      1.82571258	     10.63308104	    -34.88486237
      1.82580635	     10.62818619	    -34.86969402
      1.82590012	     10.62329134	    -34.85452566
      1.82599389	     10.61839649	    -34.83935731
      1.82612070	     10.61177712	    -34.81884494
      1.82624750	     10.60515774	    -34.79833257
      1.82642955	     10.59565455	    -34.76888371
      1.82661160	     10.58615136	    -34.73943485
      1.82687020	     10.57265229	    -34.69760342
      1.82708224	     10.56158365	    -34.66330347
      1.82726202	     10.55219863	    -34.63422081
      1.82741596	     10.54416283	    -34.60931917
      1.82754822	     10.53725900	    -34.58792532
      1.82768047	     10.53035517	    -34.56653146
      1.82781273	     10.52345134	    -34.54513760
      1.82794498	     10.51654751	    -34.52374375
      1.82807724	     10.50964369	    -34.50234989
      1.82820949	     10.50273986	    -34.48095603
      1.82834175	     10.49583603	    -34.45956218
      1.82850087	     10.48752956	    -34.43382177
      1.82865999	     10.47922309	    -34.40808136
      1.82887710	     10.46789014	    -34.37296238
      1.82909420	     10.45655719	    -34.33784341
      1.82933581	     10.44394499	    -34.29876023
      1.82951941	     10.43436069	    -34.26906001
      1.82966739	     10.42663603	    -34.24512255
      1.82978611	     10.42043867	    -34.22591792
      1.82985802	     10.41668472	    -34.21428503
      1.82992994	     10.41293077	    -34.20265215
      1.83006309	     10.40560831	    -34.18179503
      1.83018282	     10.39865215	    -34.16371991
      1.83030256	     10.39169599	    -34.14564478
      1.83042229	     10.38473983	    -34.12756965
      1.83054203	     10.37778367	    -34.10949453
      1.83066176	     10.37082751	    -34.09141940
      1.83076439	     10.36486517	    -34.07592663
      1.83085196	     10.35977771	    -34.06270721
      1.83093953	     10.35469026	    -34.04948778
      1.83105977	     10.34770512	    -34.03133734
      1.83118000	     10.34071997	    -34.01318690
      1.83135337	     10.33064810	    -33.98701579
      1.83152673	     10.32057623	    -33.96084468
      1.83176838	     10.30653740	    -33.92436569
      1.83198115	     10.29417625	    -33.89224605
      1.83217178	     10.28310147	    -33.86346894
      1.83232538	     10.27417793	    -33.84028171
      1.83245789	     10.26647981	    -33.82027864
      1.83259039	     10.25878169	    -33.80027556
      1.83272290	     10.25108357	    -33.78027249
      1.83285541	     10.24338544	    -33.76026941
      1.83298791	     10.23568732	    -33.74026634
      1.83312042	     10.22798920	    -33.72026327
      1.83325293	     10.22029107	    -33.70026019
      1.83341929	     10.21062598	    -33.67514606
      1.83358565	     10.20096088	    -33.65003193
      1.83379885	     10.18857524	    -33.61784864
      1.83401204	     10.17618959	    -33.58566535
      1.83425674	     10.16197319	    -33.54872495
      1.83444363	     10.15111553	    -33.52051202
      1.83459480	     10.14233343	    -33.49769228
      1.83471745	     10.13520801	    -33.47917735
      1.83479018	     10.13098262	    -33.46819795
      1.83486291	     10.12675723	    -33.45721854
      1.83499469	     10.11910146	    -33.43732552
      1.83512647	     10.11144569	    -33.41743250
      1.83524319	     10.10466426	    -33.39981138
      1.83535992	     10.09788282	    -33.38219026
      1.83547665	     10.09110139	    -33.36456914
      1.83559338	     10.08431995	    -33.34694802
      1.83569432	     10.07845536	    -33.33170927
      1.83578374	     10.07326053	    -33.31821084
      1.83587316	     10.06806570	    -33.30471241
      1.83599460	     10.06101057	    -33.28638010
      1.83611604	     10.05395544	    -33.26804780
      1.83629064	     10.04381193	    -33.24169055
      1.83646523	     10.03366843	    -33.21533331
      1.83670873	     10.01952200	    -33.17857473
      1.83695224	     10.00537557	    -33.14181616
      1.83713686	      9.99464987	    -33.11394611
      1.83728978	      9.98576569	    -33.09086115
      1.83742554	      9.97787833	    -33.07036635
      1.83756131	      9.96999096	    -33.04987154
      1.83769707	      9.96210360	    -33.02937673
      1.83783283	      9.95421623	    -33.00888192
      1.83796860	      9.94632887	    -32.98838712
      1.83810436	      9.93844150	    -32.96789231
      1.83824013	      9.93055414	    -32.94739750
      1.83837589	      9.92266678	    -32.92690269
      1.83855962	      9.91199255	    -32.89916641
      1.83874336	      9.90131832	    -32.87143012
      1.83900159	      9.88631601	    -32.83244758
      1.83925982	      9.87131369	    -32.79346503
      1.83945012	      9.86025815	    -32.76473793
      1.83960586	      9.85121021	    -32.74122743
      1.83973473	      9.84372338	    -32.72177339
      1.83981399	      9.83911898	    -32.70980915
      1.83989324	      9.83451458	    -32.69784492
      1.84001994	      9.82713743	    -32.67910452
      1.84014664	      9.81967246	    -32.66243091
      1.84027334	      9.81220750	    -32.64575730
      1.84040004	      9.80474253	    -32.62908368
      1.84052674	      9.79727757	    -32.61241007
      1.84065344	      9.78981261	    -32.59573646
      1.84072115	      9.78582326	    -32.58682594
      1.84078886	      9.78183392	    -32.57791542
      1.84089375	      9.77565355	    -32.56411105
      1.84099865	      9.76947318	    -32.55030669
      1.84114846	      9.76064643	    -32.53059141
      1.84129828	      9.75181967	    -32.51087613
      1.84151280	      9.73918031	    -32.48264508
      1.84172732	      9.72654096	    -32.45441404
      1.84197211	      9.71211836	    -32.42219999
      1.84217162	      9.70036364	    -32.39594485
      1.84234321	      9.69025335	    -32.37336270
      1.84251481	      9.68014307	    -32.35078054
      1.84266585	      9.67124414	    -32.33090407
      1.84281689	      9.66234522	    -32.31102760
      1.84296792	      9.65344630	    -32.29115113
      1.84311896	      9.64454738	    -32.27127466
      1.84327000	      9.63564846	    -32.25139819
      1.84342104	      9.62674954	    -32.23152172
      1.84357207	      9.61785062	    -32.21164525
      1.84378287	      9.60543106	    -32.18390514
      1.84399366	      9.59301150	    -32.15616504
      1.84425644	      9.57752877	    -32.12158310
      1.84451922	      9.56204605	    -32.08700116
      1.84470277	      9.55123170	    -32.06284642
      1.84485741	      9.54212053	    -32.04249587
      1.84499091	      9.53425472	    -32.02492693
      1.84512441	      9.52638890	    -32.00735800
      1.84524052	      9.51954780	    -31.99207783
      1.84535664	      9.51270670	    -31.97679766
      1.84547275	      9.50586559	    -31.96151750
      1.84558886	      9.49902449	    -31.94623733
      1.84570497	      9.49218339	    -31.93095717
      1.84584553	      9.48390193	    -31.91245985
      1.84592758	      9.47906745	    -31.90166165
      1.84600963	      9.47423298	    -31.89086345
      1.84612864	      9.46722143	    -31.87520259
      1.84624764	      9.46020989	    -31.85954173
      1.84641131	      9.45056676	    -31.83800302
      1.84657498	      9.44092363	    -31.81646430
      1.84681117	      9.42700759	    -31.78538167
      1.84710277	      9.40982707	    -31.74700758
      1.84734250	      9.39570225	    -31.71545862
      1.84754930	      9.38351794	    -31.68824398
      1.84772732	      9.37302928	    -31.66481670
      1.84787899	      9.36409327	    -31.64485738
      1.84803065	      9.35515726	    -31.62489806
      1.84818232	      9.34622124	    -31.60493873
      1.84833399	      9.33728523	    -31.58497941
      1.84848565	      9.32834921	    -31.56502009
      1.84863732	      9.31941320	    -31.54506077
      1.84878899	      9.31047718	    -31.52510145
      1.84898119	      9.29915264	    -31.49980715
      1.84917340	      9.28782810	    -31.47451286
      1.84942622	      9.27293223	    -31.44124170
      1.84967904	      9.25803635	    -31.40797054
      1.84993186	      9.24314048	    -31.37469938
      1.85013873	      9.23132974	    -31.35097830
      1.85031349	      9.22150870	    -31.33239197
      1.85048825	      9.21168765	    -31.31380565
      1.85061199	      9.20473385	    -31.30064557
      1.85071757	      9.19880033	    -31.28941639
      1.85082316	      9.19286682	    -31.27818722
      1.85092874	      9.18693331	    -31.26695805
      1.85103433	      9.18099980	    -31.25572888
      1.85113991	      9.17506629	    -31.24449971
      1.85124549	      9.16913278	    -31.23327054
      1.85134710	      9.16342275	    -31.22246431
      1.85144871	      9.15771272	    -31.21165808
      1.85155031	      9.15200269	    -31.20085185
      1.85169139	      9.14407434	    -31.18584745
      1.85183248	      9.13614600	    -31.17084305
      1.85201908	      9.12565914	    -31.15099668
      1.85220569	      9.11517228	    -31.13115030
      1.85247283	      9.10015997	    -31.10273951
      1.85273996	      9.08514767	    -31.07432871
      1.85300710	      9.07013536	    -31.04591792
      1.85321605	      9.05839299	    -31.02369548
      1.85339106	      9.04855810	    -31.00508295
      1.85356606	      9.03872321	    -30.98647042
      1.85374107	      9.02888832	    -30.96785789
      1.85391608	      9.01905342	    -30.94924535
      1.85407299	      9.01023526	    -30.93255698
      1.85422991	      9.00141710	    -30.91586860
      1.85438682	      8.99259893	    -30.89918022
      1.85458171	      8.98164688	    -30.87845347
      1.85477659	      8.97069483	    -30.85772671
      1.85502895	      8.95651303	    -30.83088765
      1.85528131	      8.94233123	    -30.80404860
      1.85562609	      8.92295546	    -30.76737996
      1.85587238	      8.90911485	    -30.74118660
      1.85607978	      8.89745927	    -30.71912841
      1.85628719	      8.88580369	    -30.69707022
      1.85649459	      8.87414811	    -30.67501203
      1.85656993	      8.86991445	    -30.66699983
      1.85664526	      8.86568079	    -30.65898763
      1.85672060	      8.86144713	    -30.65097542
      1.85681827	      8.85595856	    -30.64058831
      1.85691593	      8.85046999	    -30.63020120
      1.85701360	      8.84498143	    -30.61981408
      1.85711126	      8.83949286	    -30.60942697
      1.85720893	      8.83400429	    -30.59903985
      1.85735540	      8.82577328	    -30.58346267
      1.85750186	      8.81754228	    -30.56788550
      1.85764833	      8.80931127	    -30.55230832
      1.85783494	      8.79882408	    -30.53246130
      1.85802156	      8.78833688	    -30.51261428
      1.85827867	      8.77388783	    -30.48526944
      1.85853578	      8.75943877	    -30.45792461
      1.85887432	      8.74041409	    -30.42192038
      1.85912187	      8.72650242	    -30.39559255
      1.85933095	      8.71475245	    -30.37335573
      1.85951731	      8.70427964	    -30.35353595
      1.85970367	      8.69380684	    -30.33371616
      1.85989003	      8.68333403	    -30.31389637
      1.86007639	      8.67321641	    -30.29622239
      1.86026275	      8.66361013	    -30.28163760
      1.86044910	      8.65400386	    -30.26705281
      1.86063546	      8.64439758	    -30.25246803
      1.86082182	      8.63479131	    -30.23788324
      1.86107611	      8.62168323	    -30.21798182
      1.86133040	      8.60857515	    -30.19808040
      1.86166387	      8.59138558	    -30.17198222
      1.86196274	      8.57597988	    -30.14859242
      1.86220511	      8.56348620	    -30.12962382
      1.86241665	      8.55258194	    -30.11306835
      1.86262819	      8.54167767	    -30.09651289
      1.86279241	      8.53321254	    -30.08366065
      1.86289658	      8.52784280	    -30.07550801
      1.86297175	      8.52396808	    -30.06962518
      1.86304692	      8.52009335	    -30.06374236
      1.86312209	      8.51621863	    -30.05785953
      1.86319725	      8.51234390	    -30.05197671
      1.86327242	      8.50846917	    -30.04609388
      1.86336412	      8.50374231	    -30.03891729
      1.86348982	      8.49726293	    -30.02907993
      1.86366588	      8.48818738	    -30.01530092
      1.86384194	      8.47911183	    -30.00152192
      1.86401801	      8.47003629	    -29.98774291
      1.86423085	      8.45906473	    -29.97108528
      1.86444369	      8.44809317	    -29.95442764
      1.86474198	      8.43271706	    -29.93108277
      1.86510684	      8.41390992	    -29.90252870
      1.86538902	      8.39936427	    -29.88044468
      1.86562949	      8.38696824	    -29.86162434
      1.86586997	      8.37457221	    -29.84280399
      1.86607113	      8.36420285	    -29.82706064
      1.86627230	      8.35383349	    -29.81131730
      1.86647346	      8.34346413	    -29.79557395
      1.86665258	      8.33423092	    -29.78155558
      1.86683170	      8.32499772	    -29.76753721
      1.86701082	      8.31576451	    -29.75351884
      1.86722793	      8.30457299	    -29.73652724
      1.86744504	      8.29338147	    -29.71953565
      1.86773740	      8.27831113	    -29.69665501
      1.86802976	      8.26324079	    -29.67377438
      1.86832212	      8.24817045	    -29.65089374
      1.86861448	      8.23310012	    -29.62801310
      1.86884078	      8.22143477	    -29.61030212
      1.86906709	      8.20976942	    -29.59259113
      1.86929339	      8.19810407	    -29.57488015
      1.86941391	      8.19189161	    -29.56544804
      1.86951416	      8.18672390	    -29.55760212
      1.86961441	      8.18155618	    -29.54975620
      1.86971466	      8.17638846	    -29.54191028
      1.86981491	      8.17122074	    -29.53406437
      1.86991517	      8.16605303	    -29.52621845
      1.87007525	      8.15818601	    -29.51579265
      1.87026370	      8.14943596	    -29.50631017
      1.87045215	      8.14068592	    -29.49682768
      1.87064060	      8.13193587	    -29.48734520
      1.87087622	      8.12099518	    -29.47548870
      1.87111185	      8.11005449	    -29.46363220
      1.87145109	      8.09430316	    -29.44656238
      1.87179032	      8.07855183	    -29.42949256
      1.87205182	      8.06640985	    -29.41633422
      1.87227489	      8.05605206	    -29.40510941
      1.87246155	      8.04738542	    -29.39571731
      1.87264820	      8.03871877	    -29.38632521
      1.87283485	      8.03005213	    -29.37693310
      1.87302150	      8.02138548	    -29.36754100
      1.87320815	      8.01271884	    -29.35814890
      1.87339481	      8.00405219	    -29.34875680
      1.87358146	      7.99538555	    -29.33936470
      1.87380593	      7.98496292	    -29.32806963
      1.87403040	      7.97454029	    -29.31677455
      1.87431949	      7.96111716	    -29.30222782
      1.87460858	      7.94769403	    -29.28768108
      1.87492137	      7.93317060	    -29.27194194
      1.87517178	      7.92154362	    -29.25934170
      1.87538662	      7.91156823	    -29.24853131
      1.87560146	      7.90159284	    -29.23772091
      1.87579196	      7.89274735	    -29.22813500
      1.87590546	      7.88747746	    -29.22242398
      1.87599426	      7.88335416	    -29.21795554
      1.87606967	      7.87985264	    -29.21416092
      1.87614508	      7.87635112	    -29.21036630
      1.87622049	      7.87284960	    -29.20657168
      1.87629591	      7.86934808	    -29.20277706
      1.87640427	      7.86431660	    -29.19732440
      1.87654794	      7.85764582	    -29.19009524
      1.87672842	      7.84926542	    -29.18101334
      1.87690891	      7.84088501	    -29.17193143
      1.87708940	      7.83250460	    -29.16284953
      1.87731408	      7.82207221	    -29.15154388
      1.87753876	      7.81163982	    -29.14023823
      1.87785180	      7.79710464	    -29.12448635
      1.87816484	      7.78256945	    -29.10873447
      1.87842487	      7.77049606	    -29.09565046
      1.87863905	      7.76055084	    -29.08487275
      1.87882601	      7.75187028	    -29.07546558
      1.87901296	      7.74318973	    -29.06605840
      1.87919991	      7.73450917	    -29.05665123
      1.87938686	      7.72582862	    -29.04724405
      1.87955476	      7.71803287	    -29.03879575
      1.87972265	      7.71023712	    -29.03034744
      1.87989055	      7.70244138	    -29.02189914
      1.88009263	      7.69346779	    -29.01406618
      1.88029472	      7.68497821	    -29.00899296
      1.88056817	      7.67349032	    -29.00212802
      1.88084163	      7.66200244	    -28.99526308
      1.88111508	      7.65051455	    -28.98839814
      1.88138854	      7.63902666	    -28.98153320
      1.88159416	      7.63038841	    -28.97637115
      1.88179978	      7.62175016	    -28.97120910
      1.88200541	      7.61311191	    -28.96604704
      1.88209466	      7.60936229	    -28.96380634
      1.88216675	      7.60633408	    -28.96199674
      1.88223883	      7.60330586	    -28.96018714
      1.88231091	      7.60027765	    -28.95837754
      1.88238299	      7.59724944	    -28.95656793
      1.88247003	      7.59359312	    -28.95438299
      1.88255706	      7.58993679	    -28.95219804
      1.88264410	      7.58628047	    -28.95001309
      1.88277618	      7.58073151	    -28.94669714
      1.88295542	      7.57320182	    -28.94219754
      1.88313465	      7.56567213	    -28.93769794
      1.88331389	      7.55814245	    -28.93319835
      1.88349312	      7.55061276	    -28.92869875
      1.88374664	      7.53996249	    -28.92233435
      1.88400016	      7.52931223	    -28.91596996
      1.88429190	      7.51705628	    -28.90864604
      1.88452763	      7.50715327	    -28.90272820
      1.88472889	      7.49869822	    -28.89767562
      1.88490519	      7.49129168	    -28.89324961
      1.88506320	      7.48465360	    -28.88928282
      1.88522121	      7.47801552	    -28.88531603
      1.88537923	      7.47137743	    -28.88134924
      1.88553724	      7.46473935	    -28.87738245
      1.88569525	      7.45810127	    -28.87341566
      1.88585326	      7.45146319	    -28.86944887
      1.88601127	      7.44482511	    -28.86548208
      1.88622185	      7.43597873	    -28.86019565
      1.88643243	      7.42713235	    -28.85490923
      1.88670042	      7.41587386	    -28.84818137
      1.88696842	      7.40461538	    -28.84145352
      1.88723641	      7.39335689	    -28.83472566
      1.88743248	      7.38512007	    -28.82980350
      1.88760380	      7.37792299	    -28.82550266
      1.88777511	      7.37072591	    -28.82120183
      1.88787957	      7.36633791	    -28.81857964
      1.88796886	      7.36258672	    -28.81633800
      1.88805815	      7.35883552	    -28.81409636
      1.88814744	      7.35508433	    -28.81185472
      1.88823674	      7.35133313	    -28.80961307
      1.88832603	      7.34758194	    -28.80737143
      1.88841532	      7.34383074	    -28.80512979
      1.88852377	      7.33927469	    -28.80240718
      1.88863222	      7.33471863	    -28.79968457
      1.88876845	      7.32899566	    -28.79626463
      1.88890468	      7.32327269	    -28.79284469
      1.88906901	      7.31636943	    -28.78871944
      1.88923333	      7.30946618	    -28.78459419
      1.88945788	      7.30003268	    -28.77895691
      1.88968244	      7.29059917	    -28.77331963
      1.88997674	      7.27823528	    -28.76593120
      1.89020218	      7.26936422	    -28.76443066
      1.89039469	      7.26184790	    -28.76355785
      1.89055461	      7.25560382	    -28.76283277
      1.89071454	      7.24935975	    -28.76210769
      1.89087446	      7.24311567	    -28.76138261
      1.89103438	      7.23687159	    -28.76065753
      1.89119431	      7.23062751	    -28.75993245
      1.89135423	      7.22438343	    -28.75920737
      1.89151416	      7.21813935	    -28.75848229
      1.89167408	      7.21189527	    -28.75775721
      1.89187526	      7.20404023	    -28.75684506
      1.89207645	      7.19618519	    -28.75593291
      1.89235360	      7.18536388	    -28.75467631
      1.89263076	      7.17454257	    -28.75341970
      1.89283952	      7.16639149	    -28.75247318
      1.89301327	      7.15960763	    -28.75168542
      1.89316561	      7.15365978	    -28.75099474
      1.89331795	      7.14771192	    -28.75030405
      1.89341308	      7.14399753	    -28.74987273
      1.89350821	      7.14028314	    -28.74944140
      1.89360334	      7.13656875	    -28.74901008
      1.89369848	      7.13285436	    -28.74857875
      1.89379361	      7.12913997	    -28.74814743
      1.89388874	      7.12542558	    -28.74771610
      1.89400794	      7.12077168	    -28.74717568
      1.89410383	      7.11702789	    -28.74674094
      1.89419971	      7.11328411	    -28.74630620
      1.89432620	      7.10834554	    -28.74573272
      1.89445269	      7.10340696	    -28.74515924
      1.89461895	      7.09691517	    -28.74440539
      1.89478522	      7.09042339	    -28.74365155
      1.89501812	      7.08132996	    -28.74259559
      1.89525102	      7.07223654	    -28.74153964
      1.89548392	      7.06314312	    -28.74048369
      1.89568360	      7.05534679	    -28.73957835
      1.89584762	      7.04894302	    -28.73883473
      1.89599209	      7.04330244	    -28.73817973
      1.89613655	      7.03766185	    -28.73752473
      1.89628102	      7.03202126	    -28.73686973
      1.89642549	      7.02638068	    -28.73621473
      1.89656995	      7.02074009	    -28.73555973
      1.89671442	      7.01509950	    -28.73490472
      1.89685889	      7.00945892	    -28.73424972
      1.89700335	      7.00381833	    -28.73359472
      1.89719830	      6.99620678	    -28.73271085
      1.89739325	      6.98859522	    -28.73182697
      1.89765477	      6.97838417	    -28.73064124
      1.89791630	      6.96817312	    -28.72945550
      1.89811191	      6.96053589	    -28.72856864
      1.89827420	      6.95419924	    -28.72783281
      1.89841491	      6.94870522	    -28.72719483
      1.89855563	      6.94321121	    -28.72655685
      1.89866272	      6.93902986	    -28.72607130
      1.89876981	      6.93484851	    -28.72558575
      1.89887690	      6.93066716	    -28.72510020
      1.89898400	      6.92648581	    -28.72461465
      1.89909109	      6.92230446	    -28.72412910
      1.89919818	      6.91812312	    -28.72364355
      1.89929250	      6.91444060	    -28.72321593
      1.89938682	      6.91075808	    -28.72278830
      1.89948113	      6.90707557	    -28.72236068
      1.89960895	      6.90208513	    -28.72178117
      1.89973676	      6.89709468	    -28.72120167
      1.89990981	      6.89033809	    -28.72041707
      1.90008286	      6.88367585	    -28.72085960
      1.90032913	      6.87434106	    -28.72338995
      1.90057539	      6.86500627	    -28.72592030
      1.90077731	      6.85735268	    -28.72799493
      1.90094891	      6.85084809	    -28.72975810
      1.90109526	      6.84530067	    -28.73126182
      1.90122683	      6.84031314	    -28.73261377
      1.90135841	      6.83532562	    -28.73396572
      1.90148999	      6.83033809	    -28.73531767
      1.90162157	      6.82535056	    -28.73666963
      1.90175315	      6.82036304	    -28.73802158
      1.90188473	      6.81537551	    -28.73937353
      1.90201630	      6.81038798	    -28.74072548
      1.90218766	      6.80389255	    -28.74248617
      1.90235902	      6.79739712	    -28.74424686
      1.90259130	      6.78859257	    -28.74663348
      1.90282358	      6.77978801	    -28.74902010
      1.90305569	      6.77098949	    -28.75140508
      1.90323848	      6.76406095	    -28.75328318
      1.90339109	      6.75827614	    -28.75485124
      1.90352404	      6.75323659	    -28.75621730
      1.90365699	      6.74819703	    -28.75758335
      1.90376598	      6.74406581	    -28.75870319
      1.90387497	      6.73993458	    -28.75982303
      1.90398395	      6.73580335	    -28.76094286
      1.90409294	      6.73167213	    -28.76206270
      1.90420193	      6.72754090	    -28.76318254
      1.90431092	      6.72340967	    -28.76430237
      1.90438071	      6.72076401	    -28.76501952
      1.90445051	      6.71811835	    -28.76573667
      1.90455689	      6.71408598	    -28.76682971
      1.90466327	      6.71005361	    -28.76792275
      1.90480761	      6.70458238	    -28.76940582
      1.90495195	      6.69911116	    -28.77088888
      1.90515405	      6.69145042	    -28.77296545
      1.90535615	      6.68378969	    -28.77504202
      1.90560403	      6.67439378	    -28.77758893
      1.90581020	      6.66657876	    -28.77970732
      1.90598241	      6.66005093	    -28.78147680
      1.90612449	      6.65466532	    -28.78293666
      1.90626657	      6.64927970	    -28.78439651
      1.90640865	      6.64389409	    -28.78585637
      1.90655073	      6.63850848	    -28.78731623
      1.90669281	      6.63312287	    -28.78877609
      1.90683489	      6.62773725	    -28.79023595
      1.90697697	      6.62235164	    -28.79169581
      1.90711905	      6.61696603	    -28.79315566
      1.90730718	      6.60983518	    -28.79508860
      1.90749530	      6.60270433	    -28.79702153
      1.90774930	      6.59307631	    -28.79963136
      1.90800330	      6.58344828	    -28.80224120
      1.90820319	      6.57587142	    -28.80429503
      1.90836759	      6.56963957	    -28.80598427
      1.90850941	      6.56426377	    -28.80744147
      1.90865124	      6.55888796	    -28.80889867
      1.90875640	      6.55490188	    -28.80997917
      1.90886155	      6.55091579	    -28.81105966
      1.90896671	      6.54692970	    -28.81214016
      1.90907187	      6.54294362	    -28.81322065
      1.90917703	      6.53895753	    -28.81430114
      1.90928219	      6.53497144	    -28.81538164
      1.90939438	      6.53071891	    -28.81653436
      1.90950656	      6.52646637	    -28.81768708
      1.90961875	      6.52221384	    -28.81883980
      1.90973094	      6.51796130	    -28.81999251
      1.90988238	      6.51222086	    -28.82154856
      1.91003382	      6.50645639	    -28.82340003
      1.91024686	      6.49823001	    -28.82744970
      1.91045989	      6.49000364	    -28.83149937
      1.91067292	      6.48177726	    -28.83554904
      1.91088595	      6.47355088	    -28.83959871
      1.91105158	      6.46715498	    -28.84274727
      1.91119486	      6.46162240	    -28.84547084
      1.91133813	      6.45608982	    -28.84819441
      1.91148140	      6.45055723	    -28.85091798
      1.91162467	      6.44502465	    -28.85364155
      1.91176795	      6.43949207	    -28.85636513
      1.91191122	      6.43395949	    -28.85908870
      1.91205449	      6.42842690	    -28.86181227
      1.91219777	      6.42289432	    -28.86453584
      1.91238280	      6.41574931	    -28.86805317
      1.91256782	      6.40860430	    -28.87157051
      1.91283002	      6.39847963	    -28.87655466
      1.91309221	      6.38835496	    -28.88153882
      1.91329777	      6.38041712	    -28.88544645
      1.91346809	      6.37383987	    -28.88868429
      1.91361701	      6.36808932	    -28.89151516
      1.91376593	      6.36233877	    -28.89434603
      1.91385870	      6.35875631	    -28.89610960
      1.91395147	      6.35517385	    -28.89787316
      1.91404425	      6.35159139	    -28.89963673
      1.91413702	      6.34800894	    -28.90140030
      1.91422979	      6.34442648	    -28.90316386
      1.91432256	      6.34084402	    -28.90492743
      1.91444009	      6.33630544	    -28.90716168
      1.91452639	      6.33297309	    -28.90880212
      1.91461269	      6.32964074	    -28.91044257
      1.91473206	      6.32503086	    -28.91271191
      1.91485144	      6.32042098	    -28.91498125
      1.91500852	      6.31435523	    -28.91796729
      1.91516560	      6.30828948	    -28.92095333
      1.91538602	      6.29977793	    -28.92514338
      1.91560644	      6.29126638	    -28.92933343
      1.91586156	      6.28141446	    -28.93418332
      1.91606934	      6.27339121	    -28.93813299
      1.91624962	      6.26642949	    -28.94156010
      1.91642990	      6.25946776	    -28.94498721
      1.91658352	      6.25353580	    -28.94790738
      1.91673713	      6.24760384	    -28.95082756
      1.91689075	      6.24167188	    -28.95374774
      1.91704436	      6.23573992	    -28.95666791
      1.91719798	      6.22980796	    -28.95958809
      1.91735159	      6.22387600	    -28.96250826
      1.91750521	      6.21794404	    -28.96542844
      1.91772242	      6.20955620	    -28.96955759
      1.91793964	      6.20116836	    -28.97368675
      1.91820648	      6.19086402	    -28.97875935
      1.91847333	      6.18055967	    -28.98383196
      1.91866789	      6.17304645	    -28.98753055
      1.91883609	      6.16655140	    -28.99072793
      1.91900428	      6.16005634	    -28.99392531
      1.91911830	      6.15565358	    -28.99609269
      1.91920292	      6.15238572	    -28.99770139
      1.91928755	      6.14911786	    -28.99931008
      1.91937218	      6.14585001	    -29.00091878
      1.91945680	      6.14258215	    -29.00252747
      1.91954143	      6.13931429	    -29.00413617
      1.91964472	      6.13532553	    -29.00609975
      1.91974801	      6.13133678	    -29.00806333
      1.91987915	      6.12627294	    -29.01055614
      1.92001028	      6.12118540	    -29.01308042
      1.92014142	      6.11581920	    -29.01597441
      1.92030364	      6.10918059	    -29.01955462
      1.92046587	      6.10254199	    -29.02313482
      1.92069162	      6.09330421	    -29.02811677
      1.92096689	      6.08203972	    -29.03419171
      1.92124216	      6.07077523	    -29.04026666
      1.92146613	      6.06161006	    -29.04520945
      1.92165812	      6.05375342	    -29.04944654
      1.92181671	      6.04726381	    -29.05294639
      1.92197530	      6.04077421	    -29.05644624
      1.92213388	      6.03428460	    -29.05994609
      1.92229247	      6.02779499	    -29.06344594
      1.92245106	      6.02130538	    -29.06694579
      1.92260965	      6.01481578	    -29.07044564
      1.92276823	      6.00832617	    -29.07394550
      1.92292682	      6.00183656	    -29.07744535
      1.92314957	      5.99272147	    -29.08236112
      1.92337231	      5.98360637	    -29.08727690
      1.92365739	      5.97194046	    -29.09356834
      1.92394247	      5.96027455	    -29.09985978
      1.92416555	      5.95114586	    -29.10478288
      1.92435662	      5.94332731	    -29.10899944
      1.92454768	      5.93550876	    -29.11321599
      1.92471146	      5.92880652	    -29.11683051
      1.92479453	      5.92540729	    -29.11866372
      1.92486161	      5.92266210	    -29.12014420
      1.92492870	      5.91991692	    -29.12162468
      1.92499578	      5.91717173	    -29.12310516
      1.92506287	      5.91442655	    -29.12458564
      1.92512995	      5.91168136	    -29.12606612
      1.92519703	      5.90893617	    -29.12754660
      1.92526412	      5.90619099	    -29.12902709
      1.92537429	      5.90168244	    -29.13145855
      1.92552484	      5.89552200	    -29.13478088
      1.92567538	      5.88936155	    -29.13810322
      1.92582592	      5.88320111	    -29.14142555
      1.92601306	      5.87554321	    -29.14555546
      1.92620020	      5.86788531	    -29.14968537
      1.92646073	      5.85722410	    -29.15543497
      1.92672126	      5.84656289	    -29.16118457
      1.92698178	      5.83590168	    -29.16693417
      1.92724231	      5.82524047	    -29.17268377
      1.92742597	      5.81772514	    -29.17673680
      1.92760962	      5.81020980	    -29.18078982
      1.92779327	      5.80269446	    -29.18484285
      1.92797692	      5.79517913	    -29.18889588
      1.92813739	      5.78861272	    -29.19243715
      1.92829785	      5.78204631	    -29.19597842
      1.92845832	      5.77547990	    -29.19951969
      1.92865528	      5.76742004	    -29.20386638
      1.92885224	      5.75936017	    -29.20821307
      1.92910410	      5.74905350	    -29.21377147
      1.92935597	      5.73874682	    -29.21932987
      1.92970257	      5.72456327	    -29.22697907
      1.92996795	      5.71370370	    -29.23283565
      1.93019095	      5.70391553	    -29.23743751
      1.93041396	      5.69401618	    -29.24198572
      1.93063697	      5.68411682	    -29.24653393
      1.93076116	      5.67860386	    -29.24906683
      1.93086439	      5.67402126	    -29.25117229
      1.93096763	      5.66943865	    -29.25327775
      1.93107086	      5.66485604	    -29.25538320
      1.93117409	      5.66027343	    -29.25748866
      1.93127733	      5.65569083	    -29.25959411
      1.93144754	      5.64813492	    -29.26306564
      1.93161776	      5.64057901	    -29.26653716
      1.93178797	      5.63302311	    -29.27000868
      1.93195819	      5.62546720	    -29.27348021
      1.93218667	      5.61532479	    -29.27814009
      1.93241515	      5.60518237	    -29.28279997
      1.93273592	      5.59094340	    -29.28934199
      1.93305668	      5.57670443	    -29.29588402
      1.93330012	      5.56589832	    -29.30084883
      1.93350794	      5.55667268	    -29.30508750
      1.93371577	      5.54744705	    -29.30932617
      1.93392360	      5.53822141	    -29.31356485
      1.93413143	      5.52899577	    -29.31780352
      1.93433926	      5.51977014	    -29.32204219
      1.93452532	      5.51151078	    -29.32583691
      1.93471138	      5.50325143	    -29.32963163
      1.93489745	      5.49499207	    -29.33342635
      1.93513809	      5.48430997	    -29.33833419
      1.93537872	      5.47362787	    -29.34324202
      1.93569622	      5.45953415	    -29.34971731
      1.93601371	      5.44544043	    -29.35619260
      1.93628263	      5.43350288	    -29.36167725
      1.93651120	      5.42335674	    -29.36633884
      1.93673977	      5.41321060	    -29.37100044
      1.93696833	      5.40306445	    -29.37566203
      1.93710323	      5.39707621	    -29.37841330
      1.93723813	      5.39108797	    -29.38116456
      1.93737303	      5.38509973	    -29.38391583
      1.93750793	      5.37911149	    -29.38666710
      1.93764283	      5.37312325	    -29.38941837
      1.93784105	      5.36432397	    -29.39346115
      1.93803928	      5.35552469	    -29.39750393
      1.93823750	      5.34672542	    -29.40154672
      1.93843573	      5.33792614	    -29.40558950
      1.93870600	      5.32592833	    -29.41110183
      1.93903193	      5.31146040	    -29.41774905
      1.93935994	      5.29689989	    -29.42443881
      1.93962558	      5.28510778	    -29.42985663
      1.93985760	      5.27480822	    -29.43458871
      1.94006357	      5.26540314	    -29.43846348
      1.94024892	      5.25641156	    -29.44129328
      1.94043426	      5.24741998	    -29.44412309
      1.94061961	      5.23842840	    -29.44695290
      1.94080496	      5.22943682	    -29.44978271
      1.94099030	      5.22044523	    -29.45261251
      1.94117565	      5.21145365	    -29.45544232
      1.94139819	      5.20065739	    -29.45884009
      1.94162074	      5.18986113	    -29.46223786
      1.94191238	      5.17571301	    -29.46669052
      1.94220402	      5.16156489	    -29.47114318
      1.94249566	      5.14741677	    -29.47559584
      1.94278729	      5.13326865	    -29.48004850
      1.94300970	      5.12247916	    -29.48344414
      1.94323211	      5.11168966	    -29.48683978
      1.94341855	      5.10264508	    -29.48968627
      1.94355650	      5.09595249	    -29.49179255
      1.94369446	      5.08925989	    -29.49389882
      1.94383241	      5.08256729	    -29.49600510
      1.94397037	      5.07587470	    -29.49811138
      1.94410833	      5.06918210	    -29.50021765
      1.94430628	      5.05957883	    -29.50323997
      1.94450423	      5.04997556	    -29.50626229
      1.94470219	      5.04037229	    -29.50928461
      1.94490014	      5.03076901	    -29.51230692
      1.94517658	      5.01735846	    -29.51652746
      1.94545301	      5.00394791	    -29.52074799
      1.94576826	      4.98865474	    -29.52556102
      1.94603492	      4.97571832	    -29.52963233
      1.94625200	      4.96518712	    -29.53294668
      1.94643793	      4.95616697	    -29.53578549
      1.94662387	      4.94714681	    -29.53862429
      1.94680980	      4.93812665	    -29.54146309
      1.94699574	      4.92910649	    -29.54430189
      1.94718167	      4.92008633	    -29.54714069
      1.94736761	      4.91106617	    -29.54997949
      1.94755354	      4.90204602	    -29.55281829
      1.94773948	      4.89302586	    -29.55565709
      1.94798365	      4.88118035	    -29.55938508
      1.94822783	      4.86933484	    -29.56311307
      1.94854824	      4.85379071	    -29.56800508
      1.94886866	      4.83824659	    -29.57289708
      1.94911333	      4.82637700	    -29.57663265
      1.94932509	      4.81610368	    -29.57986584
      1.94953686	      4.80583037	    -29.58309903
      1.94972051	      4.79692126	    -29.58590288
      1.94984656	      4.79080610	    -29.58782743
      1.94995696	      4.78545022	    -29.58951302
      1.95006736	      4.77980611	    -29.59071538
      1.95017776	      4.77397785	    -29.59160901
      1.95028817	      4.76814958	    -29.59250264
      1.95044478	      4.75988173	    -29.59377032
      1.95062986	      4.75011140	    -29.59526836
      1.95081493	      4.74034108	    -29.59676641
      1.95100000	      4.73057076	    -29.59826446
      1.95122947	      4.71845709	    -29.60012180
      1.95145893	      4.70634342	    -29.60197915
      1.95177781	      4.68950962	    -29.60456021
      1.95209668	      4.67267581	    -29.60714128
      1.95232059	      4.66085532	    -29.60895367
      1.95251508	      4.65058783	    -29.61052795
      1.95270957	      4.64032033	    -29.61210223
      1.95287880	      4.63138668	    -29.61347199
      1.95304803	      4.62245303	    -29.61484176
      1.95321725	      4.61351938	    -29.61621152
      1.95338648	      4.60458574	    -29.61758128
      1.95355570	      4.59565209	    -29.61895105
      1.95372493	      4.58671844	    -29.62032081
      1.95393207	      4.57578317	    -29.62199747
      1.95413921	      4.56484790	    -29.62367414
      1.95441434	      4.55032372	    -29.62590108
      1.95468946	      4.53579955	    -29.62812802
      1.95496458	      4.52127537	    -29.63035495
      1.95518130	      4.50983491	    -29.63210908
      1.95537032	      4.49985606	    -29.63363910
      1.95555934	      4.48987721	    -29.63516912
      1.95571069	      4.48188768	    -29.63639413
      1.95580923	      4.47668544	    -29.63719177
      1.95588555	      4.47265618	    -29.63780956
      1.95595047	      4.46922930	    -29.63833499
      1.95601538	      4.46580243	    -29.63886042
      1.95608030	      4.46237555	    -29.63938585
      1.95614521	      4.45894867	    -29.63991128
      1.95624015	      4.45393663	    -29.64067976
      1.95636420	      4.44738801	    -29.64168383
      1.95652620	      4.43883547	    -29.64299516
      1.95668821	      4.43028294	    -29.64430649
      1.95685022	      4.42173040	    -29.64561782
      1.95704969	      4.41120016	    -29.64723238
      1.95724916	      4.40066992	    -29.64884695
      1.95752907	      4.38589290	    -29.65111265
      1.95780898	      4.37111588	    -29.65337836
      1.95803952	      4.35894575	    -29.65524436
      1.95823787	      4.34847436	    -29.65684990
      1.95840082	      4.33987183	    -29.65816889
      1.95856378	      4.33126931	    -29.65948789
      1.95872673	      4.32266678	    -29.66080688
      1.95888968	      4.31406426	    -29.66212588
      1.95905264	      4.30546173	    -29.66344487
      1.95921559	      4.29685920	    -29.66476386
      1.95937854	      4.28825668	    -29.66608286
      1.95954150	      4.27965415	    -29.66740185
      1.95974962	      4.26866707	    -29.66908646
      1.95995774	      4.25767999	    -29.67077107
      1.96023536	      4.24207690	    -29.67116512
      1.96051297	      4.22630370	    -29.67122649
      1.96073143	      4.21389145	    -29.67127478
      1.96091511	      4.20345545	    -29.67131538
      1.96109879	      4.19301945	    -29.67135598
      1.96128247	      4.18258345	    -29.67139658
      1.96135012	      4.17873968	    -29.67141154
      1.96141777	      4.17489591	    -29.67142649
      1.96148542	      4.17105214	    -29.67144144
      1.96155308	      4.16720838	    -29.67145640
      1.96163658	      4.16246397	    -29.67147486
      1.96172008	      4.15771956	    -29.67149331
      1.96179491	      4.15346841	    -29.67150985
      1.96186973	      4.14921726	    -29.67152639
      1.96199935	      4.14185238	    -29.67155504
      1.96212898	      4.13448751	    -29.67158370
      1.96225860	      4.12712263	    -29.67161235
      1.96242101	      4.11789510	    -29.67164825
      1.96258342	      4.10866758	    -29.67168415
      1.96280223	      4.09623547	    -29.67173252
      1.96302104	      4.08380337	    -29.67178088
      1.96329188	      4.06841500	    -29.67184075
      1.96351317	      4.05584215	    -29.67188966
      1.96369558	      4.04547808	    -29.67192999
      1.96384857	      4.03678585	    -29.67196380
      1.96400155	      4.02809362	    -29.67199762
      1.96415454	      4.01940138	    -29.67203144
      1.96430753	      4.01070915	    -29.67206525
      1.96446051	      4.00201692	    -29.67209907
      1.96461350	      3.99332469	    -29.67213289
      1.96476649	      3.98463246	    -29.67216670
      1.96491947	      3.97594023	    -29.67220052
      1.96511104	      3.96505592	    -29.67224287
      1.96530261	      3.95417162	    -29.67228521
      1.96556950	      3.93900768	    -29.67234421
      1.96583639	      3.92384374	    -29.67240320
      1.96604436	      3.91202807	    -29.67244917
      1.96621779	      3.90217417	    -29.67248750
      1.96637219	      3.89340140	    -29.67252163
      1.96652660	      3.88462863	    -29.67255577
      1.96659442	      3.88077509	    -29.67257076
      1.96666224	      3.87692154	    -29.67258575
      1.96674599	      3.87216358	    -29.67260426
      1.96682973	      3.86740562	    -29.67262277
      1.96691347	      3.86264767	    -29.67264128
      1.96699721	      3.85788971	    -29.67265979
      1.96708095	      3.85313175	    -29.67267830
      1.96716470	      3.84837380	    -29.67269681
      1.96727334	      3.84220105	    -29.67272083
      1.96738198	      3.83602831	    -29.67274484
      1.96751538	      3.82844927	    -29.67277433
      1.96764877	      3.82087023	    -29.67280381
      1.96782076	      3.81109817	    -29.67284183
      1.96799276	      3.80132610	    -29.67287985
      1.96823354	      3.78764557	    -29.67293307
      1.96847432	      3.77396503	    -29.67298630
      1.96871511	      3.76028449	    -29.67303952
      1.96888700	      3.75051820	    -29.67307752
      1.96903733	      3.74197673	    -29.67311075
      1.96918766	      3.73343526	    -29.67314398
      1.96932192	      3.72580738	    -29.67317365
      1.96945617	      3.71817951	    -29.67320333
      1.96959042	      3.71055164	    -29.67323301
      1.96972468	      3.70292376	    -29.67326268
      1.96985893	      3.69529589	    -29.67329236
      1.96999319	      3.68766802	    -29.67332203
      1.97016438	      3.67736704	    -29.67213804
      1.97037038	      3.66494319	    -29.67065238
      1.97057639	      3.65251935	    -29.66916672
      1.97084003	      3.63661901	    -29.66726534
      1.97106593	      3.62299555	    -29.66563623
      1.97124692	      3.61207986	    -29.66433092
      1.97140186	      3.60273547	    -29.66321350
      1.97155680	      3.59339107	    -29.66209609
      1.97166414	      3.58691799	    -29.66132203
      1.97174963	      3.58176176	    -29.66070544
      1.97183513	      3.57660552	    -29.66008885
      1.97192063	      3.57144928	    -29.65947226
      1.97200612	      3.56629305	    -29.65885567
      1.97209162	      3.56113681	    -29.65823909
      1.97217712	      3.55598058	    -29.65762250
      1.97228335	      3.54957363	    -29.65685635
      1.97239678	      3.54273274	    -29.65603830
      1.97251021	      3.53589185	    -29.65522026
      1.97262364	      3.52905096	    -29.65440222
      1.97277411	      3.51997616	    -29.65331704
      1.97292458	      3.51090137	    -29.65223187
      1.97313223	      3.49837859	    -29.65073438
      1.97333987	      3.48585580	    -29.64923689
      1.97359570	      3.47042666	    -29.64739185
      1.97379735	      3.45826537	    -29.64593759
      1.97396574	      3.44810972	    -29.64472317
      1.97410522	      3.43969787	    -29.64371727
      1.97424470	      3.43128601	    -29.64271137
      1.97438418	      3.42287416	    -29.64170547
      1.97452366	      3.41446230	    -29.64069957
      1.97466314	      3.40605045	    -29.63969367
      1.97480262	      3.39763860	    -29.63868777
      1.97494209	      3.38922674	    -29.63768187
      1.97508157	      3.38081489	    -29.63667597
      1.97527070	      3.36940885	    -29.63531202
      1.97545982	      3.35800282	    -29.63394807
      1.97571314	      3.34272577	    -29.63212123
      1.97596645	      3.32744873	    -29.63029438
      1.97616850	      3.31526341	    -29.62883724
      1.97633634	      3.30514111	    -29.62762681
      1.97648552	      3.29614365	    -29.62655088
      1.97663471	      3.28714620	    -29.62547495
      1.97670063	      3.28317079	    -29.62499957
      1.97676655	      3.27919539	    -29.62452419
      1.97685590	      3.27380659	    -29.62387979
      1.97694525	      3.26841780	    -29.62323539
      1.97703460	      3.26302900	    -29.62259099
      1.97712396	      3.25764020	    -29.62194659
      1.97721331	      3.25225141	    -29.62130219
      1.97730878	      3.24649348	    -29.62061365
      1.97740426	      3.24073555	    -29.61992511
      1.97752258	      3.23359955	    -29.61907178
      1.97764090	      3.22646356	    -29.61821845
      1.97779127	      3.21739501	    -29.61713402
      1.97794164	      3.20832647	    -29.61604959
      1.97814984	      3.19576990	    -29.61454806
      1.97835804	      3.18321334	    -29.61304653
      1.97860879	      3.16809118	    -29.61123821
      1.97881591	      3.15560005	    -29.60974450
      1.97898197	      3.14558457	    -29.60854684
      1.97912341	      3.13705467	    -29.60752683
      1.97926485	      3.12852478	    -29.60650681
      1.97940628	      3.11999488	    -29.60548679
      1.97954772	      3.11146498	    -29.60446678
      1.97968915	      3.10293508	    -29.60344676
      1.97983059	      3.09440519	    -29.60242675
      1.97997203	      3.08587529	    -29.60140673
      1.98011346	      3.07702500	    -29.59968879
      1.98029751	      3.06540527	    -29.59722931
      1.98048157	      3.05378553	    -29.59476982
      1.98074244	      3.03731576	    -29.59128376
      1.98100331	      3.02084599	    -29.58779770
      1.98121239	      3.00764631	    -29.58500380
      1.98138687	      2.99663078	    -29.58267220
      1.98154283	      2.98678443	    -29.58058808
      1.98169880	      2.97693808	    -29.57850396
      1.98176751	      2.97259980	    -29.57758570
      1.98183623	      2.96826152	    -29.57666744
      1.98190495	      2.96392323	    -29.57574918
      1.98199135	      2.95846829	    -29.57459456
      1.98207775	      2.95301335	    -29.57343994
      1.98216416	      2.94755840	    -29.57228533
      1.98225056	      2.94210346	    -29.57113071
      1.98233696	      2.93664852	    -29.56997609
      1.98246428	      2.92861083	    -29.56827480
      1.98259159	      2.92057314	    -29.56657351
      1.98271891	      2.91253545	    -29.56487221
      1.98287460	      2.90270600	    -29.56279167
      1.98303029	      2.89287655	    -29.56071113
      1.98324542	      2.87929473	    -29.55783634
      1.98346055	      2.86571291	    -29.55496155
      1.98373820	      2.84818401	    -29.55125131
      1.98394394	      2.83519545	    -29.54850209
      1.98412234	      2.82393218	    -29.54611806
      1.98430075	      2.81266892	    -29.54373403
      1.98445520	      2.80291783	    -29.54167007
      1.98460965	      2.79316674	    -29.53960611
      1.98476411	      2.78341566	    -29.53754216
      1.98491856	      2.77366457	    -29.53547820
      1.98507301	      2.76391349	    -29.53341424
      1.98522747	      2.75416240	    -29.53135028
      1.98538192	      2.74441132	    -29.52928633
      1.98559791	      2.73077512	    -29.52640003
      1.98581390	      2.71713892	    -29.52351373
      1.98608077	      2.70029066	    -29.51994756
      1.98634764	      2.68344241	    -29.51638138
      1.98654234	      2.67115044	    -29.51377961
      1.98671346	      2.66034681	    -29.51149287
      1.98688459	      2.64954318	    -29.50920612
      1.98700656	      2.64184298	    -29.50757626
      1.98707309	      2.63764275	    -29.50668723
      1.98713962	      2.63344252	    -29.50579819
      1.98720615	      2.62924229	    -29.50490915
      1.98727268	      2.62504206	    -29.50402011
      1.98733921	      2.62084182	    -29.50313107
      1.98740573	      2.61664159	    -29.50224203
      1.98747226	      2.61244136	    -29.50135299
      1.98753879	      2.60824113	    -29.50046395
      1.98766789	      2.60009066	    -29.49873879
      1.98779699	      2.59194020	    -29.49701362
      1.98792609	      2.58378973	    -29.49528846
      1.98808618	      2.57368292	    -29.49314921
      1.98824627	      2.56357611	    -29.49100996
      1.98846153	      2.54998606	    -29.48813343
      1.98872207	      2.53353720	    -29.48465179
      1.98900183	      2.51587537	    -29.48091341
      1.98923330	      2.50126176	    -29.47782023
      1.98943287	      2.48866239	    -29.47515339
      1.98959969	      2.47813033	    -29.47292413
      1.98974400	      2.46901999	    -29.47099579
      1.98988830	      2.45990965	    -29.46906746
      1.99003260	      2.45072916	    -29.46699680
      1.99017691	      2.44130835	    -29.46443856
      1.99032121	      2.43188755	    -29.46188031
      1.99046552	      2.42246674	    -29.45932207
      1.99060982	      2.41304594	    -29.45676383
      1.99080443	      2.40034111	    -29.45331380
      1.99099903	      2.38763628	    -29.44986377
      1.99125583	      2.37087152	    -29.44531126
      1.99151262	      2.35410676	    -29.44075874
      1.99178148	      2.33655490	    -29.43599249
      1.99199871	      2.32237291	    -29.43214133
      1.99218874	      2.30996703	    -29.42877248
      1.99237877	      2.29756115	    -29.42540363
      1.99252779	      2.28783229	    -29.42276174
      1.99263243	      2.28100076	    -29.42090662
      1.99272039	      2.27525806	    -29.41934718
      1.99280836	      2.26951536	    -29.41778773
      1.99289632	      2.26377266	    -29.41622828
      1.99298429	      2.25802996	    -29.41466884
      1.99309670	      2.25069105	    -29.41267594
      1.99325892	      2.24010098	    -29.40980018
      1.99342113	      2.22951090	    -29.40692442
      1.99358334	      2.21892083	    -29.40404865
      1.99374556	      2.20833075	    -29.40117289
      1.99396383	      2.19408118	    -29.39730339
      1.99418210	      2.17983161	    -29.39343388
      1.99447680	      2.16059222	    -29.38820937
      1.99477150	      2.14135283	    -29.38298487
      1.99499290	      2.12689840	    -29.37905973
      1.99517537	      2.11498606	    -29.37582490
      1.99533773	      2.10438651	    -29.37294657
      1.99550009	      2.09378697	    -29.37006823
      1.99566245	      2.08318742	    -29.36718990
      1.99582481	      2.07258788	    -29.36431157
      1.99598717	      2.06198833	    -29.36143323
      1.99614953	      2.05138879	    -29.35855490
      1.99631189	      2.04078924	    -29.35567657
      1.99652328	      2.02698826	    -29.35192888
      1.99673468	      2.01318729	    -29.34818119
      1.99701306	      1.99501359	    -29.34324607
      1.99729143	      1.97683990	    -29.33831096
      1.99758473	      1.95769209	    -29.33311132
      1.99782370	      1.94209147	    -29.32887493
      1.99803575	      1.92824761	    -29.32511560
      1.99824780	      1.91440375	    -29.32135626
      1.99841506	      1.90348457	    -29.31839113
      1.99854358	      1.89509387	    -29.31611261
      1.99867211	      1.88670316	    -29.31383410
      1.99880063	      1.87831246	    -29.31155558
      1.99892916	      1.86992175	    -29.30927706
      1.99908469	      1.85976781	    -29.30651973
      1.99927123	      1.84758980	    -29.30321276
      1.99945777	      1.83541179	    -29.29990579
      1.99964431	      1.82323378	    -29.29659882
      1.99987370	      1.80825779	    -29.29253205
      2.00010310	      1.79311937	    -29.28821766
      2.00042340	      1.77170425	    -29.28177004
      2.00074369	      1.75028913	    -29.27532243
      2.00098050	      1.73445657	    -29.27055560
      2.00118344	      1.72088788	    -29.26647037
      2.00138638	      1.70731920	    -29.26238514
      2.00158932	      1.69375051	    -29.25829991
      2.00179226	      1.68018182	    -29.25421468
      2.00199520	      1.66661314	    -29.25012945
      2.00219815	      1.65304445	    -29.24604422
      2.00240109	      1.63947576	    -29.24195899
      2.00260403	      1.62590707	    -29.23787376
      2.00285275	      1.60927778	    -29.23286705
      2.00310147	      1.59264848	    -29.22786034
      2.00342203	      1.57121575	    -29.22140742
      2.00374259	      1.54978302	    -29.21495450
      2.00399546	      1.53287586	    -29.20986413
      2.00421869	      1.51795061	    -29.20537047
      2.00444193	      1.50302536	    -29.20087681
      2.00462205	      1.49098253	    -29.19725098
      2.00476643	      1.48132876	    -29.19434445
      2.00491082	      1.47167499	    -29.19143791
      2.00505521	      1.46202122	    -29.18853138
      2.00519960	      1.45236745	    -29.18562484
      2.00539836	      1.43907800	    -29.18162369
      2.00559713	      1.42578856	    -29.17762253
      2.00579589	      1.41249911	    -29.17362138
      2.00599466	      1.39920967	    -29.16962022
      2.00625869	      1.38155686	    -29.16430535
      2.00652271	      1.36390404	    -29.15899048
      2.00691098	      1.33794454	    -29.15117465
      2.00717357	      1.32038765	    -29.14588867
      2.00740636	      1.30482307	    -29.14120252
      2.00761166	      1.29109682	    -29.13706985
      2.00779472	      1.27885777	    -29.13338494
      2.00797777	      1.26661871	    -29.12970004
      2.00816083	      1.25437965	    -29.12601513
      2.00834388	      1.24214060	    -29.12233022
      2.00852694	      1.22990154	    -29.11864531
      2.00870999	      1.21766248	    -29.11496041
      2.00889305	      1.20542342	    -29.11127550
      2.00914594	      1.18851520	    -29.10618481
      2.00939883	      1.17160698	    -29.10109412
      2.00970764	      1.15095957	    -29.09487764
      2.01001646	      1.13029316	    -29.08865227
      2.01028127	      1.11228228	    -29.08317846
      2.01050823	      1.09684576	    -29.07848704
      2.01073519	      1.08140925	    -29.07379563
      2.01093403	      1.06788575	    -29.06968561
      2.01108330	      1.05773308	    -29.06660004
      2.01123257	      1.04758040	    -29.06351447
      2.01138185	      1.03742773	    -29.06042890
      2.01153112	      1.02727506	    -29.05734334
      2.01172019	      1.01441578	    -29.05343519
      2.01190925	      1.00155651	    -29.04952704
      2.01209832	      0.98869723	    -29.04561888
      2.01228739	      0.97583796	    -29.04171073
      2.01254369	      0.95840583	    -29.03641282
      2.01279999	      0.94097370	    -29.03111490
      2.01314046	      0.91781716	    -29.02407724
      2.01341980	      0.89881792	    -29.01830305
      2.01364938	      0.88320345	    -29.01355755
      2.01384016	      0.87022785	    -29.00961405
      2.01403094	      0.85725225	    -29.00567054
      2.01422171	      0.84427665	    -29.00172704
      2.01441249	      0.83130105	    -28.99778353
      2.01458060	      0.81986730	    -28.99430863
      2.01474871	      0.80843355	    -28.99083372
      2.01491682	      0.79699981	    -28.98735881
      2.01508493	      0.78556606	    -28.98388390
      2.01530764	      0.77041837	    -28.97928026
      2.01553036	      0.75527068	    -28.97467662
      2.01582871	      0.73497843	    -28.96850947
      2.01612706	      0.71468618	    -28.96234231
      2.01642542	      0.69439393	    -28.95617516
      2.01665057	      0.67908023	    -28.95152107
      2.01687573	      0.66376654	    -28.94686698
      2.01710088	      0.64845284	    -28.94221289
      2.01724215	      0.63884476	    -28.93929283
      2.01736787	      0.63029388	    -28.93669407
      2.01749359	      0.62174300	    -28.93409532
      2.01761931	      0.61319212	    -28.93149656
      2.01774504	      0.60464124	    -28.92889780
      2.01793851	      0.59148196	    -28.92489848
      2.01813199	      0.57832267	    -28.92089915
      2.01832547	      0.56516339	    -28.91689982
      2.01851895	      0.55200411	    -28.91290049
      2.01877365	      0.53468123	    -28.90763578
      2.01902834	      0.51735835	    -28.90237106
      2.01936561	      0.49441908	    -28.89539943
      2.01960240	      0.47831420	    -28.89050489
      2.01980455	      0.46456509	    -28.88632630
      2.01998289	      0.45243589	    -28.88264004
      2.02016122	      0.44016102	    -28.87911680
      2.02033955	      0.42787069	    -28.87561086
      2.02051789	      0.41558036	    -28.87210493
      2.02067493	      0.40475766	    -28.86901765
      2.02083196	      0.39393496	    -28.86593037
      2.02098900	      0.38311225	    -28.86284309
      2.02117832	      0.37006511	    -28.85912126
      2.02136763	      0.35701796	    -28.85539944
      2.02162577	      0.33922748	    -28.85032453
      2.02188392	      0.32143700	    -28.84524963
      2.02214206	      0.30364652	    -28.84017472
      2.02240020	      0.28585604	    -28.83509982
      2.02260075	      0.27203442	    -28.83115707
      2.02280130	      0.25821280	    -28.82721432
      2.02300186	      0.24439118	    -28.82327157
      2.02311905	      0.23631439	    -28.82096759
      2.02322074	      0.22930624	    -28.81896844
      2.02332243	      0.22229810	    -28.81696930
      2.02342412	      0.21528995	    -28.81497016
      2.02352581	      0.20828180	    -28.81297102
      2.02366108	      0.19895920	    -28.81031166
      2.02382993	      0.18732211	    -28.80699207
      2.02399879	      0.17568502	    -28.80367248
      2.02416764	      0.16404793	    -28.80035288
      2.02437306	      0.14989110	    -28.79631451
      2.02457848	      0.13573426	    -28.79227614
      2.02486561	      0.11594565	    -28.78663124
      2.02515275	      0.09615703	    -28.78098635
      2.02537042	      0.08115585	    -28.77670712
      2.02555245	      0.06861053	    -28.77312845
      2.02570625	      0.05801063	    -28.77010473
      2.02586006	      0.04741073	    -28.76708100
      2.02601387	      0.03681084	    -28.76405728
      2.02616767	      0.02621094	    -28.76103356
      2.02632148	      0.01561104	    -28.75800983
      2.02647528	      0.00501114	    -28.75498611
      2.02662909	     -0.00558876	    -28.75196239
      2.02678289	     -0.01618866	    -28.74893867
      2.02698595	     -0.03018298	    -28.74494665
      2.02718901	     -0.04417731	    -28.74095463
      2.02746603	     -0.06326920	    -28.73550849
      2.02774306	     -0.08236110	    -28.73006234
      2.02796338	     -0.09754534	    -28.72573089
      2.02814976	     -0.11038995	    -28.72206684
      2.02833614	     -0.12323457	    -28.71840279
      2.02852251	     -0.13607918	    -28.71473874
      2.02861762	     -0.14263378	    -28.71286898
      2.02869101	     -0.14769151	    -28.71142621
      2.02875012	     -0.15176548	    -28.71026408
      2.02880924	     -0.15583944	    -28.70910194
      2.02886835	     -0.15991340	    -28.70793980
      2.02892746	     -0.16398736	    -28.70677766
      2.02900724	     -0.16948553	    -28.70520926
      2.02910963	     -0.17654176	    -28.70319640
      2.02927033	     -0.18761667	    -28.70003718
      2.02943102	     -0.19869158	    -28.69687795
      2.02959172	     -0.20976648	    -28.69371873
      2.02975242	     -0.22084139	    -28.69055951
      2.02996465	     -0.23546762	    -28.68638724
      2.03017688	     -0.25023618	    -28.68259133
      2.03044727	     -0.26908872	    -28.67785090
      2.03067466	     -0.28494294	    -28.67386438
      2.03086176	     -0.29798802	    -28.67058422
      2.03101727	     -0.30883060	    -28.66785787
      2.03117278	     -0.31967319	    -28.66513153
      2.03132829	     -0.33051577	    -28.66240518
      2.03148380	     -0.34135835	    -28.65967883
      2.03163932	     -0.35220093	    -28.65695249
      2.03179483	     -0.36304351	    -28.65422614
      2.03195034	     -0.37388609	    -28.65149979
      2.03210585	     -0.38472868	    -28.64877345
      2.03229571	     -0.39796604	    -28.64544494
      2.03252414	     -0.41389278	    -28.64144019
      2.03275257	     -0.42981951	    -28.63743544
      2.03303057	     -0.44920256	    -28.63256161
      2.03323746	     -0.46362716	    -28.62893457
      2.03341237	     -0.47582263	    -28.62586804
      2.03358729	     -0.48801809	    -28.62280152
      2.03376220	     -0.50021356	    -28.61973499
      2.03383660	     -0.50540098	    -28.61843062
      2.03389500	     -0.50947247	    -28.61740685
      2.03395339	     -0.51354396	    -28.61638308
      2.03401179	     -0.51761546	    -28.61535932
      2.03408267	     -0.52255754	    -28.61411664
      2.03415355	     -0.52749962	    -28.61287396
      2.03422444	     -0.53244170	    -28.61163129
      2.03429532	     -0.53738377	    -28.61038861
      2.03441362	     -0.54563198	    -28.60831461
      2.03456236	     -0.55600280	    -28.60570689
      2.03471111	     -0.56637362	    -28.60309917
      2.03485985	     -0.57674444	    -28.60049144
      2.03504261	     -0.58948656	    -28.59728746
      2.03522536	     -0.60222867	    -28.59408348
      2.03548028	     -0.62000228	    -28.58961434
      2.03573520	     -0.63777588	    -28.58514520
      2.03593190	     -0.65149004	    -28.58169680
      2.03610127	     -0.66329885	    -28.57872750
      2.03624409	     -0.67325661	    -28.57622364
      2.03638691	     -0.68321436	    -28.57371978
      2.03652973	     -0.69317212	    -28.57121592
      2.03667255	     -0.70312987	    -28.56871207
      2.03681537	     -0.71308762	    -28.56620821
      2.03695819	     -0.72304538	    -28.56370435
      2.03710101	     -0.73300313	    -28.56120049
      2.03724383	     -0.74296089	    -28.55869663
      2.03743880	     -0.75655500	    -28.55527842
      2.03763378	     -0.77014911	    -28.55186020
      2.03789068	     -0.78806065	    -28.54735638
      2.03814758	     -0.80597218	    -28.54285256
      2.03834583	     -0.81979528	    -28.53937677
      2.03851400	     -0.83152048	    -28.53642849
      2.03868217	     -0.84324567	    -28.53348021
      2.03885034	     -0.85497086	    -28.53053193
      2.03890853	     -0.85902808	    -28.52951175
      2.03896673	     -0.86308531	    -28.52849157
      2.03902492	     -0.86714253	    -28.52747139
      2.03909876	     -0.87229082	    -28.52617686
      2.03917260	     -0.87743910	    -28.52488234
      2.03924644	     -0.88258739	    -28.52358781
      2.03932028	     -0.88773568	    -28.52229328
      2.03939412	     -0.89288397	    -28.52099875
      2.03953510	     -0.90271373	    -28.51852708
      2.03967608	     -0.91254349	    -28.51605540
      2.03981707	     -0.92237325	    -28.51358373
      2.03995805	     -0.93220301	    -28.51111205
      2.04014503	     -0.94535778	    -28.50823483
      2.04033201	     -0.95854674	    -28.50547351
      2.04058124	     -0.97612703	    -28.50179281
      2.04080327	     -0.99178812	    -28.49851391
      2.04102529	     -1.00744921	    -28.49523502
      2.04117740	     -1.01817825	    -28.49298873
      2.04131172	     -1.02765327	    -28.49100499
      2.04144605	     -1.03712829	    -28.48902125
      2.04158038	     -1.04660331	    -28.48703751
      2.04171470	     -1.05607833	    -28.48505376
      2.04184903	     -1.06555335	    -28.48307002
      2.04198335	     -1.07502836	    -28.48108628
      2.04211768	     -1.08450338	    -28.47910254
      2.04229098	     -1.09672763	    -28.47654320
      2.04246428	     -1.10895187	    -28.47398387
      2.04268813	     -1.12474136	    -28.47067810
      2.04295796	     -1.14377454	    -28.46669320
      2.04322779	     -1.16280772	    -28.46270831
      2.04341929	     -1.17631530	    -28.45988029
      2.04358589	     -1.18806724	    -28.45741984
      2.04375250	     -1.19981919	    -28.45495939
      2.04388837	     -1.20940306	    -28.45295286
      2.04395440	     -1.21406074	    -28.45197770
      2.04401185	     -1.21811302	    -28.45112929
      2.04406930	     -1.22216529	    -28.45028089
      2.04413861	     -1.22705459	    -28.44925724
      2.04420793	     -1.23194389	    -28.44823359
      2.04427724	     -1.23683319	    -28.44720993
      2.04434656	     -1.24172249	    -28.44618628
      2.04441587	     -1.24661179	    -28.44516263
      2.04454183	     -1.25549674	    -28.44330243
      2.04466779	     -1.26438168	    -28.44144223
      2.04479375	     -1.27326662	    -28.43958203
      2.04494733	     -1.28409994	    -28.43731391
      2.04510092	     -1.29493326	    -28.43504579
      2.04530918	     -1.30962394	    -28.43197006
      2.04551745	     -1.32431461	    -28.42889434
      2.04577718	     -1.34263536	    -28.42505861
      2.04599278	     -1.35784268	    -28.42187472
      2.04616514	     -1.37000104	    -28.41932918
      2.04631209	     -1.38036654	    -28.41715900
      2.04645904	     -1.39073204	    -28.41498883
      2.04660599	     -1.40109754	    -28.41281865
      2.04675294	     -1.41146305	    -28.41064847
      2.04689989	     -1.42182855	    -28.40847829
      2.04704685	     -1.43219405	    -28.40630811
      2.04719380	     -1.44255955	    -28.40413794
      2.04734075	     -1.45292505	    -28.40196776
      2.04752692	     -1.46605739	    -28.39921830
      2.04775170	     -1.48191252	    -28.39589878
      2.04797647	     -1.49776765	    -28.39257926
      2.04825759	     -1.51759663	    -28.38842776
      2.04847061	     -1.53262277	    -28.38528180
      2.04865150	     -1.54538197	    -28.38261047
      2.04883238	     -1.55814117	    -28.37993913
      2.04901327	     -1.57090037	    -28.37726780
      2.04910085	     -1.57707820	    -28.37597437
      2.04916472	     -1.58158374	    -28.37503107
      2.04922203	     -1.58562620	    -28.37418472
      2.04927934	     -1.58966866	    -28.37333836
      2.04933665	     -1.59371113	    -28.37249201
      2.04939396	     -1.59775359	    -28.37164566
      2.04945127	     -1.60179605	    -28.37079931
      2.04953958	     -1.60802530	    -28.36949512
      2.04966375	     -1.61678364	    -28.36766142
      2.04982601	     -1.62822904	    -28.36526515
      2.04998827	     -1.63967443	    -28.36286888
      2.05015053	     -1.65125245	    -28.36091520
      2.05031279	     -1.66284081	    -28.35899601
      2.05054248	     -1.67924508	    -28.35627924
      2.05081910	     -1.69900100	    -28.35300740
      2.05109572	     -1.71875693	    -28.34973555
      2.05129784	     -1.73319190	    -28.34734492
      2.05147904	     -1.74613277	    -28.34520174
      2.05164042	     -1.75765817	    -28.34329298
      2.05180179	     -1.76918356	    -28.34138422
      2.05196317	     -1.78070896	    -28.33947546
      2.05210814	     -1.79106203	    -28.33776085
      2.05225310	     -1.80141509	    -28.33604625
      2.05239806	     -1.81176815	    -28.33433164
      2.05254303	     -1.82212122	    -28.33261703
      2.05273172	     -1.83559783	    -28.33038512
      2.05295885	     -1.85181849	    -28.32769877
      2.05318597	     -1.86803914	    -28.32501241
      2.05341309	     -1.88425980	    -28.32232605
      2.05369158	     -1.90414937	    -28.31903207
      2.05389570	     -1.91872718	    -28.31661779
      2.05407749	     -1.93171046	    -28.31446758
      2.05425928	     -1.94469374	    -28.31231738
      2.05439524	     -1.95440361	    -28.31070929
      2.05449863	     -1.96178789	    -28.30948636
      2.05459011	     -1.96832089	    -28.30840440
      2.05468158	     -1.97485390	    -28.30732245
      2.05477306	     -1.98138691	    -28.30624049
      2.05486453	     -1.98791991	    -28.30515854
      2.05499862	     -1.99749591	    -28.30357263
      2.05515871	     -2.00892941	    -28.30167908
      2.05531880	     -2.02036292	    -28.29978554
      2.05547889	     -2.03179642	    -28.29789200
      2.05567723	     -2.04596147	    -28.29554608
      2.05587557	     -2.06012653	    -28.29320015
      2.05615787	     -2.08028814	    -28.28986112
      2.05644017	     -2.10044975	    -28.28652209
      2.05667369	     -2.11712739	    -28.28376005
      2.05686345	     -2.13067937	    -28.28151566
      2.05702207	     -2.14200777	    -28.27963952
      2.05718069	     -2.15333616	    -28.27776339
      2.05733931	     -2.16466455	    -28.27588725
      2.05749793	     -2.17599295	    -28.27401112
      2.05765655	     -2.18732134	    -28.27213498
      2.05781517	     -2.19864973	    -28.27025885
      2.05797379	     -2.20997813	    -28.26838272
      2.05816457	     -2.22360355	    -28.26612616
      2.05835535	     -2.23722897	    -28.26386961
      2.05860953	     -2.25538209	    -28.26086321
      2.05886371	     -2.27353522	    -28.25785681
      2.05919980	     -2.29753856	    -28.25388153
      2.05943568	     -2.31438443	    -28.25109163
      2.05964331	     -2.32921317	    -28.24863579
      2.05985094	     -2.34404190	    -28.24617995
      2.06002433	     -2.35644794	    -28.24419561
      2.06015374	     -2.36581333	    -28.24301835
      2.06028315	     -2.37517871	    -28.24184110
      2.06041256	     -2.38454409	    -28.24066384
      2.06054197	     -2.39390947	    -28.23948659
      2.06069755	     -2.40516825	    -28.23807132
      2.06087919	     -2.41831378	    -28.23641889
      2.06106084	     -2.43145931	    -28.23476646
      2.06124248	     -2.44460483	    -28.23311403
      2.06146862	     -2.46097047	    -28.23105683
      2.06169476	     -2.47733611	    -28.22899962
      2.06200144	     -2.49952965	    -28.22620983
      2.06230811	     -2.52172319	    -28.22342003
      2.06253256	     -2.53796680	    -28.22137816
      2.06272118	     -2.55161725	    -28.21966226
      2.06290981	     -2.56526770	    -28.21794636
      2.06309843	     -2.57891814	    -28.21623046
      2.06328705	     -2.59256859	    -28.21451456
      2.06347567	     -2.60621904	    -28.21279866
      2.06366430	     -2.61986948	    -28.21108276
      2.06385292	     -2.63351993	    -28.20936686
      2.06404154	     -2.64717038	    -28.20765096
      2.06427634	     -2.66416252	    -28.20551500
      2.06451114	     -2.68115466	    -28.20337904
      2.06482943	     -2.70418954	    -28.20048349
      2.06514773	     -2.72722442	    -28.19758794
      2.06540143	     -2.74558430	    -28.19528005
      2.06562418	     -2.76170444	    -28.19325370
      2.06584692	     -2.77782458	    -28.19122735
      2.06603161	     -2.79118997	    -28.18954728
      2.06617782	     -2.80177101	    -28.18821721
      2.06632403	     -2.81235206	    -28.18688714
      2.06647024	     -2.82293311	    -28.18555708
      2.06661645	     -2.83351416	    -28.18422701
      2.06682479	     -2.84859186	    -28.18233170
      2.06703313	     -2.86366956	    -28.18043639
      2.06724148	     -2.87874726	    -28.17854108
      2.06744982	     -2.89382496	    -28.17664577
      2.06772318	     -2.91360797	    -28.17415899
      2.06799655	     -2.93339097	    -28.17167221
      2.06831710	     -2.95658926	    -28.16875611
      2.06856944	     -2.97485099	    -28.16646056
      2.06879020	     -2.99082671	    -28.16445237
      2.06901095	     -3.00680243	    -28.16244417
      2.06920077	     -3.02053939	    -28.16071740
      2.06939058	     -3.03427634	    -28.15899062
      2.06958040	     -3.04801329	    -28.15726385
      2.06975106	     -3.06036353	    -28.15571139
      2.06992171	     -3.07271377	    -28.15415893
      2.07009237	     -3.08515468	    -28.15281323
      2.07031459	     -3.10145446	    -28.15128912
      2.07053680	     -3.11775424	    -28.14976501
      2.07082937	     -3.13921398	    -28.14775843
      2.07112193	     -3.16067372	    -28.14575184
      2.07141449	     -3.18213346	    -28.14374525
      2.07166565	     -3.20055607	    -28.14202265
      2.07188859	     -3.21690871	    -28.14049360
      2.07211153	     -3.23326135	    -28.13896455
      2.07228995	     -3.24634881	    -28.13774081
      2.07244113	     -3.25743812	    -28.13670391
      2.07259231	     -3.26852743	    -28.13566701
      2.07274349	     -3.27961674	    -28.13463011
      2.07289468	     -3.29070605	    -28.13359320
      2.07311785	     -3.30707604	    -28.13206253
      2.07334102	     -3.32344602	    -28.13053186
      2.07356420	     -3.33981601	    -28.12900119
      2.07378737	     -3.35618599	    -28.12747052
      2.07408808	     -3.37824283	    -28.12540810
      2.07438878	     -3.40029968	    -28.12334568
      2.07468948	     -3.42235652	    -28.12128326
      2.07492602	     -3.43970713	    -28.11966090
      2.07512084	     -3.45399703	    -28.11832473
      2.07529125	     -3.46649661	    -28.11715596
      2.07546166	     -3.47899620	    -28.11598719
      2.07563207	     -3.49149578	    -28.11481842
      2.07580247	     -3.50399537	    -28.11364965
      2.07597288	     -3.51649495	    -28.11248088
      2.07614329	     -3.52899453	    -28.11131211
      2.07631370	     -3.54149412	    -28.11014334
      2.07653268	     -3.55755647	    -28.10864143
      2.07675166	     -3.57361881	    -28.10713953
      2.07703493	     -3.59439723	    -28.10519665
      2.07731821	     -3.61517564	    -28.10325377
      2.07760148	     -3.63595406	    -28.10131089
      2.07785290	     -3.65439569	    -28.09958651
      2.07807109	     -3.67040028	    -28.09809000
      2.07828928	     -3.68640486	    -28.09659350
      2.07847328	     -3.69990078	    -28.09533157
      2.07862004	     -3.71066644	    -28.09432493
      2.07876681	     -3.72143209	    -28.09331829
      2.07891358	     -3.73219774	    -28.09231165
      2.07906035	     -3.74296339	    -28.09130501
      2.07926306	     -3.75783192	    -28.08991473
      2.07946576	     -3.77270044	    -28.08852445
      2.07966847	     -3.78756896	    -28.08713418
      2.07987117	     -3.80243749	    -28.08574390
      2.08014099	     -3.82230885	    -28.08411220
      2.08041081	     -3.84225303	    -28.08268054
      2.08074236	     -3.86675958	    -28.08092138
      2.08097607	     -3.88403479	    -28.07968130
      2.08117356	     -3.89863211	    -28.07863346
      2.08134883	     -3.91158710	    -28.07770350
      2.08152409	     -3.92454208	    -28.07677355
      2.08169936	     -3.93749707	    -28.07584360
      2.08187463	     -3.95045206	    -28.07491364
      2.08204989	     -3.96340705	    -28.07398369
      2.08222516	     -3.97636203	    -28.07305374
      2.08240042	     -3.98931702	    -28.07212378
      2.08257569	     -4.00227201	    -28.07119383
      2.08281499	     -4.01995969	    -28.06992415
      2.08305428	     -4.03764737	    -28.06865446
      2.08335380	     -4.05978663	    -28.06706523
      2.08365332	     -4.08192589	    -28.06547600
      2.08388016	     -4.09869294	    -28.06427240
      2.08408051	     -4.11350203	    -28.06320936
      2.08428086	     -4.12831111	    -28.06214631
      2.08444355	     -4.14033664	    -28.06128308
      2.08457221	     -4.14984677	    -28.06060041
      2.08470087	     -4.15935690	    -28.05991774
      2.08482953	     -4.16886703	    -28.05923507
      2.08495820	     -4.17837716	    -28.05855240
      2.08512319	     -4.19057293	    -28.05767694
      2.08532127	     -4.20521391	    -28.05662596
      2.08551934	     -4.21985489	    -28.05557498
      2.08571742	     -4.23449587	    -28.05452400
      2.08595672	     -4.25218419	    -28.05325427
      2.08619602	     -4.26987251	    -28.05198455
      2.08648780	     -4.29143955	    -28.05043639
      2.08672275	     -4.30880628	    -28.04918975
      2.08692357	     -4.32364981	    -28.04812423
      2.08709417	     -4.33626002	    -28.04721902
      2.08724170	     -4.34716492	    -28.04643623
      2.08738924	     -4.35806982	    -28.04565344
      2.08753677	     -4.36897472	    -28.04487065
      2.08768430	     -4.37987962	    -28.04408786
      2.08783183	     -4.39078452	    -28.04330507
      2.08797936	     -4.40168942	    -28.04252228
      2.08812689	     -4.41259432	    -28.04173948
      2.08831564	     -4.42654609	    -28.04073798
      2.08850439	     -4.44049785	    -28.03973647
      2.08875570	     -4.45907319	    -28.03840307
      2.08900700	     -4.47764852	    -28.03706967
      2.08927741	     -4.49763616	    -28.03563489
      2.08949463	     -4.51369239	    -28.03448232
      2.08968290	     -4.52760803	    -28.03348340
      2.08987116	     -4.54152367	    -28.03248449
      2.09003184	     -4.55343652	    -28.03165849
      2.09014480	     -4.56191280	    -28.03115343
      2.09024414	     -4.56936711	    -28.03070926
      2.09034347	     -4.57682141	    -28.03026509
      2.09044281	     -4.58427571	    -28.02982092
      2.09054215	     -4.59173002	    -28.02937675
      2.09068523	     -4.60246680	    -28.02873700
      2.09084913	     -4.61476647	    -28.02800411
      2.09101304	     -4.62706614	    -28.02727123
      2.09117695	     -4.63936581	    -28.02653835
      2.09138280	     -4.65481259	    -28.02561794
      2.09158864	     -4.67025936	    -28.02469754
      2.09186016	     -4.69063409	    -28.02348350
      2.09210185	     -4.70877070	    -28.02240282
      2.09231123	     -4.72448263	    -28.02146661
      2.09247911	     -4.73708048	    -28.02071596
      2.09262486	     -4.74801774	    -28.02006426
      2.09277061	     -4.75895501	    -28.01941256
      2.09291636	     -4.76989227	    -28.01876085
      2.09306212	     -4.78082954	    -28.01810915
      2.09320787	     -4.79176680	    -28.01745745
      2.09335362	     -4.80270407	    -28.01680575
      2.09349937	     -4.81364133	    -28.01615404
      2.09364512	     -4.82457860	    -28.01550234
      2.09383959	     -4.83917167	    -28.01463280
      2.09403406	     -4.85376474	    -28.01376327
      2.09430662	     -4.87421764	    -28.01254457
      2.09457918	     -4.89467054	    -28.01132587
      2.09479273	     -4.91069553	    -28.01037101
      2.09497424	     -4.92431643	    -28.00955940
      2.09515576	     -4.93793734	    -28.00874780
      2.09533727	     -4.95155824	    -28.00793619
      2.09543395	     -4.95881326	    -28.00750389
      2.09551417	     -4.96483252	    -28.00714523
      2.09559438	     -4.97085179	    -28.00678657
      2.09567460	     -4.97687105	    -28.00642791
      2.09575481	     -4.98289032	    -28.00606925
      2.09583502	     -4.98890959	    -28.00571059
      2.09596112	     -4.99837192	    -28.00514677
      2.09611030	     -5.00956671	    -28.00447972
      2.09625949	     -5.02076150	    -28.00381267
      2.09640867	     -5.03195629	    -28.00314562
      2.09659534	     -5.04596401	    -28.00231097
      2.09678201	     -5.05997174	    -28.00147631
      2.09703810	     -5.07918926	    -28.00033122
      2.09729420	     -5.09840678	    -27.99918613
      2.09749663	     -5.11359741	    -27.99828099
      2.09766483	     -5.12621874	    -27.99752894
      2.09781333	     -5.13736237	    -27.99686494
      2.09796183	     -5.14850600	    -27.99620094
      2.09811033	     -5.15964963	    -27.99553694
      2.09825883	     -5.17079327	    -27.99487294
      2.09840733	     -5.18193690	    -27.99420894
      2.09855584	     -5.19308053	    -27.99354494
      2.09870434	     -5.20422416	    -27.99288095
      2.09885284	     -5.21536780	    -27.99221695
      2.09905067	     -5.23021274	    -27.99133240
      2.09924849	     -5.24505769	    -27.99044786
      2.09950528	     -5.26432737	    -27.98929966
      2.09976207	     -5.28359705	    -27.98815147
      2.09996114	     -5.29853482	    -27.98726139
      2.10013168	     -5.31146821	    -27.98651599
      2.10030222	     -5.32444167	    -27.98577565
      2.10045096	     -5.33575635	    -27.98512998
      2.10053962	     -5.34250057	    -27.98474511
      2.10060633	     -5.34757557	    -27.98445550
      2.10066137	     -5.35176261	    -27.98421657
      2.10071641	     -5.35594966	    -27.98397763
      2.10077146	     -5.36013670	    -27.98373870
      2.10082650	     -5.36432375	    -27.98349976
      2.10089964	     -5.36988823	    -27.98318222
      2.10099410	     -5.37707333	    -27.98277220
      2.10114055	     -5.38821440	    -27.98213643
      2.10128701	     -5.39935546	    -27.98150066
      2.10143346	     -5.41049652	    -27.98086488
      2.10157992	     -5.42163759	    -27.98022911
      2.10177531	     -5.43650126	    -27.97938091
      2.10197070	     -5.45136494	    -27.97853271
      2.10222829	     -5.47096019	    -27.97741449
      2.10244623	     -5.48753862	    -27.97646843
      2.10264033	     -5.50230427	    -27.97562582
      2.10279390	     -5.51398681	    -27.97495915
      2.10292730	     -5.52413421	    -27.97438009
      2.10306069	     -5.53428161	    -27.97380102
      2.10319408	     -5.54442900	    -27.97322195
      2.10332748	     -5.55457640	    -27.97264288
      2.10346087	     -5.56472380	    -27.97206382
      2.10359426	     -5.57487119	    -27.97148475
      2.10372766	     -5.58501859	    -27.97090568
      2.10390046	     -5.59816431	    -27.97015552
      2.10407327	     -5.61131002	    -27.96940535
      2.10429861	     -5.62845142	    -27.96842716
      2.10452394	     -5.64559283	    -27.96744898
      2.10478337	     -5.66532829	    -27.96632277
      2.10498693	     -5.68081279	    -27.96543913
      2.10516108	     -5.69406118	    -27.96468311
      2.10533524	     -5.70730957	    -27.96392708
      2.10550940	     -5.72055795	    -27.96317105
      2.10559453	     -5.72703371	    -27.96280151
      2.10566094	     -5.73208550	    -27.96251323
      2.10571592	     -5.73626842	    -27.96227453
      2.10577091	     -5.74045133	    -27.96203583
      2.10582590	     -5.74463425	    -27.96179713
      2.10588088	     -5.74881717	    -27.96155843
      2.10595870	     -5.75473713	    -27.96122060
      2.10605915	     -5.76237809	    -27.96078456
      2.10620021	     -5.77310871	    -27.96017221
      2.10634127	     -5.78383932	    -27.95955987
      2.10648233	     -5.79456994	    -27.95894752
      2.10662339	     -5.80530056	    -27.95833517
      2.10681957	     -5.82022417	    -27.95748354
      2.10701575	     -5.83514778	    -27.95663192
      2.10727070	     -5.85454206	    -27.95552517
      2.10752565	     -5.87393634	    -27.95441843
      2.10770852	     -5.88784773	    -27.95362457
      2.10786074	     -5.89942746	    -27.95296376
      2.10799743	     -5.90982524	    -27.95237041
      2.10813411	     -5.92022301	    -27.95177705
      2.10827080	     -5.93062079	    -27.95118370
      2.10840748	     -5.94101856	    -27.95059034
      2.10854417	     -5.95141634	    -27.94999699
      2.10868085	     -5.96181411	    -27.94940363
      2.10881753	     -5.97221189	    -27.94881028
      2.10898831	     -5.98520288	    -27.94806894
      2.10915908	     -5.99819387	    -27.94732760
      2.10939397	     -6.01606182	    -27.94630796
      2.10962885	     -6.03392976	    -27.94528831
      2.10988357	     -6.05330620	    -27.94418259
      2.11009178	     -6.06921513	    -27.94323476
      2.11027090	     -6.08297696	    -27.94237142
      2.11045001	     -6.09673880	    -27.94150808
      2.11060548	     -6.10868386	    -27.94075871
      2.11070486	     -6.11631931	    -27.94027971
      2.11078771	     -6.12268502	    -27.93988036
      2.11087056	     -6.12905073	    -27.93948101
      2.11095342	     -6.13541644	    -27.93908166
      2.11103627	     -6.14178214	    -27.93868232
      2.11113790	     -6.14959070	    -27.93819245
      2.11128496	     -6.16088946	    -27.93748363
      2.11143201	     -6.17218823	    -27.93677481
      2.11157907	     -6.18348700	    -27.93606599
      2.11172613	     -6.19478577	    -27.93535717
      2.11192377	     -6.20997053	    -27.93440456
      2.11212140	     -6.22515530	    -27.93345196
      2.11239945	     -6.24651863	    -27.93211174
      2.11264785	     -6.26560352	    -27.93091446
      2.11285135	     -6.28123849	    -27.92993361
      2.11303106	     -6.29504648	    -27.92906738
      2.11321078	     -6.30885446	    -27.92820114
      2.11336375	     -6.32060756	    -27.92746382
      2.11351672	     -6.33236067	    -27.92672650
      2.11366969	     -6.34411377	    -27.92598917
      2.11382266	     -6.35586687	    -27.92525185
      2.11397563	     -6.36761997	    -27.92451453
      2.11412861	     -6.37937307	    -27.92377720
      2.11432103	     -6.39415765	    -27.92284970
      2.11455325	     -6.41199932	    -27.92173042
      2.11478547	     -6.42984100	    -27.92061113
      2.11501768	     -6.44768268	    -27.91949185
      2.11524990	     -6.46552436	    -27.91837256
      2.11545336	     -6.48115662	    -27.91739188
      2.11563535	     -6.49513946	    -27.91651468
      2.11581734	     -6.50912230	    -27.91563747
      2.11595152	     -6.51943186	    -27.91499071
      2.11606023	     -6.52778379	    -27.91446675
      2.11616893	     -6.53613573	    -27.91394280
      2.11627764	     -6.54448766	    -27.91341885
      2.11638634	     -6.55283959	    -27.91289490
      2.11652067	     -6.56316035	    -27.91224743
      2.11668433	     -6.57573470	    -27.91145859
      2.11684799	     -6.58830906	    -27.91066974
      2.11701165	     -6.60088341	    -27.90988090
      2.11721222	     -6.61629375	    -27.90891414
      2.11741279	     -6.63170408	    -27.90794738
      2.11769980	     -6.65375575	    -27.90656399
      2.11798681	     -6.67580742	    -27.90518059
      2.11821152	     -6.69307246	    -27.90409748
      2.11839777	     -6.70738210	    -27.90319977
      2.11855102	     -6.71915694	    -27.90246109
      2.11870428	     -6.73093178	    -27.90172240
      2.11885753	     -6.74270661	    -27.90098371
      2.11901079	     -6.75448145	    -27.90024503
      2.11916404	     -6.76625629	    -27.89950634
      2.11931729	     -6.77803113	    -27.89876765
      2.11947055	     -6.78980597	    -27.89802896
      2.11965601	     -6.80405531	    -27.89713504
      2.11984147	     -6.81830464	    -27.89624112
      2.12009242	     -6.83762731	    -27.89494423
      2.12034337	     -6.85702168	    -27.89349755
      2.12066989	     -6.88225656	    -27.89161521
      2.12090709	     -6.90058893	    -27.89024775
      2.12111514	     -6.91666755	    -27.88904841
      2.12132318	     -6.93274617	    -27.88784906
      2.12149727	     -6.94620021	    -27.88684549
      2.12163118	     -6.95654972	    -27.88607349
      2.12176510	     -6.96689922	    -27.88530150
      2.12189901	     -6.97724873	    -27.88452950
      2.12203292	     -6.98759823	    -27.88375750
      2.12220327	     -7.00076320	    -27.88277549
      2.12237361	     -7.01392816	    -27.88179348
      2.12254396	     -7.02709312	    -27.88081147
      2.12271430	     -7.04025808	    -27.87982946
      2.12294560	     -7.05813339	    -27.87849610
      2.12317689	     -7.07600870	    -27.87716273
      2.12348171	     -7.09956658	    -27.87540549
      2.12378653	     -7.12312446	    -27.87364824
      2.12400033	     -7.13964813	    -27.87241570
      2.12418170	     -7.15366476	    -27.87137016
      2.12436306	     -7.16768138	    -27.87032463
      2.12454443	     -7.18169801	    -27.86927909
      2.12472579	     -7.19571463	    -27.86823355
      2.12490715	     -7.20973126	    -27.86718801
      2.12508852	     -7.22374788	    -27.86614248
      2.12526988	     -7.23776450	    -27.86509694
      2.12545125	     -7.25178113	    -27.86405140
      2.12568322	     -7.26970883	    -27.86271413
      2.12591519	     -7.28763653	    -27.86137686
      2.12623446	     -7.31231122	    -27.85953631
      2.12655373	     -7.33698591	    -27.85769576
      2.12680767	     -7.35661129	    -27.85623185
      2.12703192	     -7.37394290	    -27.85493904
      2.12725618	     -7.39127451	    -27.85364623
      2.12744095	     -7.40555434	    -27.85258106
      2.12759056	     -7.41711701	    -27.85171857
      2.12774018	     -7.42867968	    -27.85085608
      2.12788979	     -7.44024234	    -27.84999359
      2.12803940	     -7.45180501	    -27.84913110
      2.12826508	     -7.46924622	    -27.84783011
      2.12849075	     -7.48668744	    -27.84652912
      2.12871643	     -7.50412866	    -27.84522814
      2.12894210	     -7.52156988	    -27.84392715
      2.12923644	     -7.54431719	    -27.84223037
      2.12953077	     -7.56706451	    -27.84053359
      2.12981082	     -7.58870842	    -27.83891911
      2.13004327	     -7.60667845	    -27.83752514
      2.13025237	     -7.62286599	    -27.83605896
      2.13046148	     -7.63905352	    -27.83459277
      2.13064881	     -7.65355610	    -27.83327920
      2.13083615	     -7.66805867	    -27.83196564
      2.13102349	     -7.68256124	    -27.83065207
      2.13121082	     -7.69706382	    -27.82933850
      2.13139816	     -7.71156639	    -27.82802493
      2.13158550	     -7.72606897	    -27.82671136
      2.13183384	     -7.74529448	    -27.82497001
      2.13208219	     -7.76451999	    -27.82322866
      2.13238983	     -7.78833549	    -27.82107157
      2.13269747	     -7.81215099	    -27.81891449
      2.13296010	     -7.83248255	    -27.81707296
      2.13318802	     -7.85012688	    -27.81547482
      2.13341594	     -7.86777121	    -27.81387669
      2.13360715	     -7.88257370	    -27.81253595
      2.13376542	     -7.89482573	    -27.81142623
      2.13392368	     -7.90707777	    -27.81031650
      2.13408195	     -7.91932981	    -27.80920677
      2.13424022	     -7.93158184	    -27.80809705
      2.13446794	     -7.94921084	    -27.80650030
      2.13469566	     -7.96683984	    -27.80490356
      2.13492338	     -7.98446884	    -27.80330681
      2.13515111	     -8.00209784	    -27.80171007
      2.13546047	     -8.02604720	    -27.79954085
      2.13576984	     -8.04999656	    -27.79737164
      2.13604822	     -8.07154697	    -27.79541972
      2.13627967	     -8.08946493	    -27.79379680
      2.13647020	     -8.10421430	    -27.79246088
      2.13663736	     -8.11715489	    -27.79128878
      2.13680452	     -8.13009548	    -27.79011669
      2.13697168	     -8.14303607	    -27.78894460
      2.13713884	     -8.15597666	    -27.78777250
      2.13730600	     -8.16891725	    -27.78660041
      2.13747316	     -8.18185784	    -27.78542832
      2.13764032	     -8.19479843	    -27.78425623
      2.13786129	     -8.21190465	    -27.78270683
      2.13808226	     -8.22901087	    -27.78115744
      2.13836569	     -8.25095248	    -27.77917008
      2.13864912	     -8.27289410	    -27.77718272
      2.13893256	     -8.29483571	    -27.77519536
      2.13918219	     -8.31416092	    -27.77344498
      2.13940097	     -8.33109769	    -27.77191093
      2.13961975	     -8.34803446	    -27.77037688
      2.13980107	     -8.36207144	    -27.76910549
      2.13995207	     -8.37376081	    -27.76804672
      2.14010307	     -8.38543142	    -27.76684534
      2.14025407	     -8.39709332	    -27.76557763
      2.14040506	     -8.40875522	    -27.76430992
      2.14062421	     -8.42567999	    -27.76247010
      2.14084335	     -8.44260476	    -27.76063029
      2.14106249	     -8.45952954	    -27.75879048
      2.14128163	     -8.47645431	    -27.75695067
      2.14157329	     -8.49897962	    -27.75450205
      2.14186494	     -8.52150494	    -27.75205343
      2.14215660	     -8.54403026	    -27.74960481
      2.14236934	     -8.56046085	    -27.74781872
      2.14255296	     -8.57464204	    -27.74627715
      2.14273658	     -8.58882323	    -27.74473558
      2.14292019	     -8.60300442	    -27.74319401
      2.14310381	     -8.61718560	    -27.74165244
      2.14326410	     -8.62956541	    -27.74030669
      2.14342440	     -8.64194521	    -27.73896094
      2.14358469	     -8.65432502	    -27.73761519
      2.14374498	     -8.66670482	    -27.73626944
      2.14395909	     -8.68324121	    -27.73447184
      2.14417321	     -8.69977760	    -27.73267425
      2.14445849	     -8.72181085	    -27.73027912
      2.14474378	     -8.74384410	    -27.72788399
      2.14502906	     -8.76587735	    -27.72548886
      2.14524621	     -8.78264836	    -27.72366577
      2.14546336	     -8.79941936	    -27.72184267
      2.14568051	     -8.81619037	    -27.72001957
      2.14582168	     -8.82709336	    -27.71883436
      2.14596286	     -8.83799636	    -27.71764915
      2.14610403	     -8.84889936	    -27.71646393
      2.14624520	     -8.85980236	    -27.71527872
      2.14638637	     -8.87070536	    -27.71409351
      2.14658993	     -8.88642707	    -27.71238447
      2.14679350	     -8.90214878	    -27.71067544
      2.14699706	     -8.91787049	    -27.70896641
      2.14720062	     -8.93359220	    -27.70725738
      2.14748508	     -8.95556103	    -27.70486925
      2.14776953	     -8.97752986	    -27.70248112
      2.14800534	     -8.99574196	    -27.70050137
      2.14820622	     -9.01125634	    -27.69881487
      2.14837701	     -9.02444696	    -27.69738098
      2.14852394	     -9.03579468	    -27.69614743
      2.14867087	     -9.04714240	    -27.69491387
      2.14881780	     -9.05849012	    -27.69368031
      2.14896473	     -9.06983785	    -27.69244676
      2.14911166	     -9.08118557	    -27.69121320
      2.14925859	     -9.09253329	    -27.68997964
      2.14940551	     -9.10388101	    -27.68874609
      2.14959379	     -9.11842207	    -27.68716540
      2.14978207	     -9.13296312	    -27.68558471
      2.15003335	     -9.15235487	    -27.68342945
      2.15028463	     -9.17164604	    -27.68097625
      2.15055720	     -9.19257144	    -27.67831522
      2.15077667	     -9.20941984	    -27.67617266
      2.15096761	     -9.22407848	    -27.67430856
      2.15115855	     -9.23873711	    -27.67244447
      2.15131988	     -9.25112291	    -27.67086940
      2.15143979	     -9.26032871	    -27.66969872
      2.15155971	     -9.26953450	    -27.66852805
      2.15167962	     -9.27874030	    -27.66735737
      2.15179953	     -9.28794609	    -27.66618670
      2.15191945	     -9.29715189	    -27.66501602
      2.15208772	     -9.31007083	    -27.66337316
      2.15225600	     -9.32298976	    -27.66173029
      2.15242428	     -9.33590870	    -27.66008743
      2.15262741	     -9.35150263	    -27.65810439
      2.15283053	     -9.36709656	    -27.65612135
      2.15310060	     -9.38783013	    -27.65348472
      2.15337067	     -9.40856370	    -27.65084809
      2.15357884	     -9.42454461	    -27.64881585
      2.15374794	     -9.43752705	    -27.64716491
      2.15389396	     -9.44873734	    -27.64573933
      2.15403999	     -9.45994762	    -27.64431375
      2.15418601	     -9.47115791	    -27.64288816
      2.15433203	     -9.48236819	    -27.64146258
      2.15447806	     -9.49357848	    -27.64003700
      2.15462408	     -9.50478876	    -27.63861142
      2.15477010	     -9.51599905	    -27.63718584
      2.15491612	     -9.52720933	    -27.63576026
      2.15510989	     -9.54208514	    -27.63386855
      2.15530366	     -9.55696094	    -27.63197683
      2.15557605	     -9.57787219	    -27.62931761
      2.15584843	     -9.59878345	    -27.62665838
      2.15606526	     -9.61542938	    -27.62454157
      2.15624987	     -9.62960206	    -27.62273927
      2.15643448	     -9.64377474	    -27.62093697
      2.15661909	     -9.65794741	    -27.61913467
      2.15672446	     -9.66603692	    -27.61810595
      2.15681714	     -9.67315213	    -27.61720113
      2.15690982	     -9.68026734	    -27.61629630
      2.15700251	     -9.68738256	    -27.61539148
      2.15709519	     -9.69449777	    -27.61448666
      2.15722269	     -9.70428633	    -27.61324188
      2.15737689	     -9.71612446	    -27.61173646
      2.15753109	     -9.72796260	    -27.61023103
      2.15768529	     -9.73980073	    -27.60872561
      2.15787530	     -9.75438807	    -27.60687058
      2.15806532	     -9.76897541	    -27.60501555
      2.15832449	     -9.78887277	    -27.60248526
      2.15858367	     -9.80877013	    -27.59995497
      2.15878252	     -9.82403594	    -27.59801366
      2.15895019	     -9.83690830	    -27.59637671
      2.15909812	     -9.84826451	    -27.59493258
      2.15923097	     -9.85846336	    -27.59363562
      2.15936381	     -9.86866222	    -27.59233866
      2.15949666	     -9.87886107	    -27.59104170
      2.15962951	     -9.88905993	    -27.58974474
      2.15976236	     -9.89925878	    -27.58844778
      2.15989521	     -9.90945764	    -27.58715082
      2.16002805	     -9.91963709	    -27.58581971
      2.16020476	     -9.93308095	    -27.58387948
      2.16041808	     -9.94930959	    -27.58153735
      2.16063139	     -9.96553824	    -27.57919522
      2.16090099	     -9.98604902	    -27.57623509
      2.16112893	    -10.00339058	    -27.57373233
      2.16131616	    -10.01763471	    -27.57167661
      2.16148296	    -10.03032476	    -27.56984517
      2.16164976	    -10.04301480	    -27.56801373
      2.16177164	    -10.05228735	    -27.56667551
      2.16186383	    -10.05930108	    -27.56566328
      2.16194426	    -10.06541996	    -27.56478020
      2.16202468	    -10.07153884	    -27.56389712
      2.16210511	    -10.07765772	    -27.56301404
      2.16218554	    -10.08377660	    -27.56213095
      2.16229846	    -10.09236788	    -27.56089105
      2.16244528	    -10.10353732	    -27.55927907
      2.16259209	    -10.11470676	    -27.55766709
      2.16273890	    -10.12587619	    -27.55605510
      2.16291524	    -10.13929171	    -27.55411896
      2.16309158	    -10.15270723	    -27.55218282
      2.16333441	    -10.17118145	    -27.54951661
      2.16357724	    -10.18965567	    -27.54685039
      2.16379036	    -10.20587007	    -27.54451032
      2.16397041	    -10.21956841	    -27.54253336
      2.16411529	    -10.23059030	    -27.54094267
      2.16424552	    -10.24049818	    -27.53951276
      2.16437575	    -10.25040606	    -27.53808284
      2.16450598	    -10.26031394	    -27.53665293
      2.16463621	    -10.27022183	    -27.53522301
      2.16476644	    -10.28012971	    -27.53379310
      2.16489668	    -10.29003759	    -27.53236319
      2.16505353	    -10.30197089	    -27.53064096
      2.16521038	    -10.31390419	    -27.52891874
      2.16541310	    -10.32932680	    -27.52669293
      2.16561582	    -10.34474942	    -27.52446713
      2.16589907	    -10.36629880	    -27.52135710
      2.16613941	    -10.38458337	    -27.51871826
      2.16633389	    -10.39937942	    -27.51658288
      2.16650613	    -10.41248321	    -27.51469173
      2.16667837	    -10.42558701	    -27.51280057
      2.16681145	    -10.43571167	    -27.51133937
      2.16690723	    -10.44299878	    -27.51028769
      2.16699005	    -10.44929982	    -27.50937832
      2.16707287	    -10.45560086	    -27.50846895
      2.16715570	    -10.46190190	    -27.50755958
      2.16723852	    -10.46820293	    -27.50665021
      2.16735168	    -10.47681225	    -27.50540770
      2.16749936	    -10.48804737	    -27.50378624
      2.16764703	    -10.49928249	    -27.50216478
      2.16779471	    -10.51051761	    -27.50054332
      2.16797196	    -10.52400246	    -27.49859717
      2.16814921	    -10.53748732	    -27.49665102
      2.16839183	    -10.55594569	    -27.49398709
      2.16863445	    -10.57440407	    -27.49132317
      2.16887707	    -10.59286244	    -27.48865924
      2.16904769	    -10.60584304	    -27.48678586
      2.16919430	    -10.61699710	    -27.48517610
      2.16934091	    -10.62815115	    -27.48356634
      2.16948752	    -10.63930521	    -27.48195658
      2.16963413	    -10.65045927	    -27.48034681
      2.16978074	    -10.66161332	    -27.47873705
      2.16992736	    -10.67276738	    -27.47712729
      2.17007397	    -10.68385784	    -27.47544670
      2.17022058	    -10.69488583	    -27.47369656
      2.17040542	    -10.70878933	    -27.47149008
      2.17062836	    -10.72555847	    -27.46882882
      2.17089690	    -10.74575837	    -27.46562310
      2.17116545	    -10.76595826	    -27.46241739
      2.17137987	    -10.78208704	    -27.45985775
      2.17156425	    -10.79595609	    -27.45765674
      2.17174864	    -10.80982514	    -27.45545572
      2.17191042	    -10.82199441	    -27.45352446
      2.17202007	    -10.83024253	    -27.45221549
      2.17211614	    -10.83746850	    -27.45106873
      2.17221220	    -10.84469448	    -27.44992197
      2.17230827	    -10.85192045	    -27.44877521
      2.17240434	    -10.85914642	    -27.44762845
      2.17254232	    -10.86952523	    -27.44598133
      2.17269976	    -10.88136774	    -27.44410193
      2.17285720	    -10.89321026	    -27.44222253
      2.17301464	    -10.90505277	    -27.44034312
      2.17321182	    -10.91988463	    -27.43798931
      2.17340900	    -10.93471650	    -27.43563550
      2.17369074	    -10.95590884	    -27.43227228
      2.17397248	    -10.97710119	    -27.42890906
      2.17417427	    -10.99227993	    -27.42650020
      2.17435553	    -11.00591349	    -27.42433655
      2.17451805	    -11.01813851	    -27.42239645
      2.17468058	    -11.03036353	    -27.42045634
      2.17484310	    -11.04258856	    -27.41851623
      2.17498722	    -11.05342915	    -27.41679583
      2.17513134	    -11.06426975	    -27.41507543
      2.17527546	    -11.07511035	    -27.41335503
      2.17541958	    -11.08595095	    -27.41163463
      2.17560830	    -11.10014622	    -27.40938185
      2.17583636	    -11.11730103	    -27.40665938
      2.17606443	    -11.13445584	    -27.40393692
      2.17629249	    -11.15161066	    -27.40121445
      2.17657105	    -11.17256330	    -27.39788927
      2.17677846	    -11.18816515	    -27.39541327
      2.17696489	    -11.20218790	    -27.39318786
      2.17715131	    -11.21621066	    -27.39096245
      2.17729294	    -11.22686389	    -27.38927178
      2.17741089	    -11.23573560	    -27.38786385
      2.17752883	    -11.24460732	    -27.38645591
      2.17764678	    -11.25347903	    -27.38504797
      2.17776472	    -11.26235074	    -27.38364003
      2.17792586	    -11.27447111	    -27.38171653
      2.17808699	    -11.28659148	    -27.37979303
      2.17824812	    -11.29871185	    -27.37786953
      2.17840926	    -11.31083222	    -27.37594603
      2.17862690	    -11.32720320	    -27.37334796
      2.17884454	    -11.34357417	    -27.37074989
      2.17914766	    -11.36637471	    -27.36713145
      2.17940205	    -11.38550932	    -27.36409480
      2.17961845	    -11.40178664	    -27.36151159
      2.17978904	    -11.41461845	    -27.35947519
      2.17993975	    -11.42595453	    -27.35767615
      2.18009045	    -11.43720391	    -27.35582158
      2.18024116	    -11.44839554	    -27.35393001
      2.18039187	    -11.45958717	    -27.35203844
      2.18054257	    -11.47077880	    -27.35014686
      2.18069328	    -11.48197043	    -27.34825529
      2.18084399	    -11.49316206	    -27.34636372
      2.18103995	    -11.50771461	    -27.34390410
      2.18123592	    -11.52226716	    -27.34144448
      2.18149523	    -11.54152357	    -27.33818982
      2.18175454	    -11.56077999	    -27.33493517
      2.18205309	    -11.58295064	    -27.33118796
      2.18229277	    -11.60074984	    -27.32817960
      2.18250474	    -11.61649053	    -27.32551916
      2.18271670	    -11.63223121	    -27.32285872
      2.18288939	    -11.64505515	    -27.32069126
      2.18302899	    -11.65542217	    -27.31893906
      2.18316860	    -11.66578918	    -27.31718686
      2.18330820	    -11.67615620	    -27.31543467
      2.18344780	    -11.68652322	    -27.31368247
      2.18364248	    -11.70098014	    -27.31123901
      2.18383716	    -11.71543705	    -27.30879555
      2.18403183	    -11.72989397	    -27.30635209
      2.18422651	    -11.74435089	    -27.30390863
      2.18448702	    -11.76369642	    -27.30063891
      2.18474753	    -11.78304195	    -27.29736919
      2.18506271	    -11.80644745	    -27.29341328
      2.18529962	    -11.82404077	    -27.29043971
      2.18549399	    -11.83847498	    -27.28800009
      2.18566580	    -11.85123341	    -27.28584370
      2.18583760	    -11.86399184	    -27.28368732
      2.18600941	    -11.87675027	    -27.28153093
      2.18618122	    -11.88950870	    -27.27937454
      2.18635302	    -11.90226713	    -27.27721816
      2.18652483	    -11.91502556	    -27.27506177
      2.18669663	    -11.92778398	    -27.27290538
      2.18690707	    -11.94341082	    -27.27026419
      2.18711750	    -11.95903765	    -27.26762299
      2.18740398	    -11.98031197	    -27.26402728
      2.18769046	    -12.00158629	    -27.26043157
      2.18797694	    -12.02286061	    -27.25683585
      2.18823040	    -12.04168249	    -27.25365464
      2.18845463	    -12.05833401	    -27.25084026
      2.18867886	    -12.07498554	    -27.24802587
      2.18885973	    -12.08841752	    -27.24575564
      2.18901365	    -12.09984764	    -27.24382376
      2.18916757	    -12.11127776	    -27.24189188
      2.18932149	    -12.12270788	    -27.23996000
      2.18947541	    -12.13413800	    -27.23802812
      2.18968560	    -12.14974723	    -27.23538990
      2.18989580	    -12.16535646	    -27.23275168
      2.19010599	    -12.18086125	    -27.23009082
      2.19035849	    -12.19936304	    -27.22686772
      2.19061099	    -12.21786484	    -27.22364462
      2.19097444	    -12.24449710	    -27.21900515
      2.19124279	    -12.26416063	    -27.21557967
      2.19147286	    -12.28101879	    -27.21264290
      2.19170293	    -12.29787696	    -27.20970612
      2.19189214	    -12.31174155	    -27.20729084
      2.19208135	    -12.32560614	    -27.20487557
      2.19227056	    -12.33947073	    -27.20246029
      2.19243548	    -12.35155521	    -27.20035511
      2.19260040	    -12.36363969	    -27.19824994
      2.19276532	    -12.37572417	    -27.19614477
      2.19296928	    -12.39066982	    -27.19354116
      2.19321483	    -12.40866190	    -27.19040685
      2.19346037	    -12.42665398	    -27.18727255
      2.19376310	    -12.44883680	    -27.18340819
      2.19406583	    -12.47101963	    -27.17954384
      2.19433165	    -12.49049729	    -27.17615074
      2.19456049	    -12.50726598	    -27.17322955
      2.19478934	    -12.52403467	    -27.17030837
      2.19498382	    -12.53828582	    -27.16782575
      2.19514540	    -12.55012554	    -27.16576321
      2.19530698	    -12.56196526	    -27.16370068
      2.19546856	    -12.57380498	    -27.16163814
      2.19563014	    -12.58564470	    -27.15957561
      2.19585132	    -12.60185205	    -27.15675221
      2.19607251	    -12.61805941	    -27.15392881
      2.19629369	    -12.63426677	    -27.15110541
      2.19651488	    -12.65047413	    -27.14828201
      2.19682294	    -12.67304757	    -27.14434961
      2.19713100	    -12.69562102	    -27.14041720
      2.19740654	    -12.71581087	    -27.13690003
      2.19763158	    -12.73230105	    -27.13402737
      2.19781461	    -12.74571253	    -27.13169102
      2.19799764	    -12.75912401	    -27.12935468
      2.19818067	    -12.77253548	    -27.12701833
      2.19836369	    -12.78594696	    -27.12468199
      2.19852681	    -12.79789949	    -27.12259980
      2.19868993	    -12.80985203	    -27.12051761
      2.19885305	    -12.82180456	    -27.11843543
      2.19901617	    -12.83375709	    -27.11635324
      2.19924055	    -12.85019871	    -27.11348903
      2.19946493	    -12.86664033	    -27.11062482
      2.19975795	    -12.88811154	    -27.10688443
      2.20005097	    -12.90953457	    -27.10315500
      2.20034399	    -12.93072885	    -27.09947761
      2.20057834	    -12.94767947	    -27.09653652
      2.20081269	    -12.96463008	    -27.09359544
      2.20102117	    -12.97970907	    -27.09097910
      2.20118347	    -12.99144814	    -27.08894227
      2.20134576	    -13.00318721	    -27.08690543
      2.20150806	    -13.01492628	    -27.08486860
      2.20167036	    -13.02666535	    -27.08283176
      2.20187271	    -13.04130142	    -27.08029228
      2.20207506	    -13.05593749	    -27.07775279
      2.20227741	    -13.07057356	    -27.07521330
      2.20247976	    -13.08520963	    -27.07267381
      2.20275229	    -13.10492151	    -27.06925362
      2.20302482	    -13.12463340	    -27.06583343
      2.20331754	    -13.14580634	    -27.06215974
      2.20354922	    -13.16256392	    -27.05925214
      2.20374263	    -13.17655329	    -27.05682486
      2.20391547	    -13.18905445	    -27.05465580
      2.20408830	    -13.20155560	    -27.05248674
      2.20426114	    -13.21405675	    -27.05031768
      2.20443397	    -13.22655790	    -27.04814862
      2.20460681	    -13.23905906	    -27.04597955
      2.20477964	    -13.25156021	    -27.04381049
      2.20495248	    -13.26406136	    -27.04164143
      2.20512531	    -13.27656251	    -27.03947237
      2.20536324	    -13.29377211	    -27.03648635
      2.20560117	    -13.31098170	    -27.03350033
      2.20589244	    -13.33204904	    -27.02984496
      2.20618370	    -13.35311638	    -27.02618959
      2.20640881	    -13.36939817	    -27.02336455
      2.20660837	    -13.38383260	    -27.02086005
      2.20680793	    -13.39826703	    -27.01835554
      2.20696947	    -13.40995122	    -27.01632823
      2.20710369	    -13.41965925	    -27.01464380
      2.20723791	    -13.42936728	    -27.01295937
      2.20737213	    -13.43907532	    -27.01127494
      2.20750635	    -13.44878335	    -27.00959051
      2.20769515	    -13.46243943	    -27.00722106
      2.20788395	    -13.47609551	    -27.00485161
      2.20807275	    -13.48975159	    -27.00248215
      2.20826155	    -13.50340767	    -27.00011270
      2.20851469	    -13.52171699	    -26.99693587
      2.20876782	    -13.54002631	    -26.99375904
      2.20903073	    -13.55904216	    -26.99045962
      2.20925374	    -13.57517247	    -26.98766087
      2.20944046	    -13.58867846	    -26.98531745
      2.20959401	    -13.59978454	    -26.98339045
      2.20974756	    -13.61089061	    -26.98146345
      2.20990110	    -13.62199668	    -26.97953644
      2.21005465	    -13.63305633	    -26.97764438
      2.21020820	    -13.64403196	    -26.97581555
      2.21036174	    -13.65500760	    -26.97398671
      2.21051529	    -13.66598324	    -26.97215788
      2.21066884	    -13.67695887	    -26.97032904
      2.21087518	    -13.69170875	    -26.96787132
      2.21108153	    -13.70645863	    -26.96541359
      2.21135735	    -13.72617424	    -26.96212844
      2.21163317	    -13.74588985	    -26.95884329
      2.21186297	    -13.76231632	    -26.95610620
      2.21205899	    -13.77632820	    -26.95377145
      2.21225502	    -13.79034008	    -26.95143669
      2.21245104	    -13.80435195	    -26.94910194
      2.21257159	    -13.81296889	    -26.94766612
      2.21269214	    -13.82158583	    -26.94623031
      2.21281269	    -13.83020277	    -26.94479450
      2.21293323	    -13.83881972	    -26.94335869
      2.21305378	    -13.84743666	    -26.94192287
      2.21323923	    -13.86069240	    -26.93971411
      2.21342467	    -13.87394815	    -26.93750535
      2.21361012	    -13.88720389	    -26.93529658
      2.21379556	    -13.90045964	    -26.93308782
      2.21404359	    -13.91818854	    -26.93013371
      2.21429161	    -13.93591745	    -26.92717960
      2.21453963	    -13.95364635	    -26.92422549
      2.21473326	    -13.96748689	    -26.92191929
      2.21489269	    -13.97888311	    -26.92002037
      2.21503473	    -13.98903585	    -26.91832865
      2.21517676	    -13.99918859	    -26.91663693
      2.21531880	    -14.00934133	    -26.91494521
      2.21546083	    -14.01949406	    -26.91325350
      2.21560286	    -14.02964680	    -26.91156178
      2.21574490	    -14.03979954	    -26.90987006
      2.21588693	    -14.04995228	    -26.90817834
      2.21602897	    -14.06010501	    -26.90648662
      2.21622592	    -14.07418337	    -26.90414079
      2.21642287	    -14.08826172	    -26.90179496
      2.21669248	    -14.10753356	    -26.89858376
      2.21696209	    -14.12680541	    -26.89537255
      2.21717355	    -14.14192023	    -26.89285401
      2.21735524	    -14.15490822	    -26.89068987
      2.21753694	    -14.16789621	    -26.88852572
      2.21769643	    -14.17929660	    -26.88662611
      2.21780694	    -14.18719593	    -26.88530987
      2.21790452	    -14.19417072	    -26.88414768
      2.21800209	    -14.20114551	    -26.88298550
      2.21809967	    -14.20812029	    -26.88182331
      2.21819725	    -14.21509508	    -26.88066112
      2.21834057	    -14.22533989	    -26.87895406
      2.21848389	    -14.23558470	    -26.87724700
      2.21862721	    -14.24582951	    -26.87553994
      2.21877054	    -14.25607432	    -26.87383288
      2.21896505	    -14.26997856	    -26.87151606
      2.21915957	    -14.28388281	    -26.86919924
      2.21942279	    -14.30269756	    -26.86606420
      2.21968600	    -14.32151231	    -26.86292916
      2.21987987	    -14.33537005	    -26.86062009
      2.22004695	    -14.34727976	    -26.85867799
      2.22018592	    -14.35711297	    -26.85716492
      2.22032488	    -14.36694618	    -26.85565185
      2.22046385	    -14.37677939	    -26.85413878
      2.22060281	    -14.38661260	    -26.85262571
      2.22074178	    -14.39644581	    -26.85111265
      2.22088074	    -14.40627902	    -26.84959958
      2.22101970	    -14.41611223	    -26.84808651
      2.22115867	    -14.42594544	    -26.84657344
      2.22135500	    -14.43983818	    -26.84443572
      2.22155134	    -14.45373093	    -26.84229800
      2.22181031	    -14.47205601	    -26.83947826
      2.22206928	    -14.49038109	    -26.83665852
      2.22227766	    -14.50512614	    -26.83438965
      2.22245612	    -14.51775440	    -26.83244650
      2.22263459	    -14.53038266	    -26.83050335
      2.22279256	    -14.54156073	    -26.82878334
      2.22289846	    -14.54905418	    -26.82763030
      2.22299047	    -14.55556484	    -26.82662848
      2.22308248	    -14.56207551	    -26.82562667
      2.22317449	    -14.56858617	    -26.82462485
      2.22326650	    -14.57509684	    -26.82362303
      2.22339336	    -14.58407378	    -26.82224172
      2.22354393	    -14.59472798	    -26.82060232
      2.22369449	    -14.60538218	    -26.81896293
      2.22384506	    -14.61603638	    -26.81732353
      2.22403193	    -14.62925954	    -26.81528884
      2.22421880	    -14.64248271	    -26.81325415
      2.22446927	    -14.66020620	    -26.81052698
      2.22471974	    -14.67792969	    -26.80779981
      2.22492533	    -14.69247680	    -26.80556140
      2.22508860	    -14.70402988	    -26.80378369
      2.22522687	    -14.71381417	    -26.80227815
      2.22536514	    -14.72359847	    -26.80077260
      2.22550341	    -14.73338277	    -26.79926706
      2.22564169	    -14.74316707	    -26.79776152
      2.22577996	    -14.75295136	    -26.79625598
      2.22591823	    -14.76273566	    -26.79475044
      2.22605651	    -14.77251996	    -26.79324490
      2.22623036	    -14.78482216	    -26.79135192
      2.22640422	    -14.79712436	    -26.78945894
      2.22662876	    -14.81301328	    -26.78701406
      2.22690053	    -14.83224383	    -26.78405499
      2.22717230	    -14.85147438	    -26.78109592
      2.22737696	    -14.86595642	    -26.77886752
      2.22755661	    -14.87866811	    -26.77691154
      2.22773625	    -14.89137980	    -26.77495555
      2.22788676	    -14.90203013	    -26.77331675
      2.22799308	    -14.90955352	    -26.77215910
      2.22808787	    -14.91626101	    -26.77112699
      2.22818267	    -14.92296849	    -26.77009489
      2.22827746	    -14.92967598	    -26.76906279
      2.22837225	    -14.93638347	    -26.76803069
      2.22851624	    -14.94657215	    -26.76646292
      2.22866022	    -14.95676083	    -26.76489516
      2.22880421	    -14.96694950	    -26.76332739
      2.22894820	    -14.97713818	    -26.76175963
      2.22914258	    -14.99089266	    -26.75964318
      2.22933696	    -15.00464714	    -26.75752673
      2.22959618	    -15.02299003	    -26.75470425
      2.22985541	    -15.04133292	    -26.75188177
      2.23005369	    -15.05534758	    -26.74979451
      2.23021931	    -15.06701900	    -26.74821212
      2.23038493	    -15.07869042	    -26.74662973
      2.23055055	    -15.09036183	    -26.74504735
      2.23071617	    -15.10203325	    -26.74346496
      2.23088179	    -15.11370466	    -26.74188257
      2.23104741	    -15.12537608	    -26.74030019
      2.23121303	    -15.13704749	    -26.73871780
      2.23137865	    -15.14871891	    -26.73713541
      2.23154427	    -15.16039033	    -26.73555303
      2.23178016	    -15.17701313	    -26.73329934
      2.23201604	    -15.19363593	    -26.73104566
      2.23225192	    -15.21025874	    -26.72879197
      2.23248780	    -15.22688154	    -26.72653828
      2.23268071	    -15.24047608	    -26.72469516
      2.23287362	    -15.25407062	    -26.72285204
      2.23304629	    -15.26623878	    -26.72120231
      2.23316761	    -15.27478779	    -26.72004325
      2.23327580	    -15.28241201	    -26.71900958
      2.23338399	    -15.29003623	    -26.71797590
      2.23349218	    -15.29766044	    -26.71694223
      2.23360037	    -15.30528466	    -26.71590855
      2.23377418	    -15.31753374	    -26.71424785
      2.23394800	    -15.32978281	    -26.71258714
      2.23412182	    -15.34203189	    -26.71092644
      2.23429564	    -15.35428096	    -26.70926573
      2.23452276	    -15.37028660	    -26.70709572
      2.23479768	    -15.38965996	    -26.70446912
      2.23507259	    -15.40903332	    -26.70184252
      2.23529294	    -15.42456177	    -26.69973720
      2.23548492	    -15.43809083	    -26.69790296
      2.23564966	    -15.44970001	    -26.69632901
      2.23579660	    -15.46005448	    -26.69492518
      2.23594353	    -15.47040895	    -26.69352134
      2.23609046	    -15.48076342	    -26.69211750
      2.23623739	    -15.49111789	    -26.69071366
      2.23638433	    -15.50147236	    -26.68930982
      2.23653126	    -15.51182683	    -26.68790599
      2.23667819	    -15.52218130	    -26.68650215
      2.23688719	    -15.53690968	    -26.68450530
      2.23709619	    -15.55163807	    -26.68250846
      2.23735671	    -15.56999718	    -26.68001937
      2.23761724	    -15.58835628	    -26.67753028
      2.23787776	    -15.60671539	    -26.67504119
      2.23808239	    -15.62113574	    -26.67308611
      2.23828701	    -15.63555609	    -26.67113103
      2.23846812	    -15.64831902	    -26.66940065
      2.23860500	    -15.65796450	    -26.66809294
      2.23874187	    -15.66760999	    -26.66678522
      2.23887874	    -15.67725547	    -26.66547751
      2.23901561	    -15.68690095	    -26.66416980
      2.23918324	    -15.69871372	    -26.66256824
      2.23935087	    -15.71052648	    -26.66096669
      2.23951849	    -15.72233925	    -26.65936514
      2.23968612	    -15.73415202	    -26.65776359
      2.23991461	    -15.75025375	    -26.65558055
      2.24014310	    -15.76628538	    -26.65361377
      2.24043688	    -15.78684460	    -26.65125087
      2.24069604	    -15.80498090	    -26.64916643
      2.24091161	    -15.82006648	    -26.64743262
      2.24108493	    -15.83219573	    -26.64603858
      2.24123997	    -15.84304533	    -26.64479162
      2.24139500	    -15.85389494	    -26.64354466
      2.24155004	    -15.86474454	    -26.64229770
      2.24170508	    -15.87559414	    -26.64105073
      2.24186011	    -15.88644374	    -26.63980377
      2.24201515	    -15.89729334	    -26.63855681
      2.24217019	    -15.90814294	    -26.63730985
      2.24237694	    -15.92261170	    -26.63564693
      2.24258369	    -15.93708046	    -26.63398401
      2.24285561	    -15.95610946	    -26.63179698
      2.24312753	    -15.97513847	    -26.62960994
      2.24342474	    -15.99593785	    -26.62721943
      2.24366787	    -16.01295198	    -26.62526397
      2.24391100	    -16.02996611	    -26.62330851
      2.24415412	    -16.04698024	    -26.62135305
      2.24431406	    -16.05817280	    -26.62006667
      2.24447400	    -16.06936536	    -26.61878029
      2.24463393	    -16.08055791	    -26.61749391
      2.24479387	    -16.09175047	    -26.61620753
      2.24498764	    -16.10531091	    -26.61464901
      2.24518142	    -16.11887135	    -26.61309049
      2.24537519	    -16.13243179	    -26.61153196
      2.24556897	    -16.14599223	    -26.60997344
      2.24583114	    -16.16433975	    -26.60786473
      2.24609332	    -16.18268727	    -26.60575602
      2.24642816	    -16.20611930	    -26.60306294
      2.24667129	    -16.22313367	    -26.60110745
      2.24687423	    -16.23733551	    -26.59947521
      2.24707717	    -16.25153734	    -26.59784296
      2.24728010	    -16.26573918	    -26.59621072
      2.24748304	    -16.27994101	    -26.59457848
      2.24768598	    -16.29414285	    -26.59294624
      2.24786794	    -16.30687636	    -26.59148276
      2.24804990	    -16.31960987	    -26.59001928
      2.24823185	    -16.33234339	    -26.58855579
      2.24845918	    -16.34825220	    -26.58672737
      2.24873210	    -16.36735107	    -26.58453230
      2.24900502	    -16.38644994	    -26.58233724
      2.24927793	    -16.40554880	    -26.58014217
      2.24955085	    -16.42464767	    -26.57794711
      2.24978828	    -16.44126311	    -26.57603747
      2.25002570	    -16.45785855	    -26.57416686
      2.25023125	    -16.47208253	    -26.57282575
      2.25039709	    -16.48355931	    -26.57174366
      2.25056293	    -16.49503608	    -26.57066157
      2.25072878	    -16.50651286	    -26.56957948
      2.25089462	    -16.51798964	    -26.56849739
      2.25113470	    -16.53460332	    -26.56693097
      2.25137477	    -16.55121699	    -26.56536455
      2.25161484	    -16.56783067	    -26.56379813
      2.25185492	    -16.58444434	    -26.56223170
      2.25217710	    -16.60674025	    -26.56012953
      2.25249929	    -16.62903617	    -26.55802736
      2.25275784	    -16.64692906	    -26.55634033
      2.25298124	    -16.66238871	    -26.55488271
      2.25317542	    -16.67582652	    -26.55361573
      2.25334846	    -16.68780131	    -26.55248669
      2.25352150	    -16.69977610	    -26.55135764
      2.25369454	    -16.71175089	    -26.55022860
      2.25386758	    -16.72372568	    -26.54909955
      2.25404062	    -16.73570047	    -26.54797051
      2.25421366	    -16.74767526	    -26.54684147
      2.25438670	    -16.75965005	    -26.54571242
      2.25463044	    -16.77651719	    -26.54412210
      2.25487418	    -16.79338434	    -26.54253178
      2.25516908	    -16.81379244	    -26.54060760
      2.25546399	    -16.83420053	    -26.53868342
      2.25575889	    -16.85460863	    -26.53675925
      2.25598657	    -16.87036431	    -26.53527372
      2.25621424	    -16.88612000	    -26.53378819
      2.25641120	    -16.89974999	    -26.53250309
      2.25657356	    -16.91098542	    -26.53144376
      2.25673591	    -16.92222085	    -26.53038442
      2.25689827	    -16.93345628	    -26.52932509
      2.25706063	    -16.94469170	    -26.52826576
      2.25728142	    -16.95997139	    -26.52682511
      2.25750222	    -16.97525107	    -26.52538446
      2.25772302	    -16.99053075	    -26.52394382
      2.25794381	    -17.00581043	    -26.52250317
      2.25824585	    -17.02671203	    -26.52053246
      2.25854789	    -17.04761362	    -26.51856176
      2.25881809	    -17.06631258	    -26.51679872
      2.25903253	    -17.08115238	    -26.51539955
      2.25921307	    -17.09364578	    -26.51422161
      2.25939360	    -17.10613917	    -26.51304367
      2.25957414	    -17.11863256	    -26.51186573
      2.25975467	    -17.13112596	    -26.51068779
      2.25991585	    -17.14228013	    -26.50963612
      2.26007704	    -17.15336728	    -26.50868680
      2.26023822	    -17.16438123	    -26.50784929
      2.26039940	    -17.17539518	    -26.50701177
      2.26061459	    -17.19009952	    -26.50589364
      2.26082978	    -17.20480385	    -26.50477551
      2.26112251	    -17.22480701	    -26.50325444
      2.26141524	    -17.24481017	    -26.50173338
      2.26170798	    -17.26481333	    -26.50021232
      2.26193457	    -17.28029734	    -26.49903490
      2.26216117	    -17.29578136	    -26.49785748
      2.26236272	    -17.30955364	    -26.49681022
      2.26251911	    -17.32024007	    -26.49599761
      2.26267550	    -17.33092650	    -26.49518500
      2.26283189	    -17.34161293	    -26.49437239
      2.26298828	    -17.35229936	    -26.49355979
      2.26318689	    -17.36587118	    -26.49252777
      2.26338551	    -17.37944299	    -26.49149576
      2.26358412	    -17.39301481	    -26.49046374
      2.26378274	    -17.40658663	    -26.48943172
      2.26404970	    -17.42482898	    -26.48804455
      2.26431667	    -17.44307134	    -26.48665739
      2.26459643	    -17.46218802	    -26.48520373
      2.26482003	    -17.47746720	    -26.48404189
      2.26501043	    -17.49047783	    -26.48305254
      2.26517981	    -17.50205190	    -26.48217244
      2.26534919	    -17.51362597	    -26.48129233
      2.26551857	    -17.52520004	    -26.48041223
      2.26568794	    -17.53677412	    -26.47953212
      2.26583813	    -17.54703702	    -26.47875172
      2.26598833	    -17.55729993	    -26.47797132
      2.26613852	    -17.56756283	    -26.47719092
      2.26632539	    -17.58033221	    -26.47621992
      2.26651226	    -17.59310158	    -26.47524892
      2.26676489	    -17.61036422	    -26.47393625
      2.26701751	    -17.62762686	    -26.47262358
      2.26727014	    -17.64488949	    -26.47131091
      2.26752277	    -17.66215213	    -26.46999824
      2.26772338	    -17.67586053	    -26.46895584
      2.26792400	    -17.68956892	    -26.46791344
      2.26810145	    -17.70169482	    -26.46699137
      2.26823697	    -17.71095488	    -26.46628723
      2.26837248	    -17.72021495	    -26.46558308
      2.26850800	    -17.72947501	    -26.46487894
      2.26864351	    -17.73873508	    -26.46417479
      2.26881241	    -17.75027662	    -26.46329716
      2.26898132	    -17.76181817	    -26.46241953
      2.26915022	    -17.77335971	    -26.46154190
      2.26931912	    -17.78490126	    -26.46066427
      2.26954877	    -17.80059344	    -26.45947101
      2.26977841	    -17.81628562	    -26.45827776
      2.27006260	    -17.83563282	    -26.45685830
      2.27029517	    -17.85125848	    -26.45586228
      2.27049087	    -17.86440715	    -26.45502415
      2.27064952	    -17.87506620	    -26.45434472
      2.27079175	    -17.88462183	    -26.45373562
      2.27093397	    -17.89417746	    -26.45312652
      2.27107620	    -17.90373310	    -26.45251742
      2.27121842	    -17.91328873	    -26.45190832
      2.27136065	    -17.92284436	    -26.45129921
      2.27150287	    -17.93240000	    -26.45069011
      2.27164510	    -17.94195563	    -26.45008101
      2.27182313	    -17.95391694	    -26.44931857
      2.27200116	    -17.96587825	    -26.44855612
      2.27224470	    -17.98224072	    -26.44751314
      2.27248824	    -17.99860319	    -26.44647015
      2.27275486	    -18.01651644	    -26.44532831
      2.27297225	    -18.03112242	    -26.44439729
      2.27316095	    -18.04380059	    -26.44358915
      2.27334966	    -18.05647877	    -26.44278101
      2.27351143	    -18.06734812	    -26.44208817
      2.27363037	    -18.07533913	    -26.44157880
      2.27374931	    -18.08333014	    -26.44106943
      2.27386825	    -18.09132115	    -26.44056007
      2.27398719	    -18.09931216	    -26.44005070
      2.27410612	    -18.10730317	    -26.43954133
      2.27428766	    -18.11950002	    -26.43876387
      2.27446920	    -18.13169688	    -26.43798641
      2.27465074	    -18.14389373	    -26.43720895
      2.27483227	    -18.15609059	    -26.43643150
      2.27507633	    -18.17248789	    -26.43538629
      2.27532039	    -18.18888520	    -26.43434108
      2.27556444	    -18.20528251	    -26.43329587
      2.27575298	    -18.21794964	    -26.43248844
      2.27591119	    -18.22857932	    -26.43181088
      2.27606940	    -18.23920899	    -26.43113331
      2.27620841	    -18.24854849	    -26.43053799
      2.27634742	    -18.25788798	    -26.42994267
      2.27648643	    -18.26722747	    -26.42934734
      2.27662544	    -18.27656696	    -26.42875202
      2.27676445	    -18.28590646	    -26.42815670
      2.27690345	    -18.29524595	    -26.42756137
      2.27707133	    -18.30652472	    -26.42684243
      2.27727400	    -18.32014169	    -26.42597445
      2.27747668	    -18.33375866	    -26.42510647
      2.27773485	    -18.35110453	    -26.42400080
      2.27799303	    -18.36845040	    -26.42289513
      2.27819613	    -18.38209627	    -26.42202531
      2.27837237	    -18.39393707	    -26.42127054
      2.27854861	    -18.40577786	    -26.42051578
      2.27869529	    -18.41563325	    -26.41988757
      2.27880428	    -18.42295592	    -26.41942081
      2.27891327	    -18.43027860	    -26.41895404
      2.27902226	    -18.43760127	    -26.41848727
      2.27913125	    -18.44492395	    -26.41802051
      2.27924024	    -18.45224662	    -26.41755374
      2.27939601	    -18.46271210	    -26.41688664
      2.27955178	    -18.47317758	    -26.41621955
      2.27970755	    -18.48364305	    -26.41555245
      2.27986331	    -18.49410853	    -26.41488536
      2.28007941	    -18.50849769	    -26.41398199
      2.28029551	    -18.52266350	    -26.41311669
      2.28056527	    -18.54034649	    -26.41203654
      2.28077454	    -18.55406498	    -26.41119856
      2.28095084	    -18.56562208	    -26.41049261
      2.28109408	    -18.57501137	    -26.40991908
      2.28123731	    -18.58440066	    -26.40934554
      2.28138054	    -18.59378995	    -26.40877201
      2.28152378	    -18.60317924	    -26.40819847
      2.28166701	    -18.61256852	    -26.40762494
      2.28181024	    -18.62195781	    -26.40705140
      2.28195348	    -18.63134710	    -26.40647787
      2.28209671	    -18.64073639	    -26.40590433
      2.28229033	    -18.65342829	    -26.40512906
      2.28248394	    -18.66612019	    -26.40435379
      2.28274379	    -18.68315393	    -26.40331330
      2.28300364	    -18.70018768	    -26.40227281
      2.28321939	    -18.71433078	    -26.40140890
      2.28340307	    -18.72637125	    -26.40067342
      2.28358674	    -18.73841172	    -26.39993794
      2.28377042	    -18.75045218	    -26.39920246
      2.28387814	    -18.75751346	    -26.39877113
      2.28398586	    -18.76457473	    -26.39833980
      2.28409358	    -18.77163600	    -26.39790847
      2.28420130	    -18.77869727	    -26.39747714
      2.28430902	    -18.78575854	    -26.39704581
      2.28447515	    -18.79664870	    -26.39638060
      2.28464128	    -18.80753887	    -26.39571538
      2.28480741	    -18.81842904	    -26.39505017
      2.28497354	    -18.82931920	    -26.39438495
      2.28519306	    -18.84370926	    -26.39350595
      2.28541258	    -18.85809932	    -26.39262695
      2.28563210	    -18.87248937	    -26.39174795
      2.28585162	    -18.88687943	    -26.39086895
      2.28602459	    -18.89821831	    -26.39017632
      2.28616968	    -18.90772943	    -26.38959535
      2.28631477	    -18.91724055	    -26.38901437
      2.28645987	    -18.92675167	    -26.38843339
      2.28660496	    -18.93626279	    -26.38785242
      2.28675005	    -18.94577391	    -26.38727144
      2.28689514	    -18.95528503	    -26.38669046
      2.28704023	    -18.96479615	    -26.38610949
      2.28718532	    -18.97430726	    -26.38552851
      2.28737390	    -18.98666888	    -26.38477341
      2.28756248	    -18.99903050	    -26.38401832
      2.28783017	    -19.01657820	    -26.38294644
      2.28809786	    -19.03412589	    -26.38187455
      2.28832136	    -19.04877692	    -26.38097961
      2.28851196	    -19.06127157	    -26.38021639
      2.28870257	    -19.07376622	    -26.37945317
      2.28889317	    -19.08626087	    -26.37868994
      2.28900771	    -19.09376875	    -26.37823133
      2.28912224	    -19.10127663	    -26.37777272
      2.28923677	    -19.10878451	    -26.37731411
      2.28935130	    -19.11629239	    -26.37685550
      2.28946584	    -19.12380026	    -26.37639689
      2.28962772	    -19.13441241	    -26.37574866
      2.28978961	    -19.14502455	    -26.37510043
      2.28995150	    -19.15563669	    -26.37445220
      2.29011339	    -19.16598406	    -26.37374290
      2.29033939	    -19.18027122	    -26.37271624
      2.29056539	    -19.19455838	    -26.37168957
      2.29086140	    -19.21327165	    -26.37034485
      2.29107209	    -19.22659083	    -26.36938774
      2.29125751	    -19.23831240	    -26.36854544
      2.29144293	    -19.25003398	    -26.36770314
      2.29159860	    -19.25987493	    -26.36699597
      2.29175426	    -19.26971588	    -26.36628881
      2.29190993	    -19.27955683	    -26.36558165
      2.29206560	    -19.28939778	    -26.36487448
      2.29222127	    -19.29923873	    -26.36416732
      2.29237694	    -19.30907968	    -26.36346016
      2.29253261	    -19.31892063	    -26.36275299
      2.29275665	    -19.33308408	    -26.36173522
      2.29298069	    -19.34724754	    -26.36071744
      2.29320474	    -19.36141099	    -26.35969967
      2.29348295	    -19.37899900	    -26.35843581
      2.29369761	    -19.39256867	    -26.35746070
      2.29388753	    -19.40457500	    -26.35659794
      2.29407745	    -19.41658134	    -26.35573517
      2.29422844	    -19.42612673	    -26.35504924
      2.29435301	    -19.43400130	    -26.35448338
      2.29447757	    -19.44187587	    -26.35391752
      2.29460213	    -19.44975044	    -26.35335166
      2.29472670	    -19.45762501	    -26.35278580
      2.29489878	    -19.46850376	    -26.35200406
      2.29507087	    -19.47938251	    -26.35122232
      2.29524295	    -19.49026126	    -26.35044059
      2.29541504	    -19.50114001	    -26.34965885
      2.29564647	    -19.51577038	    -26.34860752
      2.29587790	    -19.53040075	    -26.34755619
      2.29619283	    -19.55030993	    -26.34612553
      2.29642714	    -19.56512281	    -26.34506109
      2.29662587	    -19.57768556	    -26.34415834
      2.29678365	    -19.58766021	    -26.34344157
      2.29694144	    -19.59763486	    -26.34272480
      2.29709922	    -19.60760951	    -26.34200803
      2.29725700	    -19.61758416	    -26.34129126
      2.29741479	    -19.62755881	    -26.34057449
      2.29757257	    -19.63753346	    -26.33985772
      2.29773035	    -19.64750812	    -26.33914094
      2.29788814	    -19.65748277	    -26.33842417
      2.29810524	    -19.67120732	    -26.33743794
      2.29832234	    -19.68493188	    -26.33645170
      2.29860634	    -19.70288550	    -26.33516157
      2.29889034	    -19.72083912	    -26.33387143
      2.29914380	    -19.73686243	    -26.33272001
      2.29936072	    -19.75057569	    -26.33173459
      2.29957765	    -19.76428895	    -26.33074916
      2.29976479	    -19.77611979	    -26.32989901
      2.29991103	    -19.78536478	    -26.32923467
      2.30005727	    -19.79442572	    -26.32848650
      2.30020351	    -19.80320077	    -26.32760809
      2.30034976	    -19.81197583	    -26.32672969
      2.30054390	    -19.82362544	    -26.32556354
      2.30073805	    -19.83527505	    -26.32439739
      2.30093220	    -19.84692466	    -26.32323124
      2.30112635	    -19.85857428	    -26.32206509
      2.30138896	    -19.87433218	    -26.32048769
      2.30165158	    -19.89009008	    -26.31891028
      2.30191419	    -19.90584799	    -26.31733288
      2.30217681	    -19.92160589	    -26.31575548
      2.30236767	    -19.93305827	    -26.31460908
      2.30253681	    -19.94320744	    -26.31359312
      2.30270595	    -19.95335662	    -26.31257717
      2.30287509	    -19.96350579	    -26.31156121
      2.30304423	    -19.97365497	    -26.31054526
      2.30321338	    -19.98380414	    -26.30952930
      2.30338252	    -19.99395332	    -26.30851335
      2.30355166	    -20.00410249	    -26.30749739
      2.30376046	    -20.01663119	    -26.30624324
      2.30396926	    -20.02915990	    -26.30498909
      2.30425087	    -20.04605805	    -26.30329755
      2.30453249	    -20.06295621	    -26.30160601
      2.30481411	    -20.07985437	    -26.29991447
      2.30509573	    -20.09675253	    -26.29822292
      2.30532226	    -20.11034549	    -26.29686224
      2.30554880	    -20.12393845	    -26.29550155
      2.30572893	    -20.13474721	    -26.29441957
      2.30588574	    -20.14415620	    -26.29347771
      2.30604254	    -20.15356518	    -26.29253585
      2.30619935	    -20.16297417	    -26.29159399
      2.30639213	    -20.17454167	    -26.29043606
      2.30662801	    -20.18869534	    -26.28901925
      2.30686389	    -20.20284902	    -26.28760243
      2.30709977	    -20.21700270	    -26.28618562
      2.30733564	    -20.23115638	    -26.28476881
      2.30766909	    -20.25116414	    -26.28276599
      2.30800253	    -20.27117189	    -26.28076317
      2.30823715	    -20.28525045	    -26.27935387
      2.30847178	    -20.29932902	    -26.27794458
      2.30866636	    -20.31100463	    -26.27677582
      2.30886094	    -20.32268025	    -26.27560707
      2.30905552	    -20.33435586	    -26.27443831
      2.30921994	    -20.34422156	    -26.27345074
      2.30938436	    -20.35408726	    -26.27246316
      2.30954878	    -20.36395296	    -26.27147558
      2.30971319	    -20.37381866	    -26.27048800
      2.30994287	    -20.38760027	    -26.26910843
      2.31017255	    -20.40065871	    -26.26731682
      2.31046565	    -20.41701749	    -26.26485640
      2.31075875	    -20.43337627	    -26.26239598
      2.31105185	    -20.44973505	    -26.25993556
      2.31129334	    -20.46321284	    -26.25790845
      2.31153482	    -20.47669064	    -26.25588133
      2.31174680	    -20.48852171	    -26.25410190
      2.31191840	    -20.49809917	    -26.25266141
      2.31209000	    -20.50767664	    -26.25122092
      2.31226160	    -20.51725411	    -26.24978044
      2.31243320	    -20.52683158	    -26.24833995
      2.31265205	    -20.53904664	    -26.24650276
      2.31287091	    -20.55126171	    -26.24466557
      2.31308977	    -20.56347678	    -26.24282838
      2.31330863	    -20.57569184	    -26.24099118
      2.31361485	    -20.59278288	    -26.23842063
      2.31392107	    -20.60987393	    -26.23585007
      2.31422729	    -20.62696497	    -26.23327952
      2.31444797	    -20.63928211	    -26.23142697
      2.31462945	    -20.64941087	    -26.22990357
      2.31481093	    -20.65953964	    -26.22838016
      2.31499241	    -20.66966840	    -26.22685676
      2.31517388	    -20.67979717	    -26.22533336
      2.31533602	    -20.68884634	    -26.22397233
      2.31549815	    -20.69789551	    -26.22261130
      2.31566029	    -20.70694468	    -26.22125027
      2.31582242	    -20.71599385	    -26.21988924
      2.31604771	    -20.72856766	    -26.21799809
      2.31627299	    -20.74114146	    -26.21610694
      2.31656609	    -20.75750022	    -26.21364653
      2.31685919	    -20.77385898	    -26.21118611
      2.31715229	    -20.79021775	    -26.20872569
      2.31738927	    -20.80344433	    -26.20673636
      2.31762626	    -20.81667091	    -26.20474703
      2.31783581	    -20.82836671	    -26.20298794
      2.31800193	    -20.83763813	    -26.20159349
      2.31816804	    -20.84690955	    -26.20019903
      2.31833416	    -20.85618098	    -26.19880457
      2.31850027	    -20.86545240	    -26.19741012
      2.31871294	    -20.87732209	    -26.19562487
      2.31892561	    -20.88919179	    -26.19383962
      2.31913828	    -20.90106148	    -26.19205438
      2.31935095	    -20.91293118	    -26.19026913
      2.31963781	    -20.92894157	    -26.18786111
      2.31992467	    -20.94495196	    -26.18545309
      2.32021153	    -20.95987342	    -26.18237395
      2.32042599	    -20.97073918	    -26.17989323
      2.32061019	    -20.98007133	    -26.17776264
      2.32079438	    -20.98940347	    -26.17563206
      2.32097857	    -20.99873562	    -26.17350147
      2.32116277	    -21.00806777	    -26.17137088
      2.32132098	    -21.01608379	    -26.16954078
      2.32147920	    -21.02409982	    -26.16771067
      2.32163742	    -21.03211584	    -26.16588056
      2.32179563	    -21.04013186	    -26.16405045
      2.32200513	    -21.05074616	    -26.16162714
      2.32221463	    -21.06136046	    -26.15920383
      2.32249306	    -21.07546679	    -26.15598327
      2.32277148	    -21.08957311	    -26.15276271
      2.32304990	    -21.10367944	    -26.14954215
      2.32327017	    -21.11483908	    -26.14699433
      2.32349043	    -21.12599873	    -26.14444652
      2.32368682	    -21.13594864	    -26.14217489
      2.32383873	    -21.14364541	    -26.14041767
      2.32399065	    -21.15134218	    -26.13866045
      2.32414256	    -21.15903896	    -26.13690323
      2.32429448	    -21.16673573	    -26.13514601
      2.32444639	    -21.17443251	    -26.13338879
      2.32464176	    -21.18433087	    -26.13112893
      2.32483713	    -21.19422924	    -26.12886907
      2.32503250	    -21.20412760	    -26.12660921
      2.32527940	    -21.21663656	    -26.12375334
      2.32552629	    -21.22914552	    -26.12089747
      2.32580100	    -21.24306366	    -26.11771987
      2.32603167	    -21.25475013	    -26.11505178
      2.32622676	    -21.26463481	    -26.11279504
      2.32638428	    -21.27261521	    -26.11097307
      2.32654179	    -21.28059560	    -26.10915110
      2.32669930	    -21.28857599	    -26.10732913
      2.32685682	    -21.29655638	    -26.10550715
      2.32701433	    -21.30453677	    -26.10368518
      2.32717184	    -21.31251716	    -26.10186321
      2.32732936	    -21.32049755	    -26.10004124
      2.32748687	    -21.32847794	    -26.09821926
      2.32769447	    -21.33899591	    -26.09581795
      2.32790207	    -21.34951387	    -26.09341663
      2.32817894	    -21.36354160	    -26.09021401
      2.32845581	    -21.37756934	    -26.08701140
      2.32868864	    -21.38936536	    -26.08431829
      2.32888776	    -21.39945372	    -26.08201506
      2.32908687	    -21.40954207	    -26.07971182
      2.32926369	    -21.41850029	    -26.07766661
      2.32939356	    -21.42508016	    -26.07616438
      2.32952343	    -21.43166004	    -26.07466216
      2.32965330	    -21.43823991	    -26.07315993
      2.32978317	    -21.44481978	    -26.07165771
      2.32991304	    -21.45139965	    -26.07015548
      2.33009771	    -21.46017670	    -26.06766140
      2.33028238	    -21.46843817	    -26.06484874
      2.33046705	    -21.47669965	    -26.06203608
      2.33065172	    -21.48496112	    -26.05922341
      2.33090774	    -21.49641407	    -26.05532420
      2.33116375	    -21.50786703	    -26.05142498
      2.33141976	    -21.51931998	    -26.04752576
      2.33160265	    -21.52750202	    -26.04474014
      2.33175757	    -21.53443223	    -26.04238072
      2.33191248	    -21.54136244	    -26.04002129
      2.33206739	    -21.54829265	    -26.03766187
      2.33222231	    -21.55522286	    -26.03530244
      2.33237722	    -21.56215307	    -26.03294301
      2.33253213	    -21.56908328	    -26.03058359
      2.33268705	    -21.57601349	    -26.02822416
      2.33284196	    -21.58294370	    -26.02586474
      2.33303307	    -21.59149319	    -26.02295402
      2.33326434	    -21.60183928	    -26.01943164
      2.33349561	    -21.61218537	    -26.01590926
      2.33377732	    -21.62478797	    -26.01161864
      2.33399592	    -21.63456747	    -26.00828916
      2.33418302	    -21.64293740	    -26.00543957
      2.33437011	    -21.65130734	    -26.00258998
      2.33453650	    -21.65875089	    -26.00005579
      2.33465465	    -21.66403657	    -25.99825625
      2.33476060	    -21.66877623	    -25.99664261
      2.33486655	    -21.67351590	    -25.99502896
      2.33497249	    -21.67825556	    -25.99341532
      2.33507844	    -21.68299522	    -25.99180168
      2.33524481	    -21.69043805	    -25.98926773
      2.33541118	    -21.69788087	    -25.98673378
      2.33557755	    -21.70532370	    -25.98419983
      2.33574393	    -21.71276652	    -25.98166588
      2.33596348	    -21.72258832	    -25.97832200
      2.33618303	    -21.73241012	    -25.97497812
      2.33646057	    -21.74482631	    -25.97075096
      2.33666759	    -21.75408784	    -25.96759783
      2.33684637	    -21.76208538	    -25.96487502
      2.33699508	    -21.76873843	    -25.96260996
      2.33712656	    -21.77462036	    -25.96060742
      2.33725804	    -21.78050229	    -25.95860489
      2.33738952	    -21.78638422	    -25.95660236
      2.33752101	    -21.79226614	    -25.95459983
      2.33765249	    -21.79814807	    -25.95259729
      2.33778397	    -21.80403000	    -25.95059476
      2.33791545	    -21.80991193	    -25.94859223
      2.33808932	    -21.81769031	    -25.94594404
      2.33829820	    -21.82703477	    -25.94276267
      2.33850708	    -21.83637923	    -25.93958130
      2.33878148	    -21.84865471	    -25.93540205
      2.33902349	    -21.85948169	    -25.93171595
      2.33922018	    -21.86828056	    -25.92872032
      2.33939567	    -21.87613121	    -25.92604753
      2.33957115	    -21.88398187	    -25.92337473
      2.33970541	    -21.88998802	    -25.92132991
      2.33981242	    -21.89477528	    -25.91970006
      2.33991943	    -21.89956254	    -25.91807021
      2.34002644	    -21.90418161	    -25.91634227
      2.34013346	    -21.90828827	    -25.91431548
      2.34026498	    -21.91333554	    -25.91182447
      2.34043671	    -21.91992594	    -25.90857186
      2.34060844	    -21.92651633	    -25.90531925
      2.34078017	    -21.93310673	    -25.90206664
      2.34095191	    -21.93969713	    -25.89881403
      2.34118735	    -21.94873238	    -25.89435480
      2.34142279	    -21.95776763	    -25.88989556
      2.34165823	    -21.96680288	    -25.88543633
      2.34185371	    -21.97430483	    -25.88173383
      2.34200812	    -21.98023059	    -25.87880925
      2.34214331	    -21.98541844	    -25.87624885
      2.34227849	    -21.99060628	    -25.87368846
      2.34241368	    -21.99579412	    -25.87112806
      2.34254886	    -22.00098196	    -25.86856767
      2.34268405	    -22.00616980	    -25.86600728
      2.34281923	    -22.01135764	    -25.86344688
      2.34295442	    -22.01654548	    -25.86088649
      2.34313135	    -22.02333567	    -25.85753528
      2.34330829	    -22.03012585	    -25.85418406
      2.34353850	    -22.03896025	    -25.84982396
      2.34381829	    -22.04969757	    -25.84452469
      2.34409808	    -22.06043488	    -25.83922542
      2.34430077	    -22.06821336	    -25.83538645
      2.34448234	    -22.07518124	    -25.83194754
      2.34466391	    -22.08214911	    -25.82850863
      2.34480616	    -22.08760794	    -25.82581450
      2.34491718	    -22.09186859	    -25.82371171
      2.34502820	    -22.09612923	    -25.82160892
      2.34513923	    -22.10038988	    -25.81950613
      2.34525025	    -22.10465052	    -25.81740334
      2.34538887	    -22.10997028	    -25.81477785
      2.34556639	    -22.11678266	    -25.81141568
      2.34574391	    -22.12359504	    -25.80805351
      2.34592142	    -22.13040743	    -25.80469135
      2.34609894	    -22.13721981	    -25.80132918
      2.34634216	    -22.14655352	    -25.79672265
      2.34658537	    -22.15588722	    -25.79211611
      2.34682859	    -22.16522093	    -25.78750958
      2.34701554	    -22.17239514	    -25.78396884
      2.34717999	    -22.17870606	    -25.78085416
      2.34734444	    -22.18501697	    -25.77773949
      2.34750888	    -22.19132789	    -25.77462481
      2.34767333	    -22.19763881	    -25.77151013
      2.34783778	    -22.20394973	    -25.76839546
      2.34798547	    -22.20961744	    -25.76559823
      2.34813316	    -22.21528515	    -25.76280100
      2.34828085	    -22.22095286	    -25.76000378
      2.34847666	    -22.22846723	    -25.75629516
      2.34871407	    -22.23757829	    -25.75179851
      2.34895149	    -22.24668935	    -25.74730186
      2.34918891	    -22.25580041	    -25.74280521
      2.34942632	    -22.26491147	    -25.73830856
      2.34962203	    -22.27242187	    -25.73460189
      2.34981773	    -22.27993228	    -25.73089522
      2.34998902	    -22.28650575	    -25.72765097
      2.35011601	    -22.29065124	    -25.72487616
      2.35024300	    -22.29472786	    -25.72206639
      2.35036999	    -22.29880448	    -25.71925661
      2.35049698	    -22.30288110	    -25.71644684
      2.35065007	    -22.30779543	    -25.71305969
      2.35084031	    -22.31390249	    -25.70885045
      2.35103055	    -22.32000956	    -25.70464120
      2.35122079	    -22.32611662	    -25.70043196
      2.35141102	    -22.33222369	    -25.69622272
      2.35168324	    -22.34096243	    -25.69019963
      2.35195546	    -22.34970116	    -25.68417653
      2.35218961	    -22.35721787	    -25.67899571
      2.35239002	    -22.36365133	    -25.67456150
      2.35256043	    -22.36912202	    -25.67079088
      2.35270842	    -22.37387257	    -25.66751660
      2.35285640	    -22.37862313	    -25.66424232
      2.35300438	    -22.38337368	    -25.66096805
      2.35315237	    -22.38812424	    -25.65769377
      2.35330035	    -22.39287480	    -25.65441949
      2.35344833	    -22.39762535	    -25.65114521
      2.35359632	    -22.40237591	    -25.64787093
      2.35379717	    -22.40882366	    -25.64342687
      2.35399802	    -22.41527142	    -25.63898281
      2.35425758	    -22.42360394	    -25.63323970
      2.35451715	    -22.43193646	    -25.62749659
      2.35477671	    -22.44026897	    -25.62175347
      2.35499619	    -22.44731450	    -25.61689741
      2.35519289	    -22.45362911	    -25.61254512
      2.35538959	    -22.45994372	    -25.60819283
      2.35554255	    -22.46485381	    -25.60480859
      2.35567699	    -22.46916980	    -25.60183383
      2.35581144	    -22.47348580	    -25.59885907
      2.35594589	    -22.47780179	    -25.59588432
      2.35608033	    -22.48211778	    -25.59290956
      2.35627608	    -22.48840166	    -25.58857845
      2.35647183	    -22.49468554	    -25.58424734
      2.35666757	    -22.50096941	    -25.57991624
      2.35686332	    -22.50725329	    -25.57558513
      2.35713121	    -22.51585307	    -25.56965781
      2.35739910	    -22.52445285	    -25.56373049
      2.35766699	    -22.53305262	    -25.55780317
      2.35788870	    -22.54017007	    -25.55289753
      2.35806635	    -22.54587283	    -25.54896696
      2.35822426	    -22.55094221	    -25.54547293
      2.35838218	    -22.55601159	    -25.54197891
      2.35854009	    -22.56108096	    -25.53848489
      2.35869801	    -22.56615034	    -25.53499086
      2.35885592	    -22.57121972	    -25.53149684
      2.35901384	    -22.57628910	    -25.52800282
      2.35917175	    -22.58135847	    -25.52450879
      2.35937952	    -22.58802837	    -25.51991163
      2.35958729	    -22.59469826	    -25.51531447
      2.35986154	    -22.60350201	    -25.50924656
      2.36013578	    -22.61155363	    -25.50290409
      2.36043752	    -22.61956864	    -25.49561765
      2.36068510	    -22.62614495	    -25.48963913
      2.36093267	    -22.63272126	    -25.48366061
      2.36118025	    -22.63929757	    -25.47768209
      2.36134469	    -22.64366556	    -25.47371115
      2.36150913	    -22.64803356	    -25.46974021
      2.36167357	    -22.65240156	    -25.46576926
      2.36183801	    -22.65676956	    -25.46179832
      2.36204410	    -22.66224382	    -25.45682167
      2.36225019	    -22.66771809	    -25.45184501
      2.36245628	    -22.67319235	    -25.44686836
      2.36266237	    -22.67866662	    -25.44189171
      2.36294037	    -22.68605100	    -25.43517858
      2.36321836	    -22.69343537	    -25.42846544
      2.36351970	    -22.70143960	    -25.42118880
      2.36375356	    -22.70765170	    -25.41554139
      2.36395464	    -22.71299290	    -25.41068570
      2.36415572	    -22.71833411	    -25.40583002
      2.36435680	    -22.72367531	    -25.40097434
      2.36455788	    -22.72901651	    -25.39611865
      2.36473811	    -22.73380386	    -25.39176647
      2.36491833	    -22.73859121	    -25.38741430
      2.36509856	    -22.74337856	    -25.38306212
      2.36527879	    -22.74816591	    -25.37870995
      2.36551033	    -22.75431610	    -25.37311881
      2.36574186	    -22.76046629	    -25.36752767
      2.36604410	    -22.76849464	    -25.36022911
      2.36634634	    -22.77652299	    -25.35293054
      2.36664859	    -22.78455134	    -25.34563197
      2.36688094	    -22.79072340	    -25.34002095
      2.36711330	    -22.79689547	    -25.33440993
      2.36731050	    -22.80213364	    -25.32964791
      2.36747662	    -22.80654611	    -25.32563654
      2.36764273	    -22.81095858	    -25.32162516
      2.36780885	    -22.81537105	    -25.31761379
      2.36797496	    -22.81978352	    -25.31360242
      2.36821537	    -22.82616950	    -25.30779693
      2.36845579	    -22.83255547	    -25.30199144
      2.36869620	    -22.83894145	    -25.29618596
      2.36893661	    -22.84532742	    -25.29038047
      2.36927045	    -22.85419510	    -25.28231887
      2.36960429	    -22.86306277	    -25.27425728
      2.36985105	    -22.86961733	    -25.26829853
      2.37006448	    -22.87502273	    -25.26313010
      2.37024462	    -22.87907017	    -25.25873988
      2.37042476	    -22.88311761	    -25.25434965
      2.37060490	    -22.88716506	    -25.24995943
      2.37078504	    -22.89121250	    -25.24556921
      2.37096518	    -22.89525995	    -25.24117898
      2.37114532	    -22.89930739	    -25.23678876
      2.37132546	    -22.90335484	    -25.23239854
      2.37154750	    -22.90834372	    -25.22698715
      2.37176954	    -22.91333260	    -25.22157575
      2.37204977	    -22.91962879	    -25.21474634
      2.37232999	    -22.92592498	    -25.20791693
      2.37261022	    -22.93222117	    -25.20108751
      2.37286182	    -22.93787428	    -25.19495564
      2.37308429	    -22.94287287	    -25.18953371
      2.37330677	    -22.94787147	    -25.18411179
      2.37348984	    -22.95198474	    -25.17965016
      2.37365041	    -22.95559266	    -25.17573669
      2.37381099	    -22.95920057	    -25.17182322
      2.37397157	    -22.96280848	    -25.16790976
      2.37416587	    -22.96717419	    -25.16317432
      2.37436018	    -22.97153989	    -25.15843888
      2.37455448	    -22.97590560	    -25.15370344
      2.37474879	    -22.98027130	    -25.14896801
      2.37501430	    -22.98623683	    -25.14249725
      2.37527981	    -22.99220236	    -25.13602650
      2.37560496	    -22.99950802	    -25.12810213
      2.37586196	    -23.00528232	    -25.12183880
      2.37606882	    -23.00993019	    -25.11679730
      2.37624609	    -23.01391305	    -25.11247714
      2.37642335	    -23.01789590	    -25.10815698
      2.37660062	    -23.02187875	    -25.10383682
      2.37677788	    -23.02586160	    -25.09951666
      2.37695515	    -23.02984446	    -25.09519650
      2.37713241	    -23.03382731	    -25.09087634
      2.37730968	    -23.03781016	    -25.08655618
      2.37748694	    -23.04179301	    -25.08223601
      2.37771712	    -23.04696481	    -25.07662621
      2.37794731	    -23.05213662	    -25.07101641
      2.37825023	    -23.05894277	    -25.06363384
      2.37855315	    -23.06574893	    -25.05625127
      2.37880079	    -23.07131306	    -25.05021591
      2.37901592	    -23.07614652	    -25.04497310
      2.37923104	    -23.08097999	    -25.03973029
      2.37941183	    -23.08504210	    -25.03532416
      2.37956158	    -23.08840663	    -25.03167468
      2.37971133	    -23.09177117	    -25.02802521
      2.37986107	    -23.09513570	    -25.02437573
      2.38001082	    -23.09847884	    -25.02074910
      2.38022176	    -23.10280123	    -25.01605358
      2.38043270	    -23.10712361	    -25.01135807
      2.38064365	    -23.11144600	    -25.00666256
      2.38085459	    -23.11576839	    -25.00196705
      2.38113897	    -23.12159551	    -24.99563690
      2.38142335	    -23.12742263	    -24.98930676
      2.38167227	    -23.13252310	    -24.98376600
      2.38187854	    -23.13674968	    -24.97917456
      2.38205822	    -23.14043164	    -24.97517477
      2.38221394	    -23.14362228	    -24.97170869
      2.38236965	    -23.14681293	    -24.96824262
      2.38252536	    -23.15000357	    -24.96477655
      2.38268107	    -23.15319422	    -24.96131047
      2.38283678	    -23.15638486	    -24.95784440
      2.38299250	    -23.15957551	    -24.95437833
      2.38314821	    -23.16276615	    -24.95091225
      2.38334536	    -23.16680587	    -24.94652381
      2.38354251	    -23.17084558	    -24.94213537
      2.38380274	    -23.17617802	    -24.93634262
      2.38406298	    -23.18151046	    -24.93054986
      2.38432322	    -23.18684290	    -24.92475711
      2.38454491	    -23.19138560	    -24.91982226
      2.38474006	    -23.19538425	    -24.91547843
      2.38493520	    -23.19938291	    -24.91113459
      2.38509402	    -23.20263728	    -24.90759929
      2.38522568	    -23.20533497	    -24.90466873
      2.38535733	    -23.20803265	    -24.90173817
      2.38548899	    -23.21073034	    -24.89880761
      2.38562064	    -23.21342803	    -24.89587704
      2.38580375	    -23.21718010	    -24.89180108
      2.38598686	    -23.22093216	    -24.88772512
      2.38616997	    -23.22468423	    -24.88364916
      2.38635308	    -23.22843630	    -24.87957320
      2.38659948	    -23.23348519	    -24.87408846
      2.38684588	    -23.23853409	    -24.86860373
      2.38709228	    -23.24358298	    -24.86311899
      2.38733868	    -23.24863188	    -24.85763426
      2.38750770	    -23.25209524	    -24.85387193
      2.38765587	    -23.25513136	    -24.85057372
      2.38780404	    -23.25816748	    -24.84727550
      2.38795222	    -23.26120361	    -24.84397729
      2.38810039	    -23.26423973	    -24.84067908
      2.38824856	    -23.26727585	    -24.83738086
      2.38839673	    -23.27031198	    -24.83408265
      2.38854490	    -23.27334810	    -24.83078444
      2.38869307	    -23.27638422	    -24.82748622
      2.38888941	    -23.28040737	    -24.82311578
      2.38908575	    -23.28443051	    -24.81874534
      2.38936367	    -23.29012534	    -24.81255892
      2.38964159	    -23.29582016	    -24.80637250
      2.38986671	    -23.30043286	    -24.80136162
      2.39005978	    -23.30442804	    -24.79734972
      2.39025285	    -23.30851019	    -24.79397507
      2.39042452	    -23.31213982	    -24.79097451
      2.39054823	    -23.31475544	    -24.78881222
      2.39067194	    -23.31737107	    -24.78664992
      2.39079565	    -23.31998670	    -24.78448763
      2.39091936	    -23.32260232	    -24.78232533
      2.39104307	    -23.32521795	    -24.78016303
      2.39122446	    -23.32905302	    -24.77699265
      2.39140584	    -23.33288808	    -24.77382226
      2.39158723	    -23.33672315	    -24.77065187
      2.39176862	    -23.34055821	    -24.76748149
      2.39201627	    -23.34579434	    -24.76315287
      2.39226392	    -23.35103046	    -24.75882425
      2.39251157	    -23.35626658	    -24.75449564
      2.39269595	    -23.36016498	    -24.75127289
      2.39285710	    -23.36357213	    -24.74845626
      2.39301824	    -23.36697927	    -24.74563963
      2.39315416	    -23.36985285	    -24.74326408
      2.39329007	    -23.37272643	    -24.74088854
      2.39342598	    -23.37560001	    -24.73851300
      2.39356189	    -23.37847359	    -24.73613746
      2.39369780	    -23.38134718	    -24.73376191
      2.39383371	    -23.38422076	    -24.73138637
      2.39400280	    -23.38779585	    -24.72843090
      2.39420791	    -23.39213247	    -24.72484589
      2.39441302	    -23.39646908	    -24.72126088
      2.39467306	    -23.40196715	    -24.71671572
      2.39493310	    -23.40746521	    -24.71217056
      2.39513794	    -23.41179620	    -24.70859019
      2.39531629	    -23.41556714	    -24.70547282
      2.39549464	    -23.41933808	    -24.70235545
      2.39564167	    -23.42244673	    -24.69978558
      2.39575480	    -23.42483867	    -24.69780820
      2.39586793	    -23.42723061	    -24.69583082
      2.39598106	    -23.42962255	    -24.69385345
      2.39609420	    -23.43201449	    -24.69187607
      2.39623045	    -23.43489531	    -24.68949454
      2.39640464	    -23.43857836	    -24.68644982
      2.39657884	    -23.44226141	    -24.68340510
      2.39675304	    -23.44594446	    -24.68036038
      2.39692723	    -23.44962751	    -24.67731567
      2.39716887	    -23.45473648	    -24.67309216
      2.39741051	    -23.45984545	    -24.66886866
      2.39765214	    -23.46495442	    -24.66464516
      2.39784362	    -23.46900282	    -24.66129841
      2.39799668	    -23.47223887	    -24.65862323
      2.39813095	    -23.47507793	    -24.65627622
      2.39826523	    -23.47791698	    -24.65392922
      2.39839951	    -23.48075604	    -24.65158221
      2.39853379	    -23.48359510	    -24.64923521
      2.39866807	    -23.48643416	    -24.64688821
      2.39880234	    -23.48927322	    -24.64454120
      2.39893662	    -23.49211228	    -24.64219420
      2.39911397	    -23.49586200	    -24.63909436
      2.39929132	    -23.49961173	    -24.63599453
      2.39952368	    -23.50452462	    -24.63193311
      2.39975605	    -23.50943752	    -24.62787170
      2.40002245	    -23.51514896	    -24.62338349
      2.40023434	    -23.52037357	    -24.62126685
      2.40041923	    -23.52493221	    -24.61942002
      2.40060411	    -23.52949085	    -24.61757318
      2.40076274	    -23.53340197	    -24.61598868
      2.40087728	    -23.53622614	    -24.61484452
      2.40099182	    -23.53905032	    -24.61370037
      2.40110636	    -23.54187449	    -24.61255622
      2.40122090	    -23.54469866	    -24.61141206
      2.40133544	    -23.54752284	    -24.61026791
      2.40151153	    -23.55186473	    -24.60850888
      2.40168763	    -23.55620663	    -24.60674986
      2.40186372	    -23.56054853	    -24.60499083
      2.40203982	    -23.56489042	    -24.60323180
      2.40227650	    -23.57072633	    -24.60086751
      2.40251319	    -23.57656224	    -24.59850322
      2.40274988	    -23.58239814	    -24.59613892
      2.40295005	    -23.58733375	    -24.59413937
      2.40311019	    -23.59128227	    -24.59253970
      2.40325231	    -23.59478638	    -24.59112009
      2.40339442	    -23.59829049	    -24.58970048
      2.40353654	    -23.60179460	    -24.58828086
      2.40367865	    -23.60529870	    -24.58686125
      2.40382077	    -23.60880281	    -24.58544163
      2.40396289	    -23.61230692	    -24.58402202
      2.40410500	    -23.61581102	    -24.58260241
      2.40427575	    -23.62002098	    -24.58089683
      2.40444649	    -23.62423094	    -24.57919126
      2.40468521	    -23.63011698	    -24.57680665
      2.40492393	    -23.63600302	    -24.57442205
      2.40521178	    -23.64310038	    -24.57154670
      2.40542948	    -23.64846820	    -24.56937204
      2.40561987	    -23.65316243	    -24.56747028
      2.40581025	    -23.65785666	    -24.56556851
      2.40596851	    -23.66175878	    -24.56398765
      2.40609053	    -23.66476749	    -24.56276873
      2.40621256	    -23.66777620	    -24.56154982
      2.40633458	    -23.67078491	    -24.56033091
      2.40645660	    -23.67379362	    -24.55911199
      2.40661310	    -23.67765217	    -24.55754878
      2.40680109	    -23.68228736	    -24.55567093
      2.40698908	    -23.68692256	    -24.55379308
      2.40717706	    -23.69155775	    -24.55191523
      2.40740270	    -23.69712107	    -24.54966137
      2.40767583	    -23.70385559	    -24.54693303
      2.40794896	    -23.71059011	    -24.54420468
      2.40816927	    -23.71602230	    -24.54200394
      2.40836118	    -23.72075400	    -24.54008700
      2.40853143	    -23.72495187	    -24.53838632
      2.40870168	    -23.72914974	    -24.53668564
      2.40887194	    -23.73334762	    -24.53498496
      2.40902203	    -23.73704851	    -24.53348562
      2.40917213	    -23.74074939	    -24.53198629
      2.40932223	    -23.74445028	    -24.53048695
      2.40947233	    -23.74815117	    -24.52898761
      2.40965712	    -23.75270748	    -24.52714172
      2.40988269	    -23.75826939	    -24.52488843
      2.41010826	    -23.76450455	    -24.52370401
      2.41033384	    -23.77146923	    -24.52367774
      2.41061647	    -23.78019545	    -24.52364484
      2.41084049	    -23.78711212	    -24.52361876
      2.41103715	    -23.79318420	    -24.52359587
      2.41123382	    -23.79925629	    -24.52357297
      2.41139409	    -23.80420492	    -24.52355431
      2.41152749	    -23.80832367	    -24.52353878
      2.41166089	    -23.81244241	    -24.52352325
      2.41179429	    -23.81656116	    -24.52350772
      2.41192769	    -23.82067991	    -24.52349219
      2.41211404	    -23.82643346	    -24.52347050
      2.41230039	    -23.83218702	    -24.52344880
      2.41248674	    -23.83794058	    -24.52342711
      2.41267309	    -23.84369414	    -24.52340541
      2.41292583	    -23.85149775	    -24.52337599
      2.41317858	    -23.85930136	    -24.52334656
      2.41343132	    -23.86710497	    -24.52331714
      2.41368407	    -23.87490857	    -24.52328771
      2.41386826	    -23.88059552	    -24.52326627
      2.41402662	    -23.88548494	    -24.52324783
      2.41418498	    -23.89037435	    -24.52322940
      2.41434334	    -23.89526377	    -24.52321096
      2.41450170	    -23.90015319	    -24.52319253
      2.41466006	    -23.90504261	    -24.52317409
      2.41481842	    -23.90993203	    -24.52315565
      2.41497678	    -23.91482144	    -24.52313722
      2.41517323	    -23.92088672	    -24.52311435
      2.41536967	    -23.92695199	    -24.52309148
      2.41562913	    -23.93496288	    -24.52306127
      2.41588859	    -23.94297377	    -24.52303107
      2.41623620	    -23.95370641	    -24.52299060
      2.41648001	    -23.96123390	    -24.52296221
      2.41672381	    -23.96876140	    -24.52293383
      2.41696761	    -23.97628889	    -24.52290545
      2.41713099	    -23.98133323	    -24.52288643
      2.41729437	    -23.98637756	    -24.52286741
      2.41745775	    -23.99142190	    -24.52284839
      2.41762112	    -23.99646623	    -24.52282937
      2.41778450	    -24.00151057	    -24.52281035
      2.41799049	    -24.00787053	    -24.52278637
      2.41819648	    -24.01423049	    -24.52276238
      2.41840247	    -24.02059045	    -24.52273840
      2.41866635	    -24.02873772	    -24.52270768
      2.41893022	    -24.03688500	    -24.52267696
      2.41925465	    -24.04690167	    -24.52263919
      2.41949317	    -24.05426608	    -24.52261143
      2.41969051	    -24.06035912	    -24.52258845
      2.41986587	    -24.06577349	    -24.52256803
      2.42004124	    -24.07153096	    -24.52302330
      2.42021660	    -24.07840444	    -24.52502582
      2.42039196	    -24.08527792	    -24.52702834
      2.42056732	    -24.09215141	    -24.52903087
      2.42074269	    -24.09902489	    -24.53103339
      2.42091805	    -24.10589837	    -24.53303591
      2.42109341	    -24.11277186	    -24.53503843
      2.42133512	    -24.12224601	    -24.53779863
      2.42157684	    -24.13172016	    -24.54055883
      2.42189160	    -24.14405736	    -24.54415316
      2.42220635	    -24.15639457	    -24.54774748
      2.42246143	    -24.16639268	    -24.55066033
      2.42268839	    -24.17528826	    -24.55325197
      2.42291534	    -24.18418383	    -24.55584361
      2.42309742	    -24.19132085	    -24.55792291
      2.42325903	    -24.19765498	    -24.55976830
      2.42342063	    -24.20398911	    -24.56161368
      2.42358223	    -24.21032324	    -24.56345907
      2.42378529	    -24.21828214	    -24.56577782
      2.42398834	    -24.22624103	    -24.56809656
      2.42419140	    -24.23419993	    -24.57041531
      2.42439445	    -24.24215882	    -24.57273405
      2.42466757	    -24.25286398	    -24.57585290
      2.42494069	    -24.26356913	    -24.57897174
      2.42526529	    -24.27629210	    -24.58267845
      2.42552337	    -24.28640790	    -24.58562559
      2.42574683	    -24.29516656	    -24.58817734
      2.42594410	    -24.30289866	    -24.59043001
      2.42612070	    -24.30982069	    -24.59244668
      2.42629730	    -24.31674273	    -24.59446334
      2.42647390	    -24.32366477	    -24.59648001
      2.42665051	    -24.33058681	    -24.59849668
      2.42682711	    -24.33750884	    -24.60051335
      2.42700371	    -24.34443088	    -24.60253001
      2.42718031	    -24.35135292	    -24.60454668
      2.42742899	    -24.36110001	    -24.60738640
      2.42767766	    -24.37084710	    -24.61022612
      2.42797686	    -24.38257431	    -24.61364273
      2.42827605	    -24.39430153	    -24.61705934
      2.42854211	    -24.40472976	    -24.62009750
      2.42877116	    -24.41370778	    -24.62271316
      2.42900022	    -24.42268580	    -24.62532882
      2.42919524	    -24.43032981	    -24.62755582
      2.42936083	    -24.43682041	    -24.62944680
      2.42952643	    -24.44331102	    -24.63133777
      2.42969202	    -24.44980163	    -24.63322875
      2.42985762	    -24.45629223	    -24.63511972
      2.43007910	    -24.46571531	    -24.63860675
      2.43030058	    -24.47647381	    -24.64381795
      2.43052206	    -24.48723231	    -24.64902915
      2.43079200	    -24.50034443	    -24.65538040
      2.43106194	    -24.51345656	    -24.66173164
      2.43138690	    -24.52924171	    -24.66937766
      2.43164417	    -24.54173842	    -24.67543081
      2.43185083	    -24.55177717	    -24.68029338
      2.43202661	    -24.56031574	    -24.68442928
      2.43220239	    -24.56885430	    -24.68856519
      2.43237817	    -24.57739286	    -24.69270110
      2.43255396	    -24.58593143	    -24.69683700
      2.43272974	    -24.59446999	    -24.70097291
      2.43290552	    -24.60300855	    -24.70510882
      2.43308130	    -24.61154712	    -24.70924473
      2.43325708	    -24.62008568	    -24.71338063
      2.43348723	    -24.63126529	    -24.71879581
      2.43371738	    -24.64244489	    -24.72421098
      2.43402827	    -24.65754633	    -24.73152581
      2.43433916	    -24.67264777	    -24.73884065
      2.43459519	    -24.68508436	    -24.74486468
      2.43481761	    -24.69588839	    -24.75009793
      2.43504003	    -24.70669242	    -24.75533118
      2.43522693	    -24.71577094	    -24.75972864
      2.43538253	    -24.72332930	    -24.76338975
      2.43553813	    -24.73088765	    -24.76705086
      2.43569373	    -24.73844601	    -24.77071198
      2.43584933	    -24.74600437	    -24.77437309
      2.43606920	    -24.75668465	    -24.77954641
      2.43628908	    -24.76736493	    -24.78471972
      2.43650895	    -24.77804522	    -24.78989303
      2.43672882	    -24.78872550	    -24.79506634
      2.43702493	    -24.80310917	    -24.80203350
      2.43732105	    -24.81749284	    -24.80900066
      2.43756758	    -24.82946847	    -24.81480141
      2.43776998	    -24.83930005	    -24.81956363
      2.43794754	    -24.84792464	    -24.82374121
      2.43812509	    -24.85654923	    -24.82791879
      2.43830264	    -24.86517382	    -24.83209636
      2.43848019	    -24.87379841	    -24.83627394
      2.43863293	    -24.88121761	    -24.83986765
      2.43878567	    -24.88863682	    -24.84346136
      2.43893840	    -24.89605602	    -24.84705508
      2.43909114	    -24.90347523	    -24.85064879
      2.43930582	    -24.91390340	    -24.85569999
      2.43952051	    -24.92433158	    -24.86075118
      2.43979269	    -24.93755304	    -24.86715539
      2.44006488	    -24.95136124	    -24.87429353
      2.44033706	    -24.96704427	    -24.88377684
      2.44054771	    -24.97918108	    -24.89111580
      2.44075835	    -24.99131789	    -24.89845476
      2.44094639	    -25.00215267	    -24.90500640
      2.44109177	    -25.01052960	    -24.91007181
      2.44123716	    -25.01890654	    -24.91513723
      2.44138255	    -25.02728348	    -24.92020264
      2.44152793	    -25.03566041	    -24.92526806
      2.44170723	    -25.04599149	    -24.93151512
      2.44188653	    -25.05632257	    -24.93776217
      2.44206583	    -25.06665364	    -24.94400923
      2.44224513	    -25.07698472	    -24.95025629
      2.44248922	    -25.09104854	    -24.95876049
      2.44273330	    -25.10511236	    -24.96726468
      2.44299627	    -25.12026447	    -24.97642695
      2.44322830	    -25.13363321	    -24.98451084
      2.44341799	    -25.14456288	    -24.99111986
      2.44357420	    -25.15356395	    -24.99656268
      2.44373042	    -25.16256502	    -25.00200550
      2.44388664	    -25.17156608	    -25.00744831
      2.44404286	    -25.18056715	    -25.01289113
      2.44419907	    -25.18956822	    -25.01833395
      2.44435529	    -25.19856929	    -25.02377677
      2.44451151	    -25.20757035	    -25.02921959
      2.44466773	    -25.21657142	    -25.03466241
      2.44486816	    -25.22812019	    -25.04164579
      2.44506860	    -25.23966895	    -25.04862916
      2.44534761	    -25.25574518	    -25.05835024
      2.44562662	    -25.27182142	    -25.06807131
      2.44585751	    -25.28512485	    -25.07611571
      2.44605528	    -25.29652037	    -25.08300642
      2.44625306	    -25.30791589	    -25.08989713
      2.44643019	    -25.31812189	    -25.09606856
      2.44655824	    -25.32550004	    -25.10053002
      2.44668629	    -25.33287819	    -25.10499148
      2.44681434	    -25.34025634	    -25.10945295
      2.44694239	    -25.34763449	    -25.11391441
      2.44709605	    -25.35648831	    -25.11926819
      2.44724972	    -25.36534214	    -25.12462198
      2.44740338	    -25.37419596	    -25.12997576
      2.44758960	    -25.38492580	    -25.13646394
      2.44777582	    -25.39565564	    -25.14295213
      2.44802410	    -25.40996145	    -25.15160265
      2.44827239	    -25.42426726	    -25.16025317
      2.44852067	    -25.43857306	    -25.16890369
      2.44871187	    -25.44958974	    -25.17556532
      2.44887184	    -25.45880695	    -25.18113884
      2.44901553	    -25.46708635	    -25.18614527
      2.44915923	    -25.47536574	    -25.19115171
      2.44930292	    -25.48364514	    -25.19615814
      2.44944661	    -25.49192453	    -25.20116458
      2.44959031	    -25.50020393	    -25.20617101
      2.44973400	    -25.50848332	    -25.21117744
      2.44987769	    -25.51676272	    -25.21618388
      2.45002138	    -25.52519469	    -25.22138308
      2.45022401	    -25.53831567	    -25.23026945
      2.45042664	    -25.55143665	    -25.23915582
      2.45068929	    -25.56844415	    -25.25067440
      2.45095194	    -25.58545166	    -25.26219298
      2.45116402	    -25.59918396	    -25.27149338
      2.45134666	    -25.61101099	    -25.27950341
      2.45152931	    -25.62283802	    -25.28751344
      2.45168495	    -25.63291604	    -25.29433892
      2.45180162	    -25.64047116	    -25.29945573
      2.45191830	    -25.64802627	    -25.30457255
      2.45203497	    -25.65558139	    -25.30968936
      2.45215165	    -25.66313651	    -25.31480617
      2.45226832	    -25.67069162	    -25.31992298
      2.45244609	    -25.68220294	    -25.32771919
      2.45262386	    -25.69371425	    -25.33551539
      2.45280164	    -25.70522557	    -25.34331160
      2.45297941	    -25.71673689	    -25.35110780
      2.45322142	    -25.73240786	    -25.36172120
      2.45346343	    -25.74807883	    -25.37233459
      2.45370544	    -25.76374981	    -25.38294798
      2.45389995	    -25.77634523	    -25.39147842
      2.45405589	    -25.78644310	    -25.39831735
      2.45419123	    -25.79520639	    -25.40425241
      2.45432656	    -25.80396968	    -25.41018748
      2.45446189	    -25.81273297	    -25.41612254
      2.45459723	    -25.82149625	    -25.42205760
      2.45473256	    -25.83025954	    -25.42799267
      2.45486789	    -25.83902283	    -25.43392773
      2.45500322	    -25.84778612	    -25.43986280
      2.45517502	    -25.85891060	    -25.44739701
      2.45534682	    -25.87003508	    -25.45493122
      2.45557790	    -25.88499836	    -25.46506532
      2.45580898	    -25.89996164	    -25.47519942
      2.45607808	    -25.91738652	    -25.48700068
      2.45629052	    -25.93114273	    -25.49631727
      2.45647478	    -25.94307457	    -25.50439828
      2.45665905	    -25.95500641	    -25.51247929
      2.45681890	    -25.96535727	    -25.51948956
      2.45693361	    -25.97278535	    -25.52452034
      2.45704832	    -25.98021342	    -25.52955111
      2.45716304	    -25.98764150	    -25.53458188
      2.45727775	    -25.99506958	    -25.53961265
      2.45739246	    -26.00249765	    -25.54464342
      2.45756692	    -26.01379399	    -25.55229403
      2.45774137	    -26.02509033	    -25.55994464
      2.45791582	    -26.03638666	    -25.56759525
      2.45809027	    -26.04768300	    -25.57524585
      2.45832516	    -26.06289296	    -25.58554702
      2.45856005	    -26.07810291	    -25.59584818
      2.45879494	    -26.09331287	    -25.60614935
      2.45899747	    -26.10642748	    -25.61503141
      2.45915681	    -26.11674492	    -25.62201904
      2.45929641	    -26.12578459	    -25.62814129
      2.45943601	    -26.13482425	    -25.63426353
      2.45957561	    -26.14386391	    -25.64038577
      2.45971521	    -26.15290357	    -25.64650801
      2.45985481	    -26.16194324	    -25.65263026
      2.45999441	    -26.17098290	    -25.65875250
      2.46013401	    -26.18051959	    -25.66558300
      2.46030966	    -26.19254449	    -25.67421412
      2.46048530	    -26.20456940	    -25.68284524
      2.46071871	    -26.22054877	    -25.69431475
      2.46100062	    -26.23984940	    -25.70816817
      2.46128254	    -26.25915003	    -25.72202159
      2.46149225	    -26.27350715	    -25.73232670
      2.46167877	    -26.28627698	    -25.74149250
      2.46186529	    -26.29904681	    -25.75065831
      2.46201368	    -26.30920541	    -25.75794985
      2.46213135	    -26.31726153	    -25.76373229
      2.46224902	    -26.32531765	    -25.76951473
      2.46236669	    -26.33337377	    -25.77529717
      2.46248437	    -26.34142989	    -25.78107962
      2.46263981	    -26.35207188	    -25.78871812
      2.46279525	    -26.36271387	    -25.79635662
      2.46295070	    -26.37335586	    -25.80399513
      2.46310614	    -26.38399785	    -25.81163363
      2.46331528	    -26.39831630	    -25.82191099
      2.46352443	    -26.41263475	    -25.83218835
      2.46380562	    -26.43188597	    -25.84600630
      2.46405284	    -26.44881113	    -25.85815467
      2.46425425	    -26.46259963	    -25.86805165
      2.46443234	    -26.47479269	    -25.87680346
      2.46461044	    -26.48698574	    -25.88555527
      2.46476705	    -26.49770706	    -25.89325072
      2.46492365	    -26.50842839	    -25.90094617
      2.46508025	    -26.51914972	    -25.90864162
      2.46523685	    -26.52987105	    -25.91633707
      2.46539345	    -26.54059238	    -25.92403252
      2.46555006	    -26.55131371	    -25.93172797
      2.46575044	    -26.56503265	    -25.94157501
      2.46599154	    -26.58153838	    -25.95342234
      2.46623263	    -26.59804411	    -25.96526966
      2.46647372	    -26.61454984	    -25.97711698
      2.46671481	    -26.63105557	    -25.98896430
      2.46691950	    -26.64506886	    -25.99902262
      2.46712419	    -26.65908215	    -26.00908094
      2.46730378	    -26.67137725	    -26.01790600
      2.46744073	    -26.68075311	    -26.02463572
      2.46757768	    -26.69012897	    -26.03136543
      2.46771463	    -26.69950483	    -26.03809514
      2.46785158	    -26.70888069	    -26.04482485
      2.46802005	    -26.72041476	    -26.05310366
      2.46818852	    -26.73194882	    -26.06138247
      2.46835700	    -26.74348289	    -26.06966128
      2.46852547	    -26.75501696	    -26.07794009
      2.46875456	    -26.77070100	    -26.08919763
      2.46898365	    -26.78638505	    -26.10045517
      2.46930057	    -26.80808237	    -26.11602886
      2.46954443	    -26.82477728	    -26.12801197
      2.46975240	    -26.83901504	    -26.13823141
      2.46991790	    -26.85034553	    -26.14636410
      2.47006572	    -26.86040606	    -26.15365636
      2.47021355	    -26.87039156	    -26.16098360
      2.47036138	    -26.88037706	    -26.16831084
      2.47050921	    -26.89036256	    -26.17563808
      2.47065703	    -26.90034806	    -26.18296532
      2.47080486	    -26.91033356	    -26.19029256
      2.47095269	    -26.92031906	    -26.19761980
      2.47115093	    -26.93370988	    -26.20744582
      2.47134917	    -26.94710070	    -26.21727184
      2.47161270	    -26.96490173	    -26.23033402
      2.47187623	    -26.98270276	    -26.24339620
      2.47217161	    -27.00265521	    -26.25803707
      2.47241159	    -27.01886530	    -26.26993184
      2.47262655	    -27.03338533	    -26.28058646
      2.47284150	    -27.04790536	    -26.29124108
      2.47301165	    -27.05939854	    -26.29967464
      2.47315846	    -27.06931516	    -26.30695134
      2.47330527	    -27.07923179	    -26.31422804
      2.47345207	    -27.08914841	    -26.32150473
      2.47359888	    -27.09906503	    -26.32878143
      2.47380561	    -27.11302952	    -26.33902840
      2.47401235	    -27.12699400	    -26.34927537
      2.47421908	    -27.14095849	    -26.35952235
      2.47442581	    -27.15492298	    -26.36976932
      2.47471075	    -27.17417014	    -26.38389265
      2.47499569	    -27.19341730	    -26.39801599
      2.47528063	    -27.21266446	    -26.41213932
      2.47549415	    -27.22708759	    -26.42272284
      2.47567460	    -27.23927639	    -26.43166684
      2.47585505	    -27.25146519	    -26.44061083
      2.47603549	    -27.26365400	    -26.44955483
      2.47621594	    -27.27584280	    -26.45849882
      2.47639638	    -27.28803160	    -26.46744282
      2.47657683	    -27.30022040	    -26.47638681
      2.47675727	    -27.31240920	    -26.48533081
      2.47693772	    -27.32459800	    -26.49427480
      2.47717115	    -27.34036588	    -26.50584508
      2.47740458	    -27.35613375	    -26.51741536
      2.47772479	    -27.37776342	    -26.53328695
      2.47804500	    -27.39939310	    -26.54915854
      2.47830976	    -27.41727724	    -26.56228171
      2.47854270	    -27.43301171	    -26.57382748
      2.47877564	    -27.44874619	    -26.58537324
      2.47896798	    -27.46173886	    -26.59490711
      2.47913214	    -27.47282737	    -26.60304373
      2.47929630	    -27.48391588	    -26.61118034
      2.47946045	    -27.49500440	    -26.61931696
      2.47965845	    -27.50837859	    -26.62913078
      2.47989969	    -27.52467409	    -26.64108823
      2.48014093	    -27.53765484	    -26.64999976
      2.48038217	    -27.54827623	    -26.65674329
      2.48062342	    -27.55889762	    -26.66348682
      2.48096642	    -27.57399924	    -26.67307485
      2.48127128	    -27.58742166	    -26.68159676
      2.48151496	    -27.59815048	    -26.68840850
      2.48173088	    -27.60765703	    -26.69444422
      2.48194680	    -27.61716359	    -26.70047994
      2.48213086	    -27.62526734	    -26.70562502
      2.48231492	    -27.63337109	    -26.71077010
      2.48249898	    -27.64147484	    -26.71591518
      2.48268304	    -27.64957860	    -26.72106026
      2.48286710	    -27.65768235	    -26.72620535
      2.48305116	    -27.66578610	    -26.73135043
      2.48328903	    -27.67625911	    -26.73799975
      2.48352690	    -27.68673211	    -26.74464907
      2.48382737	    -27.69996115	    -26.75304820
      2.48412784	    -27.71319018	    -26.76144733
      2.48442831	    -27.72641922	    -26.76984645
      2.48466891	    -27.73701244	    -26.77657210
      2.48490951	    -27.74760566	    -26.78329774
      2.48511833	    -27.75679919	    -26.78913473
      2.48529233	    -27.76446011	    -26.79399865
      2.48546633	    -27.77212103	    -26.79886258
      2.48564033	    -27.77978195	    -26.80372651
      2.48581433	    -27.78744287	    -26.80859043
      2.48603981	    -27.79737024	    -26.81489333
      2.48626529	    -27.80729761	    -26.82119622
      2.48649077	    -27.81722497	    -26.82749912
      2.48676563	    -27.82932639	    -26.83518232
      2.48704048	    -27.84142781	    -26.84286553
      2.48739234	    -27.85691930	    -26.85270109
      2.48765219	    -27.86836013	    -26.85996489
      2.48786398	    -27.87768458	    -26.86588499
      2.48804222	    -27.88553218	    -26.87086744
      2.48822046	    -27.89337978	    -26.87584989
      2.48839870	    -27.90122738	    -26.88083234
      2.48857694	    -27.90907499	    -26.88581479
      2.48875519	    -27.91692259	    -26.89079724
      2.48893343	    -27.92477019	    -26.89577969
      2.48911167	    -27.93261779	    -26.90076214
      2.48928991	    -27.94046539	    -26.90574459
      2.48953003	    -27.95103754	    -26.91245686
      2.48977016	    -27.96160970	    -26.91916913
      2.49008806	    -27.97320296	    -26.92580819
      2.49040597	    -27.97852334	    -26.92658149
      2.49066930	    -27.98293034	    -26.92722204
      2.49089881	    -27.98677135	    -26.92778032
      2.49112831	    -27.99061237	    -26.92833860
      2.49132091	    -27.99383561	    -26.92880709
      2.49148352	    -27.99655699	    -26.92920263
      2.49164613	    -27.99927837	    -26.92959817
      2.49180874	    -28.00199976	    -26.92999372
      2.49197135	    -28.00472114	    -26.93038926
      2.49219759	    -28.00850756	    -26.93093961
      2.49242384	    -28.01229398	    -26.93148995
      2.49265009	    -28.01608040	    -26.93204030
      2.49287633	    -28.01986683	    -26.93259064
      2.49318523	    -28.02503645	    -26.93334203
      2.49349413	    -28.03020607	    -26.93409342
      2.49373948	    -28.03431219	    -26.93469023
      2.49394118	    -28.03768785	    -26.93518087
      2.49411878	    -28.04066016	    -26.93561289
      2.49429638	    -28.04363246	    -26.93604490
      2.49447399	    -28.04660476	    -26.93647692
      2.49465159	    -28.04957706	    -26.93690893
      2.49481009	    -28.05222966	    -26.93729448
      2.49496858	    -28.05488226	    -26.93768003
      2.49512708	    -28.05753485	    -26.93806557
      2.49528558	    -28.06018745	    -26.93845112
      2.49550878	    -28.06392288	    -26.93899405
      2.49573198	    -28.06765832	    -26.93953699
      2.49601850	    -28.07245347	    -26.94023395
      2.49630502	    -28.07724862	    -26.94093091
      2.49656092	    -28.08153121	    -26.94155337
      2.49677619	    -28.08513388	    -26.94207701
      2.49699145	    -28.08873655	    -26.94260064
      2.49718022	    -28.09189562	    -26.94305980
      2.49732958	    -28.09439528	    -26.94342312
      2.49747894	    -28.09689494	    -26.94378644
      2.49762830	    -28.09939459	    -26.94414976
      2.49777766	    -28.10189425	    -26.94451307
      2.49797049	    -28.10512142	    -26.94498213
      2.49816332	    -28.10834859	    -26.94545119
      2.49835615	    -28.11157575	    -26.94592025
      2.49854898	    -28.11480292	    -26.94638931
      2.49881146	    -28.11919581	    -26.94702780
      2.49907395	    -28.12358869	    -26.94766629
      2.49933643	    -28.12798158	    -26.94830479
      2.49955924	    -28.13171048	    -26.94884677
      2.49974049	    -28.13474376	    -26.94928765
      2.49989296	    -28.13729544	    -26.94965853
      2.50000000	    -28.13908690	    -26.94991891
