Inverse Dynamics Generalized Forces
version=1
nRows=251
nColumns=24
inDegrees=no
endheader
time	pelvis_tilt_moment	pelvis_list_moment	pelvis_rotation_moment	pelvis_tx_force	pelvis_ty_force	pelvis_tz_force	hip_flexion_r_moment	hip_adduction_r_moment	hip_rotation_r_moment	hip_flexion_l_moment	hip_adduction_l_moment	hip_rotation_l_moment	lumbar_extension_moment	lumbar_bending_moment	lumbar_rotation_moment	knee_angle_r_moment	knee_angle_l_moment	ankle_angle_r_moment	ankle_angle_l_moment	subtalar_angle_r_moment	subtalar_angle_l_moment	mtp_angle_r_moment	mtp_angle_l_moment
      0.00000000	    -70.76876683	      0.00000000	      0.00000000	      0.00000000	      0.05690851	      0.00000000	    -25.30998110	      6.00168132	      0.00000000	    -25.30998110	      6.00168132	      0.00000000	    -10.07239060	      0.00000000	      0.00000000	    -27.99032211	    -27.99032211	    -26.80775412	    -26.80775412	      7.83914775	      7.83914775	      0.03822458	      0.03822458
      0.01000000	    -70.76874961	      0.00000000	      0.00000000	     -0.00154099	      0.05708127	      0.00000000	    -25.31016339	      6.00170246	      0.00000027	    -25.31016339	      6.00170246	      0.00000027	    -10.07200030	      0.00000000	      0.00000000	    -27.99041835	    -27.99041835	    -26.80783861	    -26.80783861	      7.83917271	      7.83917271	      0.03822472	      0.03822472
      0.02000000	    -70.76873582	      0.00000000	      0.00000000	     -0.00288973	      0.03873390	      0.00000000	    -25.31097712	      6.00187357	      0.00000057	    -25.31097712	      6.00187357	      0.00000057	    -10.07165947	      0.00000000	      0.00000000	    -27.99123622	    -27.99123622	    -26.80860952	    -26.80860952	      7.83939572	      7.83939572	      0.03822485	      0.03822485
      0.03000000	    -70.76872873	      0.00000000	      0.00000000	     -0.00385141	      0.00152808	      0.00000000	    -25.31241064	      6.00219461	      0.00000093	    -25.31241064	      6.00219461	      0.00000093	    -10.07141810	      0.00000000	      0.00000000	    -27.99277731	    -27.99277731	    -26.81006800	    -26.81006800	      7.83981708	      7.83981708	      0.03822494	      0.03822494
      0.04000000	    -70.76873122	      0.00000000	      0.00000000	     -0.00423050	     -0.03868031	      0.00000000	    -25.31387968	      6.00253190	      0.00000133	    -25.31387968	      6.00253190	      0.00000133	    -10.07132615	      0.00000000	      0.00000000	    -27.99440179	    -27.99440179	    -26.81160498	    -26.81160498	      7.84026098	      7.84026098	      0.03822497	      0.03822497
      0.05000000	    -70.76874552	      0.00000000	      0.00000000	     -0.00384045	     -0.07625339	      0.00000000	    -25.31516216	      6.00283618	      0.00000177	    -25.31516216	      6.00283618	      0.00000177	    -10.07143096	      0.00000000	      0.00000000	    -27.99587417	    -27.99587417	    -26.81299700	    -26.81299700	      7.84066285	      7.84066285	      0.03822493	      0.03822493
      0.06000000	    -70.76877281	      0.00000000	      0.00000000	     -0.00252408	     -0.10459640	      0.00000000	    -25.31600563	      6.00305077	      0.00000217	    -25.31600563	      6.00305077	      0.00000217	    -10.07177197	      0.00000000	      0.00000000	    -27.99692227	    -27.99692227	    -26.81398631	    -26.81398631	      7.84094824	      7.84094824	      0.03822481	      0.03822481
      0.07000000	    -70.76881273	      0.00000000	      0.00000000	     -0.00018517	     -0.11695849	      0.00000000	    -25.31615940	      6.00311854	      0.00000246	    -25.31615940	      6.00311854	      0.00000246	    -10.07237271	      0.00000000	      0.00000000	    -27.99727083	    -27.99727083	    -26.81431296	    -26.81431296	      7.84104205	      7.84104205	      0.03822460	      0.03822460
      0.08000000	    -70.76886294	      0.00000000	      0.00000000	      0.00317021	     -0.10744540	      0.00000000	    -25.31541539	      6.00299096	      0.00000252	    -25.31541539	      6.00299096	      0.00000252	    -10.07323025	      0.00000000	      0.00000000	    -27.99668434	    -27.99668434	    -26.81375538	    -26.81375538	      7.84088029	      7.84088029	      0.03822429	      0.03822429
      0.09000000	    -70.76891857	      0.00000000	      0.00000000	      0.00738685	     -0.07213823	      0.00000000	    -25.31365344	      6.00263795	      0.00000221	    -25.31365344	      6.00263795	      0.00000221	    -10.07430339	      0.00000000	      0.00000000	    -27.99501452	    -27.99501452	    -26.81217531	    -26.81217531	      7.84042299	      7.84042299	      0.03822390	      0.03822390
      0.10000000	    -70.76897199	      0.00000000	      0.00000000	      0.01211531	     -0.01017007	      0.00000000	    -25.31088489	      6.00205748	      0.00000141	    -25.31088489	      6.00205748	      0.00000141	    -10.07550137	      0.00000000	      0.00000000	    -27.99224620	    -27.99224620	    -26.80956099	    -26.80956099	      7.83966679	      7.83966679	      0.03822347	      0.03822347
      0.11000000	    -70.76901281	      0.00000000	      0.00000000	      0.01677839	      0.07541702	      0.00000000	    -25.30728705	      6.00128309	      0.00000002	    -25.30728705	      6.00128309	      0.00000002	    -10.07667562	      0.00000000	      0.00000000	    -27.98853388	    -27.98853388	    -26.80606144	    -26.80606144	      7.83865479	      7.83865479	      0.03822304	      0.03822304
      0.12000000	    -70.76902835	      0.00000000	      0.00000000	      0.02056155	      0.17722095	      0.00000000	    -25.30322048	      6.00038776	     -0.00000200	    -25.30322048	      6.00038776	     -0.00000200	    -10.07761766	      0.00000000	      0.00000000	    -27.98422097	    -27.98422097	    -26.80200395	    -26.80200395	      7.83748163	      7.83748163	      0.03822269	      0.03822269
      0.13000000	    -70.76900469	      0.00000000	      0.00000000	      0.02244030	      0.28360067	      0.00000000	    -25.29922146	      5.99948252	     -0.00000459	    -25.29922146	      5.99948252	     -0.00000459	    -10.07806651	      0.00000000	      0.00000000	    -27.97983395	    -27.97983395	    -26.79788787	    -26.79788787	      7.83629172	      7.83629172	      0.03822252	      0.03822252
      0.14000000	    -70.76892850	      0.00000000	      0.00000000	      0.02125724	      0.37948564	      0.00000000	    -25.29596414	      5.99870865	     -0.00000757	    -25.29596414	      5.99870865	     -0.00000757	    -10.07772879	      0.00000000	      0.00000000	    -27.97604629	    -27.97604629	    -26.79434944	    -26.79434944	      7.83526908	      7.83526908	      0.03822263	      0.03822263
      0.15000000	    -70.76878948	      0.00000000	      0.00000000	      0.01585806	      0.44790742	      0.00000000	    -25.29419000	      5.99822305	     -0.00001060	    -25.29419000	      5.99822305	     -0.00001060	    -10.07631370	      0.00000000	      0.00000000	    -27.97360976	    -27.97360976	    -26.79209603	    -26.79209603	      7.83461837	      7.83461837	      0.03822312	      0.03822312
      0.16000000	    -70.76858348	      0.00000000	      0.00000000	      0.00528953	      0.47218071	      0.00000000	    -25.29460670	      5.99817735	     -0.00001319	    -25.29460670	      5.99817735	     -0.00001319	    -10.07358375	      0.00000000	      0.00000000	    -27.97325592	    -27.97325592	    -26.79181217	    -26.79181217	      7.83453768	      7.83453768	      0.03822409	      0.03822409
      0.17000000	    -70.76831600	      0.00000000	      0.00000000	     -0.01094637	      0.43853951	      0.00000000	    -25.29776392	      5.99869242	     -0.00001470	    -25.29776392	      5.99869242	     -0.00001470	    -10.06941947	      0.00000000	      0.00000000	    -27.97557549	    -27.97557549	    -26.79404514	    -26.79404514	      7.83518549	      7.83518549	      0.03822558	      0.03822558
      0.18000000	    -70.76800549	      0.00000000	      0.00000000	     -0.03260134	      0.33891558	      0.00000000	    -25.30391962	      5.99983123	     -0.00001437	    -25.30391962	      5.99983123	     -0.00001437	    -10.06389324	      0.00000000	      0.00000000	    -27.98088903	    -27.98088903	    -26.79908311	    -26.79908311	      7.83664534	      7.83664534	      0.03822757	      0.03822757
      0.19000000	    -70.76768614	      0.00000000	      0.00000000	     -0.05838580	      0.17344990	      0.00000000	    -25.31291505	      6.00157379	     -0.00001143	    -25.31291505	      6.00157379	     -0.00001143	    -10.05734365	      0.00000000	      0.00000000	    -27.98912716	    -27.98912716	    -26.80684312	    -26.80684312	      7.83889342	      7.83889342	      0.03822994	      0.03822994
      0.20000000	    -70.76740900	      0.00000000	      0.00000000	     -0.08571979	     -0.04772461	      0.00000000	    -25.32408098	      6.00379875	     -0.00000521	    -25.32408098	      6.00379875	     -0.00000521	    -10.05043757	      0.00000000	      0.00000000	    -27.99974159	    -27.99974159	    -26.81678929	    -26.81678929	      7.84177483	      7.84177483	      0.03823245	      0.03823245
      0.21000000	    -70.76724085	      0.00000000	      0.00000000	     -0.11059310	     -0.30387986	      0.00000000	    -25.33619872	      6.00627646	      0.00000470	    -25.33619872	      6.00627646	      0.00000470	    -10.04420402	      0.00000000	      0.00000000	    -28.01166880	    -28.01166880	    -26.82790207	    -26.82790207	      7.84499452	      7.84499452	      0.03823474	      0.03823474
      0.22000000	    -70.76725985	      0.00000000	      0.00000000	     -0.12760834	     -0.56463141	      0.00000000	    -25.34753782	      6.00867725	      0.00001827	    -25.34753782	      6.00867725	      0.00001827	    -10.04002082	      0.00000000	      0.00000000	    -28.02336561	    -28.02336561	    -26.83871644	    -26.83871644	      7.84812825	      7.84812825	      0.03823630	      0.03823630
      0.23000000	    -70.76754714	      0.00000000	      0.00000000	     -0.13028178	     -0.79261205	      0.00000000	    -25.35598637	      6.01059794	      0.00003481	    -25.35598637	      6.01059794	      0.00003481	    -10.03953545	      0.00000000	      0.00000000	    -28.03292943	    -28.03292943	    -26.84744078	    -26.84744078	      7.85065684	      7.85065684	      0.03823655	      0.03823655
      0.24000000	    -70.76817433	      0.00000000	      0.00000000	     -0.11166660	     -0.94783056	      0.00000000	    -25.35928018	      6.01160685	      0.00005279	    -25.35928018	      6.01160685	      0.00005279	    -10.04450376	      0.00000000	      0.00000000	    -28.03830594	    -28.03830594	    -26.85215842	    -26.85215842	      7.85202437	      7.85202437	      0.03823484	      0.03823484
      0.25000000	    -70.76918681	      0.00000000	      0.00000000	     -0.06533612	     -0.99337339	      0.00000000	    -25.35532343	      6.01130531	      0.00006975	    -25.35532343	      6.01130531	      0.00006975	    -10.05653753	      0.00000000	      0.00000000	    -28.03757393	    -28.03757393	    -26.85110088	    -26.85110088	      7.85171725	      7.85171725	      0.03823059	      0.03823059
      0.26000000	    -70.77058417	      0.00000000	      0.00000000	      0.01328004	     -0.90180302	      0.00000000	    -25.34257726	      6.00939992	      0.00008225	    -25.34257726	      6.00939992	      0.00008225	    -10.07676321	      0.00000000	      0.00000000	    -28.02928261	    -28.02928261	    -26.84296833	    -26.84296833	      7.84935705	      7.84935705	      0.03822337	      0.03822337
      0.27000000	    -70.77229967	      0.00000000	      0.00000000	      0.12527854	     -0.66134024	      0.00000000	    -25.32047561	      6.00577726	      0.00008608	    -25.32047561	      6.00577726	      0.00008608	    -10.10541080	      0.00000000	      0.00000000	    -28.01280180	    -28.01280180	    -26.82725820	    -26.82725820	      7.84479582	      7.84479582	      0.03821309	      0.03821309
      0.28000000	    -70.77418186	      0.00000000	      0.00000000	      0.26653612	     -0.28074558	      0.00000000	    -25.28981148	      6.00056974	      0.00007660	    -25.28981148	      6.00056974	      0.00007660	    -10.14137226	      0.00000000	      0.00000000	    -27.98863365	    -27.98863365	    -26.80455214	    -26.80455214	      7.83819967	      7.83819967	      0.03820012	      0.03820012
      0.29000000	    -70.77598257	      0.00000000	      0.00000000	      0.42607859	      0.20820933	      0.00000000	    -25.25302494	      5.99419991	      0.00004940	    -25.25302494	      5.99419991	      0.00004940	    -10.18179210	      0.00000000	      0.00000000	    -27.95862704	    -27.95862704	    -26.77670500	    -26.77670500	      7.83010407	      7.83010407	      0.03818546	      0.03818546
      0.30000000	    -70.77735598	      0.00000000	      0.00000000	      0.58489984	      0.75162244	      0.00000000	    -25.21431881	      5.98739048	      0.00000112	    -25.21431881	      5.98739048	      0.00000112	    -10.22177579	      0.00000000	      0.00000000	    -27.92603615	    -27.92603615	    -26.74688041	    -26.74688041	      7.82142500	      7.82142500	      0.03817088	      0.03817088
      0.31000000	    -70.77787420	      0.00000000	      0.00000000	      0.71564035	      1.27825986	      0.00000000	    -25.17953209	      5.98112949	     -0.00006953	    -25.17953209	      5.98112949	     -0.00006953	    -10.25431982	      0.00000000	      0.00000000	    -27.89537364	    -27.89537364	    -26.71938752	    -26.71938752	      7.81341252	      7.81341252	      0.03815887	      0.03815887
      0.32000000	    -70.77706375	      0.00000000	      0.00000000	      0.78357284	      1.70826460	      0.00000000	    -25.15571663	      5.97658406	     -0.00016067	    -25.15571663	      5.97658406	     -0.00016067	    -10.27057679	      0.00000000	      0.00000000	    -27.87202812	    -27.87202812	    -26.69929264	    -26.69929264	      7.80753910	      7.80753910	      0.03815263	      0.03815263
      0.33000000	    -70.77446643	      0.00000000	      0.00000000	      0.74932240	      1.96505386	      0.00000000	    -25.15038998	      5.97496249	     -0.00026632	    -25.15038998	      5.97496249	     -0.00026632	    -10.26056275	      0.00000000	      0.00000000	    -27.86164432	    -27.86164432	    -26.69180806	    -26.69180806	      7.80532315	      7.80532315	      0.03815577	      0.03815577
      0.34000000	    -70.76972519	      0.00000000	      0.00000000	      0.57364551	      1.98892150	      0.00000000	    -25.17047663	      5.97733205	     -0.00037557	    -25.17047663	      5.97733205	     -0.00037557	    -10.21438721	      0.00000000	      0.00000000	    -27.86930025	    -27.86930025	    -26.70149475	    -26.70149475	      7.80809811	      7.80809811	      0.03817190	      0.03817190
      0.35000000	    -70.76269170	      0.00000000	      0.00000000	      0.22439001	      1.75018952	      0.00000000	    -25.22099805	      5.98440864	     -0.00047243	    -25.22099805	      5.98440864	     -0.00047243	    -10.12403400	      0.00000000	      0.00000000	    -27.89855454	    -27.89855454	    -26.73135356	    -26.73135356	      7.81674843	      7.81674843	      0.03820396	      0.03820396
      0.36000000	    -70.75354748	      0.00000000	      0.00000000	     -0.31455563	      1.25932008	      0.00000000	    -25.30362531	      5.99634246	     -0.00053618	    -25.30362531	      5.99634246	     -0.00053618	     -9.98564074	      0.00000000	      0.00000000	    -27.95047343	    -27.95047343	    -26.78191411	    -26.78191411	      7.83144407	      7.83144407	      0.03825342	      0.03825342
      0.37000000	    -70.74292387	      0.00000000	      0.00000000	     -1.03293412	      0.57136629	      0.00000000	    -25.41526007	      6.01253015	     -0.00054275	    -25.41526007	      6.01253015	     -0.00054275	     -9.80211761	      0.00000000	      0.00000000	    -28.02277381	    -28.02277381	    -26.85045694	    -26.85045694	      7.85141236	      7.85141236	      0.03831934	      0.03831934
      0.38000000	    -70.73199958	      0.00000000	      0.00000000	     -1.88352089	     -0.21737124	      0.00000000	    -25.54685316	      6.03148738	     -0.00046736	    -25.54685316	      6.03148738	     -0.00046736	     -9.58581919	      0.00000000	      0.00000000	    -28.10922925	    -28.10922925	    -26.93051548	    -26.93051548	      7.87478985	      7.87478985	      0.03839739	      0.03839739
      0.39000000	    -70.72254803	      0.00000000	      0.00000000	     -2.77288975	     -0.98154200	      0.00000000	    -25.68269590	      6.05081435	     -0.00028873	    -25.68269590	      6.05081435	     -0.00028873	     -9.36084978	      0.00000000	      0.00000000	    -28.19947597	    -28.19947597	    -27.01179487	    -27.01179487	      7.89859380	      7.89859380	      0.03847902	      0.03847902
      0.40000000	    -70.71690250	      0.00000000	      0.00000000	     -3.55564786	     -1.58723867	      0.00000000	    -25.80042015	      6.06728017	      0.00000475	    -25.80042015	      6.06728017	      0.00000475	     -9.16446342	      0.00000000	      0.00000000	    -28.27932299	    -28.27932299	    -27.08061147	    -27.08061147	      7.91884371	      7.91884371	      0.03855094	      0.03855094
      0.41000000	    -70.71780668	      0.00000000	      0.00000000	     -4.03454864	     -1.91822761	      0.00000000	    -25.87190979	      6.07704027	      0.00040701	    -25.87190979	      6.07704027	      0.00040701	     -9.04694540	      0.00000000	      0.00000000	    -28.33161650	    -28.33161650	    -27.12089878	    -27.12089878	      7.93084663	      7.93084663	      0.03859510	      0.03859510
      0.42000000	    -70.72812552	      0.00000000	      0.00000000	     -3.96889229	     -1.90328792	      0.00000000	    -25.86525464	      6.07598366	      0.00088481	    -25.86525464	      6.07598366	      0.00088481	     -9.06936577	      0.00000000	      0.00000000	    -28.33763989	    -28.33763989	    -27.11574721	    -27.11574721	      7.92963793	      7.92963793	      0.03858939	      0.03858939
      0.43000000	    -70.75040708	      0.00000000	      0.00000000	     -3.09317165	     -1.53833671	      0.00000000	    -25.74776576	      6.06018685	      0.00136833	    -25.74776576	      6.06018685	      0.00136833	     -9.29871677	      0.00000000	      0.00000000	    -28.27895351	    -28.27895351	    -27.04935416	    -27.04935416	      7.91054310	      7.91054310	      0.03850937	      0.03850937
      0.44000000	    -70.78631282	      0.00000000	      0.00000000	     -1.14687783	     -0.89626383	      0.00000000	    -25.48991951	      6.02643014	      0.00174405	    -25.48991951	      6.02643014	      0.00174405	     -9.80021983	      0.00000000	      0.00000000	    -28.13950318	    -28.13950318	    -26.90917087	    -26.90917087	      7.86980087	      7.86980087	      0.03833088	      0.03833088
      0.45000000	    -70.83596822	      0.00000000	      0.00000000	      2.08536474	     -0.11819891	      0.00000000	    -25.06991715	      5.97271371	      0.00185289	    -25.06991715	      5.97271371	      0.00185289	    -10.62703897	      0.00000000	      0.00000000	    -27.90776000	    -27.90776000	    -26.68796001	    -26.68796001	      7.80516650	      7.80516650	      0.03803381	      0.03803381
      0.46000000	    -70.89732276	      0.00000000	      0.00000000	      6.72664912	      0.61714666	      0.00000000	    -24.47834752	      5.89869870	      0.00149640	    -24.47834752	      5.89869870	      0.00149640	    -11.80827275	      0.00000000	      0.00000000	    -27.57860603	    -27.57860603	    -26.38544162	    -26.38544162	      7.71640339	      7.71640339	      0.03760664	      0.03760664
      0.47000000	    -70.96563903	      0.00000000	      0.00000000	     12.76012022	      1.14397870	      0.00000000	    -23.72224266	      5.80599641	      0.00045188	    -23.72224266	      5.80599641	      0.00045188	    -13.33689924	      0.00000000	      0.00000000	    -27.15465996	    -27.15465996	    -26.00922147	    -26.00922147	      7.60557357	      7.60557357	      0.03705113	      0.03705113
      0.48000000	    -71.03324510	      0.00000000	      0.00000000	     19.99099124	      1.36968803	      0.00000000	    -22.82763846	      5.69823841	     -0.00150531	    -22.82763846	      5.69823841	     -0.00150531	    -15.16026913	      0.00000000	      0.00000000	    -26.64675668	    -26.64675668	    -25.57477636	    -25.57477636	      7.47705831	      7.47705831	      0.03638644	      0.03638644
      0.49000000	    -71.08968159	      0.00000000	      0.00000000	     28.03246667	      1.32461182	      0.00000000	    -21.83960821	      5.58088319	     -0.00457820	    -21.83960821	      5.58088319	     -0.00457820	    -17.17673132	      0.00000000	      0.00000000	    -26.07336521	    -26.07336521	    -25.10441309	    -25.10441309	      7.33727716	      7.33727716	      0.03565085	      0.03565085
      0.50000000	    -71.12235043	      0.00000000	      0.00000000	     36.33244061	      1.17188790	      0.00000000	    -20.81872264	      5.46074895	     -0.00893263	    -20.81872264	      5.46074895	     -0.00893263	    -19.24261277	      0.00000000	      0.00000000	    -25.45885753	    -25.45885753	    -24.62530272	    -24.62530272	      7.19412438	      7.19412438	      0.03489960	      0.03489960
      0.51000000	    -71.11767601	      0.00000000	      0.00000000	     44.25088365	      1.15439286	      0.00000000	    -19.83351085	      5.34531160	     -0.01469844	    -19.83351085	      5.34531160	     -0.01469844	    -21.19200068	      0.00000000	      0.00000000	    -24.83073732	    -24.83073732	    -24.16686345	    -24.16686345	      7.05619308	      7.05619308	      0.03419735	      0.03419735
      0.52000000	    -71.06256457	      0.00000000	      0.00000000	     51.17334097	      1.49189320	      0.00000000	    -18.95022786	      5.24187140	     -0.02198865	    -18.95022786	      5.24187140	     -0.02198865	    -22.86560457	      0.00000000	      0.00000000	    -24.21619375	    -24.21619375	    -23.75785945	    -23.75785945	      6.93189584	      6.93189584	      0.03360682	      0.03360682
      0.53000000	    -70.94574128	      0.00000000	      0.00000000	     56.61962316	      2.28292947	      0.00000000	    -18.22301802	      5.15674227	     -0.03092794	    -18.22301802	      5.15674227	     -0.03092794	    -24.13835999	      0.00000000	      0.00000000	    -23.63856917	    -23.63856917	    -23.42359077	    -23.42359077	      6.82860667	      6.82860667	      0.03317732	      0.03317732
      0.54000000	    -70.75861288	      0.00000000	      0.00000000	     60.30863428	      3.46400598	      0.00000000	    -17.68742128	      5.09461143	     -0.04167703	    -17.68742128	      5.09461143	     -0.04167703	    -24.93593345	      0.00000000	      0.00000000	    -23.11438089	    -23.11438089	    -23.18352246	    -23.18352246	      6.75194401	      6.75194401	      0.03293755	      0.03293755
      0.55000000	    -70.49559914	      0.00000000	      0.00000000	     62.16897815	      4.83506572	      0.00000000	    -17.35819794	      5.05815665	     -0.05444319	    -17.35819794	      5.05815665	     -0.05444319	    -25.23753535	      0.00000000	      0.00000000	    -22.65139162	    -22.65139162	    -23.04964778	    -23.04964778	      6.70528911	      6.70528911	      0.03289384	      0.03289384
      0.56000000	    -70.15408154	      0.00000000	      0.00000000	     62.30934272	      6.12469338	      0.00000000	    -17.23070480	      5.04793992	     -0.06947350	    -17.23070480	      5.04793992	     -0.06947350	    -25.06857871	      0.00000000	      0.00000000	    -22.24798081	    -22.24798081	    -23.02576670	    -23.02576670	      6.68959076	      6.68959076	      0.03303286	      0.03303286
      0.57000000	    -69.73412407	      0.00000000	      0.00000000	     60.96814633	      7.06379629	      0.00000000	    -17.28452911	      5.06254839	     -0.08703223	    -17.28452911	      5.06254839	     -0.08703223	    -24.48808381	      0.00000000	      0.00000000	    -21.89381796	    -21.89381796	    -23.10769837	    -23.10769837	      6.70345544	      6.70345544	      0.03332691	      0.03332691
      0.58000000	    -69.23805905	      0.00000000	      0.00000000	     58.45776576	      7.44694099	      0.00000000	    -17.48821831	      5.09892514	     -0.10736743	    -17.48821831	      5.09892514	     -0.10736743	    -23.57466600	      0.00000000	      0.00000000	    -21.57161440	    -21.57161440	    -23.28429416	    -23.28429416	      6.74347650	      6.74347650	      0.03374018	      0.03374018
      0.59000000	    -68.66998605	      0.00000000	      0.00000000	     55.11352497	      7.17124854	      0.00000000	    -17.80419280	      5.15281734	     -0.13067417	    -17.80419280	      5.15281734	     -0.13067417	    -22.41364996	      0.00000000	      0.00000000	    -21.25957180	    -21.25957180	    -23.53901795	    -23.53901795	      6.80472713	      6.80472713	      0.03423453	      0.03423453
      0.60000000	    -68.03521423	      0.00000000	      0.00000000	     51.25324263	      6.25069598	      0.00000000	    -18.19319213	      5.21926899	     -0.15706230	    -18.19319213	      5.21926899	     -0.15706230	    -21.08676313	      0.00000000	      0.00000000	    -20.93408422	    -20.93408422	    -23.85182238	    -23.85182238	      6.88133199	      6.88133199	      0.03477417	      0.03477417
      0.61000000	    -67.33968995	      0.00000000	      0.00000000	     47.14963999	      4.80890919	      0.00000000	    -18.61786306	      5.29309572	     -0.18653465	    -18.61786306	      5.29309572	     -0.18653465	    -19.66500000	      0.00000000	      0.00000000	    -20.57228868	    -20.57228868	    -24.20106701	    -24.20106701	      6.96703966	      6.96703966	      0.03532882	      0.03532882
      0.62000000	    -66.58946988	      0.00000000	      0.00000000	     43.01537491	      3.05623690	      0.00000000	    -19.04532869	      5.36929796	     -0.21897891	    -19.04532869	      5.36929796	     -0.21897891	    -18.20462664	      0.00000000	      0.00000000	    -20.15416755	    -20.15416755	    -24.56528064	    -24.56528064	      7.05573718	      7.05573718	      0.03587518	      0.03587518
      0.63000000	    -65.79029995	      0.00000000	      0.00000000	     38.99883914	      1.25746905	      0.00000000	    -19.44876392	      5.44338938	     -0.25417365	    -19.44876392	      5.44338938	     -0.25417365	    -16.74589149	      0.00000000	      0.00000000	    -19.66404552	    -19.66404552	    -24.92464767	    -24.92464767	      7.14187282	      7.14187282	      0.03639725	      0.03639725
      0.64000000	    -64.94734043	      0.00000000	      0.00000000	     35.18801340	     -0.30425944	      0.00000000	    -19.80813270	      5.51163751	     -0.29180655	    -19.80813270	      5.51163751	     -0.29180655	    -15.31379246	      0.00000000	      0.00000000	    -19.09145309	    -19.09145309	    -25.26217667	    -25.26217667	      7.22077735	      7.22077735	      0.03688561	      0.03688561
      0.65000000	    -64.06505328	      0.00000000	      0.00000000	     31.61945854	     -1.36321239	      0.00000000	    -20.11031149	      5.57122747	     -0.33150245	    -20.11031149	      5.57122747	     -0.33150245	    -13.92018627	      0.00000000	      0.00000000	    -18.43142096	    -18.43142096	    -25.56457104	    -25.56457104	      7.28889271	      7.28889271	      0.03733617	      0.03733617
      0.66000000	    -63.14724336	      0.00000000	      0.00000000	     28.28975709	     -1.70363468	      0.00000000	    -20.34883558	      5.62036676	     -0.37285844	    -20.34883558	      5.62036676	     -0.37285844	    -12.56657228	      0.00000000	      0.00000000	    -17.68431304	    -17.68431304	    -25.82285676	    -25.82285676	      7.34392680	      7.34392680	      0.03774873	      0.03774873
      0.67000000	    -62.19722020	      0.00000000	      0.00000000	     25.16724189	     -1.18738647	      0.00000000	    -20.52346758	      5.65834842	     -0.41548380	    -20.52346758	      5.65834842	     -0.41548380	    -11.24700230	      0.00000000	      0.00000000	    -16.85530660	    -16.85530660	    -26.03282416	    -26.03282416	      7.38495346	      7.38495346	      0.03812560	      0.03812560
      0.68000000	    -61.21803172	      0.00000000	      0.00000000	     22.20251177	      0.22470116	      0.00000000	    -20.63971559	      5.68558255	     -0.45904302	    -20.63971559	      5.68558255	     -0.45904302	     -9.95072594	      0.00000000	      0.00000000	    -15.95360020	    -15.95360020	    -26.19531439	    -26.19531439	      7.41246828	      7.41246828	      0.03847046	      0.03847046
      0.69000000	    -60.21724963	      0.00000000	      0.00000000	     19.33057664	      2.45772282	      0.00000000	    -20.71044493	      5.70359558	     -0.50330544	    -20.71044493	      5.70359558	     -0.50330544	     -8.66435043	      0.00000000	      0.00000000	    -14.99219892	    -14.99219892	    -26.31636065	    -26.31636065	      7.42839804	      7.42839804	      0.03878751	      0.03878751
      0.70000000	    -59.29620386	      0.00000000	      0.00000000	     16.35235651	      5.28762250	      0.00000000	    -20.79678854	      5.71499916	     -0.54830610	    -20.79678854	      5.71499916	     -0.54830610	     -7.37345068	      0.00000000	      0.00000000	    -14.00572909	    -14.00572909	    -26.40769290	    -26.40769290	      7.43606735	      7.43606735	      0.03908187	      0.03908187
      0.71000000	    -58.36428505	      0.00000000	      0.00000000	     13.33954976	      8.44093480	      0.00000000	    -20.87443754	      5.72331902	     -0.59399959	    -20.87443754	      5.72331902	     -0.59399959	     -6.06369606	      0.00000000	      0.00000000	    -12.99587303	    -12.99587303	    -26.48483735	    -26.48483735	      7.44004943	      7.44004943	      0.03935395	      0.03935395
      0.72000000	    -57.42246298	      0.00000000	      0.00000000	     10.24081152	     11.52726872	      0.00000000	    -20.96427211	      5.73282794	     -0.64064766	    -20.96427211	      5.73282794	     -0.64064766	     -4.72165339	      0.00000000	      0.00000000	    -11.97691657	    -11.97691657	    -26.56754908	    -26.56754908	      7.44588449	      7.44588449	      0.03960626	      0.03960626
      0.73000000	    -56.47167691	      0.00000000	      0.00000000	      7.01230383	     14.09976638	      0.00000000	    -21.08832187	      5.74819481	     -0.68869355	    -21.08832187	      5.74819481	     -0.68869355	     -3.33547677	      0.00000000	      0.00000000	    -10.96059882	    -10.96059882	    -26.67769626	    -26.67769626	      7.45963461	      7.45963461	      0.03984053	      0.03984053
      0.74000000	    -55.51261432	      0.00000000	      0.00000000	      3.62055578	     15.70197048	      0.00000000	    -21.26763676	      5.77402059	     -0.73872106	    -21.26763676	      5.77402059	     -0.73872106	     -1.89569907	      0.00000000	      0.00000000	     -9.95489465	     -9.95489465	    -26.83710333	    -26.83710333	      7.48728884	      7.48728884	      0.04005765	      0.04005765
      0.75000000	    -54.54545542	      0.00000000	      0.00000000	      0.04611195	     15.92534505	      0.00000000	    -21.51964186	      5.81425998	     -0.79137417	    -21.51964186	      5.81425998	     -0.79137417	     -0.39629743	      0.00000000	      0.00000000	     -8.96324541	     -8.96324541	    -27.06484138	    -27.06484138	      7.53402373	      7.53402373	      0.04025751	      0.04025751
      0.76000000	    -53.56965705	      0.00000000	      0.00000000	     -3.71181023	     14.47234400	      0.00000000	    -21.85514755	      5.87157072	     -0.84723572	    -21.85514755	      5.87157072	     -0.84723572	      1.16387969	      0.00000000	      0.00000000	     -7.98444936	     -7.98444936	    -27.37415739	    -27.37415739	      7.60337308	      7.60337308	      0.04043888	      0.04043888
      0.77000000	    -52.58385974	      0.00000000	      0.00000000	     -7.62988025	     11.21743437	      0.00000000	    -22.27533866	      5.94666249	     -0.90667214	    -22.27533866	      5.94666249	     -0.90667214	      2.77936079	      0.00000000	      0.00000000	     -7.01335980	     -7.01335980	    -27.76937232	    -27.76937232	      7.69639768	      7.69639768	      0.04059933	      0.04059933
      0.78000000	    -51.58598716	      0.00000000	      0.00000000	    -11.65516573	      6.25642552	      0.00000000	    -22.76920498	      6.03774327	     -0.96966104	    -22.76920498	      6.03774327	     -0.96966104	      4.43616335	      0.00000000	      0.00000000	     -6.04241426	     -6.04241426	    -28.24320138	    -28.24320138	      7.81097808	      7.81097808	      0.04073512	      0.04073512
      0.79000000	    -50.57358358	      0.00000000	      0.00000000	    -15.70083381	     -0.06629206	      0.00000000	    -23.31196852	      6.14017748	     -1.03562860	    -23.31196852	      6.14017748	     -1.03562860	      6.11012218	      0.00000000	      0.00000000	     -5.06384836	     -5.06384836	    -28.77503025	    -28.77503025	      7.94137367	      7.94137367	      0.04084135	      0.04084135
      0.80000000	    -49.53094015	      0.00000000	      0.00000000	    -19.62568756	     -7.15564747	      0.00000000	    -23.85875814	      6.24646773	     -1.10331122	    -23.85875814	      6.24646773	     -1.10331122	      7.76594259	      0.00000000	      0.00000000	     -4.06989779	     -4.06989779	    -29.33059564	    -29.33059564	      8.07818892	      8.07818892	      0.04091262	      0.04091262
      0.81000000	    -48.39122755	      0.00000000	      0.00000000	    -23.18274722	    -14.18726926	      0.00000000	    -24.32842938	      6.34665252	     -1.17065944	    -24.32842938	      6.34665252	     -1.17065944	      9.35760503	      0.00000000	      0.00000000	     -3.04268409	     -3.04268409	    -29.86330747	    -29.86330747	      8.20884805	      8.20884805	      0.04094592	      0.04094592
      0.82000000	    -47.24978350	      0.00000000	      0.00000000	    -26.32980463	    -20.29228356	      0.00000000	    -24.70794674	      6.42924643	     -1.23527191	    -24.70794674	      6.42924643	     -1.23527191	     10.83079286	      0.00000000	      0.00000000	     -1.99972412	     -1.99972412	    -30.31963693	    -30.31963693	      8.31874171	      8.31874171	      0.04093231	      0.04093231
      0.83000000	    -46.11091710	      0.00000000	      0.00000000	    -28.88884199	    -24.55595681	      0.00000000	    -24.93997541	      6.48254818	     -1.29422978	    -24.93997541	      6.48254818	     -1.29422978	     12.12794931	      0.00000000	      0.00000000	     -0.95375409	     -0.95375409	    -30.64390422	    -30.64390422	      8.39291184	      8.39291184	      0.04086655	      0.04086655
      0.84000000	    -44.98037075	      0.00000000	      0.00000000	    -30.70323715	    -26.19687293	      0.00000000	    -24.97495984	      6.49642517	     -1.34463011	    -24.97495984	      6.49642517	     -1.34463011	     13.19635944	      0.00000000	      0.00000000	      0.07597392	      0.07597392	    -30.78723734	    -30.78723734	      8.41830243	      8.41830243	      0.04074589	      0.04074589
      0.85000000	    -43.86512290	      0.00000000	      0.00000000	    -31.67363440	    -24.70909729	      0.00000000	    -24.78129962	      6.46431745	     -1.38410298	    -24.78129962	      6.46431745	     -1.38410298	     13.99927367	      0.00000000	      0.00000000	      1.06632074	      1.06632074	    -30.71703621	    -30.71703621	      8.38629358	      8.38629358	      0.04057153	      0.04057153
      0.86000000	    -42.77277949	      0.00000000	      0.00000000	    -31.80074591	    -19.98428600	      0.00000000	    -24.35578791	      6.38524350	     -1.41140194	    -24.35578791	      6.38524350	     -1.41140194	     14.52954048	      0.00000000	      0.00000000	      1.99442862	      1.99442862	    -30.42651273	    -30.42651273	      8.29524527	      8.29524527	      0.04035000	      0.04035000
      0.87000000	    -41.71055736	      0.00000000	      0.00000000	    -31.23099994	    -12.38818802	      0.00000000	    -23.73283071	      6.26550980	     -1.42698449	    -23.73283071	      6.26550980	     -1.42698449	     14.82452440	      0.00000000	      0.00000000	      2.84287287	      2.84287287	    -29.94287735	    -29.94287735	      8.15267158	      8.15267158	      0.04009441	      0.04009441
      0.88000000	    -40.68394088	      0.00000000	      0.00000000	    -30.29863735	     -2.76894134	      0.00000000	    -22.99074343	      6.11979645	     -1.43347987	    -22.99074343	      6.11979645	     -1.43347987	     14.98031230	      0.00000000	      0.00000000	      3.60495521	      3.60495521	    -29.33259543	    -29.33259543	      7.97662572	      7.97662572	      0.03982534	      0.03982534
      0.89000000	    -39.69517512	      0.00000000	      0.00000000	    -29.55563710	      7.61711243	      0.00000000	    -22.25340077	      5.97130468	     -1.43593488	    -22.25340077	      5.97130468	     -1.43593488	     15.16245414	      0.00000000	      0.00000000	      4.28913768	      4.28913768	    -28.70220539	    -28.70220539	      7.79589210	      7.79589210	      0.03957092	      0.03957092
      0.90000000	    -38.74186357	      0.00000000	      0.00000000	    -29.77917443	     17.26301614	      0.00000000	    -21.68575364	      5.85071706	     -1.44173915	    -21.68575364	      5.85071706	     -1.44173915	     15.60987441	      0.00000000	      0.00000000	      4.92159032	      4.92159032	    -28.19351393	    -28.19351393	      7.64866670	      7.64866670	      0.03936600	      0.03936600
      0.91000000	    -37.81608578	      0.00000000	      0.00000000	    -31.94575585	     24.63608203	      0.00000000	    -21.48226065	      5.79384198	     -1.46015632	    -21.48226065	      5.79384198	     -1.46015632	     16.62828534	      0.00000000	      0.00000000	      5.54589754	      5.54589754	    -27.97256742	    -27.97256742	      7.57956595	      7.57956595	      0.03924990	      0.03924990
      0.92000000	    -36.90465475	      0.00000000	      0.00000000	    -37.16238079	     28.43586046	      0.00000000	    -21.84811283	      5.83798501	     -1.50142559	    -21.84811283	      5.83798501	     -1.50142559	     18.56961485	      0.00000000	      0.00000000	      6.21909306	      6.21909306	    -28.21260651	    -28.21260651	      7.63503008	      7.63503008	      0.03926302	      0.03926302
      0.93000000	    -35.99136686	      0.00000000	      0.00000000	    -46.54867409	     27.83568616	      0.00000000	    -22.97420601	      6.01729660	     -1.57544665	    -22.97420601	      6.01729660	     -1.57544665	     21.79484123	      0.00000000	      0.00000000	      7.00337933	      7.00337933	    -29.07216230	    -29.07216230	      7.85745709	      7.85745709	      0.03944258	      0.03944258
      0.94000000	    -35.06223132	      0.00000000	      0.00000000	    -61.07037320	     22.65042356	      0.00000000	    -25.00802252	      6.35756003	     -1.69012074	    -25.00802252	      6.35756003	     -1.69012074	     26.61944251	      0.00000000	      0.00000000	      7.95325155	      7.95325155	    -30.67042836	    -30.67042836	      8.27867811	      8.27867811	      0.03981855	      0.03981855
      0.95000000	    -34.11451247	      0.00000000	      0.00000000	    -81.33408228	     13.37753846	      0.00000000	    -28.02376770	      6.87106818	     -1.84949453	    -28.02376770	      6.87106818	     -1.84949453	     33.24367465	      0.00000000	      0.00000000	      9.09859335	      9.09859335	    -33.06289107	    -33.06289107	      8.91361183	      8.91361183	      0.04041135	      0.04041135
      0.96000000	    -33.16893606	      0.00000000	      0.00000000	   -107.36456573	      1.07605326	      0.00000000	    -31.99584981	      7.55235124	     -2.05194401	    -31.99584981	      7.55235124	     -2.05194401	     41.67428414	      0.00000000	      0.00000000	     10.42536527	     10.42536527	    -36.22078864	    -36.22078864	      9.75506482	      9.75506482	      0.04123156	      0.04123156
      0.97000000	    -32.28420085	      0.00000000	      0.00000000	   -138.40202184	    -12.90545614	      0.00000000	    -36.78069791	      8.37550332	     -2.28873272	    -36.78069791	      8.37550332	     -2.28873272	     51.65004927	      0.00000000	      0.00000000	     11.85756488	     11.85756488	    -40.01801750	    -40.01801750	     10.77060227	     10.77060227	      0.04228398	      0.04228398
      0.98000000	    -31.56784668	      0.00000000	      0.00000000	   -172.76822361	    -27.29556702	      0.00000000	    -42.11104800	      9.29373205	     -2.54335610	    -42.11104800	      9.29373205	     -2.54335610	     62.59027889	      0.00000000	      0.00000000	     13.24689238	     13.24689238	    -44.22875671	    -44.22875671	     11.90224087	     11.90224087	      0.04357167	      0.04357167
      0.99000000	    -31.17704541	      0.00000000	      0.00000000	   -207.86770748	    -41.22164447	      0.00000000	    -47.60669558	     10.24148359	     -2.79209199	    -47.60669558	     10.24148359	     -2.79209199	     73.59210730	      0.00000000	      0.00000000	     14.37636295	     14.37636295	    -48.53789269	    -48.53789269	     13.06933877	     13.06933877	      0.04509752	      0.04509752
      1.00000000	    -31.30155658	      0.00000000	      0.00000000	   -240.39588061	    -54.28530265	      0.00000000	    -52.80415617	     11.13917077	     -3.00606087	    -52.80415617	     11.13917077	     -3.00606087	     83.50508993	      0.00000000	      0.00000000	     14.98356078	     14.98356078	    -52.56466579	    -52.56466579	     14.17460301	     14.17460301	      0.04685913	      0.04685913
      1.01000000	    -32.12558014	      0.00000000	      0.00000000	   -266.78525853	    -66.24610716	      0.00000000	    -57.20439482	     11.90014875	     -3.15481462	    -57.20439482	     11.90014875	     -3.15481462	     91.09581968	      0.00000000	      0.00000000	     14.80487930	     14.80487930	    -55.89789051	    -55.89789051	     15.11264951	     15.11264951	      0.04883484	      0.04883484
      1.02000000	    -33.77551064	      0.00000000	      0.00000000	   -283.79797688	    -76.45005089	      0.00000000	    -60.33133542	     12.43916333	     -3.21104340	    -60.33133542	     12.43916333	     -3.21104340	     95.26971691	      0.00000000	      0.00000000	     13.63572171	     13.63572171	    -58.13907882	    -58.13907882	     15.78015193	     15.78015193	      0.05096368	      0.05096368
      1.03000000	    -36.27052989	      0.00000000	      0.00000000	   -289.05248318	    -83.43496125	      0.00000000	    -61.78808634	     12.68121863	     -3.15555454	    -61.78808634	     12.68121863	     -3.15555454	     95.27224254	      0.00000000	      0.00000000	     11.39362676	     11.39362676	    -58.94829049	    -58.94829049	     16.08640789	     16.08640789	      0.05312609	      0.05312609
      1.04000000	    -39.49079277	      0.00000000	      0.00000000	   -281.29850696	    -85.08431851	      0.00000000	    -61.29839814	     12.56990946	     -2.98143977	    -61.29839814	     12.56990946	     -2.98143977	     90.79937937	      0.00000000	      0.00000000	      8.17112236	      8.17112236	    -58.08701816	    -58.08701816	     15.96321830	     15.96321830	      0.05512966	      0.05512966
      1.05000000	    -43.17718380	      0.00000000	      0.00000000	   -260.42192712	    -79.26914937	      0.00000000	    -58.73059634	     12.07452693	     -2.69641921	    -58.73059634	     12.07452693	     -2.69641921	     82.00146332	      0.00000000	      0.00000000	      4.25607854	      4.25607854	    -55.45240517	    -55.45240517	     15.37313866	     15.37313866	      0.05671684	      0.05671684
      1.06000000	    -46.96025607	      0.00000000	      0.00000000	   -227.27108213	    -64.66618839	      0.00000000	    -54.10561132	     11.19547671	     -2.32269388	    -54.10561132	     11.19547671	     -2.32269388	     69.40925765	      0.00000000	      0.00000000	      0.10755246	      0.10755246	    -51.09858623	    -51.09858623	     14.31555438	     14.31555438	      0.05759306	      0.05759306
      1.07000000	    -50.41429879	      0.00000000	      0.00000000	   -183.41552048	    -41.41691010	      0.00000000	    -47.59371999	      9.96749513	     -1.89414731	    -47.59371999	      9.96749513	     -1.89414731	     53.82158069	      0.00000000	      0.00000000	     -3.71451334	     -3.71451334	    -45.24249599	    -45.24249599	     12.83025709	     12.83025709	      0.05747332	      0.05747332
      1.08000000	    -53.12859277	      0.00000000	      0.00000000	   -130.91244918	    -11.42259686	      0.00000000	    -39.50360638	      8.46008479	     -1.45129407	    -39.50360638	      8.46008479	     -1.45129407	     36.18598757	      0.00000000	      0.00000000	     -6.65562822	     -6.65562822	    -38.25344393	    -38.25344393	     10.99831690	     10.99831690	      0.05613798	      0.05613798
      1.09000000	    -53.12951666	      0.00000000	      0.00000000	    -69.79229258	     22.47384059	      0.00000000	    -29.49081463	      6.77436797	     -1.03267630	    -29.49081463	      6.77436797	     -1.03267630	     17.49317959	      0.00000000	      0.00000000	     -8.03198843	     -8.03198843	    -30.61378549	    -30.61378549	      8.93907287	      8.93907287	      0.05357579	      0.05357579
      1.10000000	    -51.61676932	      0.00000000	      0.00000000	     -4.50551424	     54.94384969	      0.00000000	    -18.72414633	      5.03750566	     -0.67482571	    -18.72414633	      5.03750566	     -0.67482571	     -1.30412592	      0.00000000	      0.00000000	     -7.87498087	     -7.87498087	    -22.91468411	    -22.91468411	      6.80652997	      6.80652997	      0.04971658	      0.04971658
      1.11000000	    -49.23665084	      0.00000000	      0.00000000	     61.51487270	     81.04195276	      0.00000000	     -8.07228515	      3.39177011	     -0.40107084	     -8.07228515	      3.39177011	     -0.40107084	    -19.34501568	      0.00000000	      0.00000000	     -6.35604109	     -6.35604109	    -15.78563948	    -15.78563948	      4.77892453	      4.77892453	      0.04478103	      0.04478103
      1.12000000	    -46.82658585	      0.00000000	      0.00000000	    124.88416773	     96.80872122	      0.00000000	      1.59219406	      1.98182688	     -0.21953913	      1.59219406	      1.98182688	     -0.21953913	    -35.88934505	      0.00000000	      0.00000000	     -3.99693723	     -3.99693723	     -9.84717183	     -9.84717183	      3.04544273	      3.04544273	      0.03921395	      0.03921395
      1.13000000	    -46.23025205	      0.00000000	      0.00000000	    181.14681880	     99.92038527	      0.00000000	      9.04991584	      0.94012182	     -0.12385497	      9.04991584	      0.94012182	     -0.12385497	    -50.32739388	      0.00000000	      0.00000000	     -1.76157684	     -1.76157684	     -5.65242681	     -5.65242681	      1.78778610	      1.78778610	      0.03362299	      0.03362299
      1.14000000	    -47.56374717	      0.00000000	      0.00000000	    228.55862229	     91.07197557	      0.00000000	     14.02418530	      0.37155892	     -0.09352774	     14.02418530	      0.37155892	     -0.09352774	    -62.17748422	      0.00000000	      0.00000000	     -0.44759538	     -0.44759538	     -3.60320760	     -3.60320760	      1.15650080	      1.15650080	      0.02882057	      0.02882057
      1.15000000	    -50.73079919	      0.00000000	      0.00000000	    265.88961109	     73.23900176	      0.00000000	     16.46730699	      0.34041149	     -0.10150646	     16.46730699	      0.34041149	     -0.10150646	    -71.07991769	      0.00000000	      0.00000000	     -0.75721382	     -0.75721382	     -3.90827911	     -3.90827911	      1.24945026	      1.24945026	      0.02558673	      0.02558673
      1.16000000	    -56.16042519	      0.00000000	      0.00000000	    291.34756870	     50.95823147	      0.00000000	     16.20300799	      0.86025808	     -0.12157756	     16.20300799	      0.86025808	     -0.12157756	    -76.79603740	      0.00000000	      0.00000000	     -3.25333885	     -3.25333885	     -6.55678076	     -6.55678076	      2.09401883	      2.09401883	      0.02455436	      0.02455436
      1.17000000	    -63.94948465	      0.00000000	      0.00000000	    303.75665104	     29.38036392	      0.00000000	     13.29165878	      1.88870674	     -0.13399621	     13.29165878	      1.88870674	     -0.13399621	    -79.21994525	      0.00000000	      0.00000000	     -8.09264528	     -8.09264528	    -11.30606931	    -11.30606931	      3.63636093	      3.63636093	      0.02611764	      0.02611764
      1.18000000	    -73.73472073	      0.00000000	      0.00000000	    302.77852675	     12.70486438	      0.00000000	      8.04975170	      3.32823318	     -0.12980223	      8.04975170	      3.32823318	     -0.12980223	    -78.40551135	      0.00000000	      0.00000000	    -14.95951191	    -14.95951191	    -17.69834586	    -17.69834586	      5.74130823	      5.74130823	      0.03031720	      0.03031720
      1.19000000	    -84.64582011	      0.00000000	      0.00000000	    289.08881044	      2.71911613	      0.00000000	      1.03878214	      5.03346724	     -0.11190040	      1.03878214	      5.03346724	     -0.11190040	    -74.60083605	      0.00000000	      0.00000000	    -23.09750141	    -23.09750141	    -25.09911966	    -25.09911966	      8.20343906	      8.20343906	      0.03676632	      0.03676632
      1.20000000	    -95.38648042	      0.00000000	      0.00000000	    264.41135094	     -1.83246543	      0.00000000	     -6.98367375	      6.82462568	     -0.09254837	     -6.98367375	      6.82462568	     -0.09254837	    -68.26757888	      0.00000000	      0.00000000	    -31.43636791	    -31.43636791	    -32.75365816	    -32.75365816	     10.76801438	     10.76801438	      0.04465622	      0.04465622
      1.21000000	   -104.45888443	      0.00000000	      0.00000000	    231.32002132	     -4.44674496	      0.00000000	    -15.15050935	      8.50594055	     -0.08794021	    -15.15050935	      8.50594055	     -0.08794021	    -60.05603462	      0.00000000	      0.00000000	    -38.78880119	    -38.78880119	    -39.85605314	    -39.85605314	     13.15857386	     13.15857386	      0.05286634	      0.05286634
      1.22000000	   -110.47790806	      0.00000000	      0.00000000	    192.81669344	     -8.85508502	      0.00000000	    -22.59741447	      9.88695385	     -0.11152062	    -22.59741447	      9.88695385	     -0.11152062	    -50.72551264	      0.00000000	      0.00000000	    -44.07379920	    -44.07379920	    -45.62490826	    -45.62490826	     15.10700947	     15.10700947	      0.06016223	      0.06016223
      1.23000000	   -112.45896876	      0.00000000	      0.00000000	    151.83315903	    -17.01388153	      0.00000000	    -28.57803669	     10.80374975	     -0.16814241	    -28.57803669	     10.80374975	     -0.16814241	    -41.03430234	      0.00000000	      0.00000000	    -46.51768970	    -46.51768970	    -49.37950286	    -49.37950286	     16.38208681	     16.38208681	      0.06541312	      0.06541312
      1.24000000	   -109.97700759	      0.00000000	      0.00000000	    110.84087543	    -28.27422563	      0.00000000	    -32.55683306	     11.13711094	     -0.25092647	    -32.55683306	     11.13711094	     -0.25092647	    -31.63935292	      0.00000000	      0.00000000	    -45.78961752	    -45.78961752	    -50.60970843	    -50.60970843	     16.81328550	     16.81328550	      0.06775826	      0.06775826
      1.25000000	   -103.17367374	      0.00000000	      0.00000000	     71.65725769	    -39.92106472	      0.00000000	    -34.26294149	     10.82528519	     -0.34178764	    -34.26294149	     10.82528519	     -0.34178764	    -23.03147858	      0.00000000	      0.00000000	    -42.04386474	    -42.04386474	    -49.03214779	    -49.03214779	     16.30792817	     16.30792817	      0.06669459	      0.06669459
      1.26000000	    -92.65614649	      0.00000000	      0.00000000	     35.43127871	    -48.46355542	      0.00000000	    -33.70053788	      9.87006395	     -0.41545255	    -33.70053788	      9.87006395	     -0.41545255	    -15.51128816	      0.00000000	      0.00000000	    -35.86354915	    -35.86354915	    -44.62536559	    -44.62536559	     14.86051885	     14.86051885	      0.06209865	      0.06209865
      1.27000000	    -79.34684563	      0.00000000	      0.00000000	      2.75071964	    -50.96465194	      0.00000000	    -31.12048901	      8.33583999	     -0.44581858	    -31.12048901	      8.33583999	     -0.44581858	     -9.20060935	      0.00000000	      0.00000000	    -28.12339825	    -28.12339825	    -37.63870739	    -37.63870739	     12.55390059	     12.55390059	      0.05420675	      0.05420675
      1.28000000	    -64.33004270	      0.00000000	      0.00000000	    -26.18635055	    -45.95656859	      0.00000000	    -26.96343944	      6.34216906	     -0.41292533	    -26.96343944	      6.34216906	     -0.41292533	     -4.07983575	      0.00000000	      0.00000000	    -19.80700859	    -19.80700859	    -28.57276221	    -28.57276221	      9.55233240	      9.55233240	      0.04357197	      0.04357197
      1.29000000	    -48.72268013	      0.00000000	      0.00000000	    -51.38470728	    -33.76188724	      0.00000000	    -21.78679299	      4.05107642	     -0.30871675	    -21.78679299	      4.05107642	     -0.30871675	     -0.03896254	      0.00000000	      0.00000000	    -11.82219154	    -11.82219154	    -18.13299311	    -18.13299311	      6.08706297	      6.08706297	      0.03100862	      0.03100862
      1.30000000	    -33.62974877	      0.00000000	      0.00000000	    -72.95674136	    -16.27125370	      0.00000000	    -16.21118578	      1.65084563	     -0.14015733	    -16.21118578	      1.65084563	     -0.14015733	      3.07023595	      0.00000000	      0.00000000	     -4.86445724	     -4.86445724	     -7.16236532	     -7.16236532	      2.43563040	      2.43563040	      0.01752142	      0.01752142
      1.31000000	    -20.02461863	      0.00000000	      0.00000000	    -90.92441332	    -83.06773935	      0.00000000	    -13.89067504	      0.05042845	      0.00043254	    -13.89067504	      0.05042845	      0.00043254	      5.39115024	      0.00000000	      0.00000000	     -0.98983267	     -0.98983267	      0.09051955	      0.09051955	      0.00296184	      0.00296184	      0.00423361	      0.00423361
      1.32000000	     -8.41302289	      0.00000000	      0.00000000	   -104.74441335	   -312.45974738	      0.00000000	    -17.85031129	      0.05417979	     -0.00273387	    -17.85031129	      0.05417979	     -0.00273387	      7.03474918	      0.00000000	      0.00000000	     -1.11236004	     -1.11236004	     -0.16783556	     -0.16783556	      0.05262184	      0.05262184	     -0.00765634	     -0.00765634
      1.33000000	      0.50360203	      0.00000000	      0.00000000	   -114.26745287	   -491.38526149	      0.00000000	    -20.88381039	      0.05491391	     -0.00527084	    -20.88381039	      0.05491391	     -0.00527084	      8.06940352	      0.00000000	      0.00000000	     -1.13282743	     -1.13282743	     -0.37000649	     -0.37000649	      0.09141307	      0.09141307	     -0.01707195	     -0.01707195
      1.34000000	      6.15785412	      0.00000000	      0.00000000	   -119.35863990	   -606.22788954	      0.00000000	    -22.76010349	      0.05340109	     -0.00691402	    -22.76010349	      0.05340109	     -0.00691402	      8.52600451	      0.00000000	      0.00000000	     -1.10811360	     -1.10811360	     -0.49919231	     -0.49919231	      0.11608052	      0.11608052	     -0.02314293	     -0.02314293
      1.35000000	      8.17478034	      0.00000000	      0.00000000	   -119.92418466	   -648.24263936	      0.00000000	    -23.32931176	      0.05006866	     -0.00753210	    -23.32931176	      0.05006866	     -0.00753210	      8.41299704	      0.00000000	      0.00000000	     -1.08240260	     -1.08240260	     -0.54484380	     -0.54484380	      0.12454841	      0.12454841	     -0.02530493	     -0.02530493
      1.36000000	      6.42064638	      0.00000000	      0.00000000	   -115.94827368	   -614.38693033	      0.00000000	    -22.54102967	      0.04511644	     -0.00710798	    -22.54102967	      0.04511644	     -0.00710798	      7.73390672	      0.00000000	      0.00000000	     -1.07235536	     -1.07235536	     -0.50353334	     -0.50353334	      0.11614099	      0.11614099	     -0.02336865	     -0.02336865
      1.37000000	      1.02052455	      0.00000000	      0.00000000	   -107.53091026	   -507.57753363	      0.00000000	    -20.45256182	      0.03860667	     -0.00572760	    -20.45256182	      0.03860667	     -0.00572760	      6.50014752	      0.00000000	      0.00000000	     -1.06221241	     -1.06221241	     -0.37920118	     -0.37920118	      0.09165283	      0.09165283	     -0.01754212	     -0.01754212
      1.38000000	     -7.66427946	      0.00000000	      0.00000000	    -94.91749315	   -336.26752444	      0.00000000	    -17.22522135	      0.03050415	     -0.00357413	    -17.22522135	      0.03050415	     -0.00357413	      4.73514634	      0.00000000	      0.00000000	     -1.01039118	     -1.01039118	     -0.18270648	     -0.18270648	      0.05324730	      0.05324730	     -0.00839879	     -0.00839879
      1.39000000	    -19.08851492	      0.00000000	      0.00000000	    -78.51543124	   -113.47186601	      0.00000000	    -13.10929411	      0.02066880	     -0.00092400	    -13.10929411	      0.02066880	     -0.00092400	      2.47066829	      0.00000000	      0.00000000	     -0.86522541	     -0.86522541	      0.06926521	      0.06926521	      0.00420252	      0.00420252	      0.00320132	      0.00320132
      1.40000000	    -32.58216018	      0.00000000	      0.00000000	    -58.89443225	     -0.61996962	      0.00000000	    -13.54932162	      1.20126054	     -0.10442227	    -13.54932162	      1.20126054	     -0.10442227	     -0.26036630	      0.00000000	      0.00000000	     -3.67169562	     -3.67169562	     -5.23793598	     -5.23793598	      1.79430446	      1.79430446	      0.01622031	      0.01622031
      1.41000000	    -47.66997781	      0.00000000	      0.00000000	    -37.14677725	    -18.27148783	      0.00000000	    -19.09697433	      3.59291685	     -0.27726486	    -19.09697433	      3.59291685	     -0.27726486	     -3.42969539	      0.00000000	      0.00000000	    -10.50956667	    -10.50956667	    -16.18033500	    -16.18033500	      5.43676771	      5.43676771	      0.02953315	      0.02953315
      1.42000000	    -63.38930717	      0.00000000	      0.00000000	    -13.86084052	    -32.02616483	      0.00000000	    -24.60027587	      5.93499937	     -0.39116613	    -24.60027587	      5.93499937	     -0.39116613	     -7.01456659	      0.00000000	      0.00000000	    -18.51380157	    -18.51380157	    -26.84518030	    -26.84518030	      8.97533480	      8.97533480	      0.04212359	      0.04212359
      1.43000000	    -78.69517154	      0.00000000	      0.00000000	     10.38524884	    -39.75997167	      0.00000000	    -29.54234952	      8.05486309	     -0.43787412	    -29.54234952	      8.05486309	     -0.43787412	    -10.99198826	      0.00000000	      0.00000000	    -27.08088555	    -27.08088555	    -36.45009961	    -36.45009961	     12.15182866	     12.15182866	      0.05310892	      0.05310892
      1.44000000	    -92.53500421	      0.00000000	      0.00000000	     34.99553157	    -40.68415861	      0.00000000	    -33.45142910	      9.80267464	     -0.42260809	    -33.45142910	      9.80267464	     -0.42260809	    -15.32686871	      0.00000000	      0.00000000	    -35.40925847	    -35.40925847	    -44.33288973	    -44.33288973	     14.74969818	     14.74969818	      0.06179509	      0.06179509
      1.45000000	   -103.89523333	      0.00000000	      0.00000000	     59.38343496	    -35.65178932	      0.00000000	    -35.94003131	     11.06448011	     -0.36131821	    -35.94003131	     11.06448011	     -0.36131821	    -19.95658536	      0.00000000	      0.00000000	    -42.61760987	    -42.61760987	    -50.00699065	    -50.00699065	     16.61107702	     16.61107702	      0.06771465	      0.06771465
      1.46000000	   -111.91159234	      0.00000000	      0.00000000	     82.93591860	    -27.00242961	      0.00000000	    -36.75680131	     11.77203599	     -0.27587868	    -36.75680131	     11.77203599	     -0.27587868	    -24.77617751	      0.00000000	      0.00000000	    -47.89986654	    -47.89986654	    -53.19845460	    -53.19845460	     17.64781209	     17.64781209	      0.07064544	      0.07064544
      1.47000000	   -115.99366347	      0.00000000	      0.00000000	    104.98424327	    -17.87110347	      0.00000000	    -35.82329318	     11.90822368	     -0.18849879	    -35.82329318	     11.90822368	     -0.18849879	    -29.62917533	      0.00000000	      0.00000000	    -50.67405008	    -50.67405008	    -53.86067186	    -53.86067186	     17.84575671	     17.84575671	      0.07061928	      0.07061928
      1.48000000	   -115.94294279	      0.00000000	      0.00000000	    124.79693334	    -11.07677748	      0.00000000	    -33.24797424	     11.50728953	     -0.11677990	    -33.24797424	     11.50728953	     -0.11677990	    -34.30867027	      0.00000000	      0.00000000	    -50.69036285	    -50.69036285	    -52.16621105	    -52.16621105	     17.26228915	     17.26228915	      0.06792146	      0.06792146
      1.49000000	   -112.03177954	      0.00000000	      0.00000000	    141.60828689	     -7.93839923	      0.00000000	    -29.31347613	     10.64970595	     -0.07059040	    -29.31347613	     10.64970595	     -0.07059040	    -38.57159899	      0.00000000	      0.00000000	    -48.07385371	    -48.07385371	    -48.47767314	    -48.47767314	     16.01749637	     16.01749637	      0.06307468	      0.06307468
      1.50000000	   -105.00118798	      0.00000000	      0.00000000	    154.68997654	     -7.60109414	      0.00000000	    -24.43860945	      9.45208818	     -0.05136359	    -24.43860945	      9.45208818	     -0.05136359	    -42.16662008	      0.00000000	      0.00000000	    -43.29348242	    -43.29348242	    -43.30160690	    -43.30160690	     14.27986008	     14.27986008	      0.05679355	      0.05679355
      1.51000000	    -95.94555786	      0.00000000	      0.00000000	    163.45859702	     -7.42451522	      0.00000000	    -19.12239682	      8.05328720	     -0.05370390	    -19.12239682	      8.05328720	     -0.05370390	    -44.87150294	      0.00000000	      0.00000000	    -37.06765506	    -37.06765506	    -37.23109799	    -37.23109799	     12.24770025	     12.24770025	      0.04989621	      0.04989621
      1.52000000	    -86.09940949	      0.00000000	      0.00000000	    167.58744437	     -4.38445976	      0.00000000	    -13.88054792	      6.59844583	     -0.06853374	    -13.88054792	      6.59844583	     -0.06853374	    -46.52928437	      0.00000000	      0.00000000	    -30.23048552	    -30.23048552	    -30.88336474	    -30.88336474	     10.12810080	     10.12810080	      0.04318218	      0.04318218
      1.53000000	    -76.59970528	      0.00000000	      0.00000000	    167.07618567	      3.35423554	      0.00000000	     -9.18441316	      5.22324172	     -0.08665175	     -9.18441316	      5.22324172	     -0.08665175	    -47.06926216	      0.00000000	      0.00000000	    -23.58936491	    -23.58936491	    -24.83874951	    -24.83874951	      8.11553068	      8.11553068	      0.03731450	      0.03731450
      1.54000000	    -68.30766189	      0.00000000	      0.00000000	    162.24962849	     15.62508957	      0.00000000	     -5.41059309	      4.04049381	     -0.10162990	     -5.41059309	      4.04049381	     -0.10162990	    -46.50579252	      0.00000000	      0.00000000	    -17.80291215	    -17.80291215	    -19.58738833	    -19.58738833	      6.37274945	      6.37274945	      0.03274572	      0.03274572
      1.55000000	    -61.72866311	      0.00000000	      0.00000000	    153.69285668	     30.45328003	      0.00000000	     -2.80748677	      3.13077167	     -0.11137578	     -2.80748677	      3.13077167	     -0.11137578	    -44.91992064	      0.00000000	      0.00000000	    -13.30072802	    -13.30072802	    -15.48939063	    -15.48939063	      5.01656579	      5.01656579	      0.02969947	      0.02969947
      1.56000000	    -57.02022118	      0.00000000	      0.00000000	    142.15159807	     44.87997403	      0.00000000	     -1.48225986	      2.53786926	     -0.11820719	     -1.48225986	      2.53786926	     -0.11820719	    -42.43481323	      0.00000000	      0.00000000	    -10.25461538	    -10.25461538	    -12.75283383	    -12.75283383	      4.11035795	      4.11035795	      0.02819371	      0.02819371
      1.57000000	    -54.05812331	      0.00000000	      0.00000000	    128.42598306	     55.93112385	      0.00000000	     -1.40785209	      2.26920726	     -0.12772319	     -1.40785209	      2.26920726	     -0.12772319	    -39.19344378	      0.00000000	      0.00000000	     -8.59837224	     -8.59837224	    -11.43124595	    -11.43124595	      3.66406352	      3.66406352	      0.02808674	      0.02808674
      1.58000000	    -52.53033790	      0.00000000	      0.00000000	    113.27656531	     61.40085931	      0.00000000	     -2.44623260	      2.30052381	     -0.14700745	     -2.44623260	      2.30052381	     -0.14700745	    -35.34184139	      0.00000000	      0.00000000	     -8.08362671	     -8.08362671	    -11.43928258	    -11.43928258	      3.64098653	      3.64098653	      0.02913120	      0.02913120
      1.59000000	    -52.03377152	      0.00000000	      0.00000000	     97.35291254	     60.29310401	      0.00000000	     -4.38217271	      2.58368619	     -0.18274835	     -4.38217271	      2.58368619	     -0.18274835	    -31.01766961	      0.00000000	      0.00000000	     -8.35445349	     -8.35445349	    -12.58276004	    -12.58276004	      3.96964907	      3.96964907	      0.03102616	      0.03102616
      1.60000000	    -52.15667365	      0.00000000	      0.00000000	     81.14869358	     52.89907999	      0.00000000	     -6.96127356	      3.05616845	     -0.23974996	     -6.96127356	      3.05616845	     -0.23974996	    -26.34252851	      0.00000000	      0.00000000	     -9.02357928	     -9.02357928	    -14.59751031	    -14.59751031	      4.55827568	      4.55827568	      0.03346141	      0.03346141
      1.61000000	    -52.53759444	      0.00000000	      0.00000000	     64.98281510	     40.57818051	      0.00000000	     -9.92648473	      3.65070687	     -0.32010925	     -9.92648473	      3.65070687	     -0.32010925	    -21.41652428	      0.00000000	      0.00000000	     -9.73652750	     -9.73652750	    -17.19085935	    -17.19085935	      5.30940963	      5.30940963	      0.03615063	      0.03615063
      1.62000000	    -53.21774321	      0.00000000	      0.00000000	     48.55768901	     25.24760055	      0.00000000	    -13.19710042	      4.30388000	     -0.42344836	    -13.19710042	      4.30388000	     -0.42344836	    -16.31450948	      0.00000000	      0.00000000	    -10.27407912	    -10.27407912	    -20.08231258	    -20.08231258	      6.13272595	      6.13272595	      0.03883706	      0.03883706
      1.63000000	    -53.92785387	      0.00000000	      0.00000000	     31.99174909	      9.13089868	      0.00000000	    -16.55404007	      4.96247821	     -0.54674321	    -16.55404007	      4.96247821	     -0.54674321	    -11.08427870	      0.00000000	      0.00000000	    -10.45426278	    -10.45426278	    -23.02990879	    -23.02990879	      6.95396842	      6.95396842	      0.04133046	      0.04133046
      1.64000000	    -54.35376016	      0.00000000	      0.00000000	     15.48052917	     -5.69329861	      0.00000000	    -19.77531399	      5.58736294	     -0.68540065	    -19.77531399	      5.58736294	     -0.68540065	     -5.74751693	      0.00000000	      0.00000000	    -10.16889845	    -10.16889845	    -25.85180953	    -25.85180953	      7.72020972	      7.72020972	      0.04351012	      0.04351012
      1.65000000	    -54.42489208	      0.00000000	      0.00000000	     -1.08447223	    -17.70163243	      0.00000000	    -22.77873578	      6.15467323	     -0.83458124	    -22.77873578	      6.15467323	     -0.83458124	     -0.30433025	      0.00000000	      0.00000000	     -9.42182793	     -9.42182793	    -28.43552721	    -28.43552721	      8.40098504	      8.40098504	      0.04530209	      0.04530209
      1.66000000	    -54.11764657	      0.00000000	      0.00000000	    -17.81875633	    -26.02003102	      0.00000000	    -25.53162035	      6.65456457	     -0.98987346	    -25.53162035	      6.65456457	     -0.98987346	      5.25818628	      0.00000000	      0.00000000	     -8.27187431	     -8.27187431	    -30.73264587	    -30.73264587	      8.98579229	      8.98579229	      0.04667701	      0.04667701
      1.67000000	    -53.43647644	      0.00000000	      0.00000000	    -34.79307321	    -30.42524730	      0.00000000	    -28.03628272	      7.08816202	     -1.14780541	    -28.03628272	      7.08816202	     -1.14780541	     10.95352496	      0.00000000	      0.00000000	     -6.80550364	     -6.80550364	    -32.74595001	    -32.74595001	      9.47930309	      9.47930309	      0.04763951	      0.04763951
      1.68000000	    -52.34640203	      0.00000000	      0.00000000	    -51.90981679	    -31.20905241	      0.00000000	    -30.28748990	      7.46345280	     -1.30586420	    -30.28748990	      7.46345280	     -1.30586420	     16.78042470	      0.00000000	      0.00000000	     -5.10523104	     -5.10523104	    -34.51068909	    -34.51068909	      9.89533601	      9.89533601	      0.04822157	      0.04822157
      1.69000000	    -50.56705066	      0.00000000	      0.00000000	    -68.58161469	    -28.89196743	      0.00000000	    -32.16144927	      7.79088800	     -1.46188448	    -32.16144927	      7.79088800	     -1.46188448	     22.70632156	      0.00000000	      0.00000000	     -3.18146578	     -3.18146578	    -36.07219112	    -36.07219112	     10.25058602	     10.25058602	      0.04849264	      0.04849264
      1.70000000	    -48.62542654	      0.00000000	      0.00000000	    -85.19402677	    -24.56591793	      0.00000000	    -33.89821516	      8.07976520	     -1.61504870	    -33.89821516	      8.07976520	     -1.61504870	     28.65199810	      0.00000000	      0.00000000	     -1.16940799	     -1.16940799	    -37.47513944	    -37.47513944	     10.55982075	     10.55982075	      0.04847011	      0.04847011
      1.71000000	    -46.59022141	      0.00000000	      0.00000000	   -101.30436523	    -19.15495390	      0.00000000	    -35.49682470	      8.33516260	     -1.76343883	    -35.49682470	      8.33516260	     -1.76343883	     34.48037890	      0.00000000	      0.00000000	      0.87168963	      0.87168963	    -38.74167062	    -38.74167062	     10.83178343	     10.83178343	      0.04820095	      0.04820095
      1.72000000	    -44.53079964	      0.00000000	      0.00000000	   -116.29121416	    -13.50679763	      0.00000000	    -36.92519157	      8.55659331	     -1.90412353	    -36.92519157	      8.55659331	     -1.90412353	     39.99268011	      0.00000000	      0.00000000	      2.88640757	      2.88640757	    -39.86802010	    -39.86802010	     11.06764573	     11.06764573	      0.04773261	      0.04773261
      1.73000000	    -42.51863900	      0.00000000	      0.00000000	   -129.38750744	     -8.34852114	      0.00000000	    -38.12247685	      8.73804975	     -2.03293146	    -38.12247685	      8.73804975	     -2.03293146	     44.93494256	      0.00000000	      0.00000000	      4.81763477	      4.81763477	    -40.82415479	    -40.82415479	     11.26111093	     11.26111093	      0.04711187	      0.04711187
      1.74000000	    -40.62693393	      0.00000000	      0.00000000	   -139.74487801	     -4.28393198	      0.00000000	    -39.00787053	      8.86936690	     -2.14464060	    -39.00787053	      8.86936690	     -2.14464060	     49.01717344	      0.00000000	      0.00000000	      6.60417771	      6.60417771	    -41.55976993	    -41.55976993	     11.40018237	     11.40018237	      0.04638365	      0.04638365
      1.75000000	    -38.92726308	      0.00000000	      0.00000000	   -146.52989981	     -1.80108680	      0.00000000	    -39.49445092	      8.93855593	     -2.23358601	    -39.49445092	      8.93855593	     -2.23358601	     51.94572713	      0.00000000	      0.00000000	      8.18303593	      8.18303593	    -42.01515780	    -42.01515780	     11.47013475	     11.47013475	      0.04558936	      0.04558936
      1.76000000	    -37.48328520	      0.00000000	      0.00000000	   -149.04755370	     -1.25463347	      0.00000000	    -39.50602322	      8.93463058	     -2.29457426	    -39.50602322	      8.93463058	     -2.29457426	     53.46709183	      0.00000000	      0.00000000	      9.49598934	      9.49598934	    -42.13467740	    -42.13467740	     11.45707647	     11.45707647	      0.04476486	      0.04476486
      1.77000000	    -36.34261802	      0.00000000	      0.00000000	   -146.87956025	     -2.79887088	      0.00000000	    -38.99427664	      8.85039630	     -2.32390015	    -38.99427664	      8.85039630	     -2.32390015	     53.41796857	      0.00000000	      0.00000000	     10.49843152	     10.49843152	    -41.88015588	    -41.88015588	     11.35143223	     11.35143223	      0.04393877	      0.04393877
      1.78000000	    -35.52915098	      0.00000000	      0.00000000	   -140.01512316	     -6.27498692	      0.00000000	    -37.95329037	      8.68469554	     -2.32021814	    -37.95329037	      8.68469554	     -2.32021814	     51.77267536	      0.00000000	      0.00000000	     11.16758116	     11.16758116	    -41.24161436	    -41.24161436	     11.15071515	     11.15071515	      0.04313217	      0.04313217
      1.79000000	    -35.03800522	      0.00000000	      0.00000000	   -128.93820383	    -11.10338154	      0.00000000	    -36.42814470	      8.44369443	     -2.28504250	    -36.42814470	      8.44369443	     -2.28504250	     48.67479919	      0.00000000	      0.00000000	     11.50679279	     11.50679279	    -40.24328062	    -40.24328062	     10.86110217	     10.86110217	      0.04235961	      0.04235961
      1.80000000	    -34.83676496	      0.00000000	      0.00000000	   -114.62632025	    -16.27388586	      0.00000000	    -34.51508197	      8.14092739	     -2.22273563	    -34.51508197	      8.14092739	     -2.22273563	     44.43704611	      0.00000000	      0.00000000	     11.54500535	     11.54500535	    -38.94373161	    -38.94373161	     10.49753170	     10.49753170	      0.04163314	      0.04163314
      1.81000000	    -34.87205688	      0.00000000	      0.00000000	    -98.42182454	    -20.53968477	      0.00000000	    -32.35105886	      7.79604405	     -2.13997293	    -32.35105886	      7.79604405	     -2.13997293	     39.49766963	      0.00000000	      0.00000000	     11.33216753	     11.33216753	    -37.43031160	    -37.43031160	     10.08234517	     10.08234517	      0.04096433	      0.04096433
      1.82000000	    -35.08101399	      0.00000000	      0.00000000	    -81.79485655	    -22.78684350	      0.00000000	    -30.09465101	      7.43247464	     -2.04481071	    -30.09465101	      7.43247464	     -2.04481071	     34.34038593	      0.00000000	      0.00000000	     10.93128385	     10.93128385	    -35.80894482	    -35.80894482	      9.64273199	      9.64273199	      0.04036514	      0.04036514
      1.83000000	    -35.40328375	      0.00000000	      0.00000000	    -66.08258712	    -22.40027056	      0.00000000	    -27.90351579	      7.07451873	     -1.94558074	    -27.90351579	      7.07451873	     -1.94558074	     29.40676305	      0.00000000	      0.00000000	     10.40927339	     10.40927339	    -34.19131852	    -34.19131852	      9.20746184	      9.20746184	      0.03984694	      0.03984694
      1.84000000	    -35.78965658	      0.00000000	      0.00000000	    -52.29890645	    -19.43224932	      0.00000000	    -25.91449497	      6.74445719	     -1.84985022	    -25.91449497	      6.74445719	     -1.84985022	     25.03256888	      0.00000000	      0.00000000	      9.82831230	      9.82831230	    -32.68172869	    -32.68172869	      8.80348451	      8.80348451	      0.03941885	      0.03941885
      1.85000000	    -36.20575254	      0.00000000	      0.00000000	    -41.05266453	    -14.52707072	      0.00000000	    -24.22991939	      6.46017328	     -1.76362489	    -24.22991939	      6.46017328	     -1.76362489	     21.42069767	      0.00000000	      0.00000000	      9.23912600	      9.23912600	    -31.36573272	    -31.36573272	      8.45295431	      8.45295431	      0.03908611	      0.03908611
      1.86000000	    -36.63156741	      0.00000000	      0.00000000	    -32.55754630	     -8.68830933	      0.00000000	    -22.91083566	      6.23357576	     -1.69088318	    -22.91083566	      6.23357576	     -1.69088318	     18.64485087	      0.00000000	      0.00000000	      8.67715398	      8.67715398	    -30.30220063	    -30.30220063	      8.17110665	      8.17110665	      0.03884882	      0.03884882
      1.87000000	    -37.05862581	      0.00000000	      0.00000000	    -26.69938097	     -3.00152466	      0.00000000	    -21.97647610	      6.06994311	     -1.63344872	    -21.97647610	      6.06994311	     -1.63344872	     16.67224148	      0.00000000	      0.00000000	      8.16168009	      8.16168009	    -29.51957921	    -29.51957921	      7.96522227	      7.96522227	      0.03870156	      0.03870156
      1.88000000	    -37.48634075	      0.00000000	      0.00000000	    -23.13080100	      1.60620970	      0.00000000	    -21.40876894	      5.96815955	     -1.59115376	    -21.40876894	      5.96815955	     -1.59115376	     15.39499770	      0.00000000	      0.00000000	      7.69735931	      7.69735931	    -29.01639167	    -29.01639167	      7.83470885	      7.83470885	      0.03863390	      0.03863390
      1.89000000	    -37.91860915	      0.00000000	      0.00000000	    -21.37068126	      4.52563356	      0.00000000	    -21.16038221	      5.92169125	     -1.56221508	    -21.16038221	      5.92169125	     -1.56221508	     14.66268292	      0.00000000	      0.00000000	      7.27725824	      7.27725824	    -28.76534734	    -28.76534734	      7.77215141	      7.77215141	      0.03863167	      0.03863167
      1.90000000	    -38.36108594	      0.00000000	      0.00000000	    -20.89300718	      5.52982736	      0.00000000	    -21.16466438	      5.92006915	     -1.54373367	    -21.16466438	      5.92006915	     -1.54373367	     14.31098746	      0.00000000	      0.00000000	      6.88681686	      6.88681686	    -28.72000818	    -28.72000818	      7.76505915	      7.76505915	      0.03867870	      0.03867870
      1.91000000	    -38.81942292	      0.00000000	      0.00000000	    -21.19669141	      4.75408280	      0.00000000	    -21.34599425	      5.95061076	     -1.53223347	    -21.34599425	      5.95061076	     -1.53223347	     14.18393075	      0.00000000	      0.00000000	      6.50776249	      6.50776249	    -28.82275707	    -28.82275707	      7.79797462	      7.79797462	      0.03875875	      0.03875875
      1.92000000	    -39.29819224	      0.00000000	      0.00000000	    -21.85278375	      2.61317666	      0.00000000	    -21.62920417	      6.00012731	     -1.52416702	    -21.62920417	      6.00012731	     -1.52416702	     14.14868805	      0.00000000	      0.00000000	      6.12160616	      6.12160616	    -29.01285350	    -29.01285350	      7.85461629	      7.85461629	      0.03885699	      0.03885699
      1.93000000	    -39.80042019	      0.00000000	      0.00000000	    -22.52990015	     -0.31501194	      0.00000000	    -21.94718209	      6.05640634	     -1.51633341	    -21.94718209	      6.05640634	     -1.51633341	     14.10340760	      0.00000000	      0.00000000	      5.71239203	      5.71239203	    -29.23354303	    -29.23354303	      7.91977413	      7.91977413	      0.03896108	      0.03896108
      1.94000000	    -40.32753605	      0.00000000	      0.00000000	    -23.00114214	     -3.41215639	      0.00000000	    -22.24612448	      6.10932678	     -1.50617445	    -22.24612448	      6.10932678	     -1.50617445	     13.97915767	      0.00000000	      0.00000000	      5.26848723	      5.26848723	    -29.43749286	    -29.43749286	      7.98076026	      7.98076026	      0.03906165	      0.03906165
      1.95000000	    -40.87958277	      0.00000000	      0.00000000	    -23.13713038	     -6.12628104	      0.00000000	    -22.48829776	      6.15153612	     -1.49193553	    -22.48829776	      6.15153612	     -1.49193553	     13.73752042	      0.00000000	      0.00000000	      4.78336228	      4.78336228	    -29.59017013	    -29.59017013	      8.02831109	      8.02831109	      0.03915238	      0.03915238
      1.96000000	    -41.45556679	      0.00000000	      0.00000000	    -22.89008995	     -8.04821128	      0.00000000	    -22.65248404	      6.17868697	     -1.47269698	    -22.65248404	      6.17868697	     -1.47269698	     13.36541965	      0.00000000	      0.00000000	      4.25544925	      4.25544925	    -29.67111310	    -29.67111310	      8.05692748	      8.05692748	      0.03922970	      0.03922970
      1.97000000	    -42.05385126	      0.00000000	      0.00000000	    -22.27351804	     -8.95135537	      0.00000000	    -22.73252142	      6.18928598	     -1.44829726	    -22.73252142	      6.18928598	     -1.44829726	     12.86862443	      0.00000000	      0.00000000	      3.68728082	      3.68728082	    -29.67332354	    -29.67332354	      8.06471400	      8.06471400	      0.03929233	      0.03929233
      1.98000000	    -42.67251934	      0.00000000	      0.00000000	    -21.34112183	     -8.79580841	      0.00000000	    -22.73448790	      6.18424578	     -1.41917934	    -22.73448790	      6.18424578	     -1.41917934	     12.26509302	      0.00000000	      0.00000000	      3.08418822	      3.08418822	    -29.60120499	    -29.60120499	      8.05283042	      8.05283042	      0.03934069	      0.03934069
      1.99000000	    -43.30965453	      0.00000000	      0.00000000	    -20.16768275	     -7.70327444	      0.00000000	    -22.67312578	      6.16624980	     -1.38619596	    -22.67312578	      6.16624980	     -1.38619596	     11.57898688	      0.00000000	      0.00000000	      2.45285773	      2.45285773	    -29.46757482	    -29.46757482	      8.02469571	      8.02469571	      0.03937636	      0.03937636
      2.00000000	    -43.96351098	      0.00000000	      0.00000000	    -18.83346824	     -5.91246966	      0.00000000	    -22.56807096	      6.13904167	     -1.35040770	    -22.56807096	      6.13904167	     -1.35040770	     10.83585148	      0.00000000	      0.00000000	      1.80001248	      1.80001248	    -29.29029302	    -29.29029302	      7.98508843	      7.98508843	      0.03940150	      0.03940150
      2.01000000	    -44.63257873	      0.00000000	      0.00000000	    -17.41290198	     -3.72549550	      0.00000000	    -22.44035808	      6.10673851	     -1.31290167	    -22.44035808	      6.10673851	     -1.31290167	     10.05916936	      0.00000000	      0.00000000	      1.13141264	      1.13141264	    -29.08899250	    -29.08899250	      7.93927222	      7.93927222	      0.03941842	      0.03941842
      2.02000000	    -45.31557093	      0.00000000	      0.00000000	    -15.96748857	     -1.45475238	      0.00000000	    -22.30954303	      6.07324470	     -1.27465001	    -22.30954303	      6.07324470	     -1.27465001	      9.26826390	      0.00000000	      0.00000000	      0.45127197	      0.45127197	    -28.88228630	    -28.88228630	      7.89224649	      7.89224649	      0.03942929	      0.03942929
      2.03000000	    -46.01136189	      0.00000000	      0.00000000	    -14.54249287	      0.62202173	      0.00000000	    -22.19164198	      6.04181551	     -1.23641746	    -22.19164198	      6.04181551	     -1.23641746	      8.47737560	      0.00000000	      0.00000000	     -0.23790398	     -0.23790398	    -28.68569224	    -28.68569224	      7.84818689	      7.84818689	      0.03943583	      0.03943583
      2.04000000	    -46.71889978	      0.00000000	      0.00000000	    -13.16658909	      2.29367970	      0.00000000	    -22.09794866	      6.01479162	     -1.19871859	    -22.09794866	      6.01479162	     -1.19871859	      7.69564733	      0.00000000	      0.00000000	     -0.93512761	     -0.93512761	    -28.51037667	    -28.51037667	      7.81010365	      7.81010365	      0.03943927	      0.03943927
      2.05000000	    -47.43711887	      0.00000000	      0.00000000	    -11.85358860	      3.43262514	      0.00000000	    -22.03467425	      5.99350025	     -1.16181842	    -22.03467425	      5.99350025	     -1.16181842	      6.92772870	      0.00000000	      0.00000000	     -1.64050204	     -1.64050204	    -28.36269561	    -28.36269561	      7.77971309	      7.77971309	      0.03944028	      0.03944028
      2.06000000	    -48.16487333	      0.00000000	      0.00000000	    -10.60538704	      3.99748824	      0.00000000	    -22.00326752	      5.97829907	     -1.12576560	    -22.00326752	      5.97829907	     -1.12576560	      6.17472747	      0.00000000	      0.00000000	     -2.35468743	     -2.35468743	    -28.24441691	    -28.24441691	      7.75749226	      7.75749226	      0.03943900	      0.03943900
      2.07000000	    -48.90090102	      0.00000000	      0.00000000	     -9.41539421	      4.02401537	      0.00000000	    -22.00122349	      5.96872675	     -1.09044573	    -22.00122349	      5.96872675	     -1.09044573	      5.43528006	      0.00000000	      0.00000000	     -3.07837925	     -3.07837925	    -28.15344676	    -28.15344676	      7.74287038	      7.74287038	      0.03943517	      0.03943517
      2.08000000	    -49.64381528	      0.00000000	      0.00000000	     -8.27188281	      3.60775878	      0.00000000	    -22.02317282	      5.96371834	     -1.05564270	    -22.02317282	      5.96371834	     -1.05564270	      4.70657179	      0.00000000	      0.00000000	     -3.81188728	     -3.81188728	    -28.08486030	    -28.08486030	      7.73450361	      7.73450361	      0.03942819	      0.03942819
      2.09000000	    -50.36020152	      0.00000000	      0.00000000	     -7.11582217	      2.89690836	      0.00000000	    -22.04707939	      5.96183818	     -1.02104755	    -22.04707939	      5.96183818	     -1.02104755	      3.98519864	      0.00000000	      0.00000000	     -4.55104706	     -4.55104706	    -28.03180087	    -28.03180087	      7.73057237	      7.73057237	      0.03941820	      0.03941820
      2.10000000	    -51.07156454	      0.00000000	      0.00000000	     -5.96592752	      2.03004036	      0.00000000	    -22.07616144	      5.96153000	     -0.98644647	    -22.07616144	      5.96153000	     -0.98644647	      3.26781657	      0.00000000	      0.00000000	     -5.30145116	     -5.30145116	    -27.98708762	    -27.98708762	      7.72908541	      7.72908541	      0.03940319	      0.03940319
      2.11000000	    -51.78324441	      0.00000000	      0.00000000	     -4.81956151	      1.15075423	      0.00000000	    -22.10635842	      5.96129561	     -0.95164254	    -22.10635842	      5.96129561	     -0.95164254	      2.55156845	      0.00000000	      0.00000000	     -6.06216349	     -6.06216349	    -27.94367714	    -27.94367714	      7.72811748	      7.72811748	      0.03938203	      0.03938203
      2.12000000	    -52.49423548	      0.00000000	      0.00000000	     -3.66743029	      0.38684074	      0.00000000	    -22.13162640	      5.95984461	     -0.91649403	    -22.13162640	      5.95984461	     -0.91649403	      1.83431072	      0.00000000	      0.00000000	     -6.83048488	     -6.83048488	    -27.89547700	    -27.89547700	      7.72600656	      7.72600656	      0.03935393	      0.03935393
      2.13000000	    -53.20362378	      0.00000000	      0.00000000	     -2.50294739	     -0.16329039	      0.00000000	    -22.14737039	      5.95618983	     -0.88093316	    -22.14737039	      5.95618983	     -0.88093316	      1.11468197	      0.00000000	      0.00000000	     -7.60332878	     -7.60332878	    -27.83782854	    -27.83782854	      7.72147596	      7.72147596	      0.03931821	      0.03931821
      2.14000000	    -53.91060005	      0.00000000	      0.00000000	     -1.32216119	     -0.43628080	      0.00000000	    -22.15063404	      5.94969194	     -0.84496405	    -22.15063404	      5.94969194	     -0.84496405	      0.39206350	      0.00000000	      0.00000000	     -8.37747114	     -8.37747114	    -27.76771066	    -27.76771066	      7.71369201	      7.71369201	      0.03927436	      0.03927436
      2.15000000	    -54.61445686	      0.00000000	      0.00000000	     -0.12345958	     -0.40523183	      0.00000000	    -22.14010336	      5.94006405	     -0.80865335	    -22.14010336	      5.94006405	     -0.80865335	     -0.33351878	      0.00000000	      0.00000000	     -9.14979448	     -9.14979448	    -27.68375505	    -27.68375505	      7.70227034	      7.70227034	      0.03922201	      0.03922201
      2.16000000	    -55.31457352	      0.00000000	      0.00000000	      1.09280333	     -0.07787600	      0.00000000	    -22.11598229	      5.92734752	     -0.77211672	    -22.11598229	      5.92734752	     -0.77211672	     -1.06150955	      0.00000000	      0.00000000	     -9.91750270	     -9.91750270	    -27.58612775	    -27.58612775	      7.68724568	      7.68724568	      0.03916097	      0.03916097
      2.17000000	    -56.01039041	      0.00000000	      0.00000000	      2.32464866	      0.50738389	      0.00000000	    -22.07979428	      5.91187059	     -0.73550391	    -22.07979428	      5.91187059	     -0.73550391	     -1.79092612	      0.00000000	      0.00000000	    -10.67829406	    -10.67829406	    -27.47632967	    -27.47632967	      7.66901935	      7.66901935	      0.03909119	      0.03909119
      2.18000000	    -56.70137780	      0.00000000	      0.00000000	      3.56871750	      1.28670478	      0.00000000	    -22.03415105	      5.89419799	     -0.69898423	    -22.03415105	      5.89419799	     -0.69898423	     -2.52043005	      0.00000000	      0.00000000	    -11.43048676	    -11.43048676	    -27.35695689	    -27.35695689	      7.64829533	      7.64829533	      0.03901277	      0.03901277
      2.19000000	    -57.38700413	      0.00000000	      0.00000000	      4.82040170	      2.17677855	      0.00000000	    -21.98251098	      5.87507701	     -0.66273340	    -21.98251098	      5.87507701	     -0.66273340	     -3.24836494	      0.00000000	      0.00000000	    -12.17309458	    -12.17309458	    -27.23144381	    -27.23144381	      7.62601132	      7.62601132	      0.03892594	      0.03892594
      2.20000000	    -58.06670560	      0.00000000	      0.00000000	      6.07388916	      3.08135079	      0.00000000	    -21.92893064	      5.85538076	     -0.62692209	    -21.92893064	      5.85538076	     -0.62692209	     -3.97276911	      0.00000000	      0.00000000	    -12.90584775	    -12.90584775	    -27.10379470	    -27.10379470	      7.60326618	      7.60326618	      0.03883111	      0.03883111
      2.21000000	    -58.73986137	      0.00000000	      0.00000000	      7.32219038	      3.89840913	      0.00000000	    -21.87779794	      5.83604701	     -0.59170614	    -21.87779794	      5.83604701	     -0.59170614	     -4.69138227	      0.00000000	      0.00000000	    -13.62914994	    -13.62914994	    -26.97829529	    -26.97829529	      7.58124123	      7.58124123	      0.03872885	      0.03872885
      2.22000000	    -59.40578111	      0.00000000	      0.00000000	      8.55724145	      4.52832179	      0.00000000	    -21.83352674	      5.81800921	     -0.55721839	    -21.83352674	      5.81800921	     -0.55721839	     -5.40167200	      0.00000000	      0.00000000	    -14.34395726	    -14.34395726	    -26.85918923	    -26.85918923	      7.56111112	      7.56111112	      0.03861989	      0.03861989
      2.23000000	    -60.06370877	      0.00000000	      0.00000000	      9.77019116	      4.88309087	      0.00000000	    -21.80019478	      5.80211668	     -0.52356192	    -21.80019478	      5.80211668	     -0.52356192	     -6.10090887	      0.00000000	      0.00000000	    -15.05156435	    -15.05156435	    -26.75030743	    -26.75030743	      7.54394070	      7.54394070	      0.03850510	      0.03850510
      2.24000000	    -60.73220450	      0.00000000	      0.00000000	     10.92487721	      4.89060032	      0.00000000	    -21.79011328	      5.78904722	     -0.49083060	    -21.79011328	      5.78904722	     -0.49083060	     -6.78631680	      0.00000000	      0.00000000	    -15.75627134	    -15.75627134	    -26.65476470	    -26.65476470	      7.53056958	      7.53056958	      0.03838596	      0.03838596
      2.25000000	    -61.40508318	      0.00000000	      0.00000000	     12.02056345	      4.51942319	      0.00000000	    -21.80283850	      5.77920112	     -0.45904828	    -21.80283850	      5.77920112	     -0.45904828	     -7.45531743	      0.00000000	      0.00000000	    -16.45607975	    -16.45607975	    -26.57433457	    -26.57433457	      7.52149045	      7.52149045	      0.03826373	      0.03826373
      2.26000000	    -62.06381727	      0.00000000	      0.00000000	     13.07583623	      3.78280201	      0.00000000	    -21.83048342	      5.77260828	     -0.42818761	    -21.83048342	      5.77260828	     -0.42818761	     -8.10587340	      0.00000000	      0.00000000	    -17.14810328	    -17.14810328	    -26.50908708	    -26.50908708	      7.51672641	      7.51672641	      0.03813901	      0.03813901
      2.27000000	    -62.70731834	      0.00000000	      0.00000000	     14.08863143	      2.73673128	      0.00000000	    -21.87108370	      5.76885301	     -0.39821344	    -21.87108370	      5.76885301	     -0.39821344	     -8.73691709	      0.00000000	      0.00000000	    -17.83142722	    -17.83142722	    -26.45712638	    -26.45712638	      7.51572088	      7.51572088	      0.03801251	      0.03801251
      2.28000000	    -63.33467262	      0.00000000	      0.00000000	     15.06233416	      1.48784575	      0.00000000	    -21.92024599	      5.76702449	     -0.36906893	    -21.92024599	      5.76702449	     -0.36906893	     -9.34882738	      0.00000000	      0.00000000	    -18.50329195	    -18.50329195	    -26.41429998	    -26.41429998	      7.51727709	      7.51727709	      0.03788455	      0.03788455
      2.29000000	    -63.94516231	      0.00000000	      0.00000000	     16.00761548	      0.18935242	      0.00000000	    -21.97106862	      5.76572267	     -0.34068867	    -21.97106862	      5.76572267	     -0.34068867	     -9.94388988	      0.00000000	      0.00000000	    -19.15881603	    -19.15881603	    -26.37425799	    -26.37425799	      7.51956814	      7.51956814	      0.03775487	      0.03775487
      2.30000000	    -64.53826136	      0.00000000	      0.00000000	     16.94389133	     -0.97080155	      0.00000000	    -22.01437783	      5.76313342	     -0.31301435	    -22.01437783	      5.76313342	     -0.31301435	    -10.52664982	      0.00000000	      0.00000000	    -19.79098909	    -19.79098909	    -26.32883051	    -26.32883051	      7.52023713	      7.52023713	      0.03762244	      0.03762244
      2.31000000	    -65.11360444	      0.00000000	      0.00000000	     17.89996148	     -1.78993647	      0.00000000	    -22.03934993	      5.75718327	     -0.28601139	    -22.03934993	      5.75718327	     -0.28601139	    -11.10404487	      0.00000000	      0.00000000	    -20.39102810	    -20.39102810	    -26.26876530	    -26.26876530	      7.51660039	      7.51660039	      0.03748534	      0.03748534
      2.32000000	    -65.67092277	      0.00000000	      0.00000000	     18.91332869	     -2.07801102	      0.00000000	    -22.03455105	      5.74577446	     -0.25968393	    -22.03455105	      5.74577446	     -0.25968393	    -11.68519230	      0.00000000	      0.00000000	    -20.94915628	    -20.94915628	    -26.18482074	    -26.18482074	      7.50595422	      7.50595422	      0.03734077	      0.03734077
      2.33000000	    -66.20993584	      0.00000000	      0.00000000	     20.02770083	     -1.69006295	      0.00000000	    -21.98937184	      5.72708788	     -0.23408545	    -21.98937184	      5.72708788	     -0.23408545	    -12.28070686	      0.00000000	      0.00000000	    -21.45580549	    -21.45580549	    -26.06914960	    -26.06914960	      7.48596807	      7.48596807	      0.03718520	      0.03718520
      2.34000000	    -66.73020274	      0.00000000	      0.00000000	     21.28826645	     -0.55970950	      0.00000000	    -21.89576697	      5.69992714	     -0.20932245	    -21.89576697	      5.69992714	     -0.20932245	    -12.90145137	      0.00000000	      0.00000000	    -21.90316678	    -21.90316678	    -25.91684313	    -25.91684313	      7.45512845	      7.45512845	      0.03701475	      0.03701475
      2.35000000	    -67.23095553	      0.00000000	      0.00000000	     22.73453097	      1.27179389	      0.00000000	    -21.75013829	      5.66406262	     -0.18554954	    -21.75013829	      5.66406262	     -0.18554954	    -13.55667598	      0.00000000	      0.00000000	    -22.28692699	    -22.28692699	    -25.72744307	    -25.72744307	      7.41317909	      7.41317909	      0.03682584	      0.03682584
      2.36000000	    -67.71093894	      0.00000000	      0.00000000	     24.39081806	      3.63714579	      0.00000000	    -21.55513539	      5.62052349	     -0.16295539	    -21.55513539	      5.62052349	     -0.16295539	    -14.25158375	      0.00000000	      0.00000000	    -22.60794694	    -22.60794694	    -25.50618293	    -25.50618293	      7.36148934	      7.36148934	      0.03661610	      0.03661610
      2.37000000	    -68.16827477	      0.00000000	      0.00000000	     26.25497798	      6.24118472	      0.00000000	    -21.32109903	      5.57178023	     -0.14174086	    -21.32109903	      5.57178023	     -0.14174086	    -14.98447034	      0.00000000	      0.00000000	    -22.87357397	    -22.87357397	    -25.26470155	    -25.26470155	      7.30327558	      7.30327558	      0.03638548	      0.03638548
      2.38000000	    -68.60037382	      0.00000000	      0.00000000	     28.28637882	      8.68035192	      0.00000000	    -21.06685179	      5.52176264	     -0.12209214	    -21.06685179	      5.52176264	     -0.12209214	    -15.74371865	      0.00000000	      0.00000000	    -23.09825719	    -23.09825719	    -25.02098988	    -25.02098988	      7.24360515	      7.24360515	      0.03613755	      0.03613755
      2.39000000	    -69.00392808	      0.00000000	      0.00000000	     30.39483706	     10.48570008	      0.00000000	    -20.81955663	      5.47567027	     -0.10415361	    -20.81955663	      5.47567027	     -0.10415361	    -16.50507319	      0.00000000	      0.00000000	    -23.30316413	    -23.30316413	    -24.79839457	    -24.79839457	      7.18912844	      7.18912844	      0.03588068	      0.03588068
      2.40000000	    -69.37501591	      0.00000000	      0.00000000	     32.43268867	     11.18809122	      0.00000000	    -20.61342467	      5.43955438	     -0.08800541	    -20.61342467	      5.43955438	     -0.08800541	    -17.22975160	      0.00000000	      0.00000000	    -23.51459542	    -23.51459542	    -24.62360775	    -24.62360775	      7.14751536	      7.14751536	      0.03562898	      0.03562898
      2.41000000	    -69.70933969	      0.00000000	      0.00000000	     34.19259891	     10.39969608	      0.00000000	    -20.48715985	      5.41968116	     -0.07365065	    -20.48715985	      5.41968116	     -0.07365065	    -17.86404251	      0.00000000	      0.00000000	    -23.76116186	    -23.76116186	    -24.52371661	    -24.52371661	      7.12661334	      7.12661334	      0.03540268	      0.03540268
      2.42000000	    -70.00259164	      0.00000000	      0.00000000	     35.41381620	      7.90112332	      0.00000000	    -20.48017713	      5.42172287	     -0.06101506	    -20.48017713	      5.42172287	     -0.06101506	    -18.34105766	      0.00000000	      0.00000000	    -24.06991470	    -24.06991470	    -24.52255242	    -24.52255242	      7.13339340	      7.13339340	      0.03522750	      0.03522750
      2.43000000	    -70.25092480	      0.00000000	      0.00000000	     35.79923508	      3.71945361	      0.00000000	    -20.62781175	      5.44986167	     -0.04995889	    -20.62781175	      5.44986167	     -0.04995889	    -18.58521452	      0.00000000	      0.00000000	    -24.46187303	    -24.46187303	    -24.63674563	    -24.63674563	      7.17280078	      7.17280078	      0.03513300	      0.03513300
      2.44000000	    -70.45150142	      0.00000000	      0.00000000	     35.04468224	     -1.81974644	      0.00000000	    -20.95593471	      5.50592454	     -0.04029756	    -20.95593471	      5.50592454	     -0.04029756	    -18.51978535	      0.00000000	      0.00000000	    -24.94762303	    -24.94762303	    -24.87203309	    -24.87203309	      7.24666917	      7.24666917	      0.03514951	      0.03514951
      2.45000000	    -70.60309382	      0.00000000	      0.00000000	     32.88013460	     -8.08272449	      0.00000000	    -21.47558384	      5.58868952	     -0.03182452	    -21.47558384	      5.58868952	     -0.03182452	    -18.07742454	      0.00000000	      0.00000000	    -25.52380995	    -25.52380995	    -25.22044524	    -25.22044524	      7.35288390	      7.35288390	      0.03530386	      0.03530386
      2.46000000	    -70.70670529	      0.00000000	      0.00000000	     29.12002515	    -14.17218664	      0.00000000	    -22.17838871	      5.69350789	     -0.02432924	    -22.17838871	      5.69350789	     -0.02432924	    -17.21294925	      0.00000000	      0.00000000	    -26.17134465	    -26.17134465	    -25.65899750	    -25.65899750	      7.48497931	      7.48497931	      0.03561433	      0.03561433
      2.47000000	    -70.76615028	      0.00000000	      0.00000000	     23.71637186	    -19.02986708	      0.00000000	    -23.03368956	      5.81236739	     -0.01760554	    -23.03368956	      5.81236739	     -0.01760554	    -15.91679017	      0.00000000	      0.00000000	    -26.85596655	    -26.85596655	    -26.15039870	    -26.15039870	      7.63232343	      7.63232343	      0.03608545	      0.03608545
      2.48000000	    -70.78847968	      0.00000000	      0.00000000	     16.80429643	    -21.58794098	      0.00000000	    -23.98830870	      5.93447683	     -0.01144958	    -23.98830870	      5.93447683	     -0.01144958	    -14.22647382	      0.00000000	      0.00000000	    -27.53144994	    -27.53144994	    -26.64606026	    -26.64606026	      7.78097522	      7.78097522	      0.03670397	      0.03670397
      2.49000000	    -70.78407271	      0.00000000	      0.00000000	      8.72475163	    -16.54573721	      0.00000000	    -24.81445623	      6.01109999	     -0.00563058	    -24.81445623	      6.01109999	     -0.00563058	    -12.23228955	      0.00000000	      0.00000000	    -27.97172915	    -27.97172915	    -26.92559398	    -26.92559398	      7.86737901	      7.86737901	      0.03743718	      0.03743718
      2.50000000	    -70.76617606	      0.00000000	      0.00000000	      0.00573852	     -3.70565606	      0.00000000	    -25.44201736	      6.03286492	      0.00000695	    -25.44201736	      6.03286492	      0.00000695	    -10.07239060	      0.00000000	      0.00000000	    -28.13908690	    -28.13908690	    -26.94991891	    -26.94991891	      7.88020825	      7.88020825	      0.03823534	      0.03823534
