ModelProbes
version=1
nRows=251
nColumns=95
inDegrees=no

This file contains the probes on a model during a simulation.

The units used are dependent on the type of probe component
If the header above contains a line with 'inDegrees', this indicates whether rotational values are in degrees (yes) or radians (no).

endheader
time	metabolics_TOTAL	metabolics_BASAL	metabolics_glut_med1_r	metabolics_glut_med2_r	metabolics_glut_med3_r	metabolics_glut_min1_r	metabolics_glut_min2_r	metabolics_glut_min3_r	metabolics_semimem_r	metabolics_semiten_r	metabolics_bifemlh_r	metabolics_bifemsh_r	metabolics_sar_r	metabolics_add_long_r	metabolics_add_brev_r	metabolics_add_mag1_r	metabolics_add_mag2_r	metabolics_add_mag3_r	metabolics_tfl_r	metabolics_pect_r	metabolics_grac_r	metabolics_glut_max1_r	metabolics_glut_max2_r	metabolics_glut_max3_r	metabolics_iliacus_r	metabolics_psoas_r	metabolics_quad_fem_r	metabolics_gem_r	metabolics_peri_r	metabolics_rect_fem_r	metabolics_vas_med_r	metabolics_vas_int_r	metabolics_vas_lat_r	metabolics_med_gas_r	metabolics_lat_gas_r	metabolics_soleus_r	metabolics_tib_post_r	metabolics_flex_dig_r	metabolics_flex_hal_r	metabolics_tib_ant_r	metabolics_per_brev_r	metabolics_per_long_r	metabolics_per_tert_r	metabolics_ext_dig_r	metabolics_ext_hal_r	metabolics_glut_med1_l	metabolics_glut_med2_l	metabolics_glut_med3_l	metabolics_glut_min1_l	metabolics_glut_min2_l	metabolics_glut_min3_l	metabolics_semimem_l	metabolics_semiten_l	metabolics_bifemlh_l	metabolics_bifemsh_l	metabolics_sar_l	metabolics_add_long_l	metabolics_add_brev_l	metabolics_add_mag1_l	metabolics_add_mag2_l	metabolics_add_mag3_l	metabolics_tfl_l	metabolics_pect_l	metabolics_grac_l	metabolics_glut_max1_l	metabolics_glut_max2_l	metabolics_glut_max3_l	metabolics_iliacus_l	metabolics_psoas_l	metabolics_quad_fem_l	metabolics_gem_l	metabolics_peri_l	metabolics_rect_fem_l	metabolics_vas_med_l	metabolics_vas_int_l	metabolics_vas_lat_l	metabolics_med_gas_l	metabolics_lat_gas_l	metabolics_soleus_l	metabolics_tib_post_l	metabolics_flex_dig_l	metabolics_flex_hal_l	metabolics_tib_ant_l	metabolics_per_brev_l	metabolics_per_long_l	metabolics_per_tert_l	metabolics_ext_dig_l	metabolics_ext_hal_l	metabolics_ercspn_r	metabolics_ercspn_l	metabolics_intobl_r	metabolics_intobl_l	metabolics_extobl_r	metabolics_extobl_l
      0.00000000	    156.51239239	     90.19752000	      0.40929429	      0.82662115	      0.54372012	      0.25526542	      0.16121351	      0.08597400	      1.70066906	      0.00000000	      1.72525010	      0.00000000	      0.00000000	      0.00000000	      0.00000000	      0.57358081	      0.73315710	      1.12929829	      0.00000000	      0.46989323	      0.00000000	      1.43734334	      2.12676150	      1.40416817	      0.00000000	     -0.00000000	      0.19520111	      0.02736234	      0.08025176	      4.02352543	      2.00978489	      2.05495488	      2.67481350	      1.06587301	      0.55518555	      1.49356720	      0.34225045	      0.07333298	      0.10071654	      1.57190162	      0.18306614	      0.37852834	      0.23250078	      0.92254527	      0.00000000	      0.40929429	      0.82662115	      0.54372012	      0.25526542	      0.16121351	      0.08597400	      1.70066906	      0.00000000	      1.72525010	      0.00000000	      0.00000000	      0.00000000	      0.00000000	      0.57358081	      0.73315710	      1.12929829	      0.00000000	      0.46989323	      0.00000000	      1.43734334	      2.12676150	      1.40416817	      0.00000000	     -0.00000000	      0.19520111	      0.02736234	      0.08025176	      4.02352543	      2.00978489	      2.05495488	      2.67481350	      1.06587301	      0.55518555	      1.49356720	      0.34225045	      0.07333298	      0.10071654	      1.57190162	      0.18306614	      0.37852834	      0.23250078	      0.92254527	      0.00000000	      0.00000000	      0.00000000	      1.58986432	      1.58986432	      0.00000000	      0.00000000
      0.01000000	    156.51239758	     90.19752000	      0.40929429	      0.82662115	      0.54372012	      0.25526542	      0.16121351	      0.08597400	      1.70066906	      0.00000000	      1.72525010	      0.00000000	      0.00000000	      0.00000000	      0.00000001	      0.57358081	      0.73315710	      1.12929829	      0.00000000	      0.46989323	      0.00000000	      1.43734334	      2.12676150	      1.40416817	      0.00000000	     -0.00000000	      0.19520111	      0.02736234	      0.08025176	      4.02352803	      2.00978489	      2.05495488	      2.67481350	      1.06587301	      0.55518555	      1.49356720	      0.34225045	      0.07333298	      0.10071654	      1.57190162	      0.18306614	      0.37852834	      0.23250078	      0.92254527	      0.00000000	      0.40929429	      0.82662115	      0.54372012	      0.25526542	      0.16121351	      0.08597400	      1.70066906	      0.00000000	      1.72525010	      0.00000000	      0.00000000	      0.00000000	      0.00000001	      0.57358081	      0.73315710	      1.12929829	      0.00000000	      0.46989323	      0.00000000	      1.43734334	      2.12676150	      1.40416817	      0.00000000	     -0.00000000	      0.19520111	      0.02736234	      0.08025176	      4.02352803	      2.00978489	      2.05495488	      2.67481350	      1.06587301	      0.55518555	      1.49356720	      0.34225045	      0.07333298	      0.10071654	      1.57190162	      0.18306614	      0.37852834	      0.23250078	      0.92254527	      0.00000000	      0.00000000	      0.00000000	      1.58986432	      1.58986432	      0.00000000	      0.00000000
      0.02000000	    156.51239709	     90.19752000	      0.40929429	      0.82662115	      0.54372012	      0.25526542	      0.16121351	      0.08597400	      1.70066906	      0.00000000	      1.72525010	      0.00000000	     -0.00000066	      0.00000000	      0.00000001	      0.57358081	      0.73315710	      1.12929829	      0.00000000	      0.46989323	      0.00000000	      1.43734334	      2.12676150	      1.40416817	      0.00000000	     -0.00000000	      0.19520111	      0.02736234	      0.08025176	      4.02352844	      2.00978489	      2.05495488	      2.67481350	      1.06587301	      0.55518555	      1.49356720	      0.34225045	      0.07333298	      0.10071654	      1.57190162	      0.18306614	      0.37852834	      0.23250078	      0.92254527	     -0.00000000	      0.40929429	      0.82662115	      0.54372012	      0.25526542	      0.16121351	      0.08597400	      1.70066906	      0.00000000	      1.72525010	      0.00000000	     -0.00000066	      0.00000000	      0.00000001	      0.57358081	      0.73315710	      1.12929829	      0.00000000	      0.46989323	      0.00000000	      1.43734334	      2.12676150	      1.40416817	      0.00000000	     -0.00000000	      0.19520111	      0.02736234	      0.08025176	      4.02352844	      2.00978489	      2.05495488	      2.67481350	      1.06587301	      0.55518555	      1.49356720	      0.34225045	      0.07333298	      0.10071654	      1.57190162	      0.18306614	      0.37852834	      0.23250078	      0.92254527	     -0.00000000	      0.00000000	      0.00000000	      1.58986432	      1.58986432	      0.00000000	      0.00000000
      0.03000000	    156.51238996	     90.19752000	      0.40929429	      0.82662115	      0.54372012	      0.25526542	      0.16121351	      0.08597400	      1.70066906	      0.00000000	      1.72525010	      0.00000007	     -0.00000066	      0.00000000	      0.00000001	      0.57358081	      0.73315710	      1.12929829	      0.00000000	      0.46989323	      0.00000000	      1.43734334	      2.12676150	      1.40416817	      0.00000000	      0.00000000	      0.19520111	      0.02736234	      0.08025176	      4.02352476	      2.00978489	      2.05495488	      2.67481350	      1.06587301	      0.55518555	      1.49356720	      0.34225045	      0.07333298	      0.10071654	      1.57190162	      0.18306614	      0.37852834	      0.23250078	      0.92254527	      0.00000000	      0.40929429	      0.82662115	      0.54372012	      0.25526542	      0.16121351	      0.08597400	      1.70066906	      0.00000000	      1.72525010	      0.00000007	     -0.00000066	      0.00000000	      0.00000001	      0.57358081	      0.73315710	      1.12929829	      0.00000000	      0.46989323	      0.00000000	      1.43734334	      2.12676150	      1.40416817	      0.00000000	      0.00000000	      0.19520111	      0.02736234	      0.08025176	      4.02352476	      2.00978489	      2.05495488	      2.67481350	      1.06587301	      0.55518555	      1.49356720	      0.34225045	      0.07333298	      0.10071654	      1.57190162	      0.18306614	      0.37852834	      0.23250078	      0.92254527	      0.00000000	      0.00000004	      0.00000004	      1.58986432	      1.58986432	      0.00000000	      0.00000000
      0.04000000	    156.51237282	     90.19752000	      0.40929429	      0.82662115	      0.54372012	      0.25526542	      0.16121351	      0.08597400	      1.70066906	      0.00000000	      1.72525010	      0.00000000	      0.00000000	      0.00000000	      0.00000001	      0.57358081	      0.73315710	      1.12929829	      0.00000000	      0.46989323	      0.00000000	      1.43734334	      2.12676150	      1.40416817	      0.00000000	     -0.00000000	      0.19520111	      0.02736234	      0.08025176	      4.02351564	      2.00978489	      2.05495488	      2.67481350	      1.06587301	      0.55518555	      1.49356720	      0.34225045	      0.07333298	      0.10071654	      1.57190162	      0.18306614	      0.37852834	      0.23250078	      0.92254527	     -0.00000000	      0.40929429	      0.82662115	      0.54372012	      0.25526542	      0.16121351	      0.08597400	      1.70066906	      0.00000000	      1.72525010	      0.00000000	      0.00000000	      0.00000000	      0.00000001	      0.57358081	      0.73315710	      1.12929829	      0.00000000	      0.46989323	      0.00000000	      1.43734334	      2.12676150	      1.40416817	      0.00000000	     -0.00000000	      0.19520111	      0.02736234	      0.08025176	      4.02351564	      2.00978489	      2.05495488	      2.67481350	      1.06587301	      0.55518555	      1.49356720	      0.34225045	      0.07333298	      0.10071654	      1.57190162	      0.18306614	      0.37852834	      0.23250078	      0.92254527	     -0.00000000	      0.00000000	      0.00000000	      1.58986432	      1.58986432	      0.00000000	      0.00000000
      0.05000000	    156.51234267	     90.19752000	      0.40929429	      0.82662115	      0.54372012	      0.25526542	      0.16121351	      0.08597400	      1.70066906	      0.00000000	      1.72525010	      0.00000000	      0.00000000	      0.00000000	      0.00000001	      0.57358081	      0.73315710	      1.12929829	      0.00000000	      0.46989323	      0.00000000	      1.43734334	      2.12676150	      1.40416817	      0.00000000	      0.00000000	      0.19520111	      0.02736234	      0.08025176	      4.02350057	      2.00978489	      2.05495488	      2.67481350	      1.06587301	      0.55518555	      1.49356720	      0.34225045	      0.07333298	      0.10071654	      1.57190162	      0.18306614	      0.37852834	      0.23250078	      0.92254527	     -0.00000000	      0.40929429	      0.82662115	      0.54372012	      0.25526542	      0.16121351	      0.08597400	      1.70066906	      0.00000000	      1.72525010	      0.00000000	      0.00000000	      0.00000000	      0.00000001	      0.57358081	      0.73315710	      1.12929829	      0.00000000	      0.46989323	      0.00000000	      1.43734334	      2.12676150	      1.40416817	      0.00000000	      0.00000000	      0.19520111	      0.02736234	      0.08025176	      4.02350057	      2.00978489	      2.05495488	      2.67481350	      1.06587301	      0.55518555	      1.49356720	      0.34225045	      0.07333298	      0.10071654	      1.57190162	      0.18306614	      0.37852834	      0.23250078	      0.92254527	     -0.00000000	      0.00000000	      0.00000000	      1.58986432	      1.58986432	      0.00000000	      0.00000000
      0.06000000	    156.51230151	     90.19752000	      0.40929429	      0.82662115	      0.54372012	      0.25526542	      0.16121351	      0.08597400	      1.70066906	      0.00000000	      1.72525010	      0.00000000	      0.00000000	      0.00000000	      0.00000001	      0.57358081	      0.73315710	      1.12929829	      0.00000000	      0.46989323	     -0.00000012	      1.43734334	      2.12676150	      1.40416817	      0.00000000	      0.00000000	      0.19520111	      0.02736234	      0.08025176	      4.02348011	      2.00978489	      2.05495488	      2.67481350	      1.06587301	      0.55518555	      1.49356720	      0.34225045	      0.07333298	      0.10071654	      1.57190162	      0.18306614	      0.37852834	      0.23250078	      0.92254527	     -0.00000000	      0.40929429	      0.82662115	      0.54372012	      0.25526542	      0.16121351	      0.08597400	      1.70066906	      0.00000000	      1.72525010	      0.00000000	      0.00000000	      0.00000000	      0.00000001	      0.57358081	      0.73315710	      1.12929829	      0.00000000	      0.46989323	     -0.00000012	      1.43734334	      2.12676150	      1.40416817	      0.00000000	      0.00000000	      0.19520111	      0.02736234	      0.08025176	      4.02348011	      2.00978489	      2.05495488	      2.67481350	      1.06587301	      0.55518555	      1.49356720	      0.34225045	      0.07333298	      0.10071654	      1.57190162	      0.18306614	      0.37852834	      0.23250078	      0.92254527	     -0.00000000	      0.00000000	      0.00000000	      1.58986432	      1.58986432	      0.00000000	      0.00000000
      0.07000000	    156.51225251	     90.19752000	      0.40929429	      0.82662115	      0.54372012	      0.25526542	      0.16121351	      0.08597400	      1.70066906	     -0.00000001	      1.72525010	      0.00000000	     -0.00000066	      0.00000000	      0.00000000	      0.57358081	      0.73315710	      1.12929829	      0.00000000	      0.46989323	      0.00000000	      1.43734334	      2.12676150	      1.40416817	      0.00000000	     -0.00000000	      0.19520111	      0.02736234	      0.08025176	      4.02345616	      2.00978489	      2.05495488	      2.67481350	      1.06587301	      0.55518555	      1.49356720	      0.34225045	      0.07333298	      0.10071654	      1.57190162	      0.18306614	      0.37852834	      0.23250078	      0.92254527	      0.00000000	      0.40929429	      0.82662115	      0.54372012	      0.25526542	      0.16121351	      0.08597400	      1.70066906	     -0.00000001	      1.72525010	      0.00000000	     -0.00000066	      0.00000000	      0.00000000	      0.57358081	      0.73315710	      1.12929829	      0.00000000	      0.46989323	      0.00000000	      1.43734334	      2.12676150	      1.40416817	      0.00000000	     -0.00000000	      0.19520111	      0.02736234	      0.08025176	      4.02345616	      2.00978489	      2.05495488	      2.67481350	      1.06587301	      0.55518555	      1.49356720	      0.34225045	      0.07333298	      0.10071654	      1.57190162	      0.18306614	      0.37852834	      0.23250078	      0.92254527	      0.00000000	      0.00000000	      0.00000000	      1.58986432	      1.58986432	      0.00000000	      0.00000000
      0.08000000	    156.51220565	     90.19752000	      0.40929429	      0.82662115	      0.54372012	      0.25526542	      0.16121351	      0.08597400	      1.70066906	      0.00000000	      1.72525010	      0.00000000	      0.00000000	      0.00000000	      0.00000000	      0.57358081	      0.73315710	      1.12929829	      0.00000000	      0.46989323	      0.00000000	      1.43734334	      2.12676150	      1.40416817	      0.00000000	      0.00000000	      0.19520111	      0.02736234	      0.08025176	      4.02343206	      2.00978489	      2.05495488	      2.67481350	      1.06587301	      0.55518555	      1.49356720	      0.34225045	      0.07333298	      0.10071654	      1.57190162	      0.18306614	      0.37852834	      0.23250078	      0.92254527	     -0.00000000	      0.40929429	      0.82662115	      0.54372012	      0.25526542	      0.16121351	      0.08597400	      1.70066906	      0.00000000	      1.72525010	      0.00000000	      0.00000000	      0.00000000	      0.00000000	      0.57358081	      0.73315710	      1.12929829	      0.00000000	      0.46989323	      0.00000000	      1.43734334	      2.12676150	      1.40416817	      0.00000000	      0.00000000	      0.19520111	      0.02736234	      0.08025176	      4.02343206	      2.00978489	      2.05495488	      2.67481350	      1.06587301	      0.55518555	      1.49356720	      0.34225045	      0.07333298	      0.10071654	      1.57190162	      0.18306614	      0.37852834	      0.23250078	      0.92254527	     -0.00000000	      0.00000000	      0.00000000	      1.58986432	      1.58986432	      0.00000000	      0.00000000
      0.09000000	    156.51216660	     90.19752000	      0.40929429	      0.82662115	      0.54372012	      0.25526542	      0.16121351	      0.08597400	      1.70066906	      0.00000000	      1.72525010	      0.00000000	      0.00000000	      0.00000000	      0.00000001	      0.57358081	      0.73315710	      1.12929829	      0.00000000	      0.46989323	     -0.00000012	      1.43734334	      2.12676150	      1.40416817	      0.00000000	      0.00000000	      0.19520111	      0.02736234	      0.08025176	      4.02341261	      2.00978489	      2.05495488	      2.67481350	      1.06587301	      0.55518555	      1.49356720	      0.34225045	      0.07333298	      0.10071654	      1.57190162	      0.18306614	      0.37852834	      0.23250078	      0.92254527	      0.00000000	      0.40929429	      0.82662115	      0.54372012	      0.25526542	      0.16121351	      0.08597400	      1.70066906	      0.00000000	      1.72525010	      0.00000000	      0.00000000	      0.00000000	      0.00000001	      0.57358081	      0.73315710	      1.12929829	      0.00000000	      0.46989323	     -0.00000012	      1.43734334	      2.12676150	      1.40416817	      0.00000000	      0.00000000	      0.19520111	      0.02736234	      0.08025176	      4.02341261	      2.00978489	      2.05495488	      2.67481350	      1.06587301	      0.55518555	      1.49356720	      0.34225045	      0.07333298	      0.10071654	      1.57190162	      0.18306614	      0.37852834	      0.23250078	      0.92254527	      0.00000000	      0.00000004	      0.00000004	      1.58986432	      1.58986432	      0.00000000	      0.00000000
      0.10000000	    156.51214786	     90.19752000	      0.40929429	      0.82662115	      0.54372012	      0.25526542	      0.16121351	      0.08597400	      1.70066906	      0.00000000	      1.72525010	      0.00000000	     -0.00000066	      0.00000000	      0.00000000	      0.57358081	      0.73315710	      1.12929829	      0.00000000	      0.46989323	      0.00000000	      1.43734334	      2.12676150	      1.40416817	      0.00000000	      0.00000000	      0.19520111	      0.02736234	      0.08025176	      4.02340379	      2.00978489	      2.05495488	      2.67481350	      1.06587301	      0.55518555	      1.49356720	      0.34225045	      0.07333298	      0.10071654	      1.57190162	      0.18306614	      0.37852834	      0.23250078	      0.92254527	      0.00000000	      0.40929429	      0.82662115	      0.54372012	      0.25526542	      0.16121351	      0.08597400	      1.70066906	      0.00000000	      1.72525010	      0.00000000	     -0.00000066	      0.00000000	      0.00000000	      0.57358081	      0.73315710	      1.12929829	      0.00000000	      0.46989323	      0.00000000	      1.43734334	      2.12676150	      1.40416817	      0.00000000	      0.00000000	      0.19520111	      0.02736234	      0.08025176	      4.02340379	      2.00978489	      2.05495488	      2.67481350	      1.06587301	      0.55518555	      1.49356720	      0.34225045	      0.07333298	      0.10071654	      1.57190162	      0.18306614	      0.37852834	      0.23250078	      0.92254527	      0.00000000	      0.00000004	      0.00000004	      1.58986432	      1.58986432	      0.00000000	      0.00000000
      0.11000000	    156.51216610	     90.19752000	      0.40929429	      0.82662115	      0.54372012	      0.25526542	      0.16121351	      0.08597400	      1.70066906	     -0.00000001	      1.72525010	      0.00000007	      0.00000000	      0.00000000	      0.00000001	      0.57358081	      0.73315710	      1.12929829	      0.00000000	      0.46989323	     -0.00000012	      1.43734334	      2.12676150	      1.40416817	      0.00000000	      0.00000000	      0.19520111	      0.02736234	      0.08025176	      4.02341229	      2.00978489	      2.05495488	      2.67481350	      1.06587301	      0.55518555	      1.49356720	      0.34225045	      0.07333298	      0.10071654	      1.57190162	      0.18306614	      0.37852834	      0.23250078	      0.92254527	      0.00000000	      0.40929429	      0.82662115	      0.54372012	      0.25526542	      0.16121351	      0.08597400	      1.70066906	     -0.00000001	      1.72525010	      0.00000007	      0.00000000	      0.00000000	      0.00000001	      0.57358081	      0.73315710	      1.12929829	      0.00000000	      0.46989323	     -0.00000012	      1.43734334	      2.12676150	      1.40416817	      0.00000000	      0.00000000	      0.19520111	      0.02736234	      0.08025176	      4.02341229	      2.00978489	      2.05495488	      2.67481350	      1.06587301	      0.55518555	      1.49356720	      0.34225045	      0.07333298	      0.10071654	      1.57190162	      0.18306614	      0.37852834	      0.23250078	      0.92254527	      0.00000000	      0.00000004	      0.00000004	      1.58986432	      1.58986432	      0.00000000	      0.00000000
      0.12000000	    156.51222974	     90.19752000	      0.40929429	      0.82662115	      0.54372012	      0.25526542	      0.16121351	      0.08597400	      1.70066906	     -0.00000001	      1.72525010	      0.00000007	     -0.00000066	      0.00000000	      0.00000000	      0.57358081	      0.73315710	      1.12929829	      0.00000000	      0.46989323	      0.00000000	      1.43734334	      2.12676150	      1.40416817	      0.00000000	      0.00000000	      0.19520111	      0.02736234	      0.08025176	      4.02344470	      2.00978489	      2.05495488	      2.67481350	      1.06587301	      0.55518555	      1.49356720	      0.34225045	      0.07333298	      0.10071654	      1.57190162	      0.18306614	      0.37852834	      0.23250078	      0.92254527	     -0.00000000	      0.40929429	      0.82662115	      0.54372012	      0.25526542	      0.16121351	      0.08597400	      1.70066906	     -0.00000001	      1.72525010	      0.00000007	     -0.00000066	      0.00000000	      0.00000000	      0.57358081	      0.73315710	      1.12929829	      0.00000000	      0.46989323	      0.00000000	      1.43734334	      2.12676150	      1.40416817	      0.00000000	      0.00000000	      0.19520111	      0.02736234	      0.08025176	      4.02344470	      2.00978489	      2.05495488	      2.67481350	      1.06587301	      0.55518555	      1.49356720	      0.34225045	      0.07333298	      0.10071654	      1.57190162	      0.18306614	      0.37852834	      0.23250078	      0.92254527	     -0.00000000	      0.00000000	      0.00000000	      1.58986432	      1.58986432	      0.00000000	      0.00000000
      0.13000000	    156.51235288	     90.19752000	      0.40929429	      0.82662115	      0.54372012	      0.25526542	      0.16121351	      0.08597400	      1.70066906	      0.00000000	      1.72525010	      0.00000000	     -0.00000066	      0.00000000	      0.00000000	      0.57358081	      0.73315710	      1.12929829	      0.00000000	      0.46989323	      0.00000000	      1.43734334	      2.12676150	      1.40416817	      0.00000000	      0.00000000	      0.19520111	      0.02736234	      0.08025176	      4.02350630	      2.00978489	      2.05495488	      2.67481350	      1.06587301	      0.55518555	      1.49356720	      0.34225045	      0.07333298	      0.10071654	      1.57190162	      0.18306614	      0.37852834	      0.23250078	      0.92254527	      0.00000000	      0.40929429	      0.82662115	      0.54372012	      0.25526542	      0.16121351	      0.08597400	      1.70066906	      0.00000000	      1.72525010	      0.00000000	     -0.00000066	      0.00000000	      0.00000000	      0.57358081	      0.73315710	      1.12929829	      0.00000000	      0.46989323	      0.00000000	      1.43734334	      2.12676150	      1.40416817	      0.00000000	      0.00000000	      0.19520111	      0.02736234	      0.08025176	      4.02350630	      2.00978489	      2.05495488	      2.67481350	      1.06587301	      0.55518555	      1.49356720	      0.34225045	      0.07333298	      0.10071654	      1.57190162	      0.18306614	      0.37852834	      0.23250078	      0.92254527	      0.00000000	      0.00000004	      0.00000004	      1.58986432	      1.58986432	      0.00000000	      0.00000000
      0.14000000	    156.51253953	     90.19752000	      0.40929429	      0.82662115	      0.54372012	      0.25526542	      0.16121351	      0.08597400	      1.70066906	      0.00000000	      1.72525010	      0.00000000	     -0.00000066	      0.00000000	      0.00000001	      0.57358081	      0.73315710	      1.12929829	      0.00000000	      0.46989323	      0.00000000	      1.43734334	      2.12676150	      1.40416817	      0.00000000	     -0.00000000	      0.19520111	      0.02736234	      0.08025176	      4.02359962	      2.00978489	      2.05495488	      2.67481350	      1.06587301	      0.55518555	      1.49356720	      0.34225045	      0.07333298	      0.10071654	      1.57190162	      0.18306614	      0.37852834	      0.23250078	      0.92254527	      0.00000000	      0.40929429	      0.82662115	      0.54372012	      0.25526542	      0.16121351	      0.08597400	      1.70066906	      0.00000000	      1.72525010	      0.00000000	     -0.00000066	      0.00000000	      0.00000001	      0.57358081	      0.73315710	      1.12929829	      0.00000000	      0.46989323	      0.00000000	      1.43734334	      2.12676150	      1.40416817	      0.00000000	     -0.00000000	      0.19520111	      0.02736234	      0.08025176	      4.02359962	      2.00978489	      2.05495488	      2.67481350	      1.06587301	      0.55518555	      1.49356720	      0.34225045	      0.07333298	      0.10071654	      1.57190162	      0.18306614	      0.37852834	      0.23250078	      0.92254527	      0.00000000	      0.00000004	      0.00000004	      1.58986432	      1.58986432	      0.00000000	      0.00000000
      0.15000000	    156.51278715	     90.19752000	      0.40929429	      0.82662115	      0.54372012	      0.25526542	      0.16121351	      0.08597400	      1.70066906	      0.00000000	      1.72525010	      0.00000000	      0.00000000	      0.00000000	      0.00000001	      0.57358081	      0.73315710	      1.12929829	      0.00000000	      0.46989323	      0.00000000	      1.43734334	      2.12676150	      1.40416817	      0.00000000	      0.00000000	      0.19520111	      0.02736234	      0.08025176	      4.02372281	      2.00978489	      2.05495488	      2.67481350	      1.06587301	      0.55518555	      1.49356720	      0.34225045	      0.07333298	      0.10071654	      1.57190162	      0.18306614	      0.37852834	      0.23250078	      0.92254527	      0.00000000	      0.40929429	      0.82662115	      0.54372012	      0.25526542	      0.16121351	      0.08597400	      1.70066906	      0.00000000	      1.72525010	      0.00000000	      0.00000000	      0.00000000	      0.00000001	      0.57358081	      0.73315710	      1.12929829	      0.00000000	      0.46989323	      0.00000000	      1.43734334	      2.12676150	      1.40416817	      0.00000000	      0.00000000	      0.19520111	      0.02736234	      0.08025176	      4.02372281	      2.00978489	      2.05495488	      2.67481350	      1.06587301	      0.55518555	      1.49356720	      0.34225045	      0.07333298	      0.10071654	      1.57190162	      0.18306614	      0.37852834	      0.23250078	      0.92254527	      0.00000000	      0.00000000	      0.00000000	      1.58986432	      1.58986432	      0.00000000	      0.00000000
      0.16000000	    156.51307758	     90.19752000	      0.40929429	      0.82662115	      0.54372012	      0.25526542	      0.16121351	      0.08597400	      1.70066906	      0.00000000	      1.72525010	      0.00000000	      0.00000000	      0.00000000	      0.00000001	      0.57358081	      0.73315710	      1.12929829	      0.00000000	      0.46989323	      0.00000000	      1.43734334	      2.12676150	      1.40416817	      0.00000000	      0.00000000	      0.19520111	      0.02736234	      0.08025176	      4.02386802	      2.00978489	      2.05495488	      2.67481350	      1.06587301	      0.55518555	      1.49356720	      0.34225045	      0.07333298	      0.10071654	      1.57190162	      0.18306614	      0.37852834	      0.23250078	      0.92254527	      0.00000000	      0.40929429	      0.82662115	      0.54372012	      0.25526542	      0.16121351	      0.08597400	      1.70066906	      0.00000000	      1.72525010	      0.00000000	      0.00000000	      0.00000000	      0.00000001	      0.57358081	      0.73315710	      1.12929829	      0.00000000	      0.46989323	      0.00000000	      1.43734334	      2.12676150	      1.40416817	      0.00000000	      0.00000000	      0.19520111	      0.02736234	      0.08025176	      4.02386802	      2.00978489	      2.05495488	      2.67481350	      1.06587301	      0.55518555	      1.49356720	      0.34225045	      0.07333298	      0.10071654	      1.57190162	      0.18306614	      0.37852834	      0.23250078	      0.92254527	      0.00000000	      0.00000000	      0.00000000	      1.58986432	      1.58986432	      0.00000000	      0.00000000
      0.17000000	    156.51338167	     90.19752000	      0.40929429	      0.82662115	      0.54372012	      0.25526542	      0.16121351	      0.08597400	      1.70066906	      0.00000000	      1.72525010	      0.00000000	      0.00000000	      0.00000000	      0.00000001	      0.57358081	      0.73315710	      1.12929829	      0.00000000	      0.46989323	      0.00000000	      1.43734334	      2.12676150	      1.40416817	      0.00000000	      0.00000000	      0.19520111	      0.02736234	      0.08025176	      4.02402007	      2.00978489	      2.05495488	      2.67481350	      1.06587301	      0.55518555	      1.49356720	      0.34225045	      0.07333298	      0.10071654	      1.57190162	      0.18306614	      0.37852834	      0.23250078	      0.92254527	      0.00000000	      0.40929429	      0.82662115	      0.54372012	      0.25526542	      0.16121351	      0.08597400	      1.70066906	      0.00000000	      1.72525010	      0.00000000	      0.00000000	      0.00000000	      0.00000001	      0.57358081	      0.73315710	      1.12929829	      0.00000000	      0.46989323	      0.00000000	      1.43734334	      2.12676150	      1.40416817	      0.00000000	      0.00000000	      0.19520111	      0.02736234	      0.08025176	      4.02402007	      2.00978489	      2.05495488	      2.67481350	      1.06587301	      0.55518555	      1.49356720	      0.34225045	      0.07333298	      0.10071654	      1.57190162	      0.18306614	      0.37852834	      0.23250078	      0.92254527	      0.00000000	      0.00000000	      0.00000000	      1.58986432	      1.58986432	      0.00000000	      0.00000000
      0.18000000	    156.51365309	     90.19752000	      0.40929429	      0.82662115	      0.54372012	      0.25526542	      0.16121351	      0.08597400	      1.70066906	      0.00000000	      1.72525010	      0.00000000	      0.00000000	      0.00000000	      0.00000001	      0.57358081	      0.73315710	      1.12929829	      0.00000000	      0.46989323	      0.00000000	      1.43734334	      2.12676150	      1.40416817	      0.00000000	      0.00000000	      0.19520111	      0.02736234	      0.08025176	      4.02415578	      2.00978489	      2.05495488	      2.67481350	      1.06587301	      0.55518555	      1.49356720	      0.34225045	      0.07333298	      0.10071654	      1.57190162	      0.18306614	      0.37852834	      0.23250078	      0.92254527	     -0.00000000	      0.40929429	      0.82662115	      0.54372012	      0.25526542	      0.16121351	      0.08597400	      1.70066906	      0.00000000	      1.72525010	      0.00000000	      0.00000000	      0.00000000	      0.00000001	      0.57358081	      0.73315710	      1.12929829	      0.00000000	      0.46989323	      0.00000000	      1.43734334	      2.12676150	      1.40416817	      0.00000000	      0.00000000	      0.19520111	      0.02736234	      0.08025176	      4.02415578	      2.00978489	      2.05495488	      2.67481350	      1.06587301	      0.55518555	      1.49356720	      0.34225045	      0.07333298	      0.10071654	      1.57190162	      0.18306614	      0.37852834	      0.23250078	      0.92254527	     -0.00000000	      0.00000000	      0.00000000	      1.58986432	      1.58986432	      0.00000000	      0.00000000
      0.19000000	    156.51382880	     90.19752000	      0.40929429	      0.82662115	      0.54372012	      0.25526542	      0.16121351	      0.08597400	      1.70066906	     -0.00000001	      1.72525010	      0.00000000	     -0.00000066	      0.00000000	      0.00000000	      0.57358081	      0.73315710	      1.12929829	     -0.00000000	      0.46989323	     -0.00000012	      1.43734334	      2.12676150	      1.40416817	      0.00000000	      0.00000000	      0.19520111	      0.02736234	      0.08025176	      4.02424438	      2.00978489	      2.05495488	      2.67481350	      1.06587301	      0.55518555	      1.49356720	      0.34225045	      0.07333298	      0.10071654	      1.57190162	      0.18306614	      0.37852834	      0.23250078	      0.92254527	     -0.00000000	      0.40929429	      0.82662115	      0.54372012	      0.25526542	      0.16121351	      0.08597400	      1.70066906	     -0.00000001	      1.72525010	      0.00000000	     -0.00000066	      0.00000000	      0.00000000	      0.57358081	      0.73315710	      1.12929829	     -0.00000000	      0.46989323	     -0.00000012	      1.43734334	      2.12676150	      1.40416817	      0.00000000	      0.00000000	      0.19520111	      0.02736234	      0.08025176	      4.02424438	      2.00978489	      2.05495488	      2.67481350	      1.06587301	      0.55518555	      1.49356720	      0.34225045	      0.07333298	      0.10071654	      1.57190162	      0.18306614	      0.37852834	      0.23250078	      0.92254527	     -0.00000000	      0.00000004	      0.00000004	      1.58986432	      1.58986432	      0.00000000	      0.00000000
      0.20000000	    156.51383906	     90.19752000	      0.40929429	      0.82662115	      0.54372012	      0.25526542	      0.16121351	      0.08597400	      1.70066906	      0.00000000	      1.72525010	      0.00000000	     -0.00000066	      0.00000000	      0.00000001	      0.57358081	      0.73315710	      1.12929829	      0.00000000	      0.46989323	      0.00000000	      1.43734334	      2.12676150	      1.40416817	      0.00000000	      0.00000000	      0.19520111	      0.02736234	      0.08025176	      4.02424938	      2.00978489	      2.05495488	      2.67481350	      1.06587301	      0.55518555	      1.49356720	      0.34225045	      0.07333298	      0.10071654	      1.57190162	      0.18306614	      0.37852834	      0.23250078	      0.92254527	      0.00000000	      0.40929429	      0.82662115	      0.54372012	      0.25526542	      0.16121351	      0.08597400	      1.70066906	      0.00000000	      1.72525010	      0.00000000	     -0.00000066	      0.00000000	      0.00000001	      0.57358081	      0.73315710	      1.12929829	      0.00000000	      0.46989323	      0.00000000	      1.43734334	      2.12676150	      1.40416817	      0.00000000	      0.00000000	      0.19520111	      0.02736234	      0.08025176	      4.02424938	      2.00978489	      2.05495488	      2.67481350	      1.06587301	      0.55518555	      1.49356720	      0.34225045	      0.07333298	      0.10071654	      1.57190162	      0.18306614	      0.37852834	      0.23250078	      0.92254527	      0.00000000	      0.00000004	      0.00000004	      1.58986432	      1.58986432	      0.00000000	      0.00000000
      0.21000000	    156.51360478	     90.19752000	      0.40929429	      0.82662115	      0.54372012	      0.25526542	      0.16121351	      0.08597400	      1.70066906	      0.00000000	      1.72525010	      0.00000007	     -0.00000066	      0.00000000	      0.00000001	      0.57358081	      0.73315710	      1.12929829	      0.00000000	      0.46989323	      0.00000000	      1.43734334	      2.12676150	      1.40416817	      0.00000000	      0.00000000	      0.19520111	      0.02736234	      0.08025176	      4.02413221	      2.00978489	      2.05495488	      2.67481350	      1.06587301	      0.55518555	      1.49356720	      0.34225045	      0.07333298	      0.10071654	      1.57190162	      0.18306614	      0.37852834	      0.23250078	      0.92254527	      0.00000000	      0.40929429	      0.82662115	      0.54372012	      0.25526542	      0.16121351	      0.08597400	      1.70066906	      0.00000000	      1.72525010	      0.00000007	     -0.00000066	      0.00000000	      0.00000001	      0.57358081	      0.73315710	      1.12929829	      0.00000000	      0.46989323	      0.00000000	      1.43734334	      2.12676150	      1.40416817	      0.00000000	      0.00000000	      0.19520111	      0.02736234	      0.08025176	      4.02413221	      2.00978489	      2.05495488	      2.67481350	      1.06587301	      0.55518555	      1.49356720	      0.34225045	      0.07333298	      0.10071654	      1.57190162	      0.18306614	      0.37852834	      0.23250078	      0.92254527	      0.00000000	      0.00000000	      0.00000000	      1.58986432	      1.58986432	      0.00000000	      0.00000000
      0.22000000	    156.51305726	     90.19752000	      0.40929429	      0.82662115	      0.54372012	      0.25526542	      0.16121351	      0.08597400	      1.70066906	      0.00000000	      1.72525010	      0.00000000	      0.00000000	      0.00000000	      0.00000000	      0.57358081	      0.73315710	      1.12929829	      0.00000000	      0.46989323	      0.00000000	      1.43734334	      2.12676150	      1.40416817	      0.00000000	      0.00000000	      0.19520111	      0.02736234	      0.08025176	      4.02385787	      2.00978489	      2.05495488	      2.67481350	      1.06587301	      0.55518555	      1.49356720	      0.34225045	      0.07333298	      0.10071654	      1.57190162	      0.18306614	      0.37852834	      0.23250078	      0.92254527	      0.00000000	      0.40929429	      0.82662115	      0.54372012	      0.25526542	      0.16121351	      0.08597400	      1.70066906	      0.00000000	      1.72525010	      0.00000000	      0.00000000	      0.00000000	      0.00000000	      0.57358081	      0.73315710	      1.12929829	      0.00000000	      0.46989323	      0.00000000	      1.43734334	      2.12676150	      1.40416817	      0.00000000	      0.00000000	      0.19520111	      0.02736234	      0.08025176	      4.02385787	      2.00978489	      2.05495488	      2.67481350	      1.06587301	      0.55518555	      1.49356720	      0.34225045	      0.07333298	      0.10071654	      1.57190162	      0.18306614	      0.37852834	      0.23250078	      0.92254527	      0.00000000	      0.00000000	      0.00000000	      1.58986432	      1.58986432	      0.00000000	      0.00000000
      0.23000000	    156.51214536	     90.19752000	      0.40929429	      0.82662115	      0.54372012	      0.25526542	      0.16121351	      0.08597400	      1.70066906	     -0.00000001	      1.72525010	      0.00000000	     -0.00000066	      0.00000000	      0.00000001	      0.57358081	      0.73315710	      1.12929829	      0.00000000	      0.46989323	      0.00000000	      1.43734334	      2.12676150	      1.40416817	      0.00000000	      0.00000000	      0.19520111	      0.02736234	      0.08025176	      4.02340254	      2.00978489	      2.05495488	      2.67481350	      1.06587301	      0.55518555	      1.49356720	      0.34225045	      0.07333298	      0.10071654	      1.57190162	      0.18306614	      0.37852834	      0.23250078	      0.92254527	      0.00000000	      0.40929429	      0.82662115	      0.54372012	      0.25526542	      0.16121351	      0.08597400	      1.70066906	     -0.00000001	      1.72525010	      0.00000000	     -0.00000066	      0.00000000	      0.00000001	      0.57358081	      0.73315710	      1.12929829	      0.00000000	      0.46989323	      0.00000000	      1.43734334	      2.12676150	      1.40416817	      0.00000000	      0.00000000	      0.19520111	      0.02736234	      0.08025176	      4.02340254	      2.00978489	      2.05495488	      2.67481350	      1.06587301	      0.55518555	      1.49356720	      0.34225045	      0.07333298	      0.10071654	      1.57190162	      0.18306614	      0.37852834	      0.23250078	      0.92254527	      0.00000000	      0.00000004	      0.00000004	      1.58986432	      1.58986432	      0.00000000	      0.00000000
      0.24000000	    156.51086570	     90.19752000	      0.40929429	      0.82662115	      0.54372012	      0.25526542	      0.16121351	      0.08597400	      1.70066906	      0.00000000	      1.72525010	      0.00000000	     -0.00000066	      0.00000000	      0.00000000	      0.57358081	      0.73315710	      1.12929829	      0.00000000	      0.46989323	      0.00000000	      1.43734334	      2.12676150	      1.40416817	      0.00000000	     -0.00000000	      0.19520111	      0.02736234	      0.08025176	      4.02276271	      2.00978489	      2.05495488	      2.67481350	      1.06587301	      0.55518555	      1.49356720	      0.34225045	      0.07333298	      0.10071654	      1.57190162	      0.18306614	      0.37852834	      0.23250078	      0.92254527	      0.00000000	      0.40929429	      0.82662115	      0.54372012	      0.25526542	      0.16121351	      0.08597400	      1.70066906	      0.00000000	      1.72525010	      0.00000000	     -0.00000066	      0.00000000	      0.00000000	      0.57358081	      0.73315710	      1.12929829	      0.00000000	      0.46989323	      0.00000000	      1.43734334	      2.12676150	      1.40416817	      0.00000000	     -0.00000000	      0.19520111	      0.02736234	      0.08025176	      4.02276271	      2.00978489	      2.05495488	      2.67481350	      1.06587301	      0.55518555	      1.49356720	      0.34225045	      0.07333298	      0.10071654	      1.57190162	      0.18306614	      0.37852834	      0.23250078	      0.92254527	      0.00000000	      0.00000004	      0.00000004	      1.58986432	      1.58986432	      0.00000000	      0.00000000
      0.25000000	    156.50927028	     90.19752000	      0.40929429	      0.82662115	      0.54372012	      0.25526542	      0.16121351	      0.08597400	      1.70066906	      0.00000000	      1.72525010	      0.00000000	     -0.00000066	      0.00000000	      0.00000000	      0.57358081	      0.73315710	      1.12929829	      0.00000000	      0.46989323	     -0.00000012	      1.43734334	      2.12676150	      1.40416817	      0.00000000	      0.00000000	      0.19520111	      0.02736234	      0.08025176	      4.02196515	      2.00978489	      2.05495488	      2.67481350	      1.06587301	      0.55518555	      1.49356720	      0.34225045	      0.07333298	      0.10071654	      1.57190162	      0.18306614	      0.37852834	      0.23250078	      0.92254527	      0.00000000	      0.40929429	      0.82662115	      0.54372012	      0.25526542	      0.16121351	      0.08597400	      1.70066906	      0.00000000	      1.72525010	      0.00000000	     -0.00000066	      0.00000000	      0.00000000	      0.57358081	      0.73315710	      1.12929829	      0.00000000	      0.46989323	     -0.00000012	      1.43734334	      2.12676150	      1.40416817	      0.00000000	      0.00000000	      0.19520111	      0.02736234	      0.08025176	      4.02196515	      2.00978489	      2.05495488	      2.67481350	      1.06587301	      0.55518555	      1.49356720	      0.34225045	      0.07333298	      0.10071654	      1.57190162	      0.18306614	      0.37852834	      0.23250078	      0.92254527	      0.00000000	      0.00000000	      0.00000000	      1.58986432	      1.58986432	      0.00000000	      0.00000000
      0.26000000	    156.50749406	     90.19752000	      0.40929429	      0.82662115	      0.54372012	      0.25526542	      0.16121351	      0.08597400	      1.70066906	      0.00000000	      1.72525010	      0.00000000	      0.00000000	      0.00000000	      0.00000001	      0.57358081	      0.73315710	      1.12929829	      0.00000000	      0.46989323	      0.00000000	      1.43734334	      2.12676150	      1.40416817	      0.00000000	      0.00000000	      0.19520111	      0.02736234	      0.08025176	      4.02107627	      2.00978489	      2.05495488	      2.67481350	      1.06587301	      0.55518555	      1.49356720	      0.34225045	      0.07333298	      0.10071654	      1.57190162	      0.18306614	      0.37852834	      0.23250078	      0.92254527	      0.00000000	      0.40929429	      0.82662115	      0.54372012	      0.25526542	      0.16121351	      0.08597400	      1.70066906	      0.00000000	      1.72525010	      0.00000000	      0.00000000	      0.00000000	      0.00000001	      0.57358081	      0.73315710	      1.12929829	      0.00000000	      0.46989323	      0.00000000	      1.43734334	      2.12676150	      1.40416817	      0.00000000	      0.00000000	      0.19520111	      0.02736234	      0.08025176	      4.02107627	      2.00978489	      2.05495488	      2.67481350	      1.06587301	      0.55518555	      1.49356720	      0.34225045	      0.07333298	      0.10071654	      1.57190162	      0.18306614	      0.37852834	      0.23250078	      0.92254527	      0.00000000	      0.00000000	      0.00000000	      1.58986432	      1.58986432	      0.00000000	      0.00000000
      0.27000000	    156.50575781	     90.19752000	      0.40929429	      0.82662115	      0.54372012	      0.25526542	      0.16121351	      0.08597400	      1.70066906	     -0.00000001	      1.72525010	      0.00000000	     -0.00000066	      0.00000000	      0.00000001	      0.57358081	      0.73315710	      1.12929829	      0.00000000	      0.46989323	     -0.00000012	      1.43734334	      2.12676150	      1.40416817	      0.00000000	      0.00000000	      0.19520111	      0.02736234	      0.08025176	      4.02020892	      2.00978489	      2.05495488	      2.67481350	      1.06587301	      0.55518555	      1.49356720	      0.34225045	      0.07333298	      0.10071654	      1.57190162	      0.18306614	      0.37852834	      0.23250078	      0.92254527	      0.00000000	      0.40929429	      0.82662115	      0.54372012	      0.25526542	      0.16121351	      0.08597400	      1.70066906	     -0.00000001	      1.72525010	      0.00000000	     -0.00000066	      0.00000000	      0.00000001	      0.57358081	      0.73315710	      1.12929829	      0.00000000	      0.46989323	     -0.00000012	      1.43734334	      2.12676150	      1.40416817	      0.00000000	      0.00000000	      0.19520111	      0.02736234	      0.08025176	      4.02020892	      2.00978489	      2.05495488	      2.67481350	      1.06587301	      0.55518555	      1.49356720	      0.34225045	      0.07333298	      0.10071654	      1.57190162	      0.18306614	      0.37852834	      0.23250078	      0.92254527	      0.00000000	      0.00000000	      0.00000000	      1.58986432	      1.58986432	      0.00000000	      0.00000000
      0.28000000	    156.50438863	     90.19752000	      0.40929429	      0.82662115	      0.54372012	      0.25526542	      0.16121351	      0.08597400	      1.70066906	     -0.00000001	      1.72525010	      0.00000000	     -0.00000066	      0.00000000	      0.00000000	      0.57358081	      0.73315710	      1.12929829	      0.00000000	      0.46989323	     -0.00000012	      1.43734334	      2.12676150	      1.40416817	      0.00000000	      0.00000000	      0.19520111	      0.02736234	      0.08025176	      4.01952429	      2.00978489	      2.05495488	      2.67481350	      1.06587301	      0.55518555	      1.49356720	      0.34225045	      0.07333298	      0.10071654	      1.57190162	      0.18306614	      0.37852834	      0.23250078	      0.92254527	      0.00000000	      0.40929429	      0.82662115	      0.54372012	      0.25526542	      0.16121351	      0.08597400	      1.70066906	     -0.00000001	      1.72525010	      0.00000000	     -0.00000066	      0.00000000	      0.00000000	      0.57358081	      0.73315710	      1.12929829	      0.00000000	      0.46989323	     -0.00000012	      1.43734334	      2.12676150	      1.40416817	      0.00000000	      0.00000000	      0.19520111	      0.02736234	      0.08025176	      4.01952429	      2.00978489	      2.05495488	      2.67481350	      1.06587301	      0.55518555	      1.49356720	      0.34225045	      0.07333298	      0.10071654	      1.57190162	      0.18306614	      0.37852834	      0.23250078	      0.92254527	      0.00000000	      0.00000004	      0.00000004	      1.58986432	      1.58986432	      0.00000000	      0.00000000
      0.29000000	    156.50379317	     90.19752000	      0.40929429	      0.82662115	      0.54372012	      0.25526542	      0.16121351	      0.08597400	      1.70066906	      0.00000000	      1.72525010	      0.00000000	      0.00000000	      0.00000000	      0.00000001	      0.57358081	      0.73315710	      1.12929829	      0.00000000	      0.46989323	      0.00000000	      1.43734334	      2.12676150	      1.40416817	      0.00000000	      0.00000000	      0.19520111	      0.02736234	      0.08025176	      4.01922578	      2.00978489	      2.05495488	      2.67481350	      1.06587301	      0.55518555	      1.49356720	      0.34225045	      0.07333298	      0.10071654	      1.57190162	      0.18306614	      0.37852834	      0.23250078	      0.92254527	      0.00000000	      0.40929429	      0.82662115	      0.54372012	      0.25526542	      0.16121351	      0.08597400	      1.70066906	      0.00000000	      1.72525010	      0.00000000	      0.00000000	      0.00000000	      0.00000001	      0.57358081	      0.73315710	      1.12929829	      0.00000000	      0.46989323	      0.00000000	      1.43734334	      2.12676150	      1.40416817	      0.00000000	      0.00000000	      0.19520111	      0.02736234	      0.08025176	      4.01922578	      2.00978489	      2.05495488	      2.67481350	      1.06587301	      0.55518555	      1.49356720	      0.34225045	      0.07333298	      0.10071654	      1.57190162	      0.18306614	      0.37852834	      0.23250078	      0.92254527	      0.00000000	      0.00000004	      0.00000004	      1.58986432	      1.58986432	      0.00000000	      0.00000000
      0.30000000	    156.50442535	     90.19752000	      0.40929429	      0.82662115	      0.54372012	      0.25526542	      0.16121351	      0.08597400	      1.70066906	      0.00000000	      1.72525010	      0.00000000	      0.00000000	      0.00000000	      0.00000001	      0.57358081	      0.73315710	      1.12929829	      0.00000000	      0.46989323	     -0.00000012	      1.43734334	      2.12676150	      1.40416817	      0.00000000	      0.00000000	      0.19520111	      0.02736234	      0.08025176	      4.01954198	      2.00978489	      2.05495488	      2.67481350	      1.06587301	      0.55518555	      1.49356720	      0.34225045	      0.07333298	      0.10071654	      1.57190162	      0.18306614	      0.37852834	      0.23250078	      0.92254527	      0.00000000	      0.40929429	      0.82662115	      0.54372012	      0.25526542	      0.16121351	      0.08597400	      1.70066906	      0.00000000	      1.72525010	      0.00000000	      0.00000000	      0.00000000	      0.00000001	      0.57358081	      0.73315710	      1.12929829	      0.00000000	      0.46989323	     -0.00000012	      1.43734334	      2.12676150	      1.40416817	      0.00000000	      0.00000000	      0.19520111	      0.02736234	      0.08025176	      4.01954198	      2.00978489	      2.05495488	      2.67481350	      1.06587301	      0.55518555	      1.49356720	      0.34225045	      0.07333298	      0.10071654	      1.57190162	      0.18306614	      0.37852834	      0.23250078	      0.92254527	      0.00000000	      0.00000004	      0.00000004	      1.58986432	      1.58986432	      0.00000000	      0.00000000
      0.31000000	    156.50673550	     90.19752000	      0.40929429	      0.82662115	      0.54372012	      0.25526542	      0.16121351	      0.08597400	      1.70066906	      0.00000000	      1.72525010	      0.00000000	      0.00000000	      0.00000000	      0.00000000	      0.57358081	      0.73315710	      1.12929829	      0.00000000	      0.46989323	      0.00000000	      1.43734334	      2.12676150	      1.40416817	      0.00000000	      0.00000000	      0.19520111	      0.02736234	      0.08025176	      4.02069695	      2.00978489	      2.05495488	      2.67481350	      1.06587301	      0.55518555	      1.49356720	      0.34225045	      0.07333298	      0.10071654	      1.57190162	      0.18306614	      0.37852834	      0.23250078	      0.92254527	      0.00000000	      0.40929429	      0.82662115	      0.54372012	      0.25526542	      0.16121351	      0.08597400	      1.70066906	      0.00000000	      1.72525010	      0.00000000	      0.00000000	      0.00000000	      0.00000000	      0.57358081	      0.73315710	      1.12929829	      0.00000000	      0.46989323	      0.00000000	      1.43734334	      2.12676150	      1.40416817	      0.00000000	      0.00000000	      0.19520111	      0.02736234	      0.08025176	      4.02069695	      2.00978489	      2.05495488	      2.67481350	      1.06587301	      0.55518555	      1.49356720	      0.34225045	      0.07333298	      0.10071654	      1.57190162	      0.18306614	      0.37852834	      0.23250078	      0.92254527	      0.00000000	      0.00000004	      0.00000004	      1.58986432	      1.58986432	      0.00000000	      0.00000000
      0.32000000	    156.51107724	     90.19752000	      0.40929429	      0.82662115	      0.54372012	      0.25526542	      0.16121351	      0.08597400	      1.70066906	      0.00000000	      1.72525010	      0.00000000	      0.00000000	      0.00000000	      0.00000000	      0.57358081	      0.73315710	      1.12929829	      0.00000000	      0.46989323	      0.00000000	      1.43734334	      2.12676150	      1.40416817	      0.00000000	     -0.00000000	      0.19520111	      0.02736234	      0.08025176	      4.02286783	      2.00978489	      2.05495488	      2.67481350	      1.06587301	      0.55518555	      1.49356720	      0.34225045	      0.07333298	      0.10071654	      1.57190162	      0.18306614	      0.37852834	      0.23250078	      0.92254527	      0.00000000	      0.40929429	      0.82662115	      0.54372012	      0.25526542	      0.16121351	      0.08597400	      1.70066906	      0.00000000	      1.72525010	      0.00000000	      0.00000000	      0.00000000	      0.00000000	      0.57358081	      0.73315710	      1.12929829	      0.00000000	      0.46989323	      0.00000000	      1.43734334	      2.12676150	      1.40416817	      0.00000000	     -0.00000000	      0.19520111	      0.02736234	      0.08025176	      4.02286783	      2.00978489	      2.05495488	      2.67481350	      1.06587301	      0.55518555	      1.49356720	      0.34225045	      0.07333298	      0.10071654	      1.57190162	      0.18306614	      0.37852834	      0.23250078	      0.92254527	      0.00000000	      0.00000004	      0.00000004	      1.58986432	      1.58986432	      0.00000000	      0.00000000
      0.33000000	    156.51760775	     90.19752000	      0.40929429	      0.82662115	      0.54372012	      0.25526542	      0.16121351	      0.08597400	      1.70066906	      0.00000000	      1.72525010	      0.00000000	      0.00000000	      0.00000000	      0.00000001	      0.57358081	      0.73315710	      1.12929829	      0.00000000	      0.46989323	     -0.00000012	      1.43734334	      2.12676150	      1.40416817	      0.00000000	      0.00000000	      0.19520111	      0.02736234	      0.08025176	      4.02613318	      2.00978489	      2.05495488	      2.67481350	      1.06587301	      0.55518555	      1.49356720	      0.34225045	      0.07333298	      0.10071654	      1.57190162	      0.18306614	      0.37852834	      0.23250078	      0.92254527	      0.00000000	      0.40929429	      0.82662115	      0.54372012	      0.25526542	      0.16121351	      0.08597400	      1.70066906	      0.00000000	      1.72525010	      0.00000000	      0.00000000	      0.00000000	      0.00000001	      0.57358081	      0.73315710	      1.12929829	      0.00000000	      0.46989323	     -0.00000012	      1.43734334	      2.12676150	      1.40416817	      0.00000000	      0.00000000	      0.19520111	      0.02736234	      0.08025176	      4.02613318	      2.00978489	      2.05495488	      2.67481350	      1.06587301	      0.55518555	      1.49356720	      0.34225045	      0.07333298	      0.10071654	      1.57190162	      0.18306614	      0.37852834	      0.23250078	      0.92254527	      0.00000000	      0.00000004	      0.00000004	      1.58986432	      1.58986432	      0.00000000	      0.00000000
      0.34000000	    156.52617660	     90.19752000	      0.40929429	      0.82662115	      0.54372012	      0.25526542	      0.16121351	      0.08597400	      1.70066906	      0.00000000	      1.72525010	      0.00000000	     -0.00000066	      0.00000000	      0.00000000	      0.57358081	      0.73315710	      1.12929829	      0.00000000	      0.46989323	      0.00000000	      1.43734334	      2.12676150	      1.40416817	      0.00000000	      0.00000000	      0.19520111	      0.02736234	      0.08025176	      4.03041816	      2.00978489	      2.05495488	      2.67481350	      1.06587301	      0.55518555	      1.49356720	      0.34225045	      0.07333298	      0.10071654	      1.57190162	      0.18306614	      0.37852834	      0.23250078	      0.92254527	      0.00000000	      0.40929429	      0.82662115	      0.54372012	      0.25526542	      0.16121351	      0.08597400	      1.70066906	      0.00000000	      1.72525010	      0.00000000	     -0.00000066	      0.00000000	      0.00000000	      0.57358081	      0.73315710	      1.12929829	      0.00000000	      0.46989323	      0.00000000	      1.43734334	      2.12676150	      1.40416817	      0.00000000	      0.00000000	      0.19520111	      0.02736234	      0.08025176	      4.03041816	      2.00978489	      2.05495488	      2.67481350	      1.06587301	      0.55518555	      1.49356720	      0.34225045	      0.07333298	      0.10071654	      1.57190162	      0.18306614	      0.37852834	      0.23250078	      0.92254527	      0.00000000	      0.00000004	      0.00000004	      1.58986432	      1.58986432	      0.00000000	      0.00000000
      0.35000000	    156.53623374	     90.19752000	      0.40929429	      0.82662115	      0.54372012	      0.25526542	      0.16121351	      0.08597400	      1.70066906	      0.00000000	      1.72525010	      0.00000000	      0.00000000	      0.00000000	      0.00000001	      0.57358081	      0.73315710	      1.12929829	      0.00000000	      0.46989323	     -0.00000012	      1.43734334	      2.12676150	      1.40416817	      0.00000000	      0.00000000	      0.19520111	      0.02736234	      0.08025176	      4.03544622	      2.00978489	      2.05495488	      2.67481350	      1.06587301	      0.55518555	      1.49356720	      0.34225045	      0.07333298	      0.10071654	      1.57190162	      0.18306614	      0.37852834	      0.23250078	      0.92254527	      0.00000000	      0.40929429	      0.82662115	      0.54372012	      0.25526542	      0.16121351	      0.08597400	      1.70066906	      0.00000000	      1.72525010	      0.00000000	      0.00000000	      0.00000000	      0.00000001	      0.57358081	      0.73315710	      1.12929829	      0.00000000	      0.46989323	     -0.00000012	      1.43734334	      2.12676150	      1.40416817	      0.00000000	      0.00000000	      0.19520111	      0.02736234	      0.08025176	      4.03544622	      2.00978489	      2.05495488	      2.67481350	      1.06587301	      0.55518555	      1.49356720	      0.34225045	      0.07333298	      0.10071654	      1.57190162	      0.18306614	      0.37852834	      0.23250078	      0.92254527	      0.00000000	      0.00000000	      0.00000000	      1.58986432	      1.58986432	      0.00000000	      0.00000000
      0.36000000	    156.54675957	     90.19752000	      0.40929429	      0.82662115	      0.54372012	      0.25526542	      0.16121351	      0.08597400	      1.70066906	      0.00000000	      1.72525010	      0.00000000	      0.00000000	      0.00000000	      0.00000001	      0.57358081	      0.73315710	      1.12929829	      0.00000000	      0.46989323	      0.00000000	      1.43734334	      2.12676150	      1.40416817	      0.00000000	      0.00000000	      0.19520111	      0.02736234	      0.08025176	      4.04070902	      2.00978489	      2.05495488	      2.67481350	      1.06587301	      0.55518555	      1.49356720	      0.34225045	      0.07333298	      0.10071654	      1.57190162	      0.18306614	      0.37852834	      0.23250078	      0.92254527	      0.00000000	      0.40929429	      0.82662115	      0.54372012	      0.25526542	      0.16121351	      0.08597400	      1.70066906	      0.00000000	      1.72525010	      0.00000000	      0.00000000	      0.00000000	      0.00000001	      0.57358081	      0.73315710	      1.12929829	      0.00000000	      0.46989323	      0.00000000	      1.43734334	      2.12676150	      1.40416817	      0.00000000	      0.00000000	      0.19520111	      0.02736234	      0.08025176	      4.04070902	      2.00978489	      2.05495488	      2.67481350	      1.06587301	      0.55518555	      1.49356720	      0.34225045	      0.07333298	      0.10071654	      1.57190162	      0.18306614	      0.37852834	      0.23250078	      0.92254527	      0.00000000	      0.00000000	      0.00000000	      1.58986432	      1.58986432	      0.00000000	      0.00000000
      0.37000000	    156.55626660	     90.19752000	      0.40929429	      0.82662115	      0.54372012	      0.25526542	      0.16121351	      0.08597400	      1.70066906	      0.00000000	      1.72525010	      0.00000000	      0.00000000	      0.00000000	      0.00000001	      0.57358081	      0.73315710	      1.12929829	      0.00000000	      0.46989323	      0.00000000	      1.43734334	      2.12676150	      1.40416817	      0.00000000	      0.00000000	      0.19520111	      0.02736234	      0.08025176	      4.04546254	      2.00978489	      2.05495488	      2.67481350	      1.06587301	      0.55518555	      1.49356720	      0.34225045	      0.07333298	      0.10071654	      1.57190162	      0.18306614	      0.37852834	      0.23250078	      0.92254527	      0.00000000	      0.40929429	      0.82662115	      0.54372012	      0.25526542	      0.16121351	      0.08597400	      1.70066906	      0.00000000	      1.72525010	      0.00000000	      0.00000000	      0.00000000	      0.00000001	      0.57358081	      0.73315710	      1.12929829	      0.00000000	      0.46989323	      0.00000000	      1.43734334	      2.12676150	      1.40416817	      0.00000000	      0.00000000	      0.19520111	      0.02736234	      0.08025176	      4.04546254	      2.00978489	      2.05495488	      2.67481350	      1.06587301	      0.55518555	      1.49356720	      0.34225045	      0.07333298	      0.10071654	      1.57190162	      0.18306614	      0.37852834	      0.23250078	      0.92254527	      0.00000000	      0.00000000	      0.00000000	      1.58986432	      1.58986432	      0.00000000	      0.00000000
      0.38000000	    156.56284685	     90.19752000	      0.40929429	      0.82662115	      0.54372012	      0.25526542	      0.16121351	      0.08597400	      1.70066906	      0.00000000	      1.72525010	      0.00000000	     -0.00000066	      0.00000000	      0.00000000	      0.57358081	      0.73315710	      1.12929829	      0.00000000	      0.46989323	      0.00000000	      1.43734334	      2.12676150	      1.40416817	      0.00000000	      0.00000000	      0.19520111	      0.02736234	      0.08025176	      4.04875329	      2.00978489	      2.05495488	      2.67481350	      1.06587301	      0.55518555	      1.49356720	      0.34225045	      0.07333298	      0.10071654	      1.57190162	      0.18306614	      0.37852834	      0.23250078	      0.92254527	      0.00000000	      0.40929429	      0.82662115	      0.54372012	      0.25526542	      0.16121351	      0.08597400	      1.70066906	      0.00000000	      1.72525010	      0.00000000	     -0.00000066	      0.00000000	      0.00000000	      0.57358081	      0.73315710	      1.12929829	      0.00000000	      0.46989323	      0.00000000	      1.43734334	      2.12676150	      1.40416817	      0.00000000	      0.00000000	      0.19520111	      0.02736234	      0.08025176	      4.04875329	      2.00978489	      2.05495488	      2.67481350	      1.06587301	      0.55518555	      1.49356720	      0.34225045	      0.07333298	      0.10071654	      1.57190162	      0.18306614	      0.37852834	      0.23250078	      0.92254527	      0.00000000	      0.00000004	      0.00000004	      1.58986432	      1.58986432	      0.00000000	      0.00000000
      0.39000000	    156.56428759	     90.19752000	      0.40929429	      0.82662115	      0.54372012	      0.25526542	      0.16121351	      0.08597400	      1.70066906	      0.00000000	      1.72525010	      0.00000000	      0.00000000	      0.00000000	      0.00000000	      0.57358081	      0.73315710	      1.12929829	      0.00000000	      0.46989323	      0.00000000	      1.43734334	      2.12676150	      1.40416817	      0.00000000	      0.00000000	      0.19520111	      0.02736234	      0.08025176	      4.04947300	      2.00978489	      2.05495488	      2.67481350	      1.06587301	      0.55518555	      1.49356720	      0.34225045	      0.07333298	      0.10071654	      1.57190162	      0.18306614	      0.37852834	      0.23250078	      0.92254527	      0.00000000	      0.40929429	      0.82662115	      0.54372012	      0.25526542	      0.16121351	      0.08597400	      1.70066906	      0.00000000	      1.72525010	      0.00000000	      0.00000000	      0.00000000	      0.00000000	      0.57358081	      0.73315710	      1.12929829	      0.00000000	      0.46989323	      0.00000000	      1.43734334	      2.12676150	      1.40416817	      0.00000000	      0.00000000	      0.19520111	      0.02736234	      0.08025176	      4.04947300	      2.00978489	      2.05495488	      2.67481350	      1.06587301	      0.55518555	      1.49356720	      0.34225045	      0.07333298	      0.10071654	      1.57190162	      0.18306614	      0.37852834	      0.23250078	      0.92254527	      0.00000000	      0.00000004	      0.00000004	      1.58986432	      1.58986432	      0.00000000	      0.00000000
      0.40000000	    156.55822184	     90.19752000	      0.40929429	      0.82662115	      0.54372012	      0.25526542	      0.16121351	      0.08597400	      1.70066906	      0.00000000	      1.72525010	      0.00000007	      0.00000000	      0.00000000	      0.00000000	      0.57358081	      0.73315710	      1.12929829	     -0.00000000	      0.46989323	      0.00000000	      1.43734334	      2.12676150	      1.40416817	      0.00000000	      0.00000000	      0.19520111	      0.02736234	      0.08025176	      4.04644009	      2.00978489	      2.05495488	      2.67481350	      1.06587301	      0.55518555	      1.49356720	      0.34225045	      0.07333298	      0.10071654	      1.57190162	      0.18306614	      0.37852834	      0.23250078	      0.92254527	      0.00000000	      0.40929429	      0.82662115	      0.54372012	      0.25526542	      0.16121351	      0.08597400	      1.70066906	      0.00000000	      1.72525010	      0.00000007	      0.00000000	      0.00000000	      0.00000000	      0.57358081	      0.73315710	      1.12929829	     -0.00000000	      0.46989323	      0.00000000	      1.43734334	      2.12676150	      1.40416817	      0.00000000	      0.00000000	      0.19520111	      0.02736234	      0.08025176	      4.04644009	      2.00978489	      2.05495488	      2.67481350	      1.06587301	      0.55518555	      1.49356720	      0.34225045	      0.07333298	      0.10071654	      1.57190162	      0.18306614	      0.37852834	      0.23250078	      0.92254527	      0.00000000	      0.00000000	      0.00000000	      1.58986432	      1.58986432	      0.00000000	      0.00000000
      0.41000000	    156.54237616	     90.19752000	      0.40929429	      0.82662115	      0.54372012	      0.25526542	      0.16121351	      0.08597400	      1.70066906	      0.00000000	      1.72525010	      0.00000000	      0.00000000	     -0.00000000	      0.00000000	      0.57358081	      0.73315710	      1.12929829	      0.00000000	      0.46989323	      0.00000000	      1.43734334	      2.12676150	      1.40416817	      0.00000000	      0.00000000	      0.19520111	      0.02736234	      0.08025176	      4.03851728	      2.00978489	      2.05495488	      2.67481350	      1.06587301	      0.55518555	      1.49356720	      0.34225045	      0.07333298	      0.10071654	      1.57190162	      0.18306614	      0.37852834	      0.23250078	      0.92254527	      0.00000000	      0.40929429	      0.82662115	      0.54372012	      0.25526542	      0.16121351	      0.08597400	      1.70066906	      0.00000000	      1.72525010	      0.00000000	      0.00000000	     -0.00000000	      0.00000000	      0.57358081	      0.73315710	      1.12929829	      0.00000000	      0.46989323	      0.00000000	      1.43734334	      2.12676150	      1.40416817	      0.00000000	      0.00000000	      0.19520111	      0.02736234	      0.08025176	      4.03851728	      2.00978489	      2.05495488	      2.67481350	      1.06587301	      0.55518555	      1.49356720	      0.34225045	      0.07333298	      0.10071654	      1.57190162	      0.18306614	      0.37852834	      0.23250078	      0.92254527	      0.00000000	      0.00000004	      0.00000004	      1.58986432	      1.58986432	      0.00000000	      0.00000000
      0.42000000	    156.51493766	     90.19752000	      0.40929429	      0.82662115	      0.54372012	      0.25526542	      0.16121351	      0.08597400	      1.70066906	      0.00000000	      1.72525010	      0.00000000	     -0.00000066	      0.00000000	      0.00000000	      0.57358081	      0.73315710	      1.12929829	      0.00000000	      0.46989323	      0.00000000	      1.43734334	      2.12676150	      1.40416817	      0.00000000	      0.00000000	      0.19520111	      0.02736234	      0.08025176	      4.02479873	      2.00978489	      2.05495488	      2.67481350	      1.06587301	      0.55518555	      1.49356720	      0.34225045	      0.07333298	      0.10071654	      1.57190162	      0.18306614	      0.37852834	      0.23250078	      0.92254527	     -0.00000000	      0.40929429	      0.82662115	      0.54372012	      0.25526542	      0.16121351	      0.08597400	      1.70066906	      0.00000000	      1.72525010	      0.00000000	     -0.00000066	      0.00000000	      0.00000000	      0.57358081	      0.73315710	      1.12929829	      0.00000000	      0.46989323	      0.00000000	      1.43734334	      2.12676150	      1.40416817	      0.00000000	      0.00000000	      0.19520111	      0.02736234	      0.08025176	      4.02479873	      2.00978489	      2.05495488	      2.67481350	      1.06587301	      0.55518555	      1.49356720	      0.34225045	      0.07333298	      0.10071654	      1.57190162	      0.18306614	      0.37852834	      0.23250078	      0.92254527	     -0.00000000	      0.00000000	      0.00000000	      1.58986432	      1.58986432	      0.00000000	      0.00000000
      0.43000000	    156.47519114	     90.19752000	      0.40929429	      0.82662115	      0.54372012	      0.25526542	      0.16121351	      0.08597400	      1.70066906	      0.00000000	      1.72525010	      0.00000000	      0.00000000	      0.00000000	      0.00000001	      0.57358081	      0.73315710	      1.12929829	      0.00000000	      0.46989323	      0.00000000	      1.43734334	      2.12676150	      1.40416817	      0.00000000	      0.00000000	      0.19520111	      0.02736234	      0.08025176	      4.00492481	      2.00978489	      2.05495488	      2.67481350	      1.06587301	      0.55518555	      1.49356720	      0.34225045	      0.07333298	      0.10071654	      1.57190162	      0.18306614	      0.37852834	      0.23250078	      0.92254527	      0.00000000	      0.40929429	      0.82662115	      0.54372012	      0.25526542	      0.16121351	      0.08597400	      1.70066906	      0.00000000	      1.72525010	      0.00000000	      0.00000000	      0.00000000	      0.00000001	      0.57358081	      0.73315710	      1.12929829	      0.00000000	      0.46989323	      0.00000000	      1.43734334	      2.12676150	      1.40416817	      0.00000000	      0.00000000	      0.19520111	      0.02736234	      0.08025176	      4.00492481	      2.00978489	      2.05495488	      2.67481350	      1.06587301	      0.55518555	      1.49356720	      0.34225045	      0.07333298	      0.10071654	      1.57190162	      0.18306614	      0.37852834	      0.23250078	      0.92254527	      0.00000000	      0.00000000	      0.00000000	      1.58986432	      1.58986432	      0.00000000	      0.00000000
      0.44000000	    156.42465346	     90.19752000	      0.40929429	      0.82662115	      0.54372012	      0.25526542	      0.16121351	      0.08597400	      1.70066906	     -0.00000001	      1.72525010	      0.00000000	      0.00000000	      0.00000000	      0.00000000	      0.57358081	      0.73315710	      1.12929829	      0.00000000	      0.46989323	      0.00000000	      1.43734334	      2.12676150	      1.40416817	      0.00000000	      0.00000000	      0.19520111	      0.02736234	      0.08025176	      3.97965598	      2.00978489	      2.05495488	      2.67481350	      1.06587301	      0.55518555	      1.49356720	      0.34225045	      0.07333298	      0.10071654	      1.57190162	      0.18306614	      0.37852834	      0.23250078	      0.92254527	      0.00000000	      0.40929429	      0.82662115	      0.54372012	      0.25526542	      0.16121351	      0.08597400	      1.70066906	     -0.00000001	      1.72525010	      0.00000000	      0.00000000	      0.00000000	      0.00000000	      0.57358081	      0.73315710	      1.12929829	      0.00000000	      0.46989323	      0.00000000	      1.43734334	      2.12676150	      1.40416817	      0.00000000	      0.00000000	      0.19520111	      0.02736234	      0.08025176	      3.97965598	      2.00978489	      2.05495488	      2.67481350	      1.06587301	      0.55518555	      1.49356720	      0.34225045	      0.07333298	      0.10071654	      1.57190162	      0.18306614	      0.37852834	      0.23250078	      0.92254527	      0.00000000	      0.00000000	      0.00000000	      1.58986432	      1.58986432	      0.00000000	      0.00000000
      0.45000000	    156.36851152	     90.19752000	      0.40929429	      0.82662115	      0.54372012	      0.25526542	      0.16121351	      0.08597400	      1.70066906	      0.00000000	      1.72525010	      0.00000000	      0.00000000	      0.00000000	      0.00000000	      0.57358081	      0.73315710	      1.12929829	      0.00000000	      0.46989323	      0.00000000	      1.43734334	      2.12676150	      1.40416817	      0.00000000	      0.00000000	      0.19520111	      0.02736234	      0.08025176	      3.95158496	      2.00978489	      2.05495488	      2.67481350	      1.06587301	      0.55518555	      1.49356720	      0.34225045	      0.07333298	      0.10071654	      1.57190162	      0.18306614	      0.37852834	      0.23250078	      0.92254527	      0.00000000	      0.40929429	      0.82662115	      0.54372012	      0.25526542	      0.16121351	      0.08597400	      1.70066906	      0.00000000	      1.72525010	      0.00000000	      0.00000000	      0.00000000	      0.00000000	      0.57358081	      0.73315710	      1.12929829	      0.00000000	      0.46989323	      0.00000000	      1.43734334	      2.12676150	      1.40416817	      0.00000000	      0.00000000	      0.19520111	      0.02736234	      0.08025176	      3.95158496	      2.00978489	      2.05495488	      2.67481350	      1.06587301	      0.55518555	      1.49356720	      0.34225045	      0.07333298	      0.10071654	      1.57190162	      0.18306614	      0.37852834	      0.23250078	      0.92254527	      0.00000000	      0.00000004	      0.00000004	      1.58986432	      1.58986432	      0.00000000	      0.00000000
      0.46000000	    156.31727491	     90.19752000	      0.40929429	      0.82662115	      0.54372012	      0.25526542	      0.16121351	      0.08597400	      1.70066906	      0.00000000	      1.72525010	      0.00000000	     -0.00000066	      0.00000000	      0.00000000	      0.57358081	      0.73315710	      1.12929829	     -0.00000000	      0.46989323	     -0.00000012	      1.43734334	      2.12676150	      1.40416817	      0.00000000	      0.00000000	      0.19520111	      0.02736234	      0.08025176	      3.92596743	      2.00978489	      2.05495488	      2.67481350	      1.06587301	      0.55518555	      1.49356720	      0.34225045	      0.07333298	      0.10071654	      1.57190162	      0.18306614	      0.37852834	      0.23250078	      0.92254527	     -0.00000000	      0.40929429	      0.82662115	      0.54372012	      0.25526542	      0.16121351	      0.08597400	      1.70066906	      0.00000000	      1.72525010	      0.00000000	     -0.00000066	      0.00000000	      0.00000000	      0.57358081	      0.73315710	      1.12929829	     -0.00000000	      0.46989323	     -0.00000012	      1.43734334	      2.12676150	      1.40416817	      0.00000000	      0.00000000	      0.19520111	      0.02736234	      0.08025176	      3.92596743	      2.00978489	      2.05495488	      2.67481350	      1.06587301	      0.55518555	      1.49356720	      0.34225045	      0.07333298	      0.10071654	      1.57190162	      0.18306614	      0.37852834	      0.23250078	      0.92254527	     -0.00000000	      0.00000004	      0.00000004	      1.58986432	      1.58986432	      0.00000000	      0.00000000
      0.47000000	    156.28782139	     90.19752000	      0.40929429	      0.82662115	      0.54372012	      0.25526542	      0.16121351	      0.08597400	      1.70066906	      0.00000000	      1.72525010	      0.00000000	     -0.00000066	      0.00000000	      0.00000001	      0.57358081	      0.73315710	      1.12929829	      0.00000000	      0.46989323	     -0.00000012	      1.43734334	      2.12676150	      1.40416817	      0.00000000	      0.00000000	      0.19520111	      0.02736234	      0.08025176	      3.91124070	      2.00978489	      2.05495488	      2.67481350	      1.06587301	      0.55518555	      1.49356720	      0.34225045	      0.07333298	      0.10071654	      1.57190162	      0.18306614	      0.37852834	      0.23250078	      0.92254527	      0.00000000	      0.40929429	      0.82662115	      0.54372012	      0.25526542	      0.16121351	      0.08597400	      1.70066906	      0.00000000	      1.72525010	      0.00000000	     -0.00000066	      0.00000000	      0.00000001	      0.57358081	      0.73315710	      1.12929829	      0.00000000	      0.46989323	     -0.00000012	      1.43734334	      2.12676150	      1.40416817	      0.00000000	      0.00000000	      0.19520111	      0.02736234	      0.08025176	      3.91124070	      2.00978489	      2.05495488	      2.67481350	      1.06587301	      0.55518555	      1.49356720	      0.34225045	      0.07333298	      0.10071654	      1.57190162	      0.18306614	      0.37852834	      0.23250078	      0.92254527	      0.00000000	      0.00000000	      0.00000000	      1.58986432	      1.58986432	      0.00000000	      0.00000000
      0.48000000	    156.30223943	     90.19752000	      0.40929429	      0.82662115	      0.54372012	      0.25526542	      0.16121351	      0.08597400	      1.70066906	      0.00000000	      1.72525010	      0.00000000	      0.00000000	      0.00000000	      0.00000000	      0.57358081	      0.73315710	      1.12929829	      0.00000000	      0.46989323	      0.00000000	      1.43734334	      2.12676150	      1.40416817	      0.00000000	      0.00000000	      0.19520111	      0.02736234	      0.08025176	      3.91844896	      2.00978489	      2.05495488	      2.67481350	      1.06587301	      0.55518555	      1.49356720	      0.34225045	      0.07333298	      0.10071654	      1.57190162	      0.18306614	      0.37852834	      0.23250078	      0.92254527	      0.00000000	      0.40929429	      0.82662115	      0.54372012	      0.25526542	      0.16121351	      0.08597400	      1.70066906	      0.00000000	      1.72525010	      0.00000000	      0.00000000	      0.00000000	      0.00000000	      0.57358081	      0.73315710	      1.12929829	      0.00000000	      0.46989323	      0.00000000	      1.43734334	      2.12676150	      1.40416817	      0.00000000	      0.00000000	      0.19520111	      0.02736234	      0.08025176	      3.91844896	      2.00978489	      2.05495488	      2.67481350	      1.06587301	      0.55518555	      1.49356720	      0.34225045	      0.07333298	      0.10071654	      1.57190162	      0.18306614	      0.37852834	      0.23250078	      0.92254527	      0.00000000	      0.00000000	      0.00000000	      1.58986432	      1.58986432	      0.00000000	      0.00000000
      0.49000000	    156.38251009	     90.19752000	      0.40929429	      0.82662115	      0.54372012	      0.25526542	      0.16121351	      0.08597400	      1.70066906	      0.00000000	      1.72525010	      0.00000000	     -0.00000066	      0.00000000	      0.00000001	      0.57358081	      0.73315710	      1.12929829	      0.00000000	      0.46989323	      0.00000000	      1.43734334	      2.12676150	      1.40416817	      0.00000000	      0.00000000	      0.19520111	      0.02736234	      0.08025176	      3.95858490	      2.00978489	      2.05495488	      2.67481350	      1.06587301	      0.55518555	      1.49356720	      0.34225045	      0.07333298	      0.10071654	      1.57190162	      0.18306614	      0.37852834	      0.23250078	      0.92254527	      0.00000000	      0.40929429	      0.82662115	      0.54372012	      0.25526542	      0.16121351	      0.08597400	      1.70066906	      0.00000000	      1.72525010	      0.00000000	     -0.00000066	      0.00000000	      0.00000001	      0.57358081	      0.73315710	      1.12929829	      0.00000000	      0.46989323	      0.00000000	      1.43734334	      2.12676150	      1.40416817	      0.00000000	      0.00000000	      0.19520111	      0.02736234	      0.08025176	      3.95858490	      2.00978489	      2.05495488	      2.67481350	      1.06587301	      0.55518555	      1.49356720	      0.34225045	      0.07333298	      0.10071654	      1.57190162	      0.18306614	      0.37852834	      0.23250078	      0.92254527	      0.00000000	      0.00000004	      0.00000004	      1.58986432	      1.58986432	      0.00000000	      0.00000000
      0.50000000	    156.53932768	     90.19752000	      0.40929429	      0.82662115	      0.54372012	      0.25526542	      0.16121351	      0.08597400	      1.70066906	     -0.00000001	      1.72525010	      0.00000000	      0.00000000	      0.00000000	      0.00000001	      0.57358081	      0.73315710	      1.12929829	      0.00000000	      0.46989323	      0.00000000	      1.43734334	      2.12676150	      1.40416817	      0.00000000	     -0.00000000	      0.19520111	      0.02736234	      0.08025176	      4.03699308	      2.00978489	      2.05495488	      2.67481350	      1.06587301	      0.55518555	      1.49356720	      0.34225045	      0.07333298	      0.10071654	      1.57190162	      0.18306614	      0.37852834	      0.23250078	      0.92254527	      0.00000000	      0.40929429	      0.82662115	      0.54372012	      0.25526542	      0.16121351	      0.08597400	      1.70066906	     -0.00000001	      1.72525010	      0.00000000	      0.00000000	      0.00000000	      0.00000001	      0.57358081	      0.73315710	      1.12929829	      0.00000000	      0.46989323	      0.00000000	      1.43734334	      2.12676150	      1.40416817	      0.00000000	     -0.00000000	      0.19520111	      0.02736234	      0.08025176	      4.03699308	      2.00978489	      2.05495488	      2.67481350	      1.06587301	      0.55518555	      1.49356720	      0.34225045	      0.07333298	      0.10071654	      1.57190162	      0.18306614	      0.37852834	      0.23250078	      0.92254527	      0.00000000	      0.00000000	      0.00000000	      1.58986432	      1.58986432	      0.00000000	      0.00000000
      0.51000000	    156.75401560	     90.19752000	      0.40929429	      0.82662115	      0.54372012	      0.25526542	      0.16121351	      0.08597400	      1.70066906	     -0.00000001	      1.72525010	      0.00000000	     -0.00000066	      0.00000000	      0.00000000	      0.57358081	      0.73315710	      1.12929829	      0.00000000	      0.46989323	     -0.00000012	      1.43734334	      2.12676150	      1.40416817	      0.00000000	      0.00000000	      0.19520111	      0.02736234	      0.08025176	      4.14433778	      2.00978489	      2.05495488	      2.67481350	      1.06587301	      0.55518555	      1.49356720	      0.34225045	      0.07333298	      0.10071654	      1.57190162	      0.18306614	      0.37852834	      0.23250078	      0.92254527	      0.00000000	      0.40929429	      0.82662115	      0.54372012	      0.25526542	      0.16121351	      0.08597400	      1.70066906	     -0.00000001	      1.72525010	      0.00000000	     -0.00000066	      0.00000000	      0.00000000	      0.57358081	      0.73315710	      1.12929829	      0.00000000	      0.46989323	     -0.00000012	      1.43734334	      2.12676150	      1.40416817	      0.00000000	      0.00000000	      0.19520111	      0.02736234	      0.08025176	      4.14433778	      2.00978489	      2.05495488	      2.67481350	      1.06587301	      0.55518555	      1.49356720	      0.34225045	      0.07333298	      0.10071654	      1.57190162	      0.18306614	      0.37852834	      0.23250078	      0.92254527	      0.00000000	      0.00000004	      0.00000004	      1.58986432	      1.58986432	      0.00000000	      0.00000000
      0.52000000	    158.24348907	     90.19752000	      0.40929429	      0.82662115	      0.54372012	      0.25526542	      0.16121351	      0.08597400	      1.70066906	     -0.00000001	      1.72525010	      0.00000000	      0.00000000	      0.00000000	      0.00000000	      0.57358081	      0.73315710	      1.12929829	      0.00000000	      0.46989323	     -0.00000012	      1.43734334	      2.12676150	      1.40416817	      0.00000000	      0.64140457	      0.19520111	      0.02736234	      0.08025176	      4.24766929	      2.00978489	      2.05495488	      2.67481350	      1.06587301	      0.55518555	      1.49356720	      0.34225045	      0.07333298	      0.10071654	      1.57190162	      0.18306614	      0.37852834	      0.23250078	      0.92254527	      0.00000000	      0.40929429	      0.82662115	      0.54372012	      0.25526542	      0.16121351	      0.08597400	      1.70066906	     -0.00000001	      1.72525010	      0.00000000	      0.00000000	      0.00000000	      0.00000000	      0.57358081	      0.73315710	      1.12929829	      0.00000000	      0.46989323	     -0.00000012	      1.43734334	      2.12676150	      1.40416817	      0.00000000	      0.64140457	      0.19520111	      0.02736234	      0.08025176	      4.24766929	      2.00978489	      2.05495488	      2.67481350	      1.06587301	      0.55518555	      1.49356720	      0.34225045	      0.07333298	      0.10071654	      1.57190162	      0.18306614	      0.37852834	      0.23250078	      0.92254527	      0.00000000	      0.00000004	      0.00000004	      1.58986432	      1.58986432	      0.00000000	      0.00000000
      0.53000000	    160.52181773	     90.19752000	      0.40929429	      0.82662115	      0.54372012	      0.25526542	      0.16121351	      0.08597400	      1.70066906	      0.00000000	      1.72525010	      0.00000000	      0.00000000	     -0.00000000	      0.00000001	      0.57358081	      0.73315710	      1.12929829	      0.00000000	      0.46989323	     -0.00000012	      1.43734334	      2.12676150	      1.40416817	      0.00000000	      1.74498100	      0.19520111	      0.02736234	      0.08025176	      4.28325722	      2.00978489	      2.05495488	      2.67481350	      1.06587301	      0.55518555	      1.49356720	      0.34225045	      0.07333298	      0.10071654	      1.57190162	      0.18306614	      0.37852834	      0.23250078	      0.92254527	      0.00000000	      0.40929429	      0.82662115	      0.54372012	      0.25526542	      0.16121351	      0.08597400	      1.70066906	      0.00000000	      1.72525010	      0.00000000	      0.00000000	     -0.00000000	      0.00000001	      0.57358081	      0.73315710	      1.12929829	      0.00000000	      0.46989323	     -0.00000012	      1.43734334	      2.12676150	      1.40416817	      0.00000000	      1.74498100	      0.19520111	      0.02736234	      0.08025176	      4.28325722	      2.00978489	      2.05495488	      2.67481350	      1.06587301	      0.55518555	      1.49356720	      0.34225045	      0.07333298	      0.10071654	      1.57190162	      0.18306614	      0.37852834	      0.23250078	      0.92254527	      0.00000000	      0.00000000	      0.00000000	      1.58986432	      1.58986432	      0.00000000	      0.00000000
      0.54000000	    161.80290257	     90.19752000	      0.40929429	      0.82662115	      0.54372012	      0.25526542	      0.16121351	      0.08597400	      1.70066906	     -0.00000001	      1.72525010	      0.00000000	     -0.00000066	      0.00000000	      0.00000001	      0.57358081	      0.73315710	      1.12929829	      0.00000000	      0.46989323	      0.00000000	      1.43734334	      2.12676150	      1.40416817	      0.00000000	      2.51636420	      0.19520111	      0.02736234	      0.08025176	      4.15241697	      2.00978489	      2.05495488	      2.67481350	      1.06587301	      0.55518555	      1.49356720	      0.34225045	      0.07333298	      0.10071654	      1.57190162	      0.18306614	      0.37852834	      0.23250078	      0.92254527	     -0.00000000	      0.40929429	      0.82662115	      0.54372012	      0.25526542	      0.16121351	      0.08597400	      1.70066906	     -0.00000001	      1.72525010	      0.00000000	     -0.00000066	      0.00000000	      0.00000001	      0.57358081	      0.73315710	      1.12929829	      0.00000000	      0.46989323	      0.00000000	      1.43734334	      2.12676150	      1.40416817	      0.00000000	      2.51636420	      0.19520111	      0.02736234	      0.08025176	      4.15241697	      2.00978489	      2.05495488	      2.67481350	      1.06587301	      0.55518555	      1.49356720	      0.34225045	      0.07333298	      0.10071654	      1.57190162	      0.18306614	      0.37852834	      0.23250078	      0.92254527	     -0.00000000	      0.00000000	      0.00000000	      1.58986432	      1.58986432	      0.00000000	      0.00000000
      0.55000000	    162.51920950	     90.19752000	      0.40929429	      0.82662115	      0.54372012	      0.25526542	      0.16121351	      0.08597400	      1.70066906	      0.00000000	      1.72525010	      0.00000000	     -0.00000066	      0.00000000	      0.00000001	      0.57358081	      0.73315710	      1.12929829	      0.00000000	      0.46989323	      0.00000000	      1.43734334	      2.12676150	      1.40416817	      0.00000000	      3.30874862	      0.19520111	      0.02736234	      0.08025176	      3.71818602	      2.00978489	      2.05495488	      2.67481350	      1.06587301	      0.55518555	      1.49356720	      0.34225045	      0.07333298	      0.10071654	      1.57190162	      0.18306614	      0.37852834	      0.23250078	      0.92254527	      0.00000000	      0.40929429	      0.82662115	      0.54372012	      0.25526542	      0.16121351	      0.08597400	      1.70066906	      0.00000000	      1.72525010	      0.00000000	     -0.00000066	      0.00000000	      0.00000001	      0.57358081	      0.73315710	      1.12929829	      0.00000000	      0.46989323	      0.00000000	      1.43734334	      2.12676150	      1.40416817	      0.00000000	      3.30874862	      0.19520111	      0.02736234	      0.08025176	      3.71818602	      2.00978489	      2.05495488	      2.67481350	      1.06587301	      0.55518555	      1.49356720	      0.34225045	      0.07333298	      0.10071654	      1.57190162	      0.18306614	      0.37852834	      0.23250078	      0.92254527	      0.00000000	      0.00000000	      0.00000000	      1.58986432	      1.58986432	      0.00000000	      0.00000000
      0.56000000	    161.31632575	     90.19752000	      0.40929429	      0.82662115	      0.54372012	      0.25526542	      0.16121351	      0.08597400	      1.70066906	      0.00000000	      1.72525010	      0.00000000	     -0.00000066	      0.00000000	      0.00000001	      0.57358081	      0.73315710	      1.12929829	      0.00000000	      0.46989323	      0.00000000	      1.43734334	      2.12676150	      1.40416817	      0.00000000	      3.62898743	      0.19520111	      0.02736234	      0.08025176	      2.79650529	      2.00978489	      2.05495488	      2.67481350	      1.06587301	      0.55518555	      1.49356720	      0.34225045	      0.07333298	      0.10071654	      1.57190162	      0.18306614	      0.37852834	      0.23250078	      0.92254527	      0.00000000	      0.40929429	      0.82662115	      0.54372012	      0.25526542	      0.16121351	      0.08597400	      1.70066906	      0.00000000	      1.72525010	      0.00000000	     -0.00000066	      0.00000000	      0.00000001	      0.57358081	      0.73315710	      1.12929829	      0.00000000	      0.46989323	      0.00000000	      1.43734334	      2.12676150	      1.40416817	      0.00000000	      3.62898743	      0.19520111	      0.02736234	      0.08025176	      2.79650529	      2.00978489	      2.05495488	      2.67481350	      1.06587301	      0.55518555	      1.49356720	      0.34225045	      0.07333298	      0.10071654	      1.57190162	      0.18306614	      0.37852834	      0.23250078	      0.92254527	      0.00000000	      0.00000004	      0.00000004	      1.58986432	      1.58986432	      0.00000000	      0.00000000
      0.57000000	    157.71874850	     90.19752000	      0.40929429	      0.82662115	      0.54372012	      0.25526542	      0.16121351	      0.08597400	      1.70066906	      0.00000000	      1.72525010	      0.00000000	      0.00000000	      0.00000000	      0.00000000	      0.57358081	      0.73315710	      1.12929829	      0.00000000	      0.46989323	      0.00000000	      1.43734334	      2.12676150	      1.40416817	      0.00000000	      3.09209782	      0.19520111	      0.02736234	      0.08025176	      1.53460568	      2.00978489	      2.05495488	      2.67481350	      1.06587301	      0.55518555	      1.49356720	      0.34225045	      0.07333298	      0.10071654	      1.57190162	      0.18306614	      0.37852834	      0.23250078	      0.92254527	      0.00000000	      0.40929429	      0.82662115	      0.54372012	      0.25526542	      0.16121351	      0.08597400	      1.70066906	      0.00000000	      1.72525010	      0.00000000	      0.00000000	      0.00000000	      0.00000000	      0.57358081	      0.73315710	      1.12929829	      0.00000000	      0.46989323	      0.00000000	      1.43734334	      2.12676150	      1.40416817	      0.00000000	      3.09209782	      0.19520111	      0.02736234	      0.08025176	      1.53460568	      2.00978489	      2.05495488	      2.67481350	      1.06587301	      0.55518555	      1.49356720	      0.34225045	      0.07333298	      0.10071654	      1.57190162	      0.18306614	      0.37852834	      0.23250078	      0.92254527	      0.00000000	      0.00000000	      0.00000000	      1.58986432	      1.58986432	      0.00000000	      0.00000000
      0.58000000	    152.39760462	     90.19752000	      0.40929429	      0.82662115	      0.54372012	      0.25526542	      0.16121351	      0.08597400	      1.70066906	      0.00000000	      1.72525010	      0.00000000	     -0.00000066	      0.00000000	      0.00000000	      0.57358081	      0.73315710	      1.12929829	      0.00000000	      0.46989323	      0.00000000	      1.43734334	      2.12676150	      1.40416817	      0.00000000	      1.96613221	      0.19520111	      0.02736234	      0.08025176	      0.00000000	      2.00978489	      2.05495488	      2.67481350	      1.06587301	      0.55518555	      1.49356720	      0.34225045	      0.07333298	      0.10071654	      1.57190162	      0.18306614	      0.37852834	      0.23250078	      0.92254527	      0.00000000	      0.40929429	      0.82662115	      0.54372012	      0.25526542	      0.16121351	      0.08597400	      1.70066906	      0.00000000	      1.72525010	      0.00000000	     -0.00000066	      0.00000000	      0.00000000	      0.57358081	      0.73315710	      1.12929829	      0.00000000	      0.46989323	      0.00000000	      1.43734334	      2.12676150	      1.40416817	      0.00000000	      1.96613221	      0.19520111	      0.02736234	      0.08025176	      0.00000000	      2.00978489	      2.05495488	      2.67481350	      1.06587301	      0.55518555	      1.49356720	      0.34225045	      0.07333298	      0.10071654	      1.57190162	      0.18306614	      0.37852834	      0.23250078	      0.92254527	      0.00000000	      0.00000000	      0.00000000	      1.58986432	      1.58986432	      0.00000000	      0.00000000
      0.59000000	    152.99043298	     90.19752000	      0.40929429	      0.82662115	      0.54372012	      0.25526542	      0.16121351	      0.08597400	      1.70066906	     -0.00000001	      1.72525010	      0.00000000	      0.00000000	      0.00000000	      0.00000001	      0.57358081	      0.73315710	      1.12929829	      0.00000000	      0.46989323	     -0.00000012	      1.43734334	      2.12676150	      1.40416817	      0.00000000	      1.96613221	      0.19520111	      0.02736234	      0.08025176	      0.00000000	      2.00978489	      2.05495488	      2.67481350	      1.06587301	      0.55518555	      1.49356720	      0.34225045	      0.07333298	      0.10071654	      1.57190162	      0.18306614	      0.37852834	      0.23250078	      0.92254527	      0.29641364	      0.40929429	      0.82662115	      0.54372012	      0.25526542	      0.16121351	      0.08597400	      1.70066906	     -0.00000001	      1.72525010	      0.00000000	      0.00000000	      0.00000000	      0.00000001	      0.57358081	      0.73315710	      1.12929829	      0.00000000	      0.46989323	     -0.00000012	      1.43734334	      2.12676150	      1.40416817	      0.00000000	      1.96613221	      0.19520111	      0.02736234	      0.08025176	      0.00000000	      2.00978489	      2.05495488	      2.67481350	      1.06587301	      0.55518555	      1.49356720	      0.34225045	      0.07333298	      0.10071654	      1.57190162	      0.18306614	      0.37852834	      0.23250078	      0.92254527	      0.29641364	      0.00000000	      0.00000000	      1.58986432	      1.58986432	      0.00000000	      0.00000000
      0.60000000	    153.33286814	     90.19752000	      0.40929429	      0.82662115	      0.54372012	      0.25526542	      0.16121351	      0.08597400	      1.70066906	     -0.00000001	      1.72525010	      0.00000000	     -0.00000066	      0.00000000	      0.00000000	      0.57358081	      0.73315710	      1.12929829	      0.00000000	      0.46989323	      0.00000000	      1.43734334	      2.12676150	      1.40416817	      0.00000000	      1.96613221	      0.19520111	      0.02736234	      0.08025176	      0.00000000	      2.00978489	      2.05495488	      2.67481350	      1.06587301	      0.55518555	      1.49356720	      0.34225045	      0.07333298	      0.10071654	      1.57190162	      0.18306614	      0.37852834	      0.23250078	      0.92254527	      0.46763177	      0.40929429	      0.82662115	      0.54372012	      0.25526542	      0.16121351	      0.08597400	      1.70066906	     -0.00000001	      1.72525010	      0.00000000	     -0.00000066	      0.00000000	      0.00000000	      0.57358081	      0.73315710	      1.12929829	      0.00000000	      0.46989323	      0.00000000	      1.43734334	      2.12676150	      1.40416817	      0.00000000	      1.96613221	      0.19520111	      0.02736234	      0.08025176	      0.00000000	      2.00978489	      2.05495488	      2.67481350	      1.06587301	      0.55518555	      1.49356720	      0.34225045	      0.07333298	      0.10071654	      1.57190162	      0.18306614	      0.37852834	      0.23250078	      0.92254527	      0.46763177	      0.00000000	      0.00000000	      1.58986432	      1.58986432	      0.00000000	      0.00000000
      0.61000000	    153.53838419	     90.19752000	      0.40929429	      0.82662115	      0.54372012	      0.25526542	      0.16121351	      0.08597400	      1.70066906	      0.00000000	      1.72525010	      0.00000007	      0.00000000	      0.00000000	      0.00000001	      0.57358081	      0.73315710	      1.12929829	      0.00000000	      0.46989323	     -0.00000012	      1.43734334	      2.12676150	      1.40416817	      0.00000000	      1.96613221	      0.19520111	      0.02736234	      0.08025176	      0.00000000	      2.00978489	      2.05495488	      2.67481350	      1.06587301	      0.55518555	      1.49356720	      0.34225045	      0.07333298	      0.10071654	      1.57190162	      0.18306614	      0.37852834	      0.23250078	      0.92254527	      0.57038917	      0.40929429	      0.82662115	      0.54372012	      0.25526542	      0.16121351	      0.08597400	      1.70066906	      0.00000000	      1.72525010	      0.00000007	      0.00000000	      0.00000000	      0.00000001	      0.57358081	      0.73315710	      1.12929829	      0.00000000	      0.46989323	     -0.00000012	      1.43734334	      2.12676150	      1.40416817	      0.00000000	      1.96613221	      0.19520111	      0.02736234	      0.08025176	      0.00000000	      2.00978489	      2.05495488	      2.67481350	      1.06587301	      0.55518555	      1.49356720	      0.34225045	      0.07333298	      0.10071654	      1.57190162	      0.18306614	      0.37852834	      0.23250078	      0.92254527	      0.57038917	      0.00000000	      0.00000000	      1.58986432	      1.58986432	      0.00000000	      0.00000000
      0.62000000	    153.51432359	     90.19752000	      0.40929429	      0.82662115	      0.54372012	      0.25526542	      0.16121351	      0.08597400	      1.70066906	      0.00000000	      1.72525010	      0.00000000	     -0.00000066	      0.00000000	      0.00000000	      0.57358081	      0.73315710	      1.12929829	      0.00000000	      0.46989323	     -0.00000012	      1.43734334	      2.12676150	      1.40416817	      0.00000000	      1.96613221	      0.19520111	      0.02736234	      0.08025176	      0.00000000	      2.00978489	      2.05495488	      2.67481350	      1.06587301	      0.55518555	      1.49356720	      0.34225045	      0.07333298	      0.10071654	      1.57190162	      0.18306614	      0.37852834	      0.23250078	      0.92254527	      0.55835956	      0.40929429	      0.82662115	      0.54372012	      0.25526542	      0.16121351	      0.08597400	      1.70066906	      0.00000000	      1.72525010	      0.00000000	     -0.00000066	      0.00000000	      0.00000000	      0.57358081	      0.73315710	      1.12929829	      0.00000000	      0.46989323	     -0.00000012	      1.43734334	      2.12676150	      1.40416817	      0.00000000	      1.96613221	      0.19520111	      0.02736234	      0.08025176	      0.00000000	      2.00978489	      2.05495488	      2.67481350	      1.06587301	      0.55518555	      1.49356720	      0.34225045	      0.07333298	      0.10071654	      1.57190162	      0.18306614	      0.37852834	      0.23250078	      0.92254527	      0.55835956	      0.00000004	      0.00000004	      1.58986432	      1.58986432	      0.00000000	      0.00000000
      0.63000000	    155.01999938	     90.19752000	      0.40929429	      0.82662115	      0.54372012	      0.25526542	      0.16121351	      0.08597400	      1.70066906	      0.00000000	      1.72525010	      0.00000000	      0.00000000	      0.00000000	      0.00000001	      0.57358081	      0.73315710	      1.12929829	      0.00000000	      0.46989323	      0.00000000	      1.43734334	      2.12676150	      2.32651682	      0.00000000	      1.96613221	      0.19520111	      0.02736234	      0.08025176	      0.00000000	      2.00978489	      2.05495488	      2.67481350	      1.06587301	      0.55518555	      1.49356720	      0.34225045	      0.07333298	      0.10071654	      1.57190162	      0.18306614	      0.37852834	      0.23250078	      0.92254527	      0.38884807	      0.40929429	      0.82662115	      0.54372012	      0.25526542	      0.16121351	      0.08597400	      1.70066906	      0.00000000	      1.72525010	      0.00000000	      0.00000000	      0.00000000	      0.00000001	      0.57358081	      0.73315710	      1.12929829	      0.00000000	      0.46989323	      0.00000000	      1.43734334	      2.12676150	      2.32651682	      0.00000000	      1.96613221	      0.19520111	      0.02736234	      0.08025176	      0.00000000	      2.00978489	      2.05495488	      2.67481350	      1.06587301	      0.55518555	      1.49356720	      0.34225045	      0.07333298	      0.10071654	      1.57190162	      0.18306614	      0.37852834	      0.23250078	      0.92254527	      0.38884807	      0.00000000	      0.00000000	      1.58986432	      1.58986432	      0.00000000	      0.00000000
      0.64000000	    150.22457924	     90.19752000	      0.40929429	      0.82662115	      0.54372012	      0.25526542	      0.16121351	      0.08597400	      1.70066906	      0.00000000	      1.72525010	      0.00000000	      0.00000000	     -0.00000000	      0.00000001	      0.57358081	      0.73315710	      1.12929829	      0.00000000	      0.46989323	     -0.00000012	      1.43734334	      2.12676150	      0.00000000	     -0.00000000	      1.96613221	      0.19520111	      0.02736234	      0.08025176	      0.00000000	      2.00978489	      2.05495488	      2.67481350	      1.06587301	      0.55518555	      1.49356720	      0.34225045	      0.07333298	      0.10071654	      1.57190162	      0.18306614	      0.37852834	      0.23250078	      0.92254527	      0.31765489	      0.40929429	      0.82662115	      0.54372012	      0.25526542	      0.16121351	      0.08597400	      1.70066906	      0.00000000	      1.72525010	      0.00000000	      0.00000000	     -0.00000000	      0.00000001	      0.57358081	      0.73315710	      1.12929829	      0.00000000	      0.46989323	     -0.00000012	      1.43734334	      2.12676150	      0.00000000	     -0.00000000	      1.96613221	      0.19520111	      0.02736234	      0.08025176	      0.00000000	      2.00978489	      2.05495488	      2.67481350	      1.06587301	      0.55518555	      1.49356720	      0.34225045	      0.07333298	      0.10071654	      1.57190162	      0.18306614	      0.37852834	      0.23250078	      0.92254527	      0.31765489	      0.00000004	      0.00000004	      1.58986432	      1.58986432	      0.00000000	      0.00000000
      0.65000000	    156.44934622	     90.19752000	      0.40929429	      0.82662115	      0.54372012	      0.25526542	      0.16121351	      0.08597400	      1.70066906	     -0.00000001	      1.72525010	      0.00000000	      0.00000000	      1.01477854	      0.00000001	      0.57358081	      0.73315710	      1.12929829	      0.00000000	      0.46989323	      0.00000000	      1.43734334	      2.12676150	      0.00000000	      2.09760484	      1.96613221	      0.19520111	      0.02736234	      0.08025176	      0.00000000	      2.00978489	      2.05495488	      2.67481350	      1.06587301	      0.55518555	      1.49356720	      0.34225045	      0.07333298	      0.10071654	      1.57190162	      0.18306614	      0.37852834	      0.23250078	      0.92254527	      0.31765489	      0.40929429	      0.82662115	      0.54372012	      0.25526542	      0.16121351	      0.08597400	      1.70066906	     -0.00000001	      1.72525010	      0.00000000	      0.00000000	      1.01477854	      0.00000001	      0.57358081	      0.73315710	      1.12929829	      0.00000000	      0.46989323	      0.00000000	      1.43734334	      2.12676150	      0.00000000	      2.09760484	      1.96613221	      0.19520111	      0.02736234	      0.08025176	      0.00000000	      2.00978489	      2.05495488	      2.67481350	      1.06587301	      0.55518555	      1.49356720	      0.34225045	      0.07333298	      0.10071654	      1.57190162	      0.18306614	      0.37852834	      0.23250078	      0.92254527	      0.31765489	      0.00000004	      0.00000004	      1.58986432	      1.58986432	      0.00000000	      0.00000000
      0.66000000	    160.82177069	     90.19752000	      0.40929429	      0.82662115	      0.54372012	      0.25526542	      0.16121351	      0.08597400	      1.70066906	     -0.00000001	      1.72525010	      0.00000000	     -0.00000066	      2.59534152	      0.00000000	      0.57358081	      0.73315710	      1.66908773	      0.00000000	      0.46989323	      0.00000000	      1.43734334	      2.12676150	      0.00000000	      2.16346533	      1.96613221	      0.19520111	      0.02736234	      0.08025176	      0.00000000	      2.00978489	      2.05495488	      2.67481350	      1.06587301	      0.55518555	      1.49356720	      0.34225045	      0.07333298	      0.10071654	      1.57190162	      0.18306614	      0.37852834	      0.23250078	      0.92254527	      0.31765489	      0.40929429	      0.82662115	      0.54372012	      0.25526542	      0.16121351	      0.08597400	      1.70066906	     -0.00000001	      1.72525010	      0.00000000	     -0.00000066	      2.59534152	      0.00000000	      0.57358081	      0.73315710	      1.66908773	      0.00000000	      0.46989323	      0.00000000	      1.43734334	      2.12676150	      0.00000000	      2.16346533	      1.96613221	      0.19520111	      0.02736234	      0.08025176	      0.00000000	      2.00978489	      2.05495488	      2.67481350	      1.06587301	      0.55518555	      1.49356720	      0.34225045	      0.07333298	      0.10071654	      1.57190162	      0.18306614	      0.37852834	      0.23250078	      0.92254527	      0.31765489	      0.00000004	      0.00000004	      1.58986432	      1.58986432	      0.00000000	      0.00000000
      0.67000000	    158.41120927	     90.19752000	      0.40929429	      0.82662115	      0.54372012	      0.25526542	      0.16121351	      0.08597400	      1.70066906	      0.00000000	      1.72525010	      0.00000000	      0.00000000	      1.52849556	      0.00000001	      0.57358081	      0.73315710	      1.79864610	     -0.00000000	      0.46989323	      0.00000000	      1.43734334	      2.12676150	      0.00000000	      1.89547157	      1.96613221	      0.19520111	      0.02736234	      0.08025176	      0.00000000	      2.00978489	      2.05495488	      2.67481350	      1.06587301	      0.55518555	      1.49356720	      0.34225045	      0.07333298	      0.10071654	      1.57190162	      0.18306614	      0.37852834	      0.23250078	      0.92254527	      0.31765489	      0.40929429	      0.82662115	      0.54372012	      0.25526542	      0.16121351	      0.08597400	      1.70066906	      0.00000000	      1.72525010	      0.00000000	      0.00000000	      1.52849556	      0.00000001	      0.57358081	      0.73315710	      1.79864610	     -0.00000000	      0.46989323	      0.00000000	      1.43734334	      2.12676150	      0.00000000	      1.89547157	      1.96613221	      0.19520111	      0.02736234	      0.08025176	      0.00000000	      2.00978489	      2.05495488	      2.67481350	      1.06587301	      0.55518555	      1.49356720	      0.34225045	      0.07333298	      0.10071654	      1.57190162	      0.18306614	      0.37852834	      0.23250078	      0.92254527	      0.31765489	      0.00000000	      0.00000000	      1.58986432	      1.58986432	      0.00000000	      0.00000000
      0.68000000	    154.81391706	     90.19752000	      0.40929429	      0.82662115	      0.54372012	      0.25526542	      0.16121351	      0.08597400	      1.70066906	      0.00000000	      1.72525010	      0.00000000	      0.00000000	      1.52849556	      0.00000000	      0.57358081	      0.73315710	      0.00000000	     -0.00000000	      0.46989323	      0.00000000	      1.43734334	      2.12676150	      0.00000000	      1.89547157	      1.96613221	      0.19520111	      0.02736234	      0.08025176	      0.00000000	      2.00978489	      2.05495488	      2.67481350	      1.06587301	      0.55518555	      1.49356720	      0.34225045	      0.07333298	      0.10071654	      1.57190162	      0.18306614	      0.37852834	      0.23250078	      0.92254527	      0.31765489	      0.40929429	      0.82662115	      0.54372012	      0.25526542	      0.16121351	      0.08597400	      1.70066906	      0.00000000	      1.72525010	      0.00000000	      0.00000000	      1.52849556	      0.00000000	      0.57358081	      0.73315710	      0.00000000	     -0.00000000	      0.46989323	      0.00000000	      1.43734334	      2.12676150	      0.00000000	      1.89547157	      1.96613221	      0.19520111	      0.02736234	      0.08025176	      0.00000000	      2.00978489	      2.05495488	      2.67481350	      1.06587301	      0.55518555	      1.49356720	      0.34225045	      0.07333298	      0.10071654	      1.57190162	      0.18306614	      0.37852834	      0.23250078	      0.92254527	      0.31765489	      0.00000000	      0.00000000	      1.58986432	      1.58986432	      0.00000000	      0.00000000
      0.69000000	    154.81391713	     90.19752000	      0.40929429	      0.82662115	      0.54372012	      0.25526542	      0.16121351	      0.08597400	      1.70066906	      0.00000000	      1.72525010	      0.00000004	      0.00000000	      1.52849556	      0.00000000	      0.57358081	      0.73315710	      0.00000000	      0.00000000	      0.46989323	      0.00000000	      1.43734334	      2.12676150	      0.00000000	      1.89547157	      1.96613221	      0.19520111	      0.02736234	      0.08025176	      0.00000000	      2.00978489	      2.05495488	      2.67481350	      1.06587301	      0.55518555	      1.49356720	      0.34225045	      0.07333298	      0.10071654	      1.57190162	      0.18306614	      0.37852834	      0.23250078	      0.92254527	      0.31765489	      0.40929429	      0.82662115	      0.54372012	      0.25526542	      0.16121351	      0.08597400	      1.70066906	      0.00000000	      1.72525010	      0.00000004	      0.00000000	      1.52849556	      0.00000000	      0.57358081	      0.73315710	      0.00000000	      0.00000000	      0.46989323	      0.00000000	      1.43734334	      2.12676150	      0.00000000	      1.89547157	      1.96613221	      0.19520111	      0.02736234	      0.08025176	      0.00000000	      2.00978489	      2.05495488	      2.67481350	      1.06587301	      0.55518555	      1.49356720	      0.34225045	      0.07333298	      0.10071654	      1.57190162	      0.18306614	      0.37852834	      0.23250078	      0.92254527	      0.31765489	      0.00000000	      0.00000000	      1.58986432	      1.58986432	     -0.00000000	     -0.00000000
      0.70000000	    154.81391705	     90.19752000	      0.40929429	      0.82662115	      0.54372012	      0.25526542	      0.16121351	      0.08597400	      1.70066906	     -0.00000001	      1.72525010	      0.00000000	      0.00000000	      1.52849556	      0.00000000	      0.57358081	      0.73315710	      0.00000000	      0.00000000	      0.46989323	      0.00000000	      1.43734334	      2.12676150	      0.00000000	      1.89547157	      1.96613221	      0.19520111	      0.02736234	      0.08025176	      0.00000000	      2.00978489	      2.05495488	      2.67481350	      1.06587301	      0.55518555	      1.49356720	      0.34225045	      0.07333298	      0.10071654	      1.57190162	      0.18306614	      0.37852834	      0.23250078	      0.92254527	      0.31765489	      0.40929429	      0.82662115	      0.54372012	      0.25526542	      0.16121351	      0.08597400	      1.70066906	     -0.00000001	      1.72525010	      0.00000000	      0.00000000	      1.52849556	      0.00000000	      0.57358081	      0.73315710	      0.00000000	      0.00000000	      0.46989323	      0.00000000	      1.43734334	      2.12676150	      0.00000000	      1.89547157	      1.96613221	      0.19520111	      0.02736234	      0.08025176	      0.00000000	      2.00978489	      2.05495488	      2.67481350	      1.06587301	      0.55518555	      1.49356720	      0.34225045	      0.07333298	      0.10071654	      1.57190162	      0.18306614	      0.37852834	      0.23250078	      0.92254527	      0.31765489	      0.00000000	      0.00000000	      1.58986432	      1.58986432	     -0.00000000	     -0.00000000
      0.71000000	    154.81391705	     90.19752000	      0.40929429	      0.82662115	      0.54372012	      0.25526542	      0.16121351	      0.08597400	      1.70066906	     -0.00000001	      1.72525010	      0.00000000	      0.00000000	      1.52849556	      0.00000000	      0.57358081	      0.73315710	      0.00000000	      0.00000000	      0.46989323	      0.00000000	      1.43734334	      2.12676150	      0.00000000	      1.89547157	      1.96613221	      0.19520111	      0.02736234	      0.08025176	      0.00000000	      2.00978489	      2.05495488	      2.67481350	      1.06587301	      0.55518555	      1.49356720	      0.34225045	      0.07333298	      0.10071654	      1.57190162	      0.18306614	      0.37852834	      0.23250078	      0.92254527	      0.31765489	      0.40929429	      0.82662115	      0.54372012	      0.25526542	      0.16121351	      0.08597400	      1.70066906	     -0.00000001	      1.72525010	      0.00000000	      0.00000000	      1.52849556	      0.00000000	      0.57358081	      0.73315710	      0.00000000	      0.00000000	      0.46989323	      0.00000000	      1.43734334	      2.12676150	      0.00000000	      1.89547157	      1.96613221	      0.19520111	      0.02736234	      0.08025176	      0.00000000	      2.00978489	      2.05495488	      2.67481350	      1.06587301	      0.55518555	      1.49356720	      0.34225045	      0.07333298	      0.10071654	      1.57190162	      0.18306614	      0.37852834	      0.23250078	      0.92254527	      0.31765489	      0.00000000	      0.00000000	      1.58986432	      1.58986432	      0.00000000	      0.00000000
      0.72000000	    155.22288182	     90.19752000	      0.40929429	      0.82662115	      0.54372012	      0.25526542	      0.16121351	      0.08597400	      1.70066906	      0.00000000	      1.72525010	      0.00000004	      0.00000000	      1.52849556	      0.00000000	      0.57358081	      0.73315710	      0.00000000	      0.20448246	      0.46989323	     -0.00000012	      1.43734334	      2.12676150	      0.00000000	      1.89547157	      1.96613221	      0.19520111	      0.02736234	      0.08025176	      0.00000000	      2.00978489	      2.05495488	      2.67481350	      1.06587301	      0.55518555	      1.49356720	      0.34225045	      0.07333298	      0.10071654	      1.57190162	      0.18306614	      0.37852834	      0.23250078	      0.92254527	      0.31765489	      0.40929429	      0.82662115	      0.54372012	      0.25526542	      0.16121351	      0.08597400	      1.70066906	      0.00000000	      1.72525010	      0.00000004	      0.00000000	      1.52849556	      0.00000000	      0.57358081	      0.73315710	      0.00000000	      0.20448246	      0.46989323	     -0.00000012	      1.43734334	      2.12676150	      0.00000000	      1.89547157	      1.96613221	      0.19520111	      0.02736234	      0.08025176	      0.00000000	      2.00978489	      2.05495488	      2.67481350	      1.06587301	      0.55518555	      1.49356720	      0.34225045	      0.07333298	      0.10071654	      1.57190162	      0.18306614	      0.37852834	      0.23250078	      0.92254527	      0.31765489	      0.00000000	      0.00000000	      1.58986432	      1.58986432	     -0.00000000	     -0.00000000
      0.73000000	    157.64366736	     90.19752000	      0.40929429	      0.82662115	      0.54372012	      0.25526542	      0.16121351	      0.08597400	      1.70066906	      0.00000000	      1.72525010	      0.00000000	     -0.00000066	      1.52849556	      0.00000000	      0.57358081	      0.73315710	      0.00000000	      0.44725134	      0.46989323	     -0.00000012	      1.43734334	      3.09438601	      0.00000000	      1.89547157	      1.96613221	      0.19520111	      0.02736234	      0.08025176	      0.00000000	      2.00978489	      2.05495488	      2.67481350	      1.06587301	      0.55518555	      1.49356720	      0.34225045	      0.07333298	      0.10071654	      1.57190162	      0.18306614	      0.37852834	      0.23250078	      0.92254527	      0.31765489	      0.40929429	      0.82662115	      0.54372012	      0.25526542	      0.16121351	      0.08597400	      1.70066906	      0.00000000	      1.72525010	      0.00000000	     -0.00000066	      1.52849556	      0.00000000	      0.57358081	      0.73315710	      0.00000000	      0.44725134	      0.46989323	     -0.00000012	      1.43734334	      3.09438601	      0.00000000	      1.89547157	      1.96613221	      0.19520111	      0.02736234	      0.08025176	      0.00000000	      2.00978489	      2.05495488	      2.67481350	      1.06587301	      0.55518555	      1.49356720	      0.34225045	      0.07333298	      0.10071654	      1.57190162	      0.18306614	      0.37852834	      0.23250078	      0.92254527	      0.31765489	      0.00000008	      0.00000008	      1.58986432	      1.58986432	      0.00000000	      0.00000000
      0.74000000	    151.85179488	     90.19752000	      0.40929429	      0.82662115	      0.54372012	      0.25526542	      0.16121351	      0.08597400	      1.70066906	      0.00000000	      1.72525010	      0.00000004	      0.00000000	      1.52849556	      0.00000000	      0.57358081	      0.73315710	      0.00000000	      0.64570038	      0.46989323	      0.00000000	      1.43734334	      0.00000000	      0.00000000	      1.89547157	      1.96613221	      0.19520111	      0.02736234	      0.08025176	      0.00000000	      2.00978489	      2.05495488	      2.67481350	      1.06587301	      0.55518555	      1.49356720	      0.34225045	      0.07333298	      0.10071654	      1.57190162	      0.18306614	      0.37852834	      0.23250078	      0.92254527	      0.31765489	      0.40929429	      0.82662115	      0.54372012	      0.25526542	      0.16121351	      0.08597400	      1.70066906	      0.00000000	      1.72525010	      0.00000004	      0.00000000	      1.52849556	      0.00000000	      0.57358081	      0.73315710	      0.00000000	      0.64570038	      0.46989323	      0.00000000	      1.43734334	      0.00000000	      0.00000000	      1.89547157	      1.96613221	      0.19520111	      0.02736234	      0.08025176	      0.00000000	      2.00978489	      2.05495488	      2.67481350	      1.06587301	      0.55518555	      1.49356720	      0.34225045	      0.07333298	      0.10071654	      1.57190162	      0.18306614	      0.37852834	      0.23250078	      0.92254527	      0.31765489	      0.00000000	      0.00000000	      1.58986432	      1.58986432	      0.00000000	      0.00000000
      0.75000000	    151.99764059	     90.19752000	      0.40929429	      0.82662115	      0.54372012	      0.25526542	      0.16121351	      0.08597400	      1.70066906	     -0.00000001	      1.72525010	      0.00000000	     -0.00000066	      1.52849556	      0.00000001	      0.57358081	      0.73315710	      0.00000000	      0.71862392	      0.46989323	      0.00000000	      1.43734334	      0.00000000	      0.00000000	      1.89547157	      1.96613221	      0.19520111	      0.02736234	      0.08025176	      0.00000000	      2.00978489	      2.05495488	      2.67481350	      1.06587301	      0.55518555	      1.49356720	      0.34225045	      0.07333298	      0.10071654	      1.57190162	      0.18306614	      0.37852834	      0.23250078	      0.92254527	      0.31765489	      0.40929429	      0.82662115	      0.54372012	      0.25526542	      0.16121351	      0.08597400	      1.70066906	     -0.00000001	      1.72525010	      0.00000000	     -0.00000066	      1.52849556	      0.00000001	      0.57358081	      0.73315710	      0.00000000	      0.71862392	      0.46989323	      0.00000000	      1.43734334	      0.00000000	      0.00000000	      1.89547157	      1.96613221	      0.19520111	      0.02736234	      0.08025176	      0.00000000	      2.00978489	      2.05495488	      2.67481350	      1.06587301	      0.55518555	      1.49356720	      0.34225045	      0.07333298	      0.10071654	      1.57190162	      0.18306614	      0.37852834	      0.23250078	      0.92254527	      0.31765489	      0.00000000	      0.00000000	      1.58986432	      1.58986432	      0.00000000	      0.00000000
      0.76000000	    151.77862073	     90.19752000	      0.40929429	      0.82662115	      0.54372012	      0.25526542	      0.16121351	      0.08597400	      1.70066906	      0.00000000	      1.72525010	      0.00000000	     -0.00000066	      1.52849556	      0.00000000	      0.57358081	      0.73315710	      0.00000000	      0.60911399	      0.46989323	      0.00000000	      1.43734334	     -0.00000000	     -0.00000000	      1.89547157	      1.96613221	      0.19520111	      0.02736234	      0.08025176	      0.00000000	      2.00978489	      2.05495488	      2.67481350	      1.06587301	      0.55518555	      1.49356720	      0.34225045	      0.07333298	      0.10071654	      1.57190162	      0.18306614	      0.37852834	      0.23250078	      0.92254527	      0.31765489	      0.40929429	      0.82662115	      0.54372012	      0.25526542	      0.16121351	      0.08597400	      1.70066906	      0.00000000	      1.72525010	      0.00000000	     -0.00000066	      1.52849556	      0.00000000	      0.57358081	      0.73315710	      0.00000000	      0.60911399	      0.46989323	      0.00000000	      1.43734334	     -0.00000000	     -0.00000000	      1.89547157	      1.96613221	      0.19520111	      0.02736234	      0.08025176	      0.00000000	      2.00978489	      2.05495488	      2.67481350	      1.06587301	      0.55518555	      1.49356720	      0.34225045	      0.07333298	      0.10071654	      1.57190162	      0.18306614	      0.37852834	      0.23250078	      0.92254527	      0.31765489	      0.00000000	      0.00000000	      1.58986432	      1.58986432	      0.00000000	      0.00000000
      0.77000000	    151.34293582	     90.19752000	      0.40929429	      0.82662115	      0.54372012	      0.25526542	      0.16121351	      0.08597400	      1.70066906	     -0.00000001	      1.72525010	      0.00000004	     -0.00000066	      1.52849556	      0.00000000	      0.57358081	      0.73315710	      0.00000000	      0.39127151	      0.46989323	      0.00000000	      1.43734334	      0.00000000	      0.00000000	      1.89547157	      1.96613221	      0.19520111	      0.02736234	      0.08025176	      0.00000000	      2.00978489	      2.05495488	      2.67481350	      1.06587301	      0.55518555	      1.49356720	      0.34225045	      0.07333298	      0.10071654	      1.57190162	      0.18306614	      0.37852834	      0.23250078	      0.92254527	      0.31765489	      0.40929429	      0.82662115	      0.54372012	      0.25526542	      0.16121351	      0.08597400	      1.70066906	     -0.00000001	      1.72525010	      0.00000004	     -0.00000066	      1.52849556	      0.00000000	      0.57358081	      0.73315710	      0.00000000	      0.39127151	      0.46989323	      0.00000000	      1.43734334	      0.00000000	      0.00000000	      1.89547157	      1.96613221	      0.19520111	      0.02736234	      0.08025176	      0.00000000	      2.00978489	      2.05495488	      2.67481350	      1.06587301	      0.55518555	      1.49356720	      0.34225045	      0.07333298	      0.10071654	      1.57190162	      0.18306614	      0.37852834	      0.23250078	      0.92254527	      0.31765489	      0.00000000	      0.00000000	      1.58986432	      1.58986432	      0.00000000	      0.00000000
      0.78000000	    151.34473085	     90.19752000	      0.40929429	      0.82662115	      0.54372012	      0.25526542	      0.16121351	      0.08597400	      1.70066906	      0.00000000	      1.72525010	      0.00000000	      0.00000000	      1.52849556	      0.00000001	      0.57358081	      0.73315710	      0.00000000	      0.39216839	      0.46989323	      0.00000000	      1.43734334	     -0.00000000	      0.00000000	      1.89547157	      1.96613221	      0.19520111	      0.02736234	      0.08025176	      0.00000000	      2.00978489	      2.05495488	      2.67481350	      1.06587301	      0.55518555	      1.49356720	      0.34225045	      0.07333298	      0.10071654	      1.57190162	      0.18306614	      0.37852834	      0.23250078	      0.92254527	      0.31765489	      0.40929429	      0.82662115	      0.54372012	      0.25526542	      0.16121351	      0.08597400	      1.70066906	      0.00000000	      1.72525010	      0.00000000	      0.00000000	      1.52849556	      0.00000001	      0.57358081	      0.73315710	      0.00000000	      0.39216839	      0.46989323	      0.00000000	      1.43734334	     -0.00000000	      0.00000000	      1.89547157	      1.96613221	      0.19520111	      0.02736234	      0.08025176	      0.00000000	      2.00978489	      2.05495488	      2.67481350	      1.06587301	      0.55518555	      1.49356720	      0.34225045	      0.07333298	      0.10071654	      1.57190162	      0.18306614	      0.37852834	      0.23250078	      0.92254527	      0.31765489	      0.00000000	      0.00000000	      1.58986432	      1.58986432	      0.00000000	      0.00000000
      0.79000000	    151.34473106	     90.19752000	      0.40929429	      0.82662115	      0.54372012	      0.25526542	      0.16121351	      0.08597400	      1.70066906	     -0.00000001	      1.72525010	      0.00000004	      0.00000000	      1.52849556	      0.00000001	      0.57358081	      0.73315710	      0.00000000	      0.39216839	      0.46989323	      0.00000000	      1.43734334	      0.00000000	      0.00000000	      1.89547157	      1.96613221	      0.19520111	      0.02736234	      0.08025176	      0.00000000	      2.00978489	      2.05495488	      2.67481350	      1.06587301	      0.55518555	      1.49356720	      0.34225045	      0.07333298	      0.10071654	      1.57190162	      0.18306614	      0.37852834	      0.23250078	      0.92254527	      0.31765489	      0.40929429	      0.82662115	      0.54372012	      0.25526542	      0.16121351	      0.08597400	      1.70066906	     -0.00000001	      1.72525010	      0.00000004	      0.00000000	      1.52849556	      0.00000001	      0.57358081	      0.73315710	      0.00000000	      0.39216839	      0.46989323	      0.00000000	      1.43734334	      0.00000000	      0.00000000	      1.89547157	      1.96613221	      0.19520111	      0.02736234	      0.08025176	      0.00000000	      2.00978489	      2.05495488	      2.67481350	      1.06587301	      0.55518555	      1.49356720	      0.34225045	      0.07333298	      0.10071654	      1.57190162	      0.18306614	      0.37852834	      0.23250078	      0.92254527	      0.31765489	      0.00000008	      0.00000008	      1.58986432	      1.58986432	      0.00000000	      0.00000000
      0.80000000	    151.34473090	     90.19752000	      0.40929429	      0.82662115	      0.54372012	      0.25526542	      0.16121351	      0.08597400	      1.70066906	     -0.00000001	      1.72525010	      0.00000004	      0.00000000	      1.52849556	      0.00000000	      0.57358081	      0.73315710	      0.00000000	      0.39216839	      0.46989323	      0.00000000	      1.43734334	      0.00000000	      0.00000000	      1.89547157	      1.96613221	      0.19520111	      0.02736234	      0.08025176	      0.00000000	      2.00978489	      2.05495488	      2.67481350	      1.06587301	      0.55518555	      1.49356720	      0.34225045	      0.07333298	      0.10071654	      1.57190162	      0.18306614	      0.37852834	      0.23250078	      0.92254527	      0.31765489	      0.40929429	      0.82662115	      0.54372012	      0.25526542	      0.16121351	      0.08597400	      1.70066906	     -0.00000001	      1.72525010	      0.00000004	      0.00000000	      1.52849556	      0.00000000	      0.57358081	      0.73315710	      0.00000000	      0.39216839	      0.46989323	      0.00000000	      1.43734334	      0.00000000	      0.00000000	      1.89547157	      1.96613221	      0.19520111	      0.02736234	      0.08025176	      0.00000000	      2.00978489	      2.05495488	      2.67481350	      1.06587301	      0.55518555	      1.49356720	      0.34225045	      0.07333298	      0.10071654	      1.57190162	      0.18306614	      0.37852834	      0.23250078	      0.92254527	      0.31765489	      0.00000000	      0.00000000	      1.58986432	      1.58986432	      0.00000000	      0.00000000
      0.81000000	    151.34473084	     90.19752000	      0.40929429	      0.82662115	      0.54372012	      0.25526542	      0.16121351	      0.08597400	      1.70066906	     -0.00000001	      1.72525010	      0.00000000	      0.00000000	      1.52849556	      0.00000001	      0.57358081	      0.73315710	      0.00000000	      0.39216839	      0.46989323	      0.00000000	      1.43734334	      0.00000000	      0.00000000	      1.89547157	      1.96613221	      0.19520111	      0.02736234	      0.08025176	      0.00000000	      2.00978489	      2.05495488	      2.67481350	      1.06587301	      0.55518555	      1.49356720	      0.34225045	      0.07333298	      0.10071654	      1.57190162	      0.18306614	      0.37852834	      0.23250078	      0.92254527	      0.31765489	      0.40929429	      0.82662115	      0.54372012	      0.25526542	      0.16121351	      0.08597400	      1.70066906	     -0.00000001	      1.72525010	      0.00000000	      0.00000000	      1.52849556	      0.00000001	      0.57358081	      0.73315710	      0.00000000	      0.39216839	      0.46989323	      0.00000000	      1.43734334	      0.00000000	      0.00000000	      1.89547157	      1.96613221	      0.19520111	      0.02736234	      0.08025176	      0.00000000	      2.00978489	      2.05495488	      2.67481350	      1.06587301	      0.55518555	      1.49356720	      0.34225045	      0.07333298	      0.10071654	      1.57190162	      0.18306614	      0.37852834	      0.23250078	      0.92254527	      0.31765489	      0.00000000	      0.00000000	      1.58986432	      1.58986432	      0.00000000	      0.00000000
      0.82000000	    151.34473084	     90.19752000	      0.40929429	      0.82662115	      0.54372012	      0.25526542	      0.16121351	      0.08597400	      1.70066906	      0.00000000	      1.72525010	      0.00000000	      0.00000000	      1.52849556	      0.00000000	      0.57358081	      0.73315710	      0.00000000	      0.39216839	      0.46989323	      0.00000000	      1.43734334	      0.00000000	      0.00000000	      1.89547157	      1.96613221	      0.19520111	      0.02736234	      0.08025176	      0.00000000	      2.00978489	      2.05495488	      2.67481350	      1.06587301	      0.55518555	      1.49356720	      0.34225045	      0.07333298	      0.10071654	      1.57190162	      0.18306614	      0.37852834	      0.23250078	      0.92254527	      0.31765489	      0.40929429	      0.82662115	      0.54372012	      0.25526542	      0.16121351	      0.08597400	      1.70066906	      0.00000000	      1.72525010	      0.00000000	      0.00000000	      1.52849556	      0.00000000	      0.57358081	      0.73315710	      0.00000000	      0.39216839	      0.46989323	      0.00000000	      1.43734334	      0.00000000	      0.00000000	      1.89547157	      1.96613221	      0.19520111	      0.02736234	      0.08025176	      0.00000000	      2.00978489	      2.05495488	      2.67481350	      1.06587301	      0.55518555	      1.49356720	      0.34225045	      0.07333298	      0.10071654	      1.57190162	      0.18306614	      0.37852834	      0.23250078	      0.92254527	      0.31765489	      0.00000000	      0.00000000	      1.58986432	      1.58986432	      0.00000000	      0.00000000
      0.83000000	    151.34472971	     90.19752000	      0.40929429	      0.82662115	      0.54372012	      0.25526542	      0.16121351	      0.08597400	      1.70066906	     -0.00000001	      1.72525010	      0.00000002	     -0.00000066	      1.52849556	      0.00000000	      0.57358081	      0.73315710	      0.00000000	      0.39216839	      0.46989323	      0.00000000	      1.43734334	      0.00000000	      0.00000000	      1.89547157	      1.96613221	      0.19520111	      0.02736234	      0.08025176	      0.00000000	      2.00978489	      2.05495488	      2.67481350	      1.06587301	      0.55518555	      1.49356720	      0.34225045	      0.07333298	      0.10071654	      1.57190162	      0.18306614	      0.37852834	      0.23250078	      0.92254527	      0.31765489	      0.40929429	      0.82662115	      0.54372012	      0.25526542	      0.16121351	      0.08597400	      1.70066906	     -0.00000001	      1.72525010	      0.00000002	     -0.00000066	      1.52849556	      0.00000000	      0.57358081	      0.73315710	      0.00000000	      0.39216839	      0.46989323	      0.00000000	      1.43734334	      0.00000000	      0.00000000	      1.89547157	      1.96613221	      0.19520111	      0.02736234	      0.08025176	      0.00000000	      2.00978489	      2.05495488	      2.67481350	      1.06587301	      0.55518555	      1.49356720	      0.34225045	      0.07333298	      0.10071654	      1.57190162	      0.18306614	      0.37852834	      0.23250078	      0.92254527	      0.31765489	      0.00000008	      0.00000008	      1.58986432	      1.58986432	      0.00000000	      0.00000000
      0.84000000	    151.78740700	     90.19752000	      0.40929429	      0.82662115	      0.54372012	      0.25526542	      0.16121351	      0.08597400	      1.70066906	      0.00000000	      1.72525010	      0.00000002	      0.00000000	      1.52849556	      0.00000000	      0.57358081	      0.73315710	      0.00000000	      0.39216839	      0.46989323	     -0.00000006	      1.65868146	      0.00000000	      0.00000000	      1.89547157	      1.96613221	      0.19520111	      0.02736234	      0.08025176	      0.00000000	      2.00978489	      2.05495488	      2.67481350	      1.06587301	      0.55518555	      1.49356720	      0.34225045	      0.07333298	      0.10071654	      1.57190162	      0.18306614	      0.37852834	      0.23250078	      0.92254527	      0.31765489	      0.40929429	      0.82662115	      0.54372012	      0.25526542	      0.16121351	      0.08597400	      1.70066906	      0.00000000	      1.72525010	      0.00000002	      0.00000000	      1.52849556	      0.00000000	      0.57358081	      0.73315710	      0.00000000	      0.39216839	      0.46989323	     -0.00000006	      1.65868146	      0.00000000	      0.00000000	      1.89547157	      1.96613221	      0.19520111	      0.02736234	      0.08025176	      0.00000000	      2.00978489	      2.05495488	      2.67481350	      1.06587301	      0.55518555	      1.49356720	      0.34225045	      0.07333298	      0.10071654	      1.57190162	      0.18306614	      0.37852834	      0.23250078	      0.92254527	      0.31765489	      0.00000000	      0.00000000	      1.58986432	      1.58986432	      0.00000000	      0.00000000
      0.85000000	    152.92342251	     90.19752000	      0.40929429	      0.82662115	      0.54372012	      0.25526542	      0.16121351	      0.08597400	      1.70066906	      0.00000000	      1.72525010	      0.00000000	     -0.00000066	      1.52849556	      0.00000001	      0.57358081	      0.73315710	      0.00000000	      0.39216839	      0.46989323	     -0.00000006	      2.22668988	      0.00000000	      0.00000000	      1.89547157	      1.96613221	      0.19520111	      0.02736234	      0.08025176	      0.00000000	      2.00978489	      2.05495488	      2.67481350	      1.06587301	      0.55518555	      1.49356720	      0.34225045	      0.07333298	      0.10071654	      1.57190162	      0.18306614	      0.37852834	      0.23250078	      0.92254527	      0.31765489	      0.40929429	      0.82662115	      0.54372012	      0.25526542	      0.16121351	      0.08597400	      1.70066906	      0.00000000	      1.72525010	      0.00000000	     -0.00000066	      1.52849556	      0.00000001	      0.57358081	      0.73315710	      0.00000000	      0.39216839	      0.46989323	     -0.00000006	      2.22668988	      0.00000000	      0.00000000	      1.89547157	      1.96613221	      0.19520111	      0.02736234	      0.08025176	      0.00000000	      2.00978489	      2.05495488	      2.67481350	      1.06587301	      0.55518555	      1.49356720	      0.34225045	      0.07333298	      0.10071654	      1.57190162	      0.18306614	      0.37852834	      0.23250078	      0.92254527	      0.31765489	      0.00000000	      0.00000000	      1.58986432	      1.58986432	     -0.00000000	     -0.00000000
      0.86000000	    148.47004418	     90.19752000	      0.40929429	      0.82662115	      0.54372012	      0.25526542	      0.16121351	      0.08597400	      1.70066906	      0.00000000	      1.72525010	      0.00000000	      0.00000000	      1.52849556	      0.00000001	      0.57358081	      0.73315710	      0.00000000	      0.39216839	      0.46989323	      0.00000000	      0.00000000	      0.00000000	      0.00000000	      1.89547157	      1.96613221	      0.19520111	      0.02736234	      0.08025176	      0.00000000	      2.00978489	      2.05495488	      2.67481350	      1.06587301	      0.55518555	      1.49356720	      0.34225045	      0.07333298	      0.10071654	      1.57190162	      0.18306614	      0.37852834	      0.23250078	      0.92254527	      0.31765489	      0.40929429	      0.82662115	      0.54372012	      0.25526542	      0.16121351	      0.08597400	      1.70066906	      0.00000000	      1.72525010	      0.00000000	      0.00000000	      1.52849556	      0.00000001	      0.57358081	      0.73315710	      0.00000000	      0.39216839	      0.46989323	      0.00000000	      0.00000000	      0.00000000	      0.00000000	      1.89547157	      1.96613221	      0.19520111	      0.02736234	      0.08025176	      0.00000000	      2.00978489	      2.05495488	      2.67481350	      1.06587301	      0.55518555	      1.49356720	      0.34225045	      0.07333298	      0.10071654	      1.57190162	      0.18306614	      0.37852834	      0.23250078	      0.92254527	      0.31765489	      0.00000000	      0.00000000	      1.58986432	      1.58986432	      0.00000000	      0.00000000
      0.87000000	    148.47004274	     90.19752000	      0.40929429	      0.82662115	      0.54372012	      0.25526542	      0.16121351	      0.08597400	      1.70066906	      0.00000000	      1.72525010	      0.00000000	     -0.00000066	      1.52849556	      0.00000000	      0.57358081	      0.73315710	      0.00000000	      0.39216839	      0.46989323	     -0.00000006	     -0.00000000	      0.00000000	      0.00000000	      1.89547157	      1.96613221	      0.19520111	      0.02736234	      0.08025176	      0.00000000	      2.00978489	      2.05495488	      2.67481350	      1.06587301	      0.55518555	      1.49356720	      0.34225045	      0.07333298	      0.10071654	      1.57190162	      0.18306614	      0.37852834	      0.23250078	      0.92254527	      0.31765489	      0.40929429	      0.82662115	      0.54372012	      0.25526542	      0.16121351	      0.08597400	      1.70066906	      0.00000000	      1.72525010	      0.00000000	     -0.00000066	      1.52849556	      0.00000000	      0.57358081	      0.73315710	      0.00000000	      0.39216839	      0.46989323	     -0.00000006	     -0.00000000	      0.00000000	      0.00000000	      1.89547157	      1.96613221	      0.19520111	      0.02736234	      0.08025176	      0.00000000	      2.00978489	      2.05495488	      2.67481350	      1.06587301	      0.55518555	      1.49356720	      0.34225045	      0.07333298	      0.10071654	      1.57190162	      0.18306614	      0.37852834	      0.23250078	      0.92254527	      0.31765489	      0.00000000	      0.00000000	      1.58986432	      1.58986432	     -0.00000000	     -0.00000000
      0.88000000	    152.94370583	     90.19752000	      0.40929429	      0.82662115	      0.54372012	      0.25526542	      0.16121351	      0.08597400	      1.70066906	      0.00000000	      1.72525010	      0.00000002	      0.00000000	      1.52849556	      0.00000001	      0.57358081	      0.73315710	      0.00000000	      0.39216839	      0.46989323	      0.00000000	      0.00000000	      0.00000000	      0.00000000	      1.89547157	      1.96613221	      0.19520111	      0.02736234	      0.08025176	      0.00000000	      3.15957365	      0.03568063	      2.67481350	      1.06587301	      0.55518555	      1.49356720	      0.34225045	      0.07333298	      0.10071654	      1.57190162	      0.18306614	      0.37852834	      0.23250078	      0.92254527	      0.31765489	      0.40929429	      0.82662115	      0.54372012	      0.25526542	      0.16121351	      0.08597400	      1.70066906	      0.00000000	      1.72525010	      0.00000002	      0.00000000	      1.52849556	      0.00000001	      0.57358081	      0.73315710	      0.00000000	      0.39216839	      0.46989323	      0.00000000	      0.00000000	      0.00000000	      0.00000000	      1.89547157	      1.96613221	      0.19520111	      0.02736234	      0.08025176	      0.00000000	      3.15957365	      0.03568063	      2.67481350	      1.06587301	      0.55518555	      1.49356720	      0.34225045	      0.07333298	      0.10071654	      1.57190162	      0.18306614	      0.37852834	      0.23250078	      0.92254527	      0.31765489	      0.00000000	      0.00000000	      1.58986432	      1.58986432	      3.10631629	      3.10631629
      0.89000000	    144.15623772	     90.19752000	      0.40929429	      0.82662115	      0.54372012	      0.25526542	      0.16121351	      0.08597400	      1.70066906	      0.00000000	      1.72525010	      0.00000002	     -0.00000066	      1.52849556	      0.00000000	      0.57358081	      0.73315710	     -0.00000000	      0.39216839	      0.46989323	      0.00000000	      0.00000000	      0.00000000	      0.00000000	      1.89547157	      1.96613221	      0.19520111	      0.02736234	      0.08025176	      0.00000000	      0.00000000	      0.00000000	      2.67481350	      1.06587301	      0.55518555	      1.49356720	      0.34225045	      0.07333298	      0.10071654	      1.57190162	      0.18306614	      0.37852834	      0.23250078	      0.92254527	      0.31765489	      0.40929429	      0.82662115	      0.54372012	      0.25526542	      0.16121351	      0.08597400	      1.70066906	      0.00000000	      1.72525010	      0.00000002	     -0.00000066	      1.52849556	      0.00000000	      0.57358081	      0.73315710	     -0.00000000	      0.39216839	      0.46989323	      0.00000000	      0.00000000	      0.00000000	      0.00000000	      1.89547157	      1.96613221	      0.19520111	      0.02736234	      0.08025176	      0.00000000	      0.00000000	      0.00000000	      2.67481350	      1.06587301	      0.55518555	      1.49356720	      0.34225045	      0.07333298	      0.10071654	      1.57190162	      0.18306614	      0.37852834	      0.23250078	      0.92254527	      0.31765489	      0.00000000	      0.00000000	      1.58986432	      1.58986432	      1.90783718	      1.90783718
      0.90000000	    144.15623900	     90.19752000	      0.40929429	      0.82662115	      0.54372012	      0.25526542	      0.16121351	      0.08597400	      1.70066906	     -0.00000001	      1.72525010	      0.00000000	      0.00000000	      1.52849556	      0.00000001	      0.57358081	      0.73315710	     -0.00000000	      0.39216839	      0.46989323	      0.00000000	      0.00000000	     -0.00000000	      0.00000000	      1.89547157	      1.96613221	      0.19520111	      0.02736234	      0.08025176	      0.00000000	      0.00000000	      0.00000000	      2.67481350	      1.06587301	      0.55518555	      1.49356720	      0.34225045	      0.07333298	      0.10071654	      1.57190162	      0.18306614	      0.37852834	      0.23250078	      0.92254527	      0.31765489	      0.40929429	      0.82662115	      0.54372012	      0.25526542	      0.16121351	      0.08597400	      1.70066906	     -0.00000001	      1.72525010	      0.00000000	      0.00000000	      1.52849556	      0.00000001	      0.57358081	      0.73315710	     -0.00000000	      0.39216839	      0.46989323	      0.00000000	      0.00000000	     -0.00000000	      0.00000000	      1.89547157	      1.96613221	      0.19520111	      0.02736234	      0.08025176	      0.00000000	      0.00000000	      0.00000000	      2.67481350	      1.06587301	      0.55518555	      1.49356720	      0.34225045	      0.07333298	      0.10071654	      1.57190162	      0.18306614	      0.37852834	      0.23250078	      0.92254527	      0.31765489	      0.00000000	      0.00000000	      1.58986432	      1.58986432	      1.90783718	      1.90783718
      0.91000000	    144.15623899	     90.19752000	      0.40929429	      0.82662115	      0.54372012	      0.25526542	      0.16121351	      0.08597400	      1.70066906	     -0.00000001	      1.72525010	      0.00000000	      0.00000000	      1.52849556	      0.00000000	      0.57358081	      0.73315710	      0.00000000	      0.39216839	      0.46989323	      0.00000000	     -0.00000000	     -0.00000000	      0.00000000	      1.89547157	      1.96613221	      0.19520111	      0.02736234	      0.08025176	      0.00000000	      0.00000000	     -0.00000000	      2.67481350	      1.06587301	      0.55518555	      1.49356720	      0.34225045	      0.07333298	      0.10071654	      1.57190162	      0.18306614	      0.37852834	      0.23250078	      0.92254527	      0.31765489	      0.40929429	      0.82662115	      0.54372012	      0.25526542	      0.16121351	      0.08597400	      1.70066906	     -0.00000001	      1.72525010	      0.00000000	      0.00000000	      1.52849556	      0.00000000	      0.57358081	      0.73315710	      0.00000000	      0.39216839	      0.46989323	      0.00000000	     -0.00000000	     -0.00000000	      0.00000000	      1.89547157	      1.96613221	      0.19520111	      0.02736234	      0.08025176	      0.00000000	      0.00000000	     -0.00000000	      2.67481350	      1.06587301	      0.55518555	      1.49356720	      0.34225045	      0.07333298	      0.10071654	      1.57190162	      0.18306614	      0.37852834	      0.23250078	      0.92254527	      0.31765489	      0.00000000	      0.00000000	      1.58986432	      1.58986432	      1.90783718	      1.90783718
      0.92000000	    148.48994434	     90.19752000	      0.40929429	      0.82662115	      0.54372012	      0.25526542	      0.16121351	      0.08597400	      1.70066906	     -0.00000001	      1.72525010	      0.00000000	      0.00000000	      1.52849556	      0.00000000	      0.57358081	      0.73315710	      0.00000000	      0.39216839	      0.46989323	     -0.00000006	      0.00000000	      0.00000000	      0.00000000	      1.89547157	      1.96613221	      0.19520111	      0.02736234	      0.08025176	      0.00000000	      0.00000000	      0.00000000	      4.84166623	      1.06587301	      0.55518555	      1.49356720	      0.34225045	      0.07333298	      0.10071654	      1.57190162	      0.18306614	      0.37852834	      0.23250078	      0.92254527	      0.31765489	      0.40929429	      0.82662115	      0.54372012	      0.25526542	      0.16121351	      0.08597400	      1.70066906	     -0.00000001	      1.72525010	      0.00000000	      0.00000000	      1.52849556	      0.00000000	      0.57358081	      0.73315710	      0.00000000	      0.39216839	      0.46989323	     -0.00000006	      0.00000000	      0.00000000	      0.00000000	      1.89547157	      1.96613221	      0.19520111	      0.02736234	      0.08025176	      0.00000000	      0.00000000	      0.00000000	      4.84166623	      1.06587301	      0.55518555	      1.49356720	      0.34225045	      0.07333298	      0.10071654	      1.57190162	      0.18306614	      0.37852834	      0.23250078	      0.92254527	      0.31765489	      0.00000000	      0.00000000	      1.58986432	      1.58986432	      1.90783718	      1.90783718
      0.93000000	    138.80661200	     90.19752000	      0.40929429	      0.82662115	      0.54372012	      0.25526542	      0.16121351	      0.08597400	      1.70066906	     -0.00000001	      1.72525010	      0.00000000	      0.00000000	      1.52849556	      0.00000001	      0.57358081	      0.73315710	      0.00000000	      0.39216839	      0.46989323	      0.00000000	      0.00000000	      0.00000000	     -0.00000000	      1.89547157	      1.96613221	      0.19520111	      0.02736234	      0.08025176	      0.00000000	      0.00000000	      0.00000000	      0.00000000	      1.06587301	      0.55518555	      1.49356720	      0.34225045	      0.07333298	      0.10071654	      1.57190162	      0.18306614	      0.37852834	      0.23250078	      0.92254527	      0.31765489	      0.40929429	      0.82662115	      0.54372012	      0.25526542	      0.16121351	      0.08597400	      1.70066906	     -0.00000001	      1.72525010	      0.00000000	      0.00000000	      1.52849556	      0.00000001	      0.57358081	      0.73315710	      0.00000000	      0.39216839	      0.46989323	      0.00000000	      0.00000000	      0.00000000	     -0.00000000	      1.89547157	      1.96613221	      0.19520111	      0.02736234	      0.08025176	      0.00000000	      0.00000000	      0.00000000	      0.00000000	      1.06587301	      0.55518555	      1.49356720	      0.34225045	      0.07333298	      0.10071654	      1.57190162	      0.18306614	      0.37852834	      0.23250078	      0.92254527	      0.31765489	      0.00000000	      0.00000000	      1.58986432	      1.58986432	      1.90783718	      1.90783718
      0.94000000	    138.80661203	     90.19752000	      0.40929429	      0.82662115	      0.54372012	      0.25526542	      0.16121351	      0.08597400	      1.70066906	      0.00000000	      1.72525010	      0.00000002	      0.00000000	      1.52849556	      0.00000000	      0.57358081	      0.73315710	     -0.00000000	      0.39216839	      0.46989323	      0.00000000	      0.00000000	      0.00000000	     -0.00000000	      1.89547157	      1.96613221	      0.19520111	      0.02736234	      0.08025176	      0.00000000	      0.00000000	      0.00000000	      0.00000000	      1.06587301	      0.55518555	      1.49356720	      0.34225045	      0.07333298	      0.10071654	      1.57190162	      0.18306614	      0.37852834	      0.23250078	      0.92254527	      0.31765489	      0.40929429	      0.82662115	      0.54372012	      0.25526542	      0.16121351	      0.08597400	      1.70066906	      0.00000000	      1.72525010	      0.00000002	      0.00000000	      1.52849556	      0.00000000	      0.57358081	      0.73315710	     -0.00000000	      0.39216839	      0.46989323	      0.00000000	      0.00000000	      0.00000000	     -0.00000000	      1.89547157	      1.96613221	      0.19520111	      0.02736234	      0.08025176	      0.00000000	      0.00000000	      0.00000000	      0.00000000	      1.06587301	      0.55518555	      1.49356720	      0.34225045	      0.07333298	      0.10071654	      1.57190162	      0.18306614	      0.37852834	      0.23250078	      0.92254527	      0.31765489	      0.00000000	      0.00000000	      1.58986432	      1.58986432	      1.90783718	      1.90783718
      0.95000000	    138.80661069	     90.19752000	      0.40929429	      0.82662115	      0.54372012	      0.25526542	      0.16121351	      0.08597400	      1.70066906	      0.00000000	      1.72525010	      0.00000000	     -0.00000066	      1.52849556	      0.00000000	      0.57358081	      0.73315710	     -0.00000000	      0.39216839	      0.46989323	      0.00000000	      0.00000000	      0.00000000	      0.00000000	      1.89547157	      1.96613221	      0.19520111	      0.02736234	      0.08025176	      0.00000000	      0.00000000	      0.00000000	      0.00000000	      1.06587301	      0.55518555	      1.49356720	      0.34225045	      0.07333298	      0.10071654	      1.57190162	      0.18306614	      0.37852834	      0.23250078	      0.92254527	      0.31765489	      0.40929429	      0.82662115	      0.54372012	      0.25526542	      0.16121351	      0.08597400	      1.70066906	      0.00000000	      1.72525010	      0.00000000	     -0.00000066	      1.52849556	      0.00000000	      0.57358081	      0.73315710	     -0.00000000	      0.39216839	      0.46989323	      0.00000000	      0.00000000	      0.00000000	      0.00000000	      1.89547157	      1.96613221	      0.19520111	      0.02736234	      0.08025176	      0.00000000	      0.00000000	      0.00000000	      0.00000000	      1.06587301	      0.55518555	      1.49356720	      0.34225045	      0.07333298	      0.10071654	      1.57190162	      0.18306614	      0.37852834	      0.23250078	      0.92254527	      0.31765489	      0.00000000	      0.00000000	      1.58986432	      1.58986432	      1.90783718	      1.90783718
      0.96000000	    138.80661205	     90.19752000	      0.40929429	      0.82662115	      0.54372012	      0.25526542	      0.16121351	      0.08597400	      1.70066906	      0.00000000	      1.72525010	      0.00000002	      0.00000000	      1.52849556	      0.00000001	      0.57358081	      0.73315710	      0.00000000	      0.39216839	      0.46989323	      0.00000000	      0.00000000	      0.00000000	      0.00000000	      1.89547157	      1.96613221	      0.19520111	      0.02736234	      0.08025176	      0.00000000	     -0.00000000	      0.00000000	      0.00000000	      1.06587301	      0.55518555	      1.49356720	      0.34225045	      0.07333298	      0.10071654	      1.57190162	      0.18306614	      0.37852834	      0.23250078	      0.92254527	      0.31765489	      0.40929429	      0.82662115	      0.54372012	      0.25526542	      0.16121351	      0.08597400	      1.70066906	      0.00000000	      1.72525010	      0.00000002	      0.00000000	      1.52849556	      0.00000001	      0.57358081	      0.73315710	      0.00000000	      0.39216839	      0.46989323	      0.00000000	      0.00000000	      0.00000000	      0.00000000	      1.89547157	      1.96613221	      0.19520111	      0.02736234	      0.08025176	      0.00000000	     -0.00000000	      0.00000000	      0.00000000	      1.06587301	      0.55518555	      1.49356720	      0.34225045	      0.07333298	      0.10071654	      1.57190162	      0.18306614	      0.37852834	      0.23250078	      0.92254527	      0.31765489	      0.00000000	      0.00000000	      1.58986432	      1.58986432	      1.90783718	      1.90783718
      0.97000000	    138.80661205	     90.19752000	      0.40929429	      0.82662115	      0.54372012	      0.25526542	      0.16121351	      0.08597400	      1.70066906	      0.00000000	      1.72525010	      0.00000002	      0.00000000	      1.52849556	      0.00000001	      0.57358081	      0.73315710	     -0.00000000	      0.39216839	      0.46989323	      0.00000000	      0.00000000	      0.00000000	      0.00000000	      1.89547157	      1.96613221	      0.19520111	      0.02736234	      0.08025176	      0.00000000	      0.00000000	      0.00000000	      0.00000000	      1.06587301	      0.55518555	      1.49356720	      0.34225045	      0.07333298	      0.10071654	      1.57190162	      0.18306614	      0.37852834	      0.23250078	      0.92254527	      0.31765489	      0.40929429	      0.82662115	      0.54372012	      0.25526542	      0.16121351	      0.08597400	      1.70066906	      0.00000000	      1.72525010	      0.00000002	      0.00000000	      1.52849556	      0.00000001	      0.57358081	      0.73315710	     -0.00000000	      0.39216839	      0.46989323	      0.00000000	      0.00000000	      0.00000000	      0.00000000	      1.89547157	      1.96613221	      0.19520111	      0.02736234	      0.08025176	      0.00000000	      0.00000000	      0.00000000	      0.00000000	      1.06587301	      0.55518555	      1.49356720	      0.34225045	      0.07333298	      0.10071654	      1.57190162	      0.18306614	      0.37852834	      0.23250078	      0.92254527	      0.31765489	      0.00000000	      0.00000000	      1.58986432	      1.58986432	      1.90783718	      1.90783718
      0.98000000	    138.91291287	     90.19752000	      0.40929429	      0.82662115	      0.54372012	      0.25526542	      0.16121351	      0.08597400	      1.70066906	     -0.00000001	      1.72525010	     -0.00000001	     -0.00000066	      1.52849556	      0.00000001	      0.57358081	      0.78630819	      0.00000000	      0.39216839	      0.46989323	      0.00000000	      0.00000000	      0.00000000	      0.00000000	      1.89547157	      1.96613221	      0.19520111	      0.02736234	      0.08025176	      0.00000000	      0.00000000	      0.00000000	      0.00000000	      1.06587301	      0.55518555	      1.49356720	      0.34225045	      0.07333298	      0.10071654	      1.57190162	      0.18306614	      0.37852834	      0.23250078	      0.92254527	      0.31765489	      0.40929429	      0.82662115	      0.54372012	      0.25526542	      0.16121351	      0.08597400	      1.70066906	     -0.00000001	      1.72525010	     -0.00000001	     -0.00000066	      1.52849556	      0.00000001	      0.57358081	      0.78630819	      0.00000000	      0.39216839	      0.46989323	      0.00000000	      0.00000000	      0.00000000	      0.00000000	      1.89547157	      1.96613221	      0.19520111	      0.02736234	      0.08025176	      0.00000000	      0.00000000	      0.00000000	      0.00000000	      1.06587301	      0.55518555	      1.49356720	      0.34225045	      0.07333298	      0.10071654	      1.57190162	      0.18306614	      0.37852834	      0.23250078	      0.92254527	      0.31765489	      0.00000000	      0.00000000	      1.58986432	      1.58986432	      1.90783718	      1.90783718
      0.99000000	    138.80661199	     90.19752000	      0.40929429	      0.82662115	      0.54372012	      0.25526542	      0.16121351	      0.08597400	      1.70066906	     -0.00000001	      1.72525010	      0.00000000	      0.00000000	      1.52849556	      0.00000000	      0.57358081	      0.73315710	     -0.00000000	      0.39216839	      0.46989323	      0.00000000	      0.00000000	      0.00000000	      0.00000000	      1.89547157	      1.96613221	      0.19520111	      0.02736234	      0.08025176	      0.00000000	      0.00000000	      0.00000000	      0.00000000	      1.06587301	      0.55518555	      1.49356720	      0.34225045	      0.07333298	      0.10071654	      1.57190162	      0.18306614	      0.37852834	      0.23250078	      0.92254527	      0.31765489	      0.40929429	      0.82662115	      0.54372012	      0.25526542	      0.16121351	      0.08597400	      1.70066906	     -0.00000001	      1.72525010	      0.00000000	      0.00000000	      1.52849556	      0.00000000	      0.57358081	      0.73315710	     -0.00000000	      0.39216839	      0.46989323	      0.00000000	      0.00000000	      0.00000000	      0.00000000	      1.89547157	      1.96613221	      0.19520111	      0.02736234	      0.08025176	      0.00000000	      0.00000000	      0.00000000	      0.00000000	      1.06587301	      0.55518555	      1.49356720	      0.34225045	      0.07333298	      0.10071654	      1.57190162	      0.18306614	      0.37852834	      0.23250078	      0.92254527	      0.31765489	      0.00000000	      0.00000000	      1.58986432	      1.58986432	      1.90783718	      1.90783718
      1.00000000	    138.80661072	     90.19752000	      0.40929429	      0.82662115	      0.54372012	      0.25526542	      0.16121351	      0.08597400	      1.70066906	      0.00000000	      1.72525010	      0.00000002	     -0.00000066	      1.52849556	      0.00000000	      0.57358081	      0.73315710	      0.00000000	      0.39216839	      0.46989323	      0.00000000	      0.00000000	      0.00000000	      0.00000000	      1.89547157	      1.96613221	      0.19520111	      0.02736234	      0.08025176	      0.00000000	     -0.00000000	      0.00000000	      0.00000000	      1.06587301	      0.55518555	      1.49356720	      0.34225045	      0.07333298	      0.10071654	      1.57190162	      0.18306614	      0.37852834	      0.23250078	      0.92254527	      0.31765489	      0.40929429	      0.82662115	      0.54372012	      0.25526542	      0.16121351	      0.08597400	      1.70066906	      0.00000000	      1.72525010	      0.00000002	     -0.00000066	      1.52849556	      0.00000000	      0.57358081	      0.73315710	      0.00000000	      0.39216839	      0.46989323	      0.00000000	      0.00000000	      0.00000000	      0.00000000	      1.89547157	      1.96613221	      0.19520111	      0.02736234	      0.08025176	      0.00000000	     -0.00000000	      0.00000000	      0.00000000	      1.06587301	      0.55518555	      1.49356720	      0.34225045	      0.07333298	      0.10071654	      1.57190162	      0.18306614	      0.37852834	      0.23250078	      0.92254527	      0.31765489	      0.00000000	      0.00000000	      1.58986432	      1.58986432	      1.90783718	      1.90783718
      1.01000000	    138.80661231	     90.19752000	      0.40929429	      0.82662115	      0.54372012	      0.25526542	      0.16121351	      0.08597400	      1.70066906	      0.00000000	      1.72525010	      0.00000000	      0.00000000	      1.52849556	      0.00000001	      0.57358081	      0.73315710	      0.00000000	      0.39216839	      0.46989323	      0.00000000	      0.00000000	      0.00000000	     -0.00000000	      1.89547157	      1.96613221	      0.19520111	      0.02736234	      0.08025176	      0.00000000	      0.00000000	      0.00000000	      0.00000000	      1.06587301	      0.55518555	      1.49356720	      0.34225045	      0.07333298	      0.10071654	      1.57190162	      0.18306614	      0.37852834	      0.23250078	      0.92254527	      0.31765489	      0.40929429	      0.82662115	      0.54372012	      0.25526542	      0.16121351	      0.08597400	      1.70066906	      0.00000000	      1.72525010	      0.00000000	      0.00000000	      1.52849556	      0.00000001	      0.57358081	      0.73315710	      0.00000000	      0.39216839	      0.46989323	      0.00000000	      0.00000000	      0.00000000	     -0.00000000	      1.89547157	      1.96613221	      0.19520111	      0.02736234	      0.08025176	      0.00000000	      0.00000000	      0.00000000	      0.00000000	      1.06587301	      0.55518555	      1.49356720	      0.34225045	      0.07333298	      0.10071654	      1.57190162	      0.18306614	      0.37852834	      0.23250078	      0.92254527	      0.31765489	      0.00000015	      0.00000015	      1.58986432	      1.58986432	      1.90783718	      1.90783718
      1.02000000	    138.80661069	     90.19752000	      0.40929429	      0.82662115	      0.54372012	      0.25526542	      0.16121351	      0.08597400	      1.70066906	     -0.00000001	      1.72525010	      0.00000000	     -0.00000066	      1.52849556	      0.00000001	      0.57358081	      0.73315710	      0.00000000	      0.39216839	      0.46989323	      0.00000000	      0.00000000	      0.00000000	      0.00000000	      1.89547157	      1.96613221	      0.19520111	      0.02736234	      0.08025176	      0.00000000	      0.00000000	      0.00000000	      0.00000000	      1.06587301	      0.55518555	      1.49356720	      0.34225045	      0.07333298	      0.10071654	      1.57190162	      0.18306614	      0.37852834	      0.23250078	      0.92254527	      0.31765489	      0.40929429	      0.82662115	      0.54372012	      0.25526542	      0.16121351	      0.08597400	      1.70066906	     -0.00000001	      1.72525010	      0.00000000	     -0.00000066	      1.52849556	      0.00000001	      0.57358081	      0.73315710	      0.00000000	      0.39216839	      0.46989323	      0.00000000	      0.00000000	      0.00000000	      0.00000000	      1.89547157	      1.96613221	      0.19520111	      0.02736234	      0.08025176	      0.00000000	      0.00000000	      0.00000000	      0.00000000	      1.06587301	      0.55518555	      1.49356720	      0.34225045	      0.07333298	      0.10071654	      1.57190162	      0.18306614	      0.37852834	      0.23250078	      0.92254527	      0.31765489	      0.00000000	      0.00000000	      1.58986432	      1.58986432	      1.90783718	      1.90783718
      1.03000000	    144.15532549	     90.19752000	      0.40929429	      0.82662115	      0.54372012	      0.25526542	      0.16121351	      0.08597400	      1.70066906	      0.00000000	      1.72525010	      0.00000000	      0.00000000	      1.52849556	      0.00000000	      0.57358081	      0.73315710	      0.00000000	      0.39216839	      0.46989323	      0.00000000	      0.00000000	      0.00000000	      0.00000000	      1.89547157	      1.96613221	      0.19520111	      0.02736234	      0.08025176	      0.00000000	      0.00000000	      0.00000000	      2.67435675	      1.06587301	      0.55518555	      1.49356720	      0.34225045	      0.07333298	      0.10071654	      1.57190162	      0.18306614	      0.37852834	      0.23250078	      0.92254527	      0.31765489	      0.40929429	      0.82662115	      0.54372012	      0.25526542	      0.16121351	      0.08597400	      1.70066906	      0.00000000	      1.72525010	      0.00000000	      0.00000000	      1.52849556	      0.00000000	      0.57358081	      0.73315710	      0.00000000	      0.39216839	      0.46989323	      0.00000000	      0.00000000	      0.00000000	      0.00000000	      1.89547157	      1.96613221	      0.19520111	      0.02736234	      0.08025176	      0.00000000	      0.00000000	      0.00000000	      2.67435675	      1.06587301	      0.55518555	      1.49356720	      0.34225045	      0.07333298	      0.10071654	      1.57190162	      0.18306614	      0.37852834	      0.23250078	      0.92254527	      0.31765489	      0.00000000	      0.00000000	      1.58986432	      1.58986432	      1.90783718	      1.90783718
      1.04000000	    144.15623759	     90.19752000	      0.40929429	      0.82662115	      0.54372012	      0.25526542	      0.16121351	      0.08597400	      1.70066906	      0.00000000	      1.72525010	      0.00000000	     -0.00000066	      1.52849556	      0.00000001	      0.57358081	      0.73315710	     -0.00000000	      0.39216839	      0.46989323	     -0.00000006	      0.00000000	      0.00000000	      0.00000000	      1.89547157	      1.96613221	      0.19520111	      0.02736234	      0.08025176	      0.00000000	      0.00000000	      0.00000000	      2.67481350	      1.06587301	      0.55518555	      1.49356720	      0.34225045	      0.07333298	      0.10071654	      1.57190162	      0.18306614	      0.37852834	      0.23250078	      0.92254527	      0.31765489	      0.40929429	      0.82662115	      0.54372012	      0.25526542	      0.16121351	      0.08597400	      1.70066906	      0.00000000	      1.72525010	      0.00000000	     -0.00000066	      1.52849556	      0.00000001	      0.57358081	      0.73315710	     -0.00000000	      0.39216839	      0.46989323	     -0.00000006	      0.00000000	      0.00000000	      0.00000000	      1.89547157	      1.96613221	      0.19520111	      0.02736234	      0.08025176	      0.00000000	      0.00000000	      0.00000000	      2.67481350	      1.06587301	      0.55518555	      1.49356720	      0.34225045	      0.07333298	      0.10071654	      1.57190162	      0.18306614	      0.37852834	      0.23250078	      0.92254527	      0.31765489	      0.00000000	      0.00000000	      1.58986432	      1.58986432	      1.90783718	      1.90783718
      1.05000000	    149.98345797	     90.19752000	      0.40929429	      0.82662115	      0.54372012	      0.25526542	      0.16121351	      0.08597400	      1.70066906	      0.00000000	      1.72525010	      0.00000000	      0.00000000	      1.52849556	      0.00000001	      0.57358081	      0.73315710	      0.00000000	      0.39216839	      0.46989323	      0.00000000	      0.00000000	     -0.00000000	      0.00000000	      1.89547157	      1.96613221	      0.19520111	      0.02736234	      0.08025176	      0.00000000	      2.00978489	      2.81166170	      2.67481350	      1.06587301	      0.55518555	      1.49356720	      0.34225045	      0.07333298	      0.10071654	      1.57190162	      0.18306614	      0.37852834	      0.23250078	      0.92254527	      0.31765489	      0.40929429	      0.82662115	      0.54372012	      0.25526542	      0.16121351	      0.08597400	      1.70066906	      0.00000000	      1.72525010	      0.00000000	      0.00000000	      1.52849556	      0.00000001	      0.57358081	      0.73315710	      0.00000000	      0.39216839	      0.46989323	      0.00000000	      0.00000000	     -0.00000000	      0.00000000	      1.89547157	      1.96613221	      0.19520111	      0.02736234	      0.08025176	      0.00000000	      2.00978489	      2.81166170	      2.67481350	      1.06587301	      0.55518555	      1.49356720	      0.34225045	      0.07333298	      0.10071654	      1.57190162	      0.18306614	      0.37852834	      0.23250078	      0.92254527	      0.31765489	      0.00000008	      0.00000008	      1.58986432	      1.58986432	      0.00000000	      0.00000000
      1.06000000	    153.06022996	     90.19752000	      0.40929429	      0.82662115	      0.54372012	      0.25526542	      0.16121351	      0.08597400	      1.70066906	      0.00000000	      1.72525010	      0.00000002	      0.00000000	      1.52849556	      0.00000000	      0.57358081	      0.73315710	      0.00000000	      0.39216839	      0.46989323	     -0.00000006	      2.29509294	      0.00000000	      0.00000000	      1.89547157	      1.96613221	      0.19520111	      0.02736234	      0.08025176	      0.00000000	      2.00978489	      2.05495488	      2.67481350	      1.06587301	      0.55518555	      1.49356720	      0.34225045	      0.07333298	      0.10071654	      1.57190162	      0.18306614	      0.37852834	      0.23250078	      0.92254527	      0.31765489	      0.40929429	      0.82662115	      0.54372012	      0.25526542	      0.16121351	      0.08597400	      1.70066906	      0.00000000	      1.72525010	      0.00000002	      0.00000000	      1.52849556	      0.00000000	      0.57358081	      0.73315710	      0.00000000	      0.39216839	      0.46989323	     -0.00000006	      2.29509294	      0.00000000	      0.00000000	      1.89547157	      1.96613221	      0.19520111	      0.02736234	      0.08025176	      0.00000000	      2.00978489	      2.05495488	      2.67481350	      1.06587301	      0.55518555	      1.49356720	      0.34225045	      0.07333298	      0.10071654	      1.57190162	      0.18306614	      0.37852834	      0.23250078	      0.92254527	      0.31765489	      0.00000000	      0.00000000	      1.58986432	      1.58986432	      0.00000000	      0.00000000
      1.07000000	    151.34473084	     90.19752000	      0.40929429	      0.82662115	      0.54372012	      0.25526542	      0.16121351	      0.08597400	      1.70066906	      0.00000000	      1.72525010	      0.00000000	      0.00000000	      1.52849556	      0.00000000	      0.57358081	      0.73315710	      0.00000000	      0.39216839	      0.46989323	      0.00000000	      1.43734334	      0.00000000	      0.00000000	      1.89547157	      1.96613221	      0.19520111	      0.02736234	      0.08025176	      0.00000000	      2.00978489	      2.05495488	      2.67481350	      1.06587301	      0.55518555	      1.49356720	      0.34225045	      0.07333298	      0.10071654	      1.57190162	      0.18306614	      0.37852834	      0.23250078	      0.92254527	      0.31765489	      0.40929429	      0.82662115	      0.54372012	      0.25526542	      0.16121351	      0.08597400	      1.70066906	      0.00000000	      1.72525010	      0.00000000	      0.00000000	      1.52849556	      0.00000000	      0.57358081	      0.73315710	      0.00000000	      0.39216839	      0.46989323	      0.00000000	      1.43734334	      0.00000000	      0.00000000	      1.89547157	      1.96613221	      0.19520111	      0.02736234	      0.08025176	      0.00000000	      2.00978489	      2.05495488	      2.67481350	      1.06587301	      0.55518555	      1.49356720	      0.34225045	      0.07333298	      0.10071654	      1.57190162	      0.18306614	      0.37852834	      0.23250078	      0.92254527	      0.31765489	      0.00000000	      0.00000000	      1.58986432	      1.58986432	      0.00000000	      0.00000000
      1.08000000	    151.34472954	     90.19752000	      0.40929429	      0.82662115	      0.54372012	      0.25526542	      0.16121351	      0.08597400	      1.70066906	      0.00000000	      1.72525010	      0.00000000	     -0.00000066	      1.52849556	      0.00000001	      0.57358081	      0.73315710	      0.00000000	      0.39216839	      0.46989323	      0.00000000	      1.43734334	      0.00000000	      0.00000000	      1.89547157	      1.96613221	      0.19520111	      0.02736234	      0.08025176	      0.00000000	      2.00978489	      2.05495488	      2.67481350	      1.06587301	      0.55518555	      1.49356720	      0.34225045	      0.07333298	      0.10071654	      1.57190162	      0.18306614	      0.37852834	      0.23250078	      0.92254527	      0.31765489	      0.40929429	      0.82662115	      0.54372012	      0.25526542	      0.16121351	      0.08597400	      1.70066906	      0.00000000	      1.72525010	      0.00000000	     -0.00000066	      1.52849556	      0.00000001	      0.57358081	      0.73315710	      0.00000000	      0.39216839	      0.46989323	      0.00000000	      1.43734334	      0.00000000	      0.00000000	      1.89547157	      1.96613221	      0.19520111	      0.02736234	      0.08025176	      0.00000000	      2.00978489	      2.05495488	      2.67481350	      1.06587301	      0.55518555	      1.49356720	      0.34225045	      0.07333298	      0.10071654	      1.57190162	      0.18306614	      0.37852834	      0.23250078	      0.92254527	      0.31765489	      0.00000000	      0.00000000	      1.58986432	      1.58986432	      0.00000000	      0.00000000
      1.09000000	    151.34472953	     90.19752000	      0.40929429	      0.82662115	      0.54372012	      0.25526542	      0.16121351	      0.08597400	      1.70066906	      0.00000000	      1.72525010	      0.00000000	     -0.00000066	      1.52849556	      0.00000000	      0.57358081	      0.73315710	      0.00000000	      0.39216839	      0.46989323	      0.00000000	      1.43734334	      0.00000000	      0.00000000	      1.89547157	      1.96613221	      0.19520111	      0.02736234	      0.08025176	      0.00000000	      2.00978489	      2.05495488	      2.67481350	      1.06587301	      0.55518555	      1.49356720	      0.34225045	      0.07333298	      0.10071654	      1.57190162	      0.18306614	      0.37852834	      0.23250078	      0.92254527	      0.31765489	      0.40929429	      0.82662115	      0.54372012	      0.25526542	      0.16121351	      0.08597400	      1.70066906	      0.00000000	      1.72525010	      0.00000000	     -0.00000066	      1.52849556	      0.00000000	      0.57358081	      0.73315710	      0.00000000	      0.39216839	      0.46989323	      0.00000000	      1.43734334	      0.00000000	      0.00000000	      1.89547157	      1.96613221	      0.19520111	      0.02736234	      0.08025176	      0.00000000	      2.00978489	      2.05495488	      2.67481350	      1.06587301	      0.55518555	      1.49356720	      0.34225045	      0.07333298	      0.10071654	      1.57190162	      0.18306614	      0.37852834	      0.23250078	      0.92254527	      0.31765489	      0.00000000	      0.00000000	      1.58986432	      1.58986432	      0.00000000	      0.00000000
      1.10000000	    152.16202041	     90.19752000	      0.40929429	      0.82662115	      0.54372012	      0.25526542	      0.16121351	      0.08597400	      1.70066906	      0.00000000	      1.72525010	      0.00000000	     -0.00000066	      1.52849556	      0.00000000	      0.57358081	      0.73315710	      0.00000000	      0.71846740	      0.46989323	      0.00000000	      1.43734334	      0.00000000	      0.00000000	      1.89547157	      1.96613221	      0.19520111	      0.02736234	      0.08025176	      0.00000000	      2.00978489	      2.05495488	      2.67481350	      1.06587301	      0.55518555	      1.49356720	      0.34225045	      0.07333298	      0.10071654	      1.57190162	      0.18306614	      0.37852834	      0.23250078	      0.92254527	      0.40000133	      0.40929429	      0.82662115	      0.54372012	      0.25526542	      0.16121351	      0.08597400	      1.70066906	      0.00000000	      1.72525010	      0.00000000	     -0.00000066	      1.52849556	      0.00000000	      0.57358081	      0.73315710	      0.00000000	      0.71846740	      0.46989323	      0.00000000	      1.43734334	      0.00000000	      0.00000000	      1.89547157	      1.96613221	      0.19520111	      0.02736234	      0.08025176	      0.00000000	      2.00978489	      2.05495488	      2.67481350	      1.06587301	      0.55518555	      1.49356720	      0.34225045	      0.07333298	      0.10071654	      1.57190162	      0.18306614	      0.37852834	      0.23250078	      0.92254527	      0.40000133	      0.00000000	      0.00000000	      1.58986432	      1.58986432	      0.00000000	      0.00000000
      1.11000000	    157.02287011	     90.19752000	      0.40929429	      0.82662115	      0.54372012	      0.25526542	      0.16121351	      0.08597400	      1.70066906	     -0.00000001	      1.72525010	      0.00000000	      0.00000000	      1.52849556	      0.00000000	      0.57358081	      0.73315710	      0.00000000	      0.35177400	      0.46989323	      0.00000000	      1.43734334	      3.19711885	      0.00000000	      1.89547157	      1.96613221	      0.19520111	      0.02736234	      0.08025176	      0.00000000	      2.00978489	      2.05495488	      2.67481350	      1.06587301	      0.55518555	      1.49356720	      0.34225045	      0.07333298	      0.10071654	      1.57190162	      0.18306614	      0.37852834	      0.23250078	      0.92254527	      0.00000000	      0.40929429	      0.82662115	      0.54372012	      0.25526542	      0.16121351	      0.08597400	      1.70066906	     -0.00000001	      1.72525010	      0.00000000	      0.00000000	      1.52849556	      0.00000000	      0.57358081	      0.73315710	      0.00000000	      0.35177400	      0.46989323	      0.00000000	      1.43734334	      3.19711885	      0.00000000	      1.89547157	      1.96613221	      0.19520111	      0.02736234	      0.08025176	      0.00000000	      2.00978489	      2.05495488	      2.67481350	      1.06587301	      0.55518555	      1.49356720	      0.34225045	      0.07333298	      0.10071654	      1.57190162	      0.18306614	      0.37852834	      0.23250078	      0.92254527	      0.00000000	      0.00000008	      0.00000008	      1.58986432	      1.58986432	     -0.00000000	     -0.00000000
      1.12000000	    154.27401047	     90.19752000	      0.40929429	      0.82662115	      0.54372012	      0.25526542	      0.16121351	      0.08597400	      1.70066906	      0.00000000	      1.72525010	      0.00000000	      0.00000000	      1.52849556	      0.00000001	      0.57358081	      0.73315710	      0.00000000	      0.00000000	      0.46989323	      0.00000000	      1.43734334	      2.12676150	      0.00000000	      1.89547157	      1.96613221	      0.19520111	      0.02736234	      0.08025176	      0.00000000	      2.00978489	      2.05495488	      2.67481350	      1.06587301	      0.55518555	      1.49356720	      0.34225045	      0.07333298	      0.10071654	      1.57190162	      0.18306614	      0.37852834	      0.23250078	      0.97024686	      0.00000000	      0.40929429	      0.82662115	      0.54372012	      0.25526542	      0.16121351	      0.08597400	      1.70066906	      0.00000000	      1.72525010	      0.00000000	      0.00000000	      1.52849556	      0.00000001	      0.57358081	      0.73315710	      0.00000000	      0.00000000	      0.46989323	      0.00000000	      1.43734334	      2.12676150	      0.00000000	      1.89547157	      1.96613221	      0.19520111	      0.02736234	      0.08025176	      0.00000000	      2.00978489	      2.05495488	      2.67481350	      1.06587301	      0.55518555	      1.49356720	      0.34225045	      0.07333298	      0.10071654	      1.57190162	      0.18306614	      0.37852834	      0.23250078	      0.97024686	      0.00000000	      0.00000000	      0.00000000	      1.58986432	      1.58986432	      0.00000000	      0.00000000
      1.13000000	    156.12827765	     90.19752000	      0.40929429	      0.82662115	      0.54372012	      0.25526542	      0.16121351	      0.08597400	      1.70066906	     -0.00000001	      1.72525010	      0.00000000	     -0.00000066	      1.52849556	      0.00000001	      0.57358081	      0.73315710	      1.18746806	      0.00000000	      0.46989323	      0.00000000	      1.43734334	      2.12676150	      0.00000000	      1.89547157	      1.96613221	      0.19520111	      0.02736234	      0.08025176	     -0.00000000	      2.00978489	      2.05495488	      2.67481350	      1.06587301	      0.55518555	      1.49356720	      0.34225045	      0.07333298	      0.10071654	      1.57190162	      0.18306614	      0.37852834	      0.23250078	      0.70991305	      0.00000000	      0.40929429	      0.82662115	      0.54372012	      0.25526542	      0.16121351	      0.08597400	      1.70066906	     -0.00000001	      1.72525010	      0.00000000	     -0.00000066	      1.52849556	      0.00000001	      0.57358081	      0.73315710	      1.18746806	      0.00000000	      0.46989323	      0.00000000	      1.43734334	      2.12676150	      0.00000000	      1.89547157	      1.96613221	      0.19520111	      0.02736234	      0.08025176	     -0.00000000	      2.00978489	      2.05495488	      2.67481350	      1.06587301	      0.55518555	      1.49356720	      0.34225045	      0.07333298	      0.10071654	      1.57190162	      0.18306614	      0.37852834	      0.23250078	      0.70991305	      0.00000000	      0.00000000	      0.00000000	      1.58986432	      1.58986432	      0.00000000	      0.00000000
      1.14000000	    153.71698544	     90.19752000	      0.40929429	      0.82662115	      0.54372012	      0.25526542	      0.16121351	      0.08597400	      1.70066906	      0.00000000	      1.72525010	      0.00000000	      0.00000000	      0.95201417	      0.00000001	      0.57358081	      0.73315710	      1.12929829	      0.00000000	      0.46989323	      0.00000000	      1.43734334	      2.12676150	      0.00000000	      2.03438901	      1.96613221	      0.19520111	      0.02736234	      0.08025176	      0.00000000	      2.00978489	      2.05495488	      2.67481350	      1.06587301	      0.55518555	      1.49356720	      0.34225045	      0.07333298	      0.10071654	      1.57190162	      0.18306614	      0.37852834	      0.23250078	     -0.00000000	      0.00000000	      0.40929429	      0.82662115	      0.54372012	      0.25526542	      0.16121351	      0.08597400	      1.70066906	      0.00000000	      1.72525010	      0.00000000	      0.00000000	      0.95201417	      0.00000001	      0.57358081	      0.73315710	      1.12929829	      0.00000000	      0.46989323	      0.00000000	      1.43734334	      2.12676150	      0.00000000	      2.03438901	      1.96613221	      0.19520111	      0.02736234	      0.08025176	      0.00000000	      2.00978489	      2.05495488	      2.67481350	      1.06587301	      0.55518555	      1.49356720	      0.34225045	      0.07333298	      0.10071654	      1.57190162	      0.18306614	      0.37852834	      0.23250078	     -0.00000000	      0.00000000	      0.00000000	      0.00000000	      1.58986432	      1.58986432	      0.00000000	      0.00000000
      1.15000000	    150.55251518	     90.19752000	      0.40929429	      0.82662115	      0.54372012	      0.25526542	      0.16121351	      0.08597400	      1.70066906	      0.00000000	      1.72525010	      0.00000000	      0.00000000	      0.00000000	      0.00000001	      0.57358081	      0.73315710	      1.12929829	      0.00000000	      0.46989323	     -0.00000012	      1.43734334	      2.12676150	      1.40416817	      0.00000000	      1.96613221	      0.19520111	      0.02736234	      0.08025176	      0.00000000	      2.00978489	      2.05495488	      2.67481350	      1.06587301	      0.55518555	      1.49356720	      0.34225045	      0.07333298	      0.10071654	      1.57190162	      0.18306614	      0.37852834	      0.23250078	      0.00000000	      0.00000000	      0.40929429	      0.82662115	      0.54372012	      0.25526542	      0.16121351	      0.08597400	      1.70066906	      0.00000000	      1.72525010	      0.00000000	      0.00000000	      0.00000000	      0.00000001	      0.57358081	      0.73315710	      1.12929829	      0.00000000	      0.46989323	     -0.00000012	      1.43734334	      2.12676150	      1.40416817	      0.00000000	      1.96613221	      0.19520111	      0.02736234	      0.08025176	      0.00000000	      2.00978489	      2.05495488	      2.67481350	      1.06587301	      0.55518555	      1.49356720	      0.34225045	      0.07333298	      0.10071654	      1.57190162	      0.18306614	      0.37852834	      0.23250078	      0.00000000	      0.00000000	      0.00000000	      0.00000000	      1.58986432	      1.58986432	      0.00000000	      0.00000000
      1.16000000	    150.55251541	     90.19752000	      0.40929429	      0.82662115	      0.54372012	      0.25526542	      0.16121351	      0.08597400	      1.70066906	      0.00000000	      1.72525010	      0.00000000	      0.00000000	      0.00000000	      0.00000001	      0.57358081	      0.73315710	      1.12929829	      0.00000000	      0.46989323	      0.00000000	      1.43734334	      2.12676150	      1.40416817	     -0.00000000	      1.96613221	      0.19520111	      0.02736234	      0.08025176	      0.00000000	      2.00978489	      2.05495488	      2.67481350	      1.06587301	      0.55518555	      1.49356720	      0.34225045	      0.07333298	      0.10071654	      1.57190162	      0.18306614	      0.37852834	      0.23250078	     -0.00000000	      0.00000000	      0.40929429	      0.82662115	      0.54372012	      0.25526542	      0.16121351	      0.08597400	      1.70066906	      0.00000000	      1.72525010	      0.00000000	      0.00000000	      0.00000000	      0.00000001	      0.57358081	      0.73315710	      1.12929829	      0.00000000	      0.46989323	      0.00000000	      1.43734334	      2.12676150	      1.40416817	     -0.00000000	      1.96613221	      0.19520111	      0.02736234	      0.08025176	      0.00000000	      2.00978489	      2.05495488	      2.67481350	      1.06587301	      0.55518555	      1.49356720	      0.34225045	      0.07333298	      0.10071654	      1.57190162	      0.18306614	      0.37852834	      0.23250078	     -0.00000000	      0.00000000	      0.00000000	      0.00000000	      1.58986432	      1.58986432	      0.00000000	      0.00000000
      1.17000000	    150.55251516	     90.19752000	      0.40929429	      0.82662115	      0.54372012	      0.25526542	      0.16121351	      0.08597400	      1.70066906	      0.00000000	      1.72525010	      0.00000000	      0.00000000	      0.00000000	      0.00000000	      0.57358081	      0.73315710	      1.12929829	      0.00000000	      0.46989323	     -0.00000012	      1.43734334	      2.12676150	      1.40416817	      0.00000000	      1.96613221	      0.19520111	      0.02736234	      0.08025176	      0.00000000	      2.00978489	      2.05495488	      2.67481350	      1.06587301	      0.55518555	      1.49356720	      0.34225045	      0.07333298	      0.10071654	      1.57190162	      0.18306614	      0.37852834	      0.23250078	     -0.00000000	      0.00000000	      0.40929429	      0.82662115	      0.54372012	      0.25526542	      0.16121351	      0.08597400	      1.70066906	      0.00000000	      1.72525010	      0.00000000	      0.00000000	      0.00000000	      0.00000000	      0.57358081	      0.73315710	      1.12929829	      0.00000000	      0.46989323	     -0.00000012	      1.43734334	      2.12676150	      1.40416817	      0.00000000	      1.96613221	      0.19520111	      0.02736234	      0.08025176	      0.00000000	      2.00978489	      2.05495488	      2.67481350	      1.06587301	      0.55518555	      1.49356720	      0.34225045	      0.07333298	      0.10071654	      1.57190162	      0.18306614	      0.37852834	      0.23250078	     -0.00000000	      0.00000000	      0.00000000	      0.00000000	      1.58986432	      1.58986432	      0.00000000	      0.00000000
      1.18000000	    160.27231572	     90.19752000	      0.40929429	      0.82662115	      0.54372012	      0.25526542	      0.16121351	      0.08597400	      1.70066906	     -0.00000001	      1.72525010	      0.00000000	     -0.00000066	      0.00000000	      0.00000001	      0.57358081	      0.73315710	      1.12929829	      0.00000000	      0.46989323	     -0.00000012	      1.43734334	      2.12676150	      1.40416817	      0.00000000	      3.57391600	      0.19520111	      0.02736234	      0.08025176	      3.25211710	      2.00978489	      2.05495488	      2.67481350	      1.06587301	      0.55518555	      1.49356720	      0.34225045	      0.07333298	      0.10071654	      1.57190162	      0.18306614	      0.37852834	      0.23250078	      0.00000000	      0.00000000	      0.40929429	      0.82662115	      0.54372012	      0.25526542	      0.16121351	      0.08597400	      1.70066906	     -0.00000001	      1.72525010	      0.00000000	     -0.00000066	      0.00000000	      0.00000001	      0.57358081	      0.73315710	      1.12929829	      0.00000000	      0.46989323	     -0.00000012	      1.43734334	      2.12676150	      1.40416817	      0.00000000	      3.57391600	      0.19520111	      0.02736234	      0.08025176	      3.25211710	      2.00978489	      2.05495488	      2.67481350	      1.06587301	      0.55518555	      1.49356720	      0.34225045	      0.07333298	      0.10071654	      1.57190162	      0.18306614	      0.37852834	      0.23250078	      0.00000000	      0.00000000	      0.00000004	      0.00000004	      1.58986432	      1.58986432	      0.00000000	      0.00000000
      1.19000000	    160.39889369	     90.19752000	      0.40929429	      0.82662115	      0.54372012	      0.25526542	      0.16121351	      0.08597400	      1.70066906	     -0.00000001	      1.72525010	      0.00000000	      0.00000000	     -0.00000000	      0.00000001	      0.57358081	      0.73315710	      1.12929829	      0.00000000	      0.46989323	      0.00000000	      1.43734334	      2.12676150	      1.40416817	      0.00000000	      2.05515800	      0.19520111	      0.02736234	      0.08025176	      4.24270947	      2.00978489	      2.05495488	      2.67481350	      1.06587301	      0.55518555	      1.49356720	      0.34225045	      0.07333298	      0.10071654	      2.16335551	      0.18306614	      0.37852834	      0.23250078	      0.00000000	      0.00000000	      0.40929429	      0.82662115	      0.54372012	      0.25526542	      0.16121351	      0.08597400	      1.70066906	     -0.00000001	      1.72525010	      0.00000000	      0.00000000	     -0.00000000	      0.00000001	      0.57358081	      0.73315710	      1.12929829	      0.00000000	      0.46989323	      0.00000000	      1.43734334	      2.12676150	      1.40416817	      0.00000000	      2.05515800	      0.19520111	      0.02736234	      0.08025176	      4.24270947	      2.00978489	      2.05495488	      2.67481350	      1.06587301	      0.55518555	      1.49356720	      0.34225045	      0.07333298	      0.10071654	      2.16335551	      0.18306614	      0.37852834	      0.23250078	      0.00000000	      0.00000000	      0.00000000	      0.00000000	      1.58986432	      1.58986432	      0.00000000	      0.00000000
      1.20000000	    159.87210274	     90.19752000	      0.40929429	      0.82662115	      0.54372012	      0.25526542	      0.16121351	      0.08597400	      1.70066906	      0.00000000	      1.72525010	      0.00000000	      0.00000000	      0.00000000	      0.00000000	      0.57358081	      0.73315710	      1.12929829	      0.00000000	      0.46989323	      0.00000000	      1.43734334	      2.12676150	      1.40416817	      0.00000000	      1.05077852	      0.19520111	      0.02736234	      0.08025176	      4.26670826	      2.00978489	      2.05495488	      2.67481350	      1.06587301	      0.55518555	      1.49356720	      0.34225045	      0.07333298	      0.10071654	      2.88034069	      0.18306614	      0.37852834	      0.23250078	      0.00000000	      0.00000000	      0.40929429	      0.82662115	      0.54372012	      0.25526542	      0.16121351	      0.08597400	      1.70066906	      0.00000000	      1.72525010	      0.00000000	      0.00000000	      0.00000000	      0.00000000	      0.57358081	      0.73315710	      1.12929829	      0.00000000	      0.46989323	      0.00000000	      1.43734334	      2.12676150	      1.40416817	      0.00000000	      1.05077852	      0.19520111	      0.02736234	      0.08025176	      4.26670826	      2.00978489	      2.05495488	      2.67481350	      1.06587301	      0.55518555	      1.49356720	      0.34225045	      0.07333298	      0.10071654	      2.88034069	      0.18306614	      0.37852834	      0.23250078	      0.00000000	      0.00000000	      0.00000004	      0.00000004	      1.58986432	      1.58986432	      0.00000000	      0.00000000
      1.21000000	    160.18039406	     90.19752000	      0.40929429	      0.82662115	      0.54372012	      0.25526542	      0.16121351	      0.08597400	      1.70066906	      0.00000000	      1.72525010	      0.00000000	      0.00000000	      0.00000000	      0.00000000	      0.57358081	      0.73315710	      1.12929829	      0.00000000	      0.46989323	      0.00000000	      1.43734334	      2.12676150	      1.40416817	      0.00000000	      1.59312970	      0.19520111	      0.02736234	      0.08025176	      4.28568291	      2.00978489	      2.05495488	      2.67481350	      1.06587301	      0.55518555	      1.49356720	      0.34225045	      0.07333298	      0.10071654	      2.47316056	      0.18306614	      0.37852834	      0.23250078	      0.00000000	      0.00000000	      0.40929429	      0.82662115	      0.54372012	      0.25526542	      0.16121351	      0.08597400	      1.70066906	      0.00000000	      1.72525010	      0.00000000	      0.00000000	      0.00000000	      0.00000000	      0.57358081	      0.73315710	      1.12929829	      0.00000000	      0.46989323	      0.00000000	      1.43734334	      2.12676150	      1.40416817	      0.00000000	      1.59312970	      0.19520111	      0.02736234	      0.08025176	      4.28568291	      2.00978489	      2.05495488	      2.67481350	      1.06587301	      0.55518555	      1.49356720	      0.34225045	      0.07333298	      0.10071654	      2.47316056	      0.18306614	      0.37852834	      0.23250078	      0.00000000	      0.00000000	      0.00000000	      0.00000000	      1.58986432	      1.58986432	      0.00000000	      0.00000000
      1.22000000	    161.43275061	     90.19752000	      0.40929429	      0.82662115	      0.54372012	      0.25526542	      0.16121351	      0.08597400	      1.70066906	      0.00000000	      1.72525010	      0.00000000	     -0.00000066	      0.00000000	      0.00000000	      0.57358081	      0.73315710	      1.12929829	      0.00000000	      0.46989323	      0.00000000	      1.43734334	      2.12676150	      1.40416817	      0.00000000	      2.96075361	      0.19520111	      0.02736234	      0.08025176	      3.97958241	      2.00978489	      2.05495488	      2.67481350	      1.06587301	      0.55518555	      1.49356720	      0.34225045	      0.07333298	      0.10071654	      2.03781608	      0.18306614	      0.37852834	      0.23250078	      0.00000000	      0.00000000	      0.40929429	      0.82662115	      0.54372012	      0.25526542	      0.16121351	      0.08597400	      1.70066906	      0.00000000	      1.72525010	      0.00000000	     -0.00000066	      0.00000000	      0.00000000	      0.57358081	      0.73315710	      1.12929829	      0.00000000	      0.46989323	      0.00000000	      1.43734334	      2.12676150	      1.40416817	      0.00000000	      2.96075361	      0.19520111	      0.02736234	      0.08025176	      3.97958241	      2.00978489	      2.05495488	      2.67481350	      1.06587301	      0.55518555	      1.49356720	      0.34225045	      0.07333298	      0.10071654	      2.03781608	      0.18306614	      0.37852834	      0.23250078	      0.00000000	      0.00000000	      0.00000000	      0.00000000	      1.58986432	      1.58986432	      0.00000000	      0.00000000
      1.23000000	    158.61640287	     90.19752000	      0.40929429	      0.82662115	      0.54372012	      0.25526542	      0.16121351	      0.08597400	      1.70066906	      0.00000000	      1.72525010	      0.00000007	      0.00000000	      0.00000000	      0.00000000	      0.57358081	      0.73315710	      1.12929829	      0.00000000	      0.46989323	     -0.00000012	      1.43734334	      2.12676150	      1.40416817	      0.00000000	      3.48585846	      0.19520111	      0.02736234	      0.08025176	      2.20292447	      2.00978489	      2.05495488	      2.67481350	      1.06587301	      0.55518555	      1.49356720	      0.34225045	      0.07333298	      0.10071654	      1.88119468	      0.18306614	      0.37852834	      0.23250078	      0.00000000	      0.00000000	      0.40929429	      0.82662115	      0.54372012	      0.25526542	      0.16121351	      0.08597400	      1.70066906	      0.00000000	      1.72525010	      0.00000007	      0.00000000	      0.00000000	      0.00000000	      0.57358081	      0.73315710	      1.12929829	      0.00000000	      0.46989323	     -0.00000012	      1.43734334	      2.12676150	      1.40416817	      0.00000000	      3.48585846	      0.19520111	      0.02736234	      0.08025176	      2.20292447	      2.00978489	      2.05495488	      2.67481350	      1.06587301	      0.55518555	      1.49356720	      0.34225045	      0.07333298	      0.10071654	      1.88119468	      0.18306614	      0.37852834	      0.23250078	      0.00000000	      0.00000000	      0.00000000	      0.00000000	      1.58986432	      1.58986432	      0.00000000	      0.00000000
      1.24000000	    151.37327033	     90.19752000	      0.40929429	      0.82662115	      0.54372012	      0.25526542	      0.16121351	      0.08597400	      1.70066906	      0.00000000	      1.72525010	      0.00000000	      0.00000000	      0.00000000	      0.00000001	      0.57358081	      0.73315710	      1.12929829	      0.00000000	      0.46989323	     -0.00000012	      1.43734334	      2.12676150	      1.40416817	      0.00000000	      1.96613221	      0.19520111	      0.02736234	      0.08025176	      0.00000000	      2.00978489	      2.05495488	      2.67481350	      1.06587301	      0.55518555	      1.49356720	      0.34225045	      0.07333298	      0.10071654	      1.98227916	      0.18306614	      0.37852834	      0.23250078	      0.00000000	      0.00000000	      0.40929429	      0.82662115	      0.54372012	      0.25526542	      0.16121351	      0.08597400	      1.70066906	      0.00000000	      1.72525010	      0.00000000	      0.00000000	      0.00000000	      0.00000001	      0.57358081	      0.73315710	      1.12929829	      0.00000000	      0.46989323	     -0.00000012	      1.43734334	      2.12676150	      1.40416817	      0.00000000	      1.96613221	      0.19520111	      0.02736234	      0.08025176	      0.00000000	      2.00978489	      2.05495488	      2.67481350	      1.06587301	      0.55518555	      1.49356720	      0.34225045	      0.07333298	      0.10071654	      1.98227916	      0.18306614	      0.37852834	      0.23250078	      0.00000000	      0.00000000	      0.00000004	      0.00000004	      1.58986432	      1.58986432	      0.00000000	      0.00000000
      1.25000000	    151.82919967	     90.19752000	      0.40929429	      0.82662115	      0.54372012	      0.25526542	      0.16121351	      0.08597400	      1.70066906	      0.00000000	      1.72525010	      0.00000000	      0.00000000	      0.00000000	      0.00000000	      0.57358081	      0.73315710	      1.12929829	      0.00000000	      0.46989323	      0.00000000	      1.43734334	      2.12676150	      1.40416817	      0.00000000	      1.96613221	      0.19520111	      0.02736234	      0.08025176	      0.00000000	      2.00978489	      2.05495488	      2.67481350	      1.06587301	      0.55518555	      1.49356720	      0.34225045	      0.07333298	      0.10071654	      2.21024376	      0.18306614	      0.37852834	      0.23250078	      0.00000000	      0.00000000	      0.40929429	      0.82662115	      0.54372012	      0.25526542	      0.16121351	      0.08597400	      1.70066906	      0.00000000	      1.72525010	      0.00000000	      0.00000000	      0.00000000	      0.00000000	      0.57358081	      0.73315710	      1.12929829	      0.00000000	      0.46989323	      0.00000000	      1.43734334	      2.12676150	      1.40416817	      0.00000000	      1.96613221	      0.19520111	      0.02736234	      0.08025176	      0.00000000	      2.00978489	      2.05495488	      2.67481350	      1.06587301	      0.55518555	      1.49356720	      0.34225045	      0.07333298	      0.10071654	      2.21024376	      0.18306614	      0.37852834	      0.23250078	      0.00000000	      0.00000000	      0.00000000	      0.00000000	      1.58986432	      1.58986432	      0.00000000	      0.00000000
      1.26000000	    152.30534643	     90.19752000	      0.40929429	      0.82662115	      0.54372012	      0.25526542	      0.16121351	      0.08597400	      1.70066906	     -0.00000001	      1.72525010	      0.00000000	     -0.00000066	      0.00000000	      0.00000000	      0.57358081	      0.73315710	      1.12929829	      0.00000000	      0.46989323	      0.00000000	      1.43734334	      2.12676150	      1.40416817	      0.00000000	      1.96613221	      0.19520111	      0.02736234	      0.08025176	      0.00000000	      2.00978489	      2.05495488	      2.67481350	      1.06587301	      0.55518555	      1.49356720	      0.34225045	      0.07333298	      0.10071654	      2.44831776	      0.18306614	      0.37852834	      0.23250078	      0.00000000	      0.00000000	      0.40929429	      0.82662115	      0.54372012	      0.25526542	      0.16121351	      0.08597400	      1.70066906	     -0.00000001	      1.72525010	      0.00000000	     -0.00000066	      0.00000000	      0.00000000	      0.57358081	      0.73315710	      1.12929829	      0.00000000	      0.46989323	      0.00000000	      1.43734334	      2.12676150	      1.40416817	      0.00000000	      1.96613221	      0.19520111	      0.02736234	      0.08025176	      0.00000000	      2.00978489	      2.05495488	      2.67481350	      1.06587301	      0.55518555	      1.49356720	      0.34225045	      0.07333298	      0.10071654	      2.44831776	      0.18306614	      0.37852834	      0.23250078	      0.00000000	      0.00000000	      0.00000004	      0.00000004	      1.58986432	      1.58986432	      0.00000000	      0.00000000
      1.27000000	    149.86959517	     90.19752000	      0.40929429	      0.82662115	      0.54372012	      0.25526542	      0.16121351	      0.08597400	      1.70066906	      0.00000000	      1.72525010	      0.00000000	      0.00000000	      0.00000000	      0.00000001	      0.57358081	      0.73315710	      1.12929829	      0.00000000	      0.46989323	      0.00000000	      1.43734334	      2.12676150	      0.00000000	      0.00000000	      1.96613221	      0.19520111	      0.02736234	      0.08025176	      0.00000000	      2.00978489	      2.05495488	      2.67481350	      1.06587301	      0.55518555	      1.49356720	      0.34225045	      0.07333298	      0.10071654	      2.63460967	      0.18306614	      0.37852834	      0.23250078	      0.00000000	      0.00000000	      0.40929429	      0.82662115	      0.54372012	      0.25526542	      0.16121351	      0.08597400	      1.70066906	      0.00000000	      1.72525010	      0.00000000	      0.00000000	      0.00000000	      0.00000001	      0.57358081	      0.73315710	      1.12929829	      0.00000000	      0.46989323	      0.00000000	      1.43734334	      2.12676150	      0.00000000	      0.00000000	      1.96613221	      0.19520111	      0.02736234	      0.08025176	      0.00000000	      2.00978489	      2.05495488	      2.67481350	      1.06587301	      0.55518555	      1.49356720	      0.34225045	      0.07333298	      0.10071654	      2.63460967	      0.18306614	      0.37852834	      0.23250078	      0.00000000	      0.00000000	      0.00000000	      0.00000000	      1.58986432	      1.58986432	      0.00000000	      0.00000000
      1.28000000	    160.15396021	     90.19752000	      0.40929429	      0.82662115	      0.54372012	      0.25526542	      0.16121351	      0.08597400	      1.70066906	      0.00000000	      1.72525010	      0.00000000	      0.00000000	      2.44920485	      0.00000000	      0.57358081	      0.73315710	      1.80635719	      0.00000000	      0.46989323	      0.00000000	      1.43734334	      2.12676150	      0.00000000	      1.89547157	      1.96613221	      0.19520111	      0.02736234	      0.08025176	      0.00000000	      2.00978489	      2.05495488	      2.67481350	      1.06587301	      0.55518555	      1.49356720	      0.34225045	      0.07333298	      0.10071654	      2.75505684	      0.18306614	      0.37852834	      0.23250078	      0.00000000	      0.00000000	      0.40929429	      0.82662115	      0.54372012	      0.25526542	      0.16121351	      0.08597400	      1.70066906	      0.00000000	      1.72525010	      0.00000000	      0.00000000	      2.44920485	      0.00000000	      0.57358081	      0.73315710	      1.80635719	      0.00000000	      0.46989323	      0.00000000	      1.43734334	      2.12676150	      0.00000000	      1.89547157	      1.96613221	      0.19520111	      0.02736234	      0.08025176	      0.00000000	      2.00978489	      2.05495488	      2.67481350	      1.06587301	      0.55518555	      1.49356720	      0.34225045	      0.07333298	      0.10071654	      2.75505684	      0.18306614	      0.37852834	      0.23250078	      0.00000000	      0.00000000	      0.00000004	      0.00000004	      1.58986432	      1.58986432	      0.00000000	      0.00000000
      1.29000000	    156.33744719	     90.19752000	      0.40929429	      0.82662115	      0.54372012	      0.25526542	      0.16121351	      0.08597400	      1.70066906	     -0.00000001	      1.72525010	      0.00000000	      0.00000000	      1.52849556	      0.00000001	      0.57358081	      0.73315710	      0.75215413	      0.00000000	      0.46989323	     -0.00000012	      1.43734334	      2.12676150	      0.00000000	      1.89547157	      1.96613221	      0.19520111	      0.02736234	      0.08025176	      0.00000000	      2.00978489	      2.05495488	      2.67481350	      1.06587301	      0.55518555	      1.49356720	      0.34225045	      0.07333298	      0.10071654	      2.82171284	      0.18306614	      0.37852834	      0.23250078	      0.00000000	      0.00000000	      0.40929429	      0.82662115	      0.54372012	      0.25526542	      0.16121351	      0.08597400	      1.70066906	     -0.00000001	      1.72525010	      0.00000000	      0.00000000	      1.52849556	      0.00000001	      0.57358081	      0.73315710	      0.75215413	      0.00000000	      0.46989323	     -0.00000012	      1.43734334	      2.12676150	      0.00000000	      1.89547157	      1.96613221	      0.19520111	      0.02736234	      0.08025176	      0.00000000	      2.00978489	      2.05495488	      2.67481350	      1.06587301	      0.55518555	      1.49356720	      0.34225045	      0.07333298	      0.10071654	      2.82171284	      0.18306614	      0.37852834	      0.23250078	      0.00000000	      0.00000000	      0.00000000	      0.00000000	      1.58986432	      1.58986432	      0.00000000	      0.00000000
      1.30000000	    154.89731998	     90.19752000	      0.40929429	      0.82662115	      0.54372012	      0.25526542	      0.16121351	      0.08597400	      1.70066906	      0.00000000	      1.72525010	      0.00000000	      0.00000000	      1.52849556	      0.00000001	      0.57358081	      0.73315710	      0.00000000	      0.00000000	      0.46989323	     -0.00000012	      1.43734334	      2.12676150	      0.00000000	      1.89547157	      1.96613221	      0.19520111	      0.02736234	      0.08025176	      0.00000000	      2.00978489	      2.05495488	      2.67481350	      1.06587301	      0.55518555	      1.49356720	      0.34225045	      0.07333298	      0.10071654	      2.85380335	      0.18306614	      0.37852834	      0.23250078	      0.00000000	      0.00000000	      0.40929429	      0.82662115	      0.54372012	      0.25526542	      0.16121351	      0.08597400	      1.70066906	      0.00000000	      1.72525010	      0.00000000	      0.00000000	      1.52849556	      0.00000001	      0.57358081	      0.73315710	      0.00000000	      0.00000000	      0.46989323	     -0.00000012	      1.43734334	      2.12676150	      0.00000000	      1.89547157	      1.96613221	      0.19520111	      0.02736234	      0.08025176	      0.00000000	      2.00978489	      2.05495488	      2.67481350	      1.06587301	      0.55518555	      1.49356720	      0.34225045	      0.07333298	      0.10071654	      2.85380335	      0.18306614	      0.37852834	      0.23250078	      0.00000000	      0.00000000	      0.00000000	      0.00000000	      1.58986432	      1.58986432	      0.00000000	      0.00000000
      1.31000000	    154.92387658	     90.19752000	      0.40929429	      0.82662115	      0.54372012	      0.25526542	      0.16121351	      0.08597400	      1.70066906	     -0.00000001	      1.72525010	      0.00000000	      0.00000000	      1.52849556	      0.00000000	      0.57358081	      0.73315710	      0.00000000	      0.00000000	      0.46989323	     -0.00000012	      1.43734334	      2.12676150	      0.00000000	      1.89547157	      1.96613221	      0.19520111	      0.02736234	      0.08025176	     -0.00000000	      2.00978489	      2.05495488	      2.67481350	      1.06587301	      0.55518555	      1.49356720	      0.34225045	      0.07333298	      0.10071654	      2.86708166	      0.18306614	      0.37852834	      0.23250078	      0.00000000	      0.00000000	      0.40929429	      0.82662115	      0.54372012	      0.25526542	      0.16121351	      0.08597400	      1.70066906	     -0.00000001	      1.72525010	      0.00000000	      0.00000000	      1.52849556	      0.00000000	      0.57358081	      0.73315710	      0.00000000	      0.00000000	      0.46989323	     -0.00000012	      1.43734334	      2.12676150	      0.00000000	      1.89547157	      1.96613221	      0.19520111	      0.02736234	      0.08025176	     -0.00000000	      2.00978489	      2.05495488	      2.67481350	      1.06587301	      0.55518555	      1.49356720	      0.34225045	      0.07333298	      0.10071654	      2.86708166	      0.18306614	      0.37852834	      0.23250078	      0.00000000	      0.00000000	      0.00000000	      0.00000000	      1.58986432	      1.58986432	      0.00000000	      0.00000000
      1.32000000	    154.93144284	     90.19752000	      0.40929429	      0.82662115	      0.54372012	      0.25526542	      0.16121351	      0.08597400	      1.70066906	     -0.00000001	      1.72525010	      0.00000004	      0.00000000	      1.52849556	      0.00000001	      0.57358081	      0.73315710	      0.00000000	      0.00000000	      0.46989323	      0.00000000	      1.43734334	      2.12676150	      0.00000000	      1.89547157	      1.96613221	      0.19520111	      0.02736234	      0.08025176	      0.00000000	      2.00978489	      2.05495488	      2.67481350	      1.06587301	      0.55518555	      1.49356720	      0.34225045	      0.07333298	      0.10071654	      2.87086460	      0.18306614	      0.37852834	      0.23250078	      0.00000000	      0.00000000	      0.40929429	      0.82662115	      0.54372012	      0.25526542	      0.16121351	      0.08597400	      1.70066906	     -0.00000001	      1.72525010	      0.00000004	      0.00000000	      1.52849556	      0.00000001	      0.57358081	      0.73315710	      0.00000000	      0.00000000	      0.46989323	      0.00000000	      1.43734334	      2.12676150	      0.00000000	      1.89547157	      1.96613221	      0.19520111	      0.02736234	      0.08025176	      0.00000000	      2.00978489	      2.05495488	      2.67481350	      1.06587301	      0.55518555	      1.49356720	      0.34225045	      0.07333298	      0.10071654	      2.87086460	      0.18306614	      0.37852834	      0.23250078	      0.00000000	      0.00000000	      0.00000004	      0.00000004	      1.58986432	      1.58986432	      0.00000000	      0.00000000
      1.33000000	    155.50895269	     90.19752000	      0.40929429	      0.82662115	      0.54372012	      0.25526542	      0.16121351	      0.08597400	      1.70066906	      0.00000000	      1.72525010	      0.00000000	      0.00000000	      1.52849556	      0.00000001	      0.57358081	      0.73315710	      0.00000000	      0.29009063	      0.46989323	     -0.00000012	      1.43734334	      2.12676150	      0.00000000	      1.89547157	      1.96613221	      0.19520111	      0.02736234	      0.08025176	      0.00000000	      2.00978489	      2.05495488	      2.67481350	      1.06587301	      0.55518555	      1.49356720	      0.34225045	      0.07333298	      0.10071654	      2.86952908	      0.18306614	      0.37852834	      0.23250078	      0.00000000	      0.00000000	      0.40929429	      0.82662115	      0.54372012	      0.25526542	      0.16121351	      0.08597400	      1.70066906	      0.00000000	      1.72525010	      0.00000000	      0.00000000	      1.52849556	      0.00000001	      0.57358081	      0.73315710	      0.00000000	      0.29009063	      0.46989323	     -0.00000012	      1.43734334	      2.12676150	      0.00000000	      1.89547157	      1.96613221	      0.19520111	      0.02736234	      0.08025176	      0.00000000	      2.00978489	      2.05495488	      2.67481350	      1.06587301	      0.55518555	      1.49356720	      0.34225045	      0.07333298	      0.10071654	      2.86952908	      0.18306614	      0.37852834	      0.23250078	      0.00000000	      0.00000000	      0.00000000	      0.00000000	      1.58986432	      1.58986432	      0.00000000	      0.00000000
      1.34000000	    158.55504412	     90.19752000	      0.40929429	      0.82662115	      0.54372012	      0.25526542	      0.16121351	      0.08597400	      1.70066906	      0.00000000	      1.72525010	      0.00000000	      0.00000000	      1.52849556	      0.00000001	      0.57358081	      0.73315710	      0.00000000	      0.37515958	      0.46989323	      0.00000000	      1.43734334	      3.56916128	      0.00000000	      1.89547157	      1.96613221	      0.19520111	      0.02736234	      0.08025176	      0.00000000	      2.00978489	      2.05495488	      2.67481350	      1.06587301	      0.55518555	      1.49356720	      0.34225045	      0.07333298	      0.10071654	      2.86510596	      0.18306614	      0.37852834	      0.23250078	      0.00000000	      0.00000000	      0.40929429	      0.82662115	      0.54372012	      0.25526542	      0.16121351	      0.08597400	      1.70066906	      0.00000000	      1.72525010	      0.00000000	      0.00000000	      1.52849556	      0.00000001	      0.57358081	      0.73315710	      0.00000000	      0.37515958	      0.46989323	      0.00000000	      1.43734334	      3.56916128	      0.00000000	      1.89547157	      1.96613221	      0.19520111	      0.02736234	      0.08025176	      0.00000000	      2.00978489	      2.05495488	      2.67481350	      1.06587301	      0.55518555	      1.49356720	      0.34225045	      0.07333298	      0.10071654	      2.86510596	      0.18306614	      0.37852834	      0.23250078	      0.00000000	      0.00000000	      0.00000000	      0.00000000	      1.58986432	      1.58986432	      0.00000000	      0.00000000
      1.35000000	    158.51510392	     90.19752000	      0.40929429	      0.82662115	      0.54372012	      0.25526542	      0.16121351	      0.08597400	      1.70066906	     -0.00000001	      1.72525010	      0.00000000	     -0.00000066	      1.52849556	      0.00000000	      0.57358081	      0.73315710	      0.00000000	      0.40094830	      0.46989323	      0.00000000	      1.43734334	      3.52952380	      0.00000000	      1.89547157	      1.96613221	      0.19520111	      0.02736234	      0.08025176	      0.00000000	      2.00978489	      2.05495488	      2.67481350	      1.06587301	      0.55518555	      1.49356720	      0.34225045	      0.07333298	      0.10071654	      2.85898528	      0.18306614	      0.37852834	      0.23250078	      0.00000000	      0.00000000	      0.40929429	      0.82662115	      0.54372012	      0.25526542	      0.16121351	      0.08597400	      1.70066906	     -0.00000001	      1.72525010	      0.00000000	     -0.00000066	      1.52849556	      0.00000000	      0.57358081	      0.73315710	      0.00000000	      0.40094830	      0.46989323	      0.00000000	      1.43734334	      3.52952380	      0.00000000	      1.89547157	      1.96613221	      0.19520111	      0.02736234	      0.08025176	      0.00000000	      2.00978489	      2.05495488	      2.67481350	      1.06587301	      0.55518555	      1.49356720	      0.34225045	      0.07333298	      0.10071654	      2.85898528	      0.18306614	      0.37852834	      0.23250078	      0.00000000	      0.00000000	      0.00000000	      0.00000000	      1.58986432	      1.58986432	      0.00000000	      0.00000000
      1.36000000	    158.48206414	     90.19752000	      0.40929429	      0.82662115	      0.54372012	      0.25526542	      0.16121351	      0.08597400	      1.70066906	      0.00000000	      1.72525010	      0.00000000	      0.00000000	      1.52849556	      0.00000000	      0.57358081	      0.73315710	      0.00000000	      0.37256313	      0.46989323	      0.00000000	      1.43734334	      3.54802524	      0.00000000	      1.89547157	      1.96613221	      0.19520111	      0.02736234	      0.08025176	      0.00000000	      2.00978489	      2.05495488	      2.67481350	      1.06587301	      0.55518555	      1.49356720	      0.34225045	      0.07333298	      0.10071654	      2.85234845	      0.18306614	      0.37852834	      0.23250078	      0.00000000	      0.00000000	      0.40929429	      0.82662115	      0.54372012	      0.25526542	      0.16121351	      0.08597400	      1.70066906	      0.00000000	      1.72525010	      0.00000000	      0.00000000	      1.52849556	      0.00000000	      0.57358081	      0.73315710	      0.00000000	      0.37256313	      0.46989323	      0.00000000	      1.43734334	      3.54802524	      0.00000000	      1.89547157	      1.96613221	      0.19520111	      0.02736234	      0.08025176	      0.00000000	      2.00978489	      2.05495488	      2.67481350	      1.06587301	      0.55518555	      1.49356720	      0.34225045	      0.07333298	      0.10071654	      2.85234845	      0.18306614	      0.37852834	      0.23250078	      0.00000000	      0.00000000	      0.00000000	      0.00000000	      1.58986432	      1.58986432	      0.00000000	      0.00000000
      1.37000000	    155.43591906	     90.19752000	      0.40929429	      0.82662115	      0.54372012	      0.25526542	      0.16121351	      0.08597400	      1.70066906	      0.00000000	      1.72525010	      0.00000000	      0.00000000	      1.52849556	      0.00000000	      0.57358081	      0.73315710	      0.00000000	      0.27723796	      0.46989323	      0.00000000	      1.43734334	      2.12676150	      0.00000000	      1.89547157	      1.96613221	      0.19520111	      0.02736234	      0.08025176	      0.00000000	      2.00978489	      2.05495488	      2.67481350	      1.06587301	      0.55518555	      1.49356720	      0.34225045	      0.07333298	      0.10071654	      2.84586479	      0.18306614	      0.37852834	      0.23250078	      0.00000000	      0.00000000	      0.40929429	      0.82662115	      0.54372012	      0.25526542	      0.16121351	      0.08597400	      1.70066906	      0.00000000	      1.72525010	      0.00000000	      0.00000000	      1.52849556	      0.00000000	      0.57358081	      0.73315710	      0.00000000	      0.27723796	      0.46989323	      0.00000000	      1.43734334	      2.12676150	      0.00000000	      1.89547157	      1.96613221	      0.19520111	      0.02736234	      0.08025176	      0.00000000	      2.00978489	      2.05495488	      2.67481350	      1.06587301	      0.55518555	      1.49356720	      0.34225045	      0.07333298	      0.10071654	      2.84586479	      0.18306614	      0.37852834	      0.23250078	      0.00000000	      0.00000000	      0.00000004	      0.00000004	      1.58986432	      1.58986432	      0.00000000	      0.00000000
      1.38000000	    154.86833250	     90.19752000	      0.40929429	      0.82662115	      0.54372012	      0.25526542	      0.16121351	      0.08597400	      1.70066906	      0.00000000	      1.72525010	      0.00000000	      0.00000000	      1.52849556	      0.00000000	      0.57358081	      0.73315710	      0.00000000	      0.00000000	      0.46989323	      0.00000000	      1.43734334	      2.12676150	      0.00000000	      1.89547157	      1.96613221	      0.19520111	      0.02736234	      0.08025176	      0.00000000	      2.00978489	      2.05495488	      2.67481350	      1.06587301	      0.55518555	      1.49356720	      0.34225045	      0.07333298	      0.10071654	      2.83930950	      0.18306614	      0.37852834	      0.23250078	      0.00000000	      0.00000000	      0.40929429	      0.82662115	      0.54372012	      0.25526542	      0.16121351	      0.08597400	      1.70066906	      0.00000000	      1.72525010	      0.00000000	      0.00000000	      1.52849556	      0.00000000	      0.57358081	      0.73315710	      0.00000000	      0.00000000	      0.46989323	      0.00000000	      1.43734334	      2.12676150	      0.00000000	      1.89547157	      1.96613221	      0.19520111	      0.02736234	      0.08025176	      0.00000000	      2.00978489	      2.05495488	      2.67481350	      1.06587301	      0.55518555	      1.49356720	      0.34225045	      0.07333298	      0.10071654	      2.83930950	      0.18306614	      0.37852834	      0.23250078	      0.00000000	      0.00000000	      0.00000000	      0.00000000	      1.58986432	      1.58986432	      0.00000000	      0.00000000
      1.39000000	    154.85256246	     90.19752000	      0.40929429	      0.82662115	      0.54372012	      0.25526542	      0.16121351	      0.08597400	      1.70066906	      0.00000000	      1.72525010	      0.00000000	      0.00000000	      1.52849556	      0.00000000	      0.57358081	      0.73315710	      0.00000000	      0.00000000	      0.46989323	     -0.00000012	      1.43734334	      2.12676150	      0.00000000	      1.89547157	      1.96613221	      0.19520111	      0.02736234	      0.08025176	      0.00000000	      2.00978489	      2.05495488	      2.67481350	      1.06587301	      0.55518555	      1.49356720	      0.34225045	      0.07333298	      0.10071654	      2.83142456	      0.18306614	      0.37852834	      0.23250078	      0.00000000	      0.00000000	      0.40929429	      0.82662115	      0.54372012	      0.25526542	      0.16121351	      0.08597400	      1.70066906	      0.00000000	      1.72525010	      0.00000000	      0.00000000	      1.52849556	      0.00000000	      0.57358081	      0.73315710	      0.00000000	      0.00000000	      0.46989323	     -0.00000012	      1.43734334	      2.12676150	      0.00000000	      1.89547157	      1.96613221	      0.19520111	      0.02736234	      0.08025176	      0.00000000	      2.00978489	      2.05495488	      2.67481350	      1.06587301	      0.55518555	      1.49356720	      0.34225045	      0.07333298	      0.10071654	      2.83142456	      0.18306614	      0.37852834	      0.23250078	      0.00000000	      0.00000000	      0.00000004	      0.00000004	      1.58986432	      1.58986432	      0.00000000	      0.00000000
      1.40000000	    154.82966259	     90.19752000	      0.40929429	      0.82662115	      0.54372012	      0.25526542	      0.16121351	      0.08597400	      1.70066906	      0.00000000	      1.72525010	      0.00000000	      0.00000000	      1.52849556	      0.00000000	      0.57358081	      0.73315710	      0.00000000	     -0.00000000	      0.46989323	      0.00000000	      1.43734334	      2.12676150	      0.00000000	      1.89547157	      1.96613221	      0.19520111	      0.02736234	      0.08025176	      0.00000000	      2.00978489	      2.05495488	      2.67481350	      1.06587301	      0.55518555	      1.49356720	      0.34225045	      0.07333298	      0.10071654	      2.81997455	      0.18306614	      0.37852834	      0.23250078	      0.00000000	      0.00000000	      0.40929429	      0.82662115	      0.54372012	      0.25526542	      0.16121351	      0.08597400	      1.70066906	      0.00000000	      1.72525010	      0.00000000	      0.00000000	      1.52849556	      0.00000000	      0.57358081	      0.73315710	      0.00000000	     -0.00000000	      0.46989323	      0.00000000	      1.43734334	      2.12676150	      0.00000000	      1.89547157	      1.96613221	      0.19520111	      0.02736234	      0.08025176	      0.00000000	      2.00978489	      2.05495488	      2.67481350	      1.06587301	      0.55518555	      1.49356720	      0.34225045	      0.07333298	      0.10071654	      2.81997455	      0.18306614	      0.37852834	      0.23250078	      0.00000000	      0.00000000	      0.00000000	      0.00000000	      1.58986432	      1.58986432	      0.00000000	      0.00000000
      1.41000000	    156.42515084	     90.19752000	      0.40929429	      0.82662115	      0.54372012	      0.25526542	      0.16121351	      0.08597400	      1.70066906	      0.00000000	      1.72525010	      0.00000000	     -0.00000066	      1.52849556	      0.00000001	      0.57358081	      0.73315710	      0.81588209	     -0.00000000	      0.46989323	      0.00000000	      1.43734334	      2.12676150	      0.00000000	      1.89547157	      1.96613221	      0.19520111	      0.02736234	      0.08025176	      0.00000000	      2.00978489	      2.05495488	      2.67481350	      1.06587301	      0.55518555	      1.49356720	      0.34225045	      0.07333298	      0.10071654	      2.80183720	      0.18306614	      0.37852834	      0.23250078	      0.00000000	      0.00000000	      0.40929429	      0.82662115	      0.54372012	      0.25526542	      0.16121351	      0.08597400	      1.70066906	      0.00000000	      1.72525010	      0.00000000	     -0.00000066	      1.52849556	      0.00000001	      0.57358081	      0.73315710	      0.81588209	     -0.00000000	      0.46989323	      0.00000000	      1.43734334	      2.12676150	      0.00000000	      1.89547157	      1.96613221	      0.19520111	      0.02736234	      0.08025176	      0.00000000	      2.00978489	      2.05495488	      2.67481350	      1.06587301	      0.55518555	      1.49356720	      0.34225045	      0.07333298	      0.10071654	      2.80183720	      0.18306614	      0.37852834	      0.23250078	      0.00000000	      0.00000000	      0.00000004	      0.00000004	      1.58986432	      1.58986432	      0.00000000	      0.00000000
      1.42000000	    160.16370103	     90.19752000	      0.40929429	      0.82662115	      0.54372012	      0.25526542	      0.16121351	      0.08597400	      1.70066906	      0.00000000	      1.72525010	      0.00000000	      0.00000000	      2.42047490	      0.00000000	      0.57358081	      0.73315710	      1.82181412	      0.00000000	      0.46989323	      0.00000000	      1.43734334	      2.12676150	      0.00000000	      1.89547157	      1.96613221	      0.19520111	      0.02736234	      0.08025176	      0.00000000	      2.00978489	      2.05495488	      2.67481350	      1.06587301	      0.55518555	      1.49356720	      0.34225045	      0.07333298	      0.10071654	      2.77320027	      0.18306614	      0.37852834	      0.23250078	      0.00000000	      0.00000000	      0.40929429	      0.82662115	      0.54372012	      0.25526542	      0.16121351	      0.08597400	      1.70066906	      0.00000000	      1.72525010	      0.00000000	      0.00000000	      2.42047490	      0.00000000	      0.57358081	      0.73315710	      1.82181412	      0.00000000	      0.46989323	      0.00000000	      1.43734334	      2.12676150	      0.00000000	      1.89547157	      1.96613221	      0.19520111	      0.02736234	      0.08025176	      0.00000000	      2.00978489	      2.05495488	      2.67481350	      1.06587301	      0.55518555	      1.49356720	      0.34225045	      0.07333298	      0.10071654	      2.77320027	      0.18306614	      0.37852834	      0.23250078	      0.00000000	      0.00000000	      0.00000004	      0.00000004	      1.58986432	      1.58986432	      0.00000000	      0.00000000
      1.43000000	    150.06110388	     90.19752000	      0.40929429	      0.82662115	      0.54372012	      0.25526542	      0.16121351	      0.08597400	      1.70066906	      0.00000000	      1.72525010	      0.00000007	      0.00000000	      0.00000000	      0.00000000	      0.57358081	      0.73315710	      1.12929829	     -0.00000000	      0.46989323	      0.00000000	      1.43734334	      2.12676150	      0.00000000	      0.00000000	      1.96613221	      0.19520111	      0.02736234	      0.08025176	     -0.00000000	      2.00978489	      2.05495488	      2.67481350	      1.06587301	      0.55518555	      1.49356720	      0.34225045	      0.07333298	      0.10071654	      2.73036396	      0.18306614	      0.37852834	      0.23250078	      0.00000000	      0.00000000	      0.40929429	      0.82662115	      0.54372012	      0.25526542	      0.16121351	      0.08597400	      1.70066906	      0.00000000	      1.72525010	      0.00000007	      0.00000000	      0.00000000	      0.00000000	      0.57358081	      0.73315710	      1.12929829	     -0.00000000	      0.46989323	      0.00000000	      1.43734334	      2.12676150	      0.00000000	      0.00000000	      1.96613221	      0.19520111	      0.02736234	      0.08025176	     -0.00000000	      2.00978489	      2.05495488	      2.67481350	      1.06587301	      0.55518555	      1.49356720	      0.34225045	      0.07333298	      0.10071654	      2.73036396	      0.18306614	      0.37852834	      0.23250078	      0.00000000	      0.00000000	      0.00000000	      0.00000000	      1.58986432	      1.58986432	      0.00000000	      0.00000000
      1.44000000	    152.75252836	     90.19752000	      0.40929429	      0.82662115	      0.54372012	      0.25526542	      0.16121351	      0.08597400	      1.70066906	      0.00000000	      1.72525010	      0.00000000	      0.00000000	      0.00000000	      0.00000000	      0.57358081	      0.73315710	      1.12929829	      0.00000000	      0.46989323	     -0.00000012	      1.43734334	      2.12676150	      1.40416817	      0.00000000	      1.96613221	      0.19520111	      0.02736234	      0.08025176	      0.00000000	      2.00978489	      2.05495488	      2.67481350	      1.06587301	      0.55518555	      1.49356720	      0.34225045	      0.07333298	      0.10071654	      2.67190822	      0.18306614	      0.37852834	      0.23250078	      0.00000000	      0.00000000	      0.40929429	      0.82662115	      0.54372012	      0.25526542	      0.16121351	      0.08597400	      1.70066906	      0.00000000	      1.72525010	      0.00000000	      0.00000000	      0.00000000	      0.00000000	      0.57358081	      0.73315710	      1.12929829	      0.00000000	      0.46989323	     -0.00000012	      1.43734334	      2.12676150	      1.40416817	      0.00000000	      1.96613221	      0.19520111	      0.02736234	      0.08025176	      0.00000000	      2.00978489	      2.05495488	      2.67481350	      1.06587301	      0.55518555	      1.49356720	      0.34225045	      0.07333298	      0.10071654	      2.67190822	      0.18306614	      0.37852834	      0.23250078	      0.00000000	      0.00000000	      0.00000000	      0.00000000	      1.58986432	      1.58986432	      0.00000000	      0.00000000
      1.45000000	    152.61394536	     90.19752000	      0.40929429	      0.82662115	      0.54372012	      0.25526542	      0.16121351	      0.08597400	      1.70066906	      0.00000000	      1.72525010	      0.00000000	     -0.00000066	      0.00000000	      0.00000000	      0.57358081	      0.73315710	      1.12929829	      0.00000000	      0.46989323	     -0.00000012	      1.43734334	      2.12676150	      1.40416817	      0.00000000	      1.96613221	      0.19520111	      0.02736234	      0.08025176	     -0.00000000	      2.00978489	      2.05495488	      2.67481350	      1.06587301	      0.55518555	      1.49356720	      0.34225045	      0.07333298	      0.10071654	      2.60261734	      0.18306614	      0.37852834	      0.23250078	      0.00000000	      0.00000000	      0.40929429	      0.82662115	      0.54372012	      0.25526542	      0.16121351	      0.08597400	      1.70066906	      0.00000000	      1.72525010	      0.00000000	     -0.00000066	      0.00000000	      0.00000000	      0.57358081	      0.73315710	      1.12929829	      0.00000000	      0.46989323	     -0.00000012	      1.43734334	      2.12676150	      1.40416817	      0.00000000	      1.96613221	      0.19520111	      0.02736234	      0.08025176	     -0.00000000	      2.00978489	      2.05495488	      2.67481350	      1.06587301	      0.55518555	      1.49356720	      0.34225045	      0.07333298	      0.10071654	      2.60261734	      0.18306614	      0.37852834	      0.23250078	      0.00000000	      0.00000000	      0.00000004	      0.00000004	      1.58986432	      1.58986432	      0.00000000	      0.00000000
      1.46000000	    152.48511908	     90.19752000	      0.40929429	      0.82662115	      0.54372012	      0.25526542	      0.16121351	      0.08597400	      1.70066906	      0.00000000	      1.72525010	      0.00000000	     -0.00000066	      0.00000000	      0.00000001	      0.57358081	      0.73315710	      1.12929829	     -0.00000000	      0.46989323	      0.00000000	      1.43734334	      2.12676150	      1.40416817	      0.00000000	      1.96613221	      0.19520111	      0.02736234	      0.08025176	      0.00000000	      2.00978489	      2.05495488	      2.67481350	      1.06587301	      0.55518555	      1.49356720	      0.34225045	      0.07333298	      0.10071654	      2.53820408	      0.18306614	      0.37852834	      0.23250078	      0.00000000	      0.00000000	      0.40929429	      0.82662115	      0.54372012	      0.25526542	      0.16121351	      0.08597400	      1.70066906	      0.00000000	      1.72525010	      0.00000000	     -0.00000066	      0.00000000	      0.00000001	      0.57358081	      0.73315710	      1.12929829	     -0.00000000	      0.46989323	      0.00000000	      1.43734334	      2.12676150	      1.40416817	      0.00000000	      1.96613221	      0.19520111	      0.02736234	      0.08025176	      0.00000000	      2.00978489	      2.05495488	      2.67481350	      1.06587301	      0.55518555	      1.49356720	      0.34225045	      0.07333298	      0.10071654	      2.53820408	      0.18306614	      0.37852834	      0.23250078	      0.00000000	      0.00000000	      0.00000004	      0.00000004	      1.58986432	      1.58986432	      0.00000000	      0.00000000
      1.47000000	    157.21892550	     90.19752000	      0.40929429	      0.82662115	      0.54372012	      0.25526542	      0.16121351	      0.08597400	      1.70066906	      0.00000000	      1.72525010	      0.00000007	      0.00000000	      0.00000000	      0.00000001	      0.57358081	      0.73315710	      1.12929829	      0.00000000	      0.46989323	     -0.00000012	      1.43734334	      2.12676150	      1.40416817	      0.00000000	      3.00946269	      0.19520111	      0.02736234	      0.08025176	      1.35429433	      2.00978489	      2.05495488	      2.67481350	      1.06587301	      0.55518555	      1.49356720	      0.34225045	      0.07333298	      0.10071654	      2.50748190	      0.18306614	      0.37852834	      0.23250078	      0.00000000	      0.00000000	      0.40929429	      0.82662115	      0.54372012	      0.25526542	      0.16121351	      0.08597400	      1.70066906	      0.00000000	      1.72525010	      0.00000007	      0.00000000	      0.00000000	      0.00000001	      0.57358081	      0.73315710	      1.12929829	      0.00000000	      0.46989323	     -0.00000012	      1.43734334	      2.12676150	      1.40416817	      0.00000000	      3.00946269	      0.19520111	      0.02736234	      0.08025176	      1.35429433	      2.00978489	      2.05495488	      2.67481350	      1.06587301	      0.55518555	      1.49356720	      0.34225045	      0.07333298	      0.10071654	      2.50748190	      0.18306614	      0.37852834	      0.23250078	      0.00000000	      0.00000000	      0.00000000	      0.00000000	      1.58986432	      1.58986432	      0.00000000	      0.00000000
      1.48000000	    162.58645200	     90.19752000	      0.40929429	      0.82662115	      0.54372012	      0.25526542	      0.16121351	      0.08597400	      1.70066906	     -0.00000001	      1.72525010	      0.00000000	      0.00000000	      0.00000000	      0.00000000	      0.57358081	      0.73315710	      1.12929829	      0.00000000	      0.46989323	      0.00000000	      1.43734334	      2.12676150	      1.40416817	      0.00000000	      3.39815055	      0.19520111	      0.02736234	      0.08025176	      3.61110930	      2.00978489	      2.05495488	      2.67481350	      1.06587301	      0.55518555	      1.49356720	      0.34225045	      0.07333298	      0.10071654	      2.54574230	      0.18306614	      0.37852834	      0.23250078	      0.00000000	      0.00000000	      0.40929429	      0.82662115	      0.54372012	      0.25526542	      0.16121351	      0.08597400	      1.70066906	     -0.00000001	      1.72525010	      0.00000000	      0.00000000	      0.00000000	      0.00000000	      0.57358081	      0.73315710	      1.12929829	      0.00000000	      0.46989323	      0.00000000	      1.43734334	      2.12676150	      1.40416817	      0.00000000	      3.39815055	      0.19520111	      0.02736234	      0.08025176	      3.61110930	      2.00978489	      2.05495488	      2.67481350	      1.06587301	      0.55518555	      1.49356720	      0.34225045	      0.07333298	      0.10071654	      2.54574230	      0.18306614	      0.37852834	      0.23250078	      0.00000000	      0.00000000	      0.00000000	      0.00000000	      1.58986432	      1.58986432	      0.00000000	      0.00000000
      1.49000000	    161.13308301	     90.19752000	      0.40929429	      0.82662115	      0.54372012	      0.25526542	      0.16121351	      0.08597400	      1.70066906	      0.00000000	      1.72525010	      0.00000000	      0.00000000	      0.00000000	      0.00000000	      0.57358081	      0.73315710	      1.12929829	      0.00000000	      0.46989323	      0.00000000	      1.43734334	      2.12676150	      1.40416817	      0.00000000	      1.88914591	      0.19520111	      0.02736234	      0.08025176	      4.26782117	      2.00978489	      2.05495488	      2.67481350	      1.06587301	      0.55518555	      1.49356720	      0.34225045	      0.07333298	      0.10071654	      2.67135057	      0.18306614	      0.37852834	      0.23250078	      0.00000000	      0.00000000	      0.40929429	      0.82662115	      0.54372012	      0.25526542	      0.16121351	      0.08597400	      1.70066906	      0.00000000	      1.72525010	      0.00000000	      0.00000000	      0.00000000	      0.00000000	      0.57358081	      0.73315710	      1.12929829	      0.00000000	      0.46989323	      0.00000000	      1.43734334	      2.12676150	      1.40416817	      0.00000000	      1.88914591	      0.19520111	      0.02736234	      0.08025176	      4.26782117	      2.00978489	      2.05495488	      2.67481350	      1.06587301	      0.55518555	      1.49356720	      0.34225045	      0.07333298	      0.10071654	      2.67135057	      0.18306614	      0.37852834	      0.23250078	      0.00000000	      0.00000000	      0.00000000	      0.00000000	      1.58986432	      1.58986432	      0.00000000	      0.00000000
      1.50000000	    157.88848138	     90.19752000	      0.40929429	      0.82662115	      0.54372012	      0.25526542	      0.16121351	      0.08597400	      1.70066906	      0.00000000	      1.72525010	      0.00000000	      0.00000000	      0.00000000	      0.00000000	      0.57358081	      0.73315710	      1.12929829	      0.00000000	      0.46989323	      0.00000000	      1.43734334	      2.12676150	      1.40416817	      0.00000000	      0.14126565	      0.19520111	      0.02736234	      0.08025176	      4.22601625	      2.00978489	      2.05495488	      2.67481350	      1.06587301	      0.55518555	      1.49356720	      0.34225045	      0.07333298	      0.10071654	      2.83873488	      0.18306614	      0.37852834	      0.23250078	      0.00000000	      0.00000000	      0.40929429	      0.82662115	      0.54372012	      0.25526542	      0.16121351	      0.08597400	      1.70066906	      0.00000000	      1.72525010	      0.00000000	      0.00000000	      0.00000000	      0.00000000	      0.57358081	      0.73315710	      1.12929829	      0.00000000	      0.46989323	      0.00000000	      1.43734334	      2.12676150	      1.40416817	      0.00000000	      0.14126565	      0.19520111	      0.02736234	      0.08025176	      4.22601625	      2.00978489	      2.05495488	      2.67481350	      1.06587301	      0.55518555	      1.49356720	      0.34225045	      0.07333298	      0.10071654	      2.83873488	      0.18306614	      0.37852834	      0.23250078	      0.00000000	      0.00000000	      0.00000004	      0.00000004	      1.58986432	      1.58986432	      0.00000000	      0.00000000
      1.51000000	    157.59286755	     90.19752000	      0.40929429	      0.82662115	      0.54372012	      0.25526542	      0.16121351	      0.08597400	      1.70066906	      0.00000000	      1.72525010	      0.00000000	      0.00000000	      0.00000000	      0.00000000	      0.57358081	      0.73315710	      1.12929829	      0.00000000	      0.46989323	     -0.00000012	      1.43734334	      2.12676150	      1.40416817	      0.00000000	      0.00000000	      0.19520111	      0.02736234	      0.08025176	      4.19969107	      2.00978489	      2.05495488	      2.67481350	      1.06587301	      0.55518555	      1.49356720	      0.34225045	      0.07333298	      0.10071654	      2.85851892	      0.18306614	      0.37852834	      0.23250078	      0.00000000	      0.00000000	      0.40929429	      0.82662115	      0.54372012	      0.25526542	      0.16121351	      0.08597400	      1.70066906	      0.00000000	      1.72525010	      0.00000000	      0.00000000	      0.00000000	      0.00000000	      0.57358081	      0.73315710	      1.12929829	      0.00000000	      0.46989323	     -0.00000012	      1.43734334	      2.12676150	      1.40416817	      0.00000000	      0.00000000	      0.19520111	      0.02736234	      0.08025176	      4.19969107	      2.00978489	      2.05495488	      2.67481350	      1.06587301	      0.55518555	      1.49356720	      0.34225045	      0.07333298	      0.10071654	      2.85851892	      0.18306614	      0.37852834	      0.23250078	      0.00000000	      0.00000000	      0.00000004	      0.00000004	      1.58986432	      1.58986432	      0.00000000	      0.00000000
      1.52000000	    159.62784289	     90.19752000	      0.40929429	      0.82662115	      0.54372012	      0.25526542	      0.16121351	      0.08597400	      1.70066906	      0.00000000	      1.72525010	      0.00000000	     -0.00000066	      0.00000000	      0.00000000	      0.57358081	      0.73315710	      1.12929829	      0.00000000	      0.46989323	      0.00000000	      1.43734334	      2.12676150	      1.40416817	      0.00000000	      1.56918772	      0.19520111	      0.02736234	      0.08025176	      4.28545363	      2.00978489	      2.05495488	      2.67481350	      1.06587301	      0.55518555	      1.49356720	      0.34225045	      0.07333298	      0.10071654	      2.22105688	      0.18306614	      0.37852834	      0.23250078	      0.00000000	      0.00000000	      0.40929429	      0.82662115	      0.54372012	      0.25526542	      0.16121351	      0.08597400	      1.70066906	      0.00000000	      1.72525010	      0.00000000	     -0.00000066	      0.00000000	      0.00000000	      0.57358081	      0.73315710	      1.12929829	      0.00000000	      0.46989323	      0.00000000	      1.43734334	      2.12676150	      1.40416817	      0.00000000	      1.56918772	      0.19520111	      0.02736234	      0.08025176	      4.28545363	      2.00978489	      2.05495488	      2.67481350	      1.06587301	      0.55518555	      1.49356720	      0.34225045	      0.07333298	      0.10071654	      2.22105688	      0.18306614	      0.37852834	      0.23250078	      0.00000000	      0.00000000	      0.00000000	      0.00000000	      1.58986432	      1.58986432	      0.00000000	      0.00000000
      1.53000000	    160.48528609	     90.19752000	      0.40929429	      0.82662115	      0.54372012	      0.25526542	      0.16121351	      0.08597400	      1.70066906	      0.00000000	      1.72525010	      0.00000000	      0.00000000	      0.00000000	      0.00000001	      0.57358081	      0.73315710	      1.12929829	      0.00000000	      0.46989323	     -0.00000012	      1.43734334	      2.12676150	      1.40416817	      0.00000000	      2.94410463	      0.19520111	      0.02736234	      0.08025176	      3.98841299	      2.00978489	      2.05495488	      2.67481350	      1.06587301	      0.55518555	      1.49356720	      0.34225045	      0.07333298	      0.10071654	      1.57190162	      0.18306614	      0.37852834	      0.23250078	      0.00000000	      0.00000000	      0.40929429	      0.82662115	      0.54372012	      0.25526542	      0.16121351	      0.08597400	      1.70066906	      0.00000000	      1.72525010	      0.00000000	      0.00000000	      0.00000000	      0.00000001	      0.57358081	      0.73315710	      1.12929829	      0.00000000	      0.46989323	     -0.00000012	      1.43734334	      2.12676150	      1.40416817	      0.00000000	      2.94410463	      0.19520111	      0.02736234	      0.08025176	      3.98841299	      2.00978489	      2.05495488	      2.67481350	      1.06587301	      0.55518555	      1.49356720	      0.34225045	      0.07333298	      0.10071654	      1.57190162	      0.18306614	      0.37852834	      0.23250078	      0.00000000	      0.00000000	      0.00000004	      0.00000004	      1.58986432	      1.58986432	      0.00000000	      0.00000000
      1.54000000	    158.60873681	     90.19752000	      0.40929429	      0.82662115	      0.54372012	      0.25526542	      0.16121351	      0.08597400	      1.70066906	      0.00000000	      1.72525010	      0.00000000	     -0.00000066	      0.00000000	      0.00000001	      0.57358081	      0.73315710	      1.12929829	      0.00000000	      0.46989323	      0.00000000	      1.43734334	      2.12676150	      1.40416817	      0.00000000	      3.58513235	      0.19520111	      0.02736234	      0.08025176	      2.40911121	      2.00978489	      2.05495488	      2.67481350	      1.06587301	      0.55518555	      1.49356720	      0.34225045	      0.07333298	      0.10071654	      1.57190162	      0.18306614	      0.37852834	      0.23250078	      0.00000000	      0.00000000	      0.40929429	      0.82662115	      0.54372012	      0.25526542	      0.16121351	      0.08597400	      1.70066906	      0.00000000	      1.72525010	      0.00000000	     -0.00000066	      0.00000000	      0.00000001	      0.57358081	      0.73315710	      1.12929829	      0.00000000	      0.46989323	      0.00000000	      1.43734334	      2.12676150	      1.40416817	      0.00000000	      3.58513235	      0.19520111	      0.02736234	      0.08025176	      2.40911121	      2.00978489	      2.05495488	      2.67481350	      1.06587301	      0.55518555	      1.49356720	      0.34225045	      0.07333298	      0.10071654	      1.57190162	      0.18306614	      0.37852834	      0.23250078	      0.00000000	      0.00000000	      0.00000000	      0.00000000	      1.58986432	      1.58986432	      0.00000000	      0.00000000
      1.55000000	    150.55251525	     90.19752000	      0.40929429	      0.82662115	      0.54372012	      0.25526542	      0.16121351	      0.08597400	      1.70066906	      0.00000000	      1.72525010	      0.00000000	      0.00000000	      0.00000000	      0.00000001	      0.57358081	      0.73315710	      1.12929829	      0.00000000	      0.46989323	     -0.00000012	      1.43734334	      2.12676150	      1.40416817	     -0.00000000	      1.96613221	      0.19520111	      0.02736234	      0.08025176	      0.00000000	      2.00978489	      2.05495488	      2.67481350	      1.06587301	      0.55518555	      1.49356720	      0.34225045	      0.07333298	      0.10071654	      1.57190162	      0.18306614	      0.37852834	      0.23250078	      0.00000000	      0.00000000	      0.40929429	      0.82662115	      0.54372012	      0.25526542	      0.16121351	      0.08597400	      1.70066906	      0.00000000	      1.72525010	      0.00000000	      0.00000000	      0.00000000	      0.00000001	      0.57358081	      0.73315710	      1.12929829	      0.00000000	      0.46989323	     -0.00000012	      1.43734334	      2.12676150	      1.40416817	     -0.00000000	      1.96613221	      0.19520111	      0.02736234	      0.08025176	      0.00000000	      2.00978489	      2.05495488	      2.67481350	      1.06587301	      0.55518555	      1.49356720	      0.34225045	      0.07333298	      0.10071654	      1.57190162	      0.18306614	      0.37852834	      0.23250078	      0.00000000	      0.00000000	      0.00000004	      0.00000004	      1.58986432	      1.58986432	      0.00000000	      0.00000000
      1.56000000	    150.55251540	     90.19752000	      0.40929429	      0.82662115	      0.54372012	      0.25526542	      0.16121351	      0.08597400	      1.70066906	      0.00000000	      1.72525010	      0.00000000	      0.00000000	      0.00000000	      0.00000000	      0.57358081	      0.73315710	      1.12929829	      0.00000000	      0.46989323	      0.00000000	      1.43734334	      2.12676150	      1.40416817	      0.00000000	      1.96613221	      0.19520111	      0.02736234	      0.08025176	     -0.00000000	      2.00978489	      2.05495488	      2.67481350	      1.06587301	      0.55518555	      1.49356720	      0.34225045	      0.07333298	      0.10071654	      1.57190162	      0.18306614	      0.37852834	      0.23250078	      0.00000000	      0.00000000	      0.40929429	      0.82662115	      0.54372012	      0.25526542	      0.16121351	      0.08597400	      1.70066906	      0.00000000	      1.72525010	      0.00000000	      0.00000000	      0.00000000	      0.00000000	      0.57358081	      0.73315710	      1.12929829	      0.00000000	      0.46989323	      0.00000000	      1.43734334	      2.12676150	      1.40416817	      0.00000000	      1.96613221	      0.19520111	      0.02736234	      0.08025176	     -0.00000000	      2.00978489	      2.05495488	      2.67481350	      1.06587301	      0.55518555	      1.49356720	      0.34225045	      0.07333298	      0.10071654	      1.57190162	      0.18306614	      0.37852834	      0.23250078	      0.00000000	      0.00000000	      0.00000000	      0.00000000	      1.58986432	      1.58986432	      0.00000000	      0.00000000
      1.57000000	    150.55251540	     90.19752000	      0.40929429	      0.82662115	      0.54372012	      0.25526542	      0.16121351	      0.08597400	      1.70066906	      0.00000000	      1.72525010	      0.00000000	      0.00000000	      0.00000000	      0.00000000	      0.57358081	      0.73315710	      1.12929829	      0.00000000	      0.46989323	      0.00000000	      1.43734334	      2.12676150	      1.40416817	      0.00000000	      1.96613221	      0.19520111	      0.02736234	      0.08025176	      0.00000000	      2.00978489	      2.05495488	      2.67481350	      1.06587301	      0.55518555	      1.49356720	      0.34225045	      0.07333298	      0.10071654	      1.57190162	      0.18306614	      0.37852834	      0.23250078	      0.00000000	      0.00000000	      0.40929429	      0.82662115	      0.54372012	      0.25526542	      0.16121351	      0.08597400	      1.70066906	      0.00000000	      1.72525010	      0.00000000	      0.00000000	      0.00000000	      0.00000000	      0.57358081	      0.73315710	      1.12929829	      0.00000000	      0.46989323	      0.00000000	      1.43734334	      2.12676150	      1.40416817	      0.00000000	      1.96613221	      0.19520111	      0.02736234	      0.08025176	      0.00000000	      2.00978489	      2.05495488	      2.67481350	      1.06587301	      0.55518555	      1.49356720	      0.34225045	      0.07333298	      0.10071654	      1.57190162	      0.18306614	      0.37852834	      0.23250078	      0.00000000	      0.00000000	      0.00000000	      0.00000000	      1.58986432	      1.58986432	      0.00000000	      0.00000000
      1.58000000	    152.35136515	     90.19752000	      0.40929429	      0.82662115	      0.54372012	      0.25526542	      0.16121351	      0.08597400	      1.70066906	     -0.00000001	      1.72525010	      0.00000000	     -0.00000066	     -0.00000000	      0.00000000	      0.57358081	      0.73315710	      1.12929829	      0.00000000	      0.46989323	      0.00000000	      1.43734334	      2.12676150	      2.30359367	      0.00000000	      1.96613221	      0.19520111	      0.02736234	      0.08025176	      0.00000000	      2.00978489	      2.05495488	      2.67481350	      1.06587301	      0.55518555	      1.49356720	      0.34225045	      0.07333298	      0.10071654	      1.57190162	      0.18306614	      0.37852834	      0.23250078	      0.00000000	      0.00000000	      0.40929429	      0.82662115	      0.54372012	      0.25526542	      0.16121351	      0.08597400	      1.70066906	     -0.00000001	      1.72525010	      0.00000000	     -0.00000066	     -0.00000000	      0.00000000	      0.57358081	      0.73315710	      1.12929829	      0.00000000	      0.46989323	      0.00000000	      1.43734334	      2.12676150	      2.30359367	      0.00000000	      1.96613221	      0.19520111	      0.02736234	      0.08025176	      0.00000000	      2.00978489	      2.05495488	      2.67481350	      1.06587301	      0.55518555	      1.49356720	      0.34225045	      0.07333298	      0.10071654	      1.57190162	      0.18306614	      0.37852834	      0.23250078	      0.00000000	      0.00000000	      0.00000004	      0.00000004	      1.58986432	      1.58986432	      0.00000000	      0.00000000
      1.59000000	    152.63350629	     90.19752000	      0.40929429	      0.82662115	      0.54372012	      0.25526542	      0.16121351	      0.08597400	      1.70066906	     -0.00000001	      1.72525010	      0.00000007	      0.00000000	      0.61640233	      0.00000001	      0.57358081	      0.73315710	      1.12929829	      0.00000000	      0.46989323	     -0.00000012	      1.43734334	      2.12676150	      0.00000000	      1.82826132	      1.96613221	      0.19520111	      0.02736234	      0.08025176	      0.00000000	      2.00978489	      2.05495488	      2.67481350	      1.06587301	      0.55518555	      1.49356720	      0.34225045	      0.07333298	      0.10071654	      1.57190162	      0.18306614	      0.37852834	      0.23250078	      0.00000000	      0.00000000	      0.40929429	      0.82662115	      0.54372012	      0.25526542	      0.16121351	      0.08597400	      1.70066906	     -0.00000001	      1.72525010	      0.00000007	      0.00000000	      0.61640233	      0.00000001	      0.57358081	      0.73315710	      1.12929829	      0.00000000	      0.46989323	     -0.00000012	      1.43734334	      2.12676150	      0.00000000	      1.82826132	      1.96613221	      0.19520111	      0.02736234	      0.08025176	      0.00000000	      2.00978489	      2.05495488	      2.67481350	      1.06587301	      0.55518555	      1.49356720	      0.34225045	      0.07333298	      0.10071654	      1.57190162	      0.18306614	      0.37852834	      0.23250078	      0.00000000	      0.00000000	      0.00000000	      0.00000000	      1.58986432	      1.58986432	      0.00000000	      0.00000000
      1.60000000	    156.28624496	     90.19752000	      0.40929429	      0.82662115	      0.54372012	      0.25526542	      0.16121351	      0.08597400	      1.70066906	      0.00000000	      1.72525010	      0.00000000	     -0.00000066	      1.52849556	      0.00000001	      0.57358081	      0.73315710	      1.97636472	      0.00000000	      0.46989323	      0.00000000	      1.43734334	      2.12676150	      0.00000000	      1.89547157	      1.96613221	      0.19520111	      0.02736234	      0.08025176	      0.00000000	      2.00978489	      2.05495488	      2.67481350	      1.06587301	      0.55518555	      1.49356720	      0.34225045	      0.07333298	      0.10071654	      1.57190162	      0.18306614	      0.37852834	      0.23250078	      0.00000000	      0.00000000	      0.40929429	      0.82662115	      0.54372012	      0.25526542	      0.16121351	      0.08597400	      1.70066906	      0.00000000	      1.72525010	      0.00000000	     -0.00000066	      1.52849556	      0.00000001	      0.57358081	      0.73315710	      1.97636472	      0.00000000	      0.46989323	      0.00000000	      1.43734334	      2.12676150	      0.00000000	      1.89547157	      1.96613221	      0.19520111	      0.02736234	      0.08025176	      0.00000000	      2.00978489	      2.05495488	      2.67481350	      1.06587301	      0.55518555	      1.49356720	      0.34225045	      0.07333298	      0.10071654	      1.57190162	      0.18306614	      0.37852834	      0.23250078	      0.00000000	      0.00000000	      0.00000004	      0.00000004	      1.58986432	      1.58986432	      0.00000000	      0.00000000
      1.61000000	    155.06526736	     90.19752000	      0.40929429	      0.82662115	      0.54372012	      0.25526542	      0.16121351	      0.08597400	      1.70066906	     -0.00000001	      1.72525010	      0.00000000	      0.00000000	      1.52849556	      0.00000001	      0.57358081	      0.73315710	      0.00000000	     -0.00000000	      0.46989323	      0.00000000	      1.43734334	      2.12676150	      0.00000000	      1.89547157	      1.96613221	      0.19520111	      0.02736234	      0.08025176	      0.00000000	      2.00978489	      2.05495488	      2.67481350	      1.06587301	      0.55518555	      1.49356720	      0.34225045	      0.07333298	      0.10071654	      1.57190162	      0.18306614	      0.37852834	      0.23250078	      1.36587531	      0.00000000	      0.40929429	      0.82662115	      0.54372012	      0.25526542	      0.16121351	      0.08597400	      1.70066906	     -0.00000001	      1.72525010	      0.00000000	      0.00000000	      1.52849556	      0.00000001	      0.57358081	      0.73315710	      0.00000000	     -0.00000000	      0.46989323	      0.00000000	      1.43734334	      2.12676150	      0.00000000	      1.89547157	      1.96613221	      0.19520111	      0.02736234	      0.08025176	      0.00000000	      2.00978489	      2.05495488	      2.67481350	      1.06587301	      0.55518555	      1.49356720	      0.34225045	      0.07333298	      0.10071654	      1.57190162	      0.18306614	      0.37852834	      0.23250078	      1.36587531	      0.00000000	      0.00000000	      0.00000000	      1.58986432	      1.58986432	      0.00000000	      0.00000000
      1.62000000	    154.59580998	     90.19752000	      0.40929429	      0.82662115	      0.54372012	      0.25526542	      0.16121351	      0.08597400	      1.70066906	      0.00000000	      1.72525010	      0.00000000	      0.00000000	      1.52849556	      0.00000000	      0.57358081	      0.73315710	     -0.00000000	      0.00000000	      0.46989323	      0.00000000	      1.43734334	      2.12676150	      0.00000000	      1.89547157	      1.96613221	      0.19520111	      0.02736234	      0.08025176	      0.00000000	      2.00978489	      2.05495488	      2.67481350	      1.06587301	      0.55518555	      1.49356720	      0.34225045	      0.07333298	      0.10071654	      1.57190162	      0.18306614	      0.37852834	      0.23250078	      1.13114662	      0.00000000	      0.40929429	      0.82662115	      0.54372012	      0.25526542	      0.16121351	      0.08597400	      1.70066906	      0.00000000	      1.72525010	      0.00000000	      0.00000000	      1.52849556	      0.00000000	      0.57358081	      0.73315710	     -0.00000000	      0.00000000	      0.46989323	      0.00000000	      1.43734334	      2.12676150	      0.00000000	      1.89547157	      1.96613221	      0.19520111	      0.02736234	      0.08025176	      0.00000000	      2.00978489	      2.05495488	      2.67481350	      1.06587301	      0.55518555	      1.49356720	      0.34225045	      0.07333298	      0.10071654	      1.57190162	      0.18306614	      0.37852834	      0.23250078	      1.13114662	      0.00000000	      0.00000000	      0.00000000	      1.58986432	      1.58986432	     -0.00000000	     -0.00000000
      1.63000000	    154.17860726	     90.19752000	      0.40929429	      0.82662115	      0.54372012	      0.25526542	      0.16121351	      0.08597400	      1.70066906	     -0.00000001	      1.72525010	      0.00000000	      0.00000000	      1.52849556	      0.00000000	      0.57358081	      0.73315710	      0.00000000	      0.00000000	      0.46989323	      0.00000000	      1.43734334	      2.12676150	      0.00000000	      1.89547157	      1.96613221	      0.19520111	      0.02736234	      0.08025176	      0.00000000	      2.00978489	      2.05495488	      2.67481350	      1.06587301	      0.55518555	      1.49356720	      0.34225045	      0.07333298	      0.10071654	      1.57190162	      0.18306614	      0.37852834	      0.23250078	      0.92254527	      0.00000000	      0.40929429	      0.82662115	      0.54372012	      0.25526542	      0.16121351	      0.08597400	      1.70066906	     -0.00000001	      1.72525010	      0.00000000	      0.00000000	      1.52849556	      0.00000000	      0.57358081	      0.73315710	      0.00000000	      0.00000000	      0.46989323	      0.00000000	      1.43734334	      2.12676150	      0.00000000	      1.89547157	      1.96613221	      0.19520111	      0.02736234	      0.08025176	      0.00000000	      2.00978489	      2.05495488	      2.67481350	      1.06587301	      0.55518555	      1.49356720	      0.34225045	      0.07333298	      0.10071654	      1.57190162	      0.18306614	      0.37852834	      0.23250078	      0.92254527	      0.00000000	      0.00000000	      0.00000000	      1.58986432	      1.58986432	     -0.00000000	     -0.00000000
      1.64000000	    153.74238261	     90.19752000	      0.40929429	      0.82662115	      0.54372012	      0.25526542	      0.16121351	      0.08597400	      1.70066906	      0.00000000	      1.72525010	      0.00000000	     -0.00000066	      1.52849556	      0.00000000	      0.57358081	      0.73315710	      0.00000000	      0.53194504	      0.46989323	     -0.00000012	      1.43734334	      1.10262431	      0.00000000	      1.89547157	      1.96613221	      0.19520111	      0.02736234	      0.08025176	      0.00000000	      2.00978489	      2.05495488	      2.67481350	      1.06587301	      0.55518555	      1.49356720	      0.34225045	      0.07333298	      0.10071654	      1.57190162	      0.18306614	      0.37852834	      0.23250078	      0.92254527	      0.27408059	      0.40929429	      0.82662115	      0.54372012	      0.25526542	      0.16121351	      0.08597400	      1.70066906	      0.00000000	      1.72525010	      0.00000000	     -0.00000066	      1.52849556	      0.00000000	      0.57358081	      0.73315710	      0.00000000	      0.53194504	      0.46989323	     -0.00000012	      1.43734334	      1.10262431	      0.00000000	      1.89547157	      1.96613221	      0.19520111	      0.02736234	      0.08025176	      0.00000000	      2.00978489	      2.05495488	      2.67481350	      1.06587301	      0.55518555	      1.49356720	      0.34225045	      0.07333298	      0.10071654	      1.57190162	      0.18306614	      0.37852834	      0.23250078	      0.92254527	      0.27408059	      0.00000000	      0.00000000	      1.58986432	      1.58986432	      0.00000000	      0.00000000
      1.65000000	    152.15318777	     90.19752000	      0.40929429	      0.82662115	      0.54372012	      0.25526542	      0.16121351	      0.08597400	      1.70066906	      0.00000000	      1.72525010	      0.00000000	      0.00000000	      1.52849556	      0.00000001	      0.57358081	      0.73315710	      0.00000000	      0.71836597	      0.46989323	     -0.00000012	      1.43734334	      0.00000000	      0.00000000	      1.89547157	      1.96613221	      0.19520111	      0.02736234	      0.08025176	      0.00000000	      2.00978489	      2.05495488	      2.67481350	      1.06587301	      0.55518555	      1.49356720	      0.34225045	      0.07333298	      0.10071654	      1.57190162	      0.18306614	      0.37852834	      0.23250078	      0.92254527	      0.39568588	      0.40929429	      0.82662115	      0.54372012	      0.25526542	      0.16121351	      0.08597400	      1.70066906	      0.00000000	      1.72525010	      0.00000000	      0.00000000	      1.52849556	      0.00000001	      0.57358081	      0.73315710	      0.00000000	      0.71836597	      0.46989323	     -0.00000012	      1.43734334	      0.00000000	      0.00000000	      1.89547157	      1.96613221	      0.19520111	      0.02736234	      0.08025176	      0.00000000	      2.00978489	      2.05495488	      2.67481350	      1.06587301	      0.55518555	      1.49356720	      0.34225045	      0.07333298	      0.10071654	      1.57190162	      0.18306614	      0.37852834	      0.23250078	      0.92254527	      0.39568588	      0.00000000	      0.00000000	      1.58986432	      1.58986432	      0.00000000	      0.00000000
      1.66000000	    151.34057236	     90.19752000	      0.40929429	      0.82662115	      0.54372012	      0.25526542	      0.16121351	      0.08597400	      1.70066906	      0.00000000	      1.72525010	      0.00000000	      0.00000000	      1.52849556	      0.00000001	      0.57358081	      0.73315710	      0.00000000	      0.39008914	      0.46989323	      0.00000000	      1.43734334	      0.00000000	     -0.00000000	      1.89547157	      1.96613221	      0.19520111	      0.02736234	      0.08025176	      0.00000000	      2.00978489	      2.05495488	      2.67481350	      1.06587301	      0.55518555	      1.49356720	      0.34225045	      0.07333298	      0.10071654	      1.57190162	      0.18306614	      0.37852834	      0.23250078	      0.92254527	      0.31765489	      0.40929429	      0.82662115	      0.54372012	      0.25526542	      0.16121351	      0.08597400	      1.70066906	      0.00000000	      1.72525010	      0.00000000	      0.00000000	      1.52849556	      0.00000001	      0.57358081	      0.73315710	      0.00000000	      0.39008914	      0.46989323	      0.00000000	      1.43734334	      0.00000000	     -0.00000000	      1.89547157	      1.96613221	      0.19520111	      0.02736234	      0.08025176	      0.00000000	      2.00978489	      2.05495488	      2.67481350	      1.06587301	      0.55518555	      1.49356720	      0.34225045	      0.07333298	      0.10071654	      1.57190162	      0.18306614	      0.37852834	      0.23250078	      0.92254527	      0.31765489	      0.00000000	      0.00000000	      1.58986432	      1.58986432	      0.00000000	      0.00000000
      1.67000000	    151.34473091	     90.19752000	      0.40929429	      0.82662115	      0.54372012	      0.25526542	      0.16121351	      0.08597400	      1.70066906	      0.00000000	      1.72525010	      0.00000004	      0.00000000	      1.52849556	      0.00000000	      0.57358081	      0.73315710	      0.00000000	      0.39216839	      0.46989323	      0.00000000	      1.43734334	      0.00000000	      0.00000000	      1.89547157	      1.96613221	      0.19520111	      0.02736234	      0.08025176	      0.00000000	      2.00978489	      2.05495488	      2.67481350	      1.06587301	      0.55518555	      1.49356720	      0.34225045	      0.07333298	      0.10071654	      1.57190162	      0.18306614	      0.37852834	      0.23250078	      0.92254527	      0.31765489	      0.40929429	      0.82662115	      0.54372012	      0.25526542	      0.16121351	      0.08597400	      1.70066906	      0.00000000	      1.72525010	      0.00000004	      0.00000000	      1.52849556	      0.00000000	      0.57358081	      0.73315710	      0.00000000	      0.39216839	      0.46989323	      0.00000000	      1.43734334	      0.00000000	      0.00000000	      1.89547157	      1.96613221	      0.19520111	      0.02736234	      0.08025176	      0.00000000	      2.00978489	      2.05495488	      2.67481350	      1.06587301	      0.55518555	      1.49356720	      0.34225045	      0.07333298	      0.10071654	      1.57190162	      0.18306614	      0.37852834	      0.23250078	      0.92254527	      0.31765489	      0.00000000	      0.00000000	      1.58986432	      1.58986432	      0.00000000	      0.00000000
      1.68000000	    151.34473091	     90.19752000	      0.40929429	      0.82662115	      0.54372012	      0.25526542	      0.16121351	      0.08597400	      1.70066906	      0.00000000	      1.72525010	      0.00000004	      0.00000000	      1.52849556	      0.00000000	      0.57358081	      0.73315710	      0.00000000	      0.39216839	      0.46989323	      0.00000000	      1.43734334	      0.00000000	      0.00000000	      1.89547157	      1.96613221	      0.19520111	      0.02736234	      0.08025176	      0.00000000	      2.00978489	      2.05495488	      2.67481350	      1.06587301	      0.55518555	      1.49356720	      0.34225045	      0.07333298	      0.10071654	      1.57190162	      0.18306614	      0.37852834	      0.23250078	      0.92254527	      0.31765489	      0.40929429	      0.82662115	      0.54372012	      0.25526542	      0.16121351	      0.08597400	      1.70066906	      0.00000000	      1.72525010	      0.00000004	      0.00000000	      1.52849556	      0.00000000	      0.57358081	      0.73315710	      0.00000000	      0.39216839	      0.46989323	      0.00000000	      1.43734334	      0.00000000	      0.00000000	      1.89547157	      1.96613221	      0.19520111	      0.02736234	      0.08025176	      0.00000000	      2.00978489	      2.05495488	      2.67481350	      1.06587301	      0.55518555	      1.49356720	      0.34225045	      0.07333298	      0.10071654	      1.57190162	      0.18306614	      0.37852834	      0.23250078	      0.92254527	      0.31765489	      0.00000000	      0.00000000	      1.58986432	      1.58986432	     -0.00000000	     -0.00000000
      1.69000000	    151.34473087	     90.19752000	      0.40929429	      0.82662115	      0.54372012	      0.25526542	      0.16121351	      0.08597400	      1.70066906	      0.00000000	      1.72525010	      0.00000002	      0.00000000	      1.52849556	      0.00000000	      0.57358081	      0.73315710	      0.00000000	      0.39216839	      0.46989323	      0.00000000	      1.43734334	      0.00000000	      0.00000000	      1.89547157	      1.96613221	      0.19520111	      0.02736234	      0.08025176	      0.00000000	      2.00978489	      2.05495488	      2.67481350	      1.06587301	      0.55518555	      1.49356720	      0.34225045	      0.07333298	      0.10071654	      1.57190162	      0.18306614	      0.37852834	      0.23250078	      0.92254527	      0.31765489	      0.40929429	      0.82662115	      0.54372012	      0.25526542	      0.16121351	      0.08597400	      1.70066906	      0.00000000	      1.72525010	      0.00000002	      0.00000000	      1.52849556	      0.00000000	      0.57358081	      0.73315710	      0.00000000	      0.39216839	      0.46989323	      0.00000000	      1.43734334	      0.00000000	      0.00000000	      1.89547157	      1.96613221	      0.19520111	      0.02736234	      0.08025176	      0.00000000	      2.00978489	      2.05495488	      2.67481350	      1.06587301	      0.55518555	      1.49356720	      0.34225045	      0.07333298	      0.10071654	      1.57190162	      0.18306614	      0.37852834	      0.23250078	      0.92254527	      0.31765489	      0.00000000	      0.00000000	      1.58986432	      1.58986432	      0.00000000	      0.00000000
      1.70000000	    151.34472946	     90.19752000	      0.40929429	      0.82662115	      0.54372012	      0.25526542	      0.16121351	      0.08597400	      1.70066906	      0.00000000	      1.72525010	      0.00000002	     -0.00000066	      1.52849556	      0.00000001	      0.57358081	      0.73315710	      0.00000000	      0.39216839	      0.46989323	     -0.00000006	      1.43734334	      0.00000000	      0.00000000	      1.89547157	      1.96613221	      0.19520111	      0.02736234	      0.08025176	      0.00000000	      2.00978489	      2.05495488	      2.67481350	      1.06587301	      0.55518555	      1.49356720	      0.34225045	      0.07333298	      0.10071654	      1.57190162	      0.18306614	      0.37852834	      0.23250078	      0.92254527	      0.31765489	      0.40929429	      0.82662115	      0.54372012	      0.25526542	      0.16121351	      0.08597400	      1.70066906	      0.00000000	      1.72525010	      0.00000002	     -0.00000066	      1.52849556	      0.00000001	      0.57358081	      0.73315710	      0.00000000	      0.39216839	      0.46989323	     -0.00000006	      1.43734334	      0.00000000	      0.00000000	      1.89547157	      1.96613221	      0.19520111	      0.02736234	      0.08025176	      0.00000000	      2.00978489	      2.05495488	      2.67481350	      1.06587301	      0.55518555	      1.49356720	      0.34225045	      0.07333298	      0.10071654	      1.57190162	      0.18306614	      0.37852834	      0.23250078	      0.92254527	      0.31765489	      0.00000000	      0.00000000	      1.58986432	      1.58986432	      0.00000000	      0.00000000
      1.71000000	    152.59282302	     90.19752000	      0.40929429	      0.82662115	      0.54372012	      0.25526542	      0.16121351	      0.08597400	      1.70066906	      0.00000000	      1.72525010	      0.00000000	     -0.00000066	      1.52849556	      0.00000000	      0.57358081	      0.73315710	      0.00000000	      0.39216839	      0.46989323	     -0.00000006	      2.06139014	      0.00000000	      0.00000000	      1.89547157	      1.96613221	      0.19520111	      0.02736234	      0.08025176	      0.00000000	      2.00978489	      2.05495488	      2.67481350	      1.06587301	      0.55518555	      1.49356720	      0.34225045	      0.07333298	      0.10071654	      1.57190162	      0.18306614	      0.37852834	      0.23250078	      0.92254527	      0.31765489	      0.40929429	      0.82662115	      0.54372012	      0.25526542	      0.16121351	      0.08597400	      1.70066906	      0.00000000	      1.72525010	      0.00000000	     -0.00000066	      1.52849556	      0.00000000	      0.57358081	      0.73315710	      0.00000000	      0.39216839	      0.46989323	     -0.00000006	      2.06139014	      0.00000000	      0.00000000	      1.89547157	      1.96613221	      0.19520111	      0.02736234	      0.08025176	      0.00000000	      2.00978489	      2.05495488	      2.67481350	      1.06587301	      0.55518555	      1.49356720	      0.34225045	      0.07333298	      0.10071654	      1.57190162	      0.18306614	      0.37852834	      0.23250078	      0.92254527	      0.31765489	      0.00000000	      0.00000000	      1.58986432	      1.58986432	      0.00000000	      0.00000000
      1.72000000	    148.47004405	     90.19752000	      0.40929429	      0.82662115	      0.54372012	      0.25526542	      0.16121351	      0.08597400	      1.70066906	      0.00000000	      1.72525010	      0.00000000	      0.00000000	      1.52849556	      0.00000000	      0.57358081	      0.73315710	      0.00000000	      0.39216839	      0.46989323	     -0.00000006	      0.00000000	     -0.00000000	      0.00000000	      1.89547157	      1.96613221	      0.19520111	      0.02736234	      0.08025176	      0.00000000	      2.00978489	      2.05495488	      2.67481350	      1.06587301	      0.55518555	      1.49356720	      0.34225045	      0.07333298	      0.10071654	      1.57190162	      0.18306614	      0.37852834	      0.23250078	      0.92254527	      0.31765489	      0.40929429	      0.82662115	      0.54372012	      0.25526542	      0.16121351	      0.08597400	      1.70066906	      0.00000000	      1.72525010	      0.00000000	      0.00000000	      1.52849556	      0.00000000	      0.57358081	      0.73315710	      0.00000000	      0.39216839	      0.46989323	     -0.00000006	      0.00000000	     -0.00000000	      0.00000000	      1.89547157	      1.96613221	      0.19520111	      0.02736234	      0.08025176	      0.00000000	      2.00978489	      2.05495488	      2.67481350	      1.06587301	      0.55518555	      1.49356720	      0.34225045	      0.07333298	      0.10071654	      1.57190162	      0.18306614	      0.37852834	      0.23250078	      0.92254527	      0.31765489	      0.00000000	      0.00000000	      1.58986432	      1.58986432	      0.00000000	      0.00000000
      1.73000000	    152.01327209	     90.19752000	      0.40929429	      0.82662115	      0.54372012	      0.25526542	      0.16121351	      0.08597400	      1.70066906	     -0.00000001	      1.72525010	      0.00000000	      0.00000000	      1.52849556	      0.00000000	      0.57358081	      0.73315710	      0.00000000	      0.39216839	      0.46989323	      0.00000000	      0.00000000	     -0.00000000	      0.00000000	      1.89547157	      1.96613221	      0.19520111	      0.02736234	      0.08025176	      0.00000000	      2.48779245	     -0.00000000	      2.67481350	      1.06587301	      0.55518555	      1.49356720	      0.34225045	      0.07333298	      0.10071654	      1.57190162	      0.18306614	      0.37852834	      0.23250078	      0.92254527	      0.31765489	      0.40929429	      0.82662115	      0.54372012	      0.25526542	      0.16121351	      0.08597400	      1.70066906	     -0.00000001	      1.72525010	      0.00000000	      0.00000000	      1.52849556	      0.00000000	      0.57358081	      0.73315710	      0.00000000	      0.39216839	      0.46989323	      0.00000000	      0.00000000	     -0.00000000	      0.00000000	      1.89547157	      1.96613221	      0.19520111	      0.02736234	      0.08025176	      0.00000000	      2.48779245	     -0.00000000	      2.67481350	      1.06587301	      0.55518555	      1.49356720	      0.34225045	      0.07333298	      0.10071654	      1.57190162	      0.18306614	      0.37852834	      0.23250078	      0.92254527	      0.31765489	      0.00000008	      0.00000008	      1.58986432	      1.58986432	      3.34856121	      3.34856121
      1.74000000	    144.15623916	     90.19752000	      0.40929429	      0.82662115	      0.54372012	      0.25526542	      0.16121351	      0.08597400	      1.70066906	      0.00000000	      1.72525010	      0.00000000	      0.00000000	      1.52849556	      0.00000001	      0.57358081	      0.73315710	      0.00000000	      0.39216839	      0.46989323	      0.00000000	      0.00000000	      0.00000000	      0.00000000	      1.89547157	      1.96613221	      0.19520111	      0.02736234	      0.08025176	      0.00000000	      0.00000000	      0.00000000	      2.67481350	      1.06587301	      0.55518555	      1.49356720	      0.34225045	      0.07333298	      0.10071654	      1.57190162	      0.18306614	      0.37852834	      0.23250078	      0.92254527	      0.31765489	      0.40929429	      0.82662115	      0.54372012	      0.25526542	      0.16121351	      0.08597400	      1.70066906	      0.00000000	      1.72525010	      0.00000000	      0.00000000	      1.52849556	      0.00000001	      0.57358081	      0.73315710	      0.00000000	      0.39216839	      0.46989323	      0.00000000	      0.00000000	      0.00000000	      0.00000000	      1.89547157	      1.96613221	      0.19520111	      0.02736234	      0.08025176	      0.00000000	      0.00000000	      0.00000000	      2.67481350	      1.06587301	      0.55518555	      1.49356720	      0.34225045	      0.07333298	      0.10071654	      1.57190162	      0.18306614	      0.37852834	      0.23250078	      0.92254527	      0.31765489	      0.00000008	      0.00000008	      1.58986432	      1.58986432	      1.90783718	      1.90783718
      1.75000000	    144.15623900	     90.19752000	      0.40929429	      0.82662115	      0.54372012	      0.25526542	      0.16121351	      0.08597400	      1.70066906	      0.00000000	      1.72525010	      0.00000000	      0.00000000	      1.52849556	      0.00000000	      0.57358081	      0.73315710	     -0.00000000	      0.39216839	      0.46989323	      0.00000000	      0.00000000	      0.00000000	      0.00000000	      1.89547157	      1.96613221	      0.19520111	      0.02736234	      0.08025176	      0.00000000	      0.00000000	      0.00000000	      2.67481350	      1.06587301	      0.55518555	      1.49356720	      0.34225045	      0.07333298	      0.10071654	      1.57190162	      0.18306614	      0.37852834	      0.23250078	      0.92254527	      0.31765489	      0.40929429	      0.82662115	      0.54372012	      0.25526542	      0.16121351	      0.08597400	      1.70066906	      0.00000000	      1.72525010	      0.00000000	      0.00000000	      1.52849556	      0.00000000	      0.57358081	      0.73315710	     -0.00000000	      0.39216839	      0.46989323	      0.00000000	      0.00000000	      0.00000000	      0.00000000	      1.89547157	      1.96613221	      0.19520111	      0.02736234	      0.08025176	      0.00000000	      0.00000000	      0.00000000	      2.67481350	      1.06587301	      0.55518555	      1.49356720	      0.34225045	      0.07333298	      0.10071654	      1.57190162	      0.18306614	      0.37852834	      0.23250078	      0.92254527	      0.31765489	      0.00000000	      0.00000000	      1.58986432	      1.58986432	      1.90783718	      1.90783718
      1.76000000	    138.80661070	     90.19752000	      0.40929429	      0.82662115	      0.54372012	      0.25526542	      0.16121351	      0.08597400	      1.70066906	      0.00000000	      1.72525010	      0.00000000	     -0.00000066	      1.52849556	      0.00000001	      0.57358081	      0.73315710	      0.00000000	      0.39216839	      0.46989323	      0.00000000	      0.00000000	     -0.00000000	      0.00000000	      1.89547157	      1.96613221	      0.19520111	      0.02736234	      0.08025176	      0.00000000	     -0.00000000	      0.00000000	      0.00000000	      1.06587301	      0.55518555	      1.49356720	      0.34225045	      0.07333298	      0.10071654	      1.57190162	      0.18306614	      0.37852834	      0.23250078	      0.92254527	      0.31765489	      0.40929429	      0.82662115	      0.54372012	      0.25526542	      0.16121351	      0.08597400	      1.70066906	      0.00000000	      1.72525010	      0.00000000	     -0.00000066	      1.52849556	      0.00000001	      0.57358081	      0.73315710	      0.00000000	      0.39216839	      0.46989323	      0.00000000	      0.00000000	     -0.00000000	      0.00000000	      1.89547157	      1.96613221	      0.19520111	      0.02736234	      0.08025176	      0.00000000	     -0.00000000	      0.00000000	      0.00000000	      1.06587301	      0.55518555	      1.49356720	      0.34225045	      0.07333298	      0.10071654	      1.57190162	      0.18306614	      0.37852834	      0.23250078	      0.92254527	      0.31765489	      0.00000000	      0.00000000	      1.58986432	      1.58986432	      1.90783718	      1.90783718
      1.77000000	    138.80661188	     90.19752000	      0.40929429	      0.82662115	      0.54372012	      0.25526542	      0.16121351	      0.08597400	      1.70066906	      0.00000000	      1.72525010	      0.00000000	      0.00000000	      1.52849556	      0.00000000	      0.57358081	      0.73315710	      0.00000000	      0.39216839	      0.46989323	     -0.00000006	      0.00000000	      0.00000000	     -0.00000000	      1.89547157	      1.96613221	      0.19520111	      0.02736234	      0.08025176	      0.00000000	      0.00000000	      0.00000000	      0.00000000	      1.06587301	      0.55518555	      1.49356720	      0.34225045	      0.07333298	      0.10071654	      1.57190162	      0.18306614	      0.37852834	      0.23250078	      0.92254527	      0.31765489	      0.40929429	      0.82662115	      0.54372012	      0.25526542	      0.16121351	      0.08597400	      1.70066906	      0.00000000	      1.72525010	      0.00000000	      0.00000000	      1.52849556	      0.00000000	      0.57358081	      0.73315710	      0.00000000	      0.39216839	      0.46989323	     -0.00000006	      0.00000000	      0.00000000	     -0.00000000	      1.89547157	      1.96613221	      0.19520111	      0.02736234	      0.08025176	      0.00000000	      0.00000000	      0.00000000	      0.00000000	      1.06587301	      0.55518555	      1.49356720	      0.34225045	      0.07333298	      0.10071654	      1.57190162	      0.18306614	      0.37852834	      0.23250078	      0.92254527	      0.31765489	      0.00000000	      0.00000000	      1.58986432	      1.58986432	      1.90783718	      1.90783718
      1.78000000	    138.80661057	     90.19752000	      0.40929429	      0.82662115	      0.54372012	      0.25526542	      0.16121351	      0.08597400	      1.70066906	      0.00000000	      1.72525010	      0.00000000	     -0.00000066	      1.52849556	      0.00000000	      0.57358081	      0.73315710	     -0.00000000	      0.39216839	      0.46989323	     -0.00000006	      0.00000000	      0.00000000	      0.00000000	      1.89547157	      1.96613221	      0.19520111	      0.02736234	      0.08025176	      0.00000000	      0.00000000	      0.00000000	      0.00000000	      1.06587301	      0.55518555	      1.49356720	      0.34225045	      0.07333298	      0.10071654	      1.57190162	      0.18306614	      0.37852834	      0.23250078	      0.92254527	      0.31765489	      0.40929429	      0.82662115	      0.54372012	      0.25526542	      0.16121351	      0.08597400	      1.70066906	      0.00000000	      1.72525010	      0.00000000	     -0.00000066	      1.52849556	      0.00000000	      0.57358081	      0.73315710	     -0.00000000	      0.39216839	      0.46989323	     -0.00000006	      0.00000000	      0.00000000	      0.00000000	      1.89547157	      1.96613221	      0.19520111	      0.02736234	      0.08025176	      0.00000000	      0.00000000	      0.00000000	      0.00000000	      1.06587301	      0.55518555	      1.49356720	      0.34225045	      0.07333298	      0.10071654	      1.57190162	      0.18306614	      0.37852834	      0.23250078	      0.92254527	      0.31765489	      0.00000000	      0.00000000	      1.58986432	      1.58986432	      1.90783718	      1.90783718
      1.79000000	    138.80661192	     90.19752000	      0.40929429	      0.82662115	      0.54372012	      0.25526542	      0.16121351	      0.08597400	      1.70066906	      0.00000000	      1.72525010	      0.00000002	      0.00000000	      1.52849556	      0.00000000	      0.57358081	      0.73315710	      0.00000000	      0.39216839	      0.46989323	     -0.00000006	      0.00000000	      0.00000000	     -0.00000000	      1.89547157	      1.96613221	      0.19520111	      0.02736234	      0.08025176	      0.00000000	      0.00000000	      0.00000000	      0.00000000	      1.06587301	      0.55518555	      1.49356720	      0.34225045	      0.07333298	      0.10071654	      1.57190162	      0.18306614	      0.37852834	      0.23250078	      0.92254527	      0.31765489	      0.40929429	      0.82662115	      0.54372012	      0.25526542	      0.16121351	      0.08597400	      1.70066906	      0.00000000	      1.72525010	      0.00000002	      0.00000000	      1.52849556	      0.00000000	      0.57358081	      0.73315710	      0.00000000	      0.39216839	      0.46989323	     -0.00000006	      0.00000000	      0.00000000	     -0.00000000	      1.89547157	      1.96613221	      0.19520111	      0.02736234	      0.08025176	      0.00000000	      0.00000000	      0.00000000	      0.00000000	      1.06587301	      0.55518555	      1.49356720	      0.34225045	      0.07333298	      0.10071654	      1.57190162	      0.18306614	      0.37852834	      0.23250078	      0.92254527	      0.31765489	      0.00000000	      0.00000000	      1.58986432	      1.58986432	      1.90783718	      1.90783718
      1.80000000	    138.80661203	     90.19752000	      0.40929429	      0.82662115	      0.54372012	      0.25526542	      0.16121351	      0.08597400	      1.70066906	      0.00000000	      1.72525010	      0.00000002	      0.00000000	      1.52849556	      0.00000000	      0.57358081	      0.73315710	      0.00000000	      0.39216839	      0.46989323	      0.00000000	      0.00000000	      0.00000000	     -0.00000000	      1.89547157	      1.96613221	      0.19520111	      0.02736234	      0.08025176	      0.00000000	      0.00000000	      0.00000000	      0.00000000	      1.06587301	      0.55518555	      1.49356720	      0.34225045	      0.07333298	      0.10071654	      1.57190162	      0.18306614	      0.37852834	      0.23250078	      0.92254527	      0.31765489	      0.40929429	      0.82662115	      0.54372012	      0.25526542	      0.16121351	      0.08597400	      1.70066906	      0.00000000	      1.72525010	      0.00000002	      0.00000000	      1.52849556	      0.00000000	      0.57358081	      0.73315710	      0.00000000	      0.39216839	      0.46989323	      0.00000000	      0.00000000	      0.00000000	     -0.00000000	      1.89547157	      1.96613221	      0.19520111	      0.02736234	      0.08025176	      0.00000000	      0.00000000	      0.00000000	      0.00000000	      1.06587301	      0.55518555	      1.49356720	      0.34225045	      0.07333298	      0.10071654	      1.57190162	      0.18306614	      0.37852834	      0.23250078	      0.92254527	      0.31765489	      0.00000000	      0.00000000	      1.58986432	      1.58986432	      1.90783718	      1.90783718
      1.81000000	    138.80661189	     90.19752000	      0.40929429	      0.82662115	      0.54372012	      0.25526542	      0.16121351	      0.08597400	      1.70066906	     -0.00000001	      1.72525010	      0.00000000	      0.00000000	      1.52849556	      0.00000001	      0.57358081	      0.73315710	      0.00000000	      0.39216839	      0.46989323	     -0.00000006	      0.00000000	      0.00000000	      0.00000000	      1.89547157	      1.96613221	      0.19520111	      0.02736234	      0.08025176	      0.00000000	      0.00000000	      0.00000000	      0.00000000	      1.06587301	      0.55518555	      1.49356720	      0.34225045	      0.07333298	      0.10071654	      1.57190162	      0.18306614	      0.37852834	      0.23250078	      0.92254527	      0.31765489	      0.40929429	      0.82662115	      0.54372012	      0.25526542	      0.16121351	      0.08597400	      1.70066906	     -0.00000001	      1.72525010	      0.00000000	      0.00000000	      1.52849556	      0.00000001	      0.57358081	      0.73315710	      0.00000000	      0.39216839	      0.46989323	     -0.00000006	      0.00000000	      0.00000000	      0.00000000	      1.89547157	      1.96613221	      0.19520111	      0.02736234	      0.08025176	      0.00000000	      0.00000000	      0.00000000	      0.00000000	      1.06587301	      0.55518555	      1.49356720	      0.34225045	      0.07333298	      0.10071654	      1.57190162	      0.18306614	      0.37852834	      0.23250078	      0.92254527	      0.31765489	      0.00000000	      0.00000000	      1.58986432	      1.58986432	      1.90783718	      1.90783718
      1.82000000	    138.80661200	     90.19752000	      0.40929429	      0.82662115	      0.54372012	      0.25526542	      0.16121351	      0.08597400	      1.70066906	      0.00000000	      1.72525010	      0.00000000	      0.00000000	      1.52849556	      0.00000000	      0.57358081	      0.73315710	      0.00000000	      0.39216839	      0.46989323	      0.00000000	      0.00000000	      0.00000000	     -0.00000000	      1.89547157	      1.96613221	      0.19520111	      0.02736234	      0.08025176	      0.00000000	      0.00000000	      0.00000000	      0.00000000	      1.06587301	      0.55518555	      1.49356720	      0.34225045	      0.07333298	      0.10071654	      1.57190162	      0.18306614	      0.37852834	      0.23250078	      0.92254527	      0.31765489	      0.40929429	      0.82662115	      0.54372012	      0.25526542	      0.16121351	      0.08597400	      1.70066906	      0.00000000	      1.72525010	      0.00000000	      0.00000000	      1.52849556	      0.00000000	      0.57358081	      0.73315710	      0.00000000	      0.39216839	      0.46989323	      0.00000000	      0.00000000	      0.00000000	     -0.00000000	      1.89547157	      1.96613221	      0.19520111	      0.02736234	      0.08025176	      0.00000000	      0.00000000	      0.00000000	      0.00000000	      1.06587301	      0.55518555	      1.49356720	      0.34225045	      0.07333298	      0.10071654	      1.57190162	      0.18306614	      0.37852834	      0.23250078	      0.92254527	      0.31765489	      0.00000000	      0.00000000	      1.58986432	      1.58986432	      1.90783718	      1.90783718
      1.83000000	    138.80661059	     90.19752000	      0.40929429	      0.82662115	      0.54372012	      0.25526542	      0.16121351	      0.08597400	      1.70066906	      0.00000000	      1.72525010	      0.00000000	     -0.00000066	      1.52849556	      0.00000001	      0.57358081	      0.73315710	      0.00000000	      0.39216839	      0.46989323	     -0.00000006	      0.00000000	      0.00000000	     -0.00000000	      1.89547157	      1.96613221	      0.19520111	      0.02736234	      0.08025176	      0.00000000	      0.00000000	      0.00000000	      0.00000000	      1.06587301	      0.55518555	      1.49356720	      0.34225045	      0.07333298	      0.10071654	      1.57190162	      0.18306614	      0.37852834	      0.23250078	      0.92254527	      0.31765489	      0.40929429	      0.82662115	      0.54372012	      0.25526542	      0.16121351	      0.08597400	      1.70066906	      0.00000000	      1.72525010	      0.00000000	     -0.00000066	      1.52849556	      0.00000001	      0.57358081	      0.73315710	      0.00000000	      0.39216839	      0.46989323	     -0.00000006	      0.00000000	      0.00000000	     -0.00000000	      1.89547157	      1.96613221	      0.19520111	      0.02736234	      0.08025176	      0.00000000	      0.00000000	      0.00000000	      0.00000000	      1.06587301	      0.55518555	      1.49356720	      0.34225045	      0.07333298	      0.10071654	      1.57190162	      0.18306614	      0.37852834	      0.23250078	      0.92254527	      0.31765489	      0.00000000	      0.00000000	      1.58986432	      1.58986432	      1.90783718	      1.90783718
      1.84000000	    138.80661061	     90.19752000	      0.40929429	      0.82662115	      0.54372012	      0.25526542	      0.16121351	      0.08597400	      1.70066906	      0.00000000	      1.72525010	      0.00000002	     -0.00000066	      1.52849556	      0.00000000	      0.57358081	      0.73315710	     -0.00000000	      0.39216839	      0.46989323	     -0.00000006	      0.00000000	      0.00000000	      0.00000000	      1.89547157	      1.96613221	      0.19520111	      0.02736234	      0.08025176	      0.00000000	      0.00000000	      0.00000000	      0.00000000	      1.06587301	      0.55518555	      1.49356720	      0.34225045	      0.07333298	      0.10071654	      1.57190162	      0.18306614	      0.37852834	      0.23250078	      0.92254527	      0.31765489	      0.40929429	      0.82662115	      0.54372012	      0.25526542	      0.16121351	      0.08597400	      1.70066906	      0.00000000	      1.72525010	      0.00000002	     -0.00000066	      1.52849556	      0.00000000	      0.57358081	      0.73315710	     -0.00000000	      0.39216839	      0.46989323	     -0.00000006	      0.00000000	      0.00000000	      0.00000000	      1.89547157	      1.96613221	      0.19520111	      0.02736234	      0.08025176	      0.00000000	      0.00000000	      0.00000000	      0.00000000	      1.06587301	      0.55518555	      1.49356720	      0.34225045	      0.07333298	      0.10071654	      1.57190162	      0.18306614	      0.37852834	      0.23250078	      0.92254527	      0.31765489	      0.00000000	      0.00000000	      1.58986432	      1.58986432	      1.90783718	      1.90783718
      1.85000000	    138.80661201	     90.19752000	      0.40929429	      0.82662115	      0.54372012	      0.25526542	      0.16121351	      0.08597400	      1.70066906	      0.00000000	      1.72525010	      0.00000000	      0.00000000	      1.52849556	      0.00000001	      0.57358081	      0.73315710	      0.00000000	      0.39216839	      0.46989323	      0.00000000	      0.00000000	      0.00000000	     -0.00000000	      1.89547157	      1.96613221	      0.19520111	      0.02736234	      0.08025176	      0.00000000	     -0.00000000	      0.00000000	      0.00000000	      1.06587301	      0.55518555	      1.49356720	      0.34225045	      0.07333298	      0.10071654	      1.57190162	      0.18306614	      0.37852834	      0.23250078	      0.92254527	      0.31765489	      0.40929429	      0.82662115	      0.54372012	      0.25526542	      0.16121351	      0.08597400	      1.70066906	      0.00000000	      1.72525010	      0.00000000	      0.00000000	      1.52849556	      0.00000001	      0.57358081	      0.73315710	      0.00000000	      0.39216839	      0.46989323	      0.00000000	      0.00000000	      0.00000000	     -0.00000000	      1.89547157	      1.96613221	      0.19520111	      0.02736234	      0.08025176	      0.00000000	     -0.00000000	      0.00000000	      0.00000000	      1.06587301	      0.55518555	      1.49356720	      0.34225045	      0.07333298	      0.10071654	      1.57190162	      0.18306614	      0.37852834	      0.23250078	      0.92254527	      0.31765489	      0.00000000	      0.00000000	      1.58986432	      1.58986432	      1.90783718	      1.90783718
      1.86000000	    138.80661204	     90.19752000	      0.40929429	      0.82662115	      0.54372012	      0.25526542	      0.16121351	      0.08597400	      1.70066906	      0.00000000	      1.72525010	      0.00000002	      0.00000000	      1.52849556	      0.00000000	      0.57358081	      0.73315710	      0.00000000	      0.39216839	      0.46989323	      0.00000000	      0.00000000	     -0.00000000	      0.00000000	      1.89547157	      1.96613221	      0.19520111	      0.02736234	      0.08025176	      0.00000000	      0.00000000	      0.00000000	      0.00000000	      1.06587301	      0.55518555	      1.49356720	      0.34225045	      0.07333298	      0.10071654	      1.57190162	      0.18306614	      0.37852834	      0.23250078	      0.92254527	      0.31765489	      0.40929429	      0.82662115	      0.54372012	      0.25526542	      0.16121351	      0.08597400	      1.70066906	      0.00000000	      1.72525010	      0.00000002	      0.00000000	      1.52849556	      0.00000000	      0.57358081	      0.73315710	      0.00000000	      0.39216839	      0.46989323	      0.00000000	      0.00000000	     -0.00000000	      0.00000000	      1.89547157	      1.96613221	      0.19520111	      0.02736234	      0.08025176	      0.00000000	      0.00000000	      0.00000000	      0.00000000	      1.06587301	      0.55518555	      1.49356720	      0.34225045	      0.07333298	      0.10071654	      1.57190162	      0.18306614	      0.37852834	      0.23250078	      0.92254527	      0.31765489	      0.00000000	      0.00000000	      1.58986432	      1.58986432	      1.90783718	      1.90783718
      1.87000000	    138.80661057	     90.19752000	      0.40929429	      0.82662115	      0.54372012	      0.25526542	      0.16121351	      0.08597400	      1.70066906	      0.00000000	      1.72525010	      0.00000000	     -0.00000066	      1.52849556	      0.00000000	      0.57358081	      0.73315710	      0.00000000	      0.39216839	      0.46989323	     -0.00000006	      0.00000000	     -0.00000000	      0.00000000	      1.89547157	      1.96613221	      0.19520111	      0.02736234	      0.08025176	      0.00000000	      0.00000000	      0.00000000	      0.00000000	      1.06587301	      0.55518555	      1.49356720	      0.34225045	      0.07333298	      0.10071654	      1.57190162	      0.18306614	      0.37852834	      0.23250078	      0.92254527	      0.31765489	      0.40929429	      0.82662115	      0.54372012	      0.25526542	      0.16121351	      0.08597400	      1.70066906	      0.00000000	      1.72525010	      0.00000000	     -0.00000066	      1.52849556	      0.00000000	      0.57358081	      0.73315710	      0.00000000	      0.39216839	      0.46989323	     -0.00000006	      0.00000000	     -0.00000000	      0.00000000	      1.89547157	      1.96613221	      0.19520111	      0.02736234	      0.08025176	      0.00000000	      0.00000000	      0.00000000	      0.00000000	      1.06587301	      0.55518555	      1.49356720	      0.34225045	      0.07333298	      0.10071654	      1.57190162	      0.18306614	      0.37852834	      0.23250078	      0.92254527	      0.31765489	      0.00000000	      0.00000000	      1.58986432	      1.58986432	      1.90783718	      1.90783718
      1.88000000	    138.80661069	     90.19752000	      0.40929429	      0.82662115	      0.54372012	      0.25526542	      0.16121351	      0.08597400	      1.70066906	      0.00000000	      1.72525010	      0.00000000	     -0.00000066	      1.52849556	      0.00000000	      0.57358081	      0.73315710	     -0.00000000	      0.39216839	      0.46989323	      0.00000000	      0.00000000	     -0.00000000	      0.00000000	      1.89547157	      1.96613221	      0.19520111	      0.02736234	      0.08025176	      0.00000000	      0.00000000	      0.00000000	      0.00000000	      1.06587301	      0.55518555	      1.49356720	      0.34225045	      0.07333298	      0.10071654	      1.57190162	      0.18306614	      0.37852834	      0.23250078	      0.92254527	      0.31765489	      0.40929429	      0.82662115	      0.54372012	      0.25526542	      0.16121351	      0.08597400	      1.70066906	      0.00000000	      1.72525010	      0.00000000	     -0.00000066	      1.52849556	      0.00000000	      0.57358081	      0.73315710	     -0.00000000	      0.39216839	      0.46989323	      0.00000000	      0.00000000	     -0.00000000	      0.00000000	      1.89547157	      1.96613221	      0.19520111	      0.02736234	      0.08025176	      0.00000000	      0.00000000	      0.00000000	      0.00000000	      1.06587301	      0.55518555	      1.49356720	      0.34225045	      0.07333298	      0.10071654	      1.57190162	      0.18306614	      0.37852834	      0.23250078	      0.92254527	      0.31765489	      0.00000000	      0.00000000	      1.58986432	      1.58986432	      1.90783718	      1.90783718
      1.89000000	    138.80661219	     90.19752000	      0.40929429	      0.82662115	      0.54372012	      0.25526542	      0.16121351	      0.08597400	      1.70066906	      0.00000000	      1.72525010	      0.00000002	      0.00000000	      1.52849556	      0.00000000	      0.57358081	      0.73315710	      0.00000000	      0.39216839	      0.46989323	      0.00000000	      0.00000000	      0.00000000	      0.00000000	      1.89547157	      1.96613221	      0.19520111	      0.02736234	      0.08025176	      0.00000000	      0.00000000	      0.00000000	      0.00000000	      1.06587301	      0.55518555	      1.49356720	      0.34225045	      0.07333298	      0.10071654	      1.57190162	      0.18306614	      0.37852834	      0.23250078	      0.92254527	      0.31765489	      0.40929429	      0.82662115	      0.54372012	      0.25526542	      0.16121351	      0.08597400	      1.70066906	      0.00000000	      1.72525010	      0.00000002	      0.00000000	      1.52849556	      0.00000000	      0.57358081	      0.73315710	      0.00000000	      0.39216839	      0.46989323	      0.00000000	      0.00000000	      0.00000000	      0.00000000	      1.89547157	      1.96613221	      0.19520111	      0.02736234	      0.08025176	      0.00000000	      0.00000000	      0.00000000	      0.00000000	      1.06587301	      0.55518555	      1.49356720	      0.34225045	      0.07333298	      0.10071654	      1.57190162	      0.18306614	      0.37852834	      0.23250078	      0.92254527	      0.31765489	      0.00000008	      0.00000008	      1.58986432	      1.58986432	      1.90783718	      1.90783718
      1.90000000	    138.80661059	     90.19752000	      0.40929429	      0.82662115	      0.54372012	      0.25526542	      0.16121351	      0.08597400	      1.70066906	      0.00000000	      1.72525010	      0.00000000	     -0.00000066	      1.52849556	      0.00000001	      0.57358081	      0.73315710	      0.00000000	      0.39216839	      0.46989323	     -0.00000006	     -0.00000000	      0.00000000	      0.00000000	      1.89547157	      1.96613221	      0.19520111	      0.02736234	      0.08025176	      0.00000000	      0.00000000	      0.00000000	      0.00000000	      1.06587301	      0.55518555	      1.49356720	      0.34225045	      0.07333298	      0.10071654	      1.57190162	      0.18306614	      0.37852834	      0.23250078	      0.92254527	      0.31765489	      0.40929429	      0.82662115	      0.54372012	      0.25526542	      0.16121351	      0.08597400	      1.70066906	      0.00000000	      1.72525010	      0.00000000	     -0.00000066	      1.52849556	      0.00000001	      0.57358081	      0.73315710	      0.00000000	      0.39216839	      0.46989323	     -0.00000006	     -0.00000000	      0.00000000	      0.00000000	      1.89547157	      1.96613221	      0.19520111	      0.02736234	      0.08025176	      0.00000000	      0.00000000	      0.00000000	      0.00000000	      1.06587301	      0.55518555	      1.49356720	      0.34225045	      0.07333298	      0.10071654	      1.57190162	      0.18306614	      0.37852834	      0.23250078	      0.92254527	      0.31765489	      0.00000000	      0.00000000	      1.58986432	      1.58986432	      1.90783718	      1.90783718
      1.91000000	    148.49082808	     90.19752000	      0.40929429	      0.82662115	      0.54372012	      0.25526542	      0.16121351	      0.08597400	      1.70066906	      0.00000000	      1.72525010	      0.00000000	     -0.00000066	      1.52849556	      0.00000000	      0.57358081	      0.73315710	      0.00000000	      0.39216839	      0.46989323	     -0.00000006	      0.00000000	     -0.00000000	      0.00000000	      1.89547157	      1.96613221	      0.19520111	      0.02736234	      0.08025176	      0.00000000	      0.00000000	      0.00000000	      4.84210875	      1.06587301	      0.55518555	      1.49356720	      0.34225045	      0.07333298	      0.10071654	      1.57190162	      0.18306614	      0.37852834	      0.23250078	      0.92254527	      0.31765489	      0.40929429	      0.82662115	      0.54372012	      0.25526542	      0.16121351	      0.08597400	      1.70066906	      0.00000000	      1.72525010	      0.00000000	     -0.00000066	      1.52849556	      0.00000000	      0.57358081	      0.73315710	      0.00000000	      0.39216839	      0.46989323	     -0.00000006	      0.00000000	     -0.00000000	      0.00000000	      1.89547157	      1.96613221	      0.19520111	      0.02736234	      0.08025176	      0.00000000	      0.00000000	      0.00000000	      4.84210875	      1.06587301	      0.55518555	      1.49356720	      0.34225045	      0.07333298	      0.10071654	      1.57190162	      0.18306614	      0.37852834	      0.23250078	      0.92254527	      0.31765489	      0.00000000	      0.00000000	      1.58986432	      1.58986432	      1.90783718	      1.90783718
      1.92000000	    144.15623761	     90.19752000	      0.40929429	      0.82662115	      0.54372012	      0.25526542	      0.16121351	      0.08597400	      1.70066906	      0.00000000	      1.72525010	      0.00000002	     -0.00000066	      1.52849556	      0.00000000	      0.57358081	      0.73315710	      0.00000000	      0.39216839	      0.46989323	     -0.00000006	      0.00000000	     -0.00000000	      0.00000000	      1.89547157	      1.96613221	      0.19520111	      0.02736234	      0.08025176	      0.00000000	      0.00000000	      0.00000000	      2.67481350	      1.06587301	      0.55518555	      1.49356720	      0.34225045	      0.07333298	      0.10071654	      1.57190162	      0.18306614	      0.37852834	      0.23250078	      0.92254527	      0.31765489	      0.40929429	      0.82662115	      0.54372012	      0.25526542	      0.16121351	      0.08597400	      1.70066906	      0.00000000	      1.72525010	      0.00000002	     -0.00000066	      1.52849556	      0.00000000	      0.57358081	      0.73315710	      0.00000000	      0.39216839	      0.46989323	     -0.00000006	      0.00000000	     -0.00000000	      0.00000000	      1.89547157	      1.96613221	      0.19520111	      0.02736234	      0.08025176	      0.00000000	      0.00000000	      0.00000000	      2.67481350	      1.06587301	      0.55518555	      1.49356720	      0.34225045	      0.07333298	      0.10071654	      1.57190162	      0.18306614	      0.37852834	      0.23250078	      0.92254527	      0.31765489	      0.00000000	      0.00000000	      1.58986432	      1.58986432	      1.90783718	      1.90783718
      1.93000000	    144.15623773	     90.19752000	      0.40929429	      0.82662115	      0.54372012	      0.25526542	      0.16121351	      0.08597400	      1.70066906	      0.00000000	      1.72525010	      0.00000002	     -0.00000066	      1.52849556	      0.00000001	      0.57358081	      0.73315710	     -0.00000000	      0.39216839	      0.46989323	      0.00000000	      0.00000000	     -0.00000000	      0.00000000	      1.89547157	      1.96613221	      0.19520111	      0.02736234	      0.08025176	      0.00000000	      0.00000000	      0.00000000	      2.67481350	      1.06587301	      0.55518555	      1.49356720	      0.34225045	      0.07333298	      0.10071654	      1.57190162	      0.18306614	      0.37852834	      0.23250078	      0.92254527	      0.31765489	      0.40929429	      0.82662115	      0.54372012	      0.25526542	      0.16121351	      0.08597400	      1.70066906	      0.00000000	      1.72525010	      0.00000002	     -0.00000066	      1.52849556	      0.00000001	      0.57358081	      0.73315710	     -0.00000000	      0.39216839	      0.46989323	      0.00000000	      0.00000000	     -0.00000000	      0.00000000	      1.89547157	      1.96613221	      0.19520111	      0.02736234	      0.08025176	      0.00000000	      0.00000000	      0.00000000	      2.67481350	      1.06587301	      0.55518555	      1.49356720	      0.34225045	      0.07333298	      0.10071654	      1.57190162	      0.18306614	      0.37852834	      0.23250078	      0.92254527	      0.31765489	      0.00000000	      0.00000000	      1.58986432	      1.58986432	      1.90783718	      1.90783718
      1.94000000	    144.15623789	     90.19752000	      0.40929429	      0.82662115	      0.54372012	      0.25526542	      0.16121351	      0.08597400	      1.70066906	      0.00000000	      1.72525010	      0.00000002	     -0.00000066	      1.52849556	      0.00000001	      0.57358081	      0.73315710	     -0.00000000	      0.39216839	      0.46989323	      0.00000000	      0.00000000	      0.00000000	      0.00000000	      1.89547157	      1.96613221	      0.19520111	      0.02736234	      0.08025176	      0.00000000	      0.00000000	      0.00000000	      2.67481350	      1.06587301	      0.55518555	      1.49356720	      0.34225045	      0.07333298	      0.10071654	      1.57190162	      0.18306614	      0.37852834	      0.23250078	      0.92254527	      0.31765489	      0.40929429	      0.82662115	      0.54372012	      0.25526542	      0.16121351	      0.08597400	      1.70066906	      0.00000000	      1.72525010	      0.00000002	     -0.00000066	      1.52849556	      0.00000001	      0.57358081	      0.73315710	     -0.00000000	      0.39216839	      0.46989323	      0.00000000	      0.00000000	      0.00000000	      0.00000000	      1.89547157	      1.96613221	      0.19520111	      0.02736234	      0.08025176	      0.00000000	      0.00000000	      0.00000000	      2.67481350	      1.06587301	      0.55518555	      1.49356720	      0.34225045	      0.07333298	      0.10071654	      1.57190162	      0.18306614	      0.37852834	      0.23250078	      0.92254527	      0.31765489	      0.00000008	      0.00000008	      1.58986432	      1.58986432	      1.90783718	      1.90783718
      1.95000000	    144.15623888	     90.19752000	      0.40929429	      0.82662115	      0.54372012	      0.25526542	      0.16121351	      0.08597400	      1.70066906	      0.00000000	      1.72525010	      0.00000000	      0.00000000	      1.52849556	      0.00000000	      0.57358081	      0.73315710	      0.00000000	      0.39216839	      0.46989323	     -0.00000006	      0.00000000	      0.00000000	      0.00000000	      1.89547157	      1.96613221	      0.19520111	      0.02736234	      0.08025176	      0.00000000	      0.00000000	      0.00000000	      2.67481350	      1.06587301	      0.55518555	      1.49356720	      0.34225045	      0.07333298	      0.10071654	      1.57190162	      0.18306614	      0.37852834	      0.23250078	      0.92254527	      0.31765489	      0.40929429	      0.82662115	      0.54372012	      0.25526542	      0.16121351	      0.08597400	      1.70066906	      0.00000000	      1.72525010	      0.00000000	      0.00000000	      1.52849556	      0.00000000	      0.57358081	      0.73315710	      0.00000000	      0.39216839	      0.46989323	     -0.00000006	      0.00000000	      0.00000000	      0.00000000	      1.89547157	      1.96613221	      0.19520111	      0.02736234	      0.08025176	      0.00000000	      0.00000000	      0.00000000	      2.67481350	      1.06587301	      0.55518555	      1.49356720	      0.34225045	      0.07333298	      0.10071654	      1.57190162	      0.18306614	      0.37852834	      0.23250078	      0.92254527	      0.31765489	      0.00000000	      0.00000000	      1.58986432	      1.58986432	      1.90783718	      1.90783718
      1.96000000	    146.66001282	     90.19752000	      0.40929429	      0.82662115	      0.54372012	      0.25526542	      0.16121351	      0.08597400	      1.70066906	      0.00000000	      1.72525010	      0.00000002	      0.00000000	      1.52849556	      0.00000000	      0.57358081	      0.73315710	      0.00000000	      0.39216839	      0.46989323	     -0.00000006	      0.00000000	      0.00000000	      0.00000000	      1.89547157	      1.96613221	      0.19520111	      0.02736234	      0.08025176	      0.00000000	      0.21062923	      0.00000000	      2.67481350	      1.06587301	      0.55518555	      1.49356720	      0.34225045	      0.07333298	      0.10071654	      1.57190162	      0.18306614	      0.37852834	      0.23250078	      0.92254527	      0.31765489	      0.40929429	      0.82662115	      0.54372012	      0.25526542	      0.16121351	      0.08597400	      1.70066906	      0.00000000	      1.72525010	      0.00000002	      0.00000000	      1.52849556	      0.00000000	      0.57358081	      0.73315710	      0.00000000	      0.39216839	      0.46989323	     -0.00000006	      0.00000000	      0.00000000	      0.00000000	      1.89547157	      1.96613221	      0.19520111	      0.02736234	      0.08025176	      0.00000000	      0.21062923	      0.00000000	      2.67481350	      1.06587301	      0.55518555	      1.49356720	      0.34225045	      0.07333298	      0.10071654	      1.57190162	      0.18306614	      0.37852834	      0.23250078	      0.92254527	      0.31765489	      0.00000000	      0.00000000	      1.58986432	      1.58986432	      2.94909491	      2.94909491
      1.97000000	    153.99232500	     90.19752000	      0.40929429	      0.82662115	      0.54372012	      0.25526542	      0.16121351	      0.08597400	      1.70066906	      0.00000000	      1.72525010	      0.00000002	     -0.00000066	      1.52849556	      0.00000000	      0.57358081	      0.73315710	      0.00000000	      0.39216839	      0.46989323	      0.00000000	      0.00000000	     -0.00000000	      0.00000000	      1.89547157	      1.96613221	      0.19520111	      0.02736234	      0.08025176	      0.00000000	      2.78880374	      1.01523018	      2.67481350	      1.06587301	      0.55518555	      1.49356720	      0.34225045	      0.07333298	      0.10071654	      1.57190162	      0.18306614	      0.37852834	      0.23250078	      0.92254527	      0.31765489	      0.40929429	      0.82662115	      0.54372012	      0.25526542	      0.16121351	      0.08597400	      1.70066906	      0.00000000	      1.72525010	      0.00000002	     -0.00000066	      1.52849556	      0.00000000	      0.57358081	      0.73315710	      0.00000000	      0.39216839	      0.46989323	      0.00000000	      0.00000000	     -0.00000000	      0.00000000	      1.89547157	      1.96613221	      0.19520111	      0.02736234	      0.08025176	      0.00000000	      2.78880374	      1.01523018	      2.67481350	      1.06587301	      0.55518555	      1.49356720	      0.34225045	      0.07333298	      0.10071654	      1.57190162	      0.18306614	      0.37852834	      0.23250078	      0.92254527	      0.31765489	      0.00000000	      0.00000000	      1.58986432	      1.58986432	      3.02184691	      3.02184691
      1.98000000	    148.45783004	     90.19752000	      0.40929429	      0.82662115	      0.54372012	      0.25526542	      0.16121351	      0.08597400	      1.70066906	      0.00000000	      1.72525010	      0.00000002	      0.00000000	      1.52849556	      0.00000001	      0.57358081	      0.73315710	      0.00000000	      0.39216839	      0.46989323	     -0.00000006	      0.00000000	      0.00000000	      0.00000000	      1.89547157	      1.96613221	      0.19520111	      0.02736234	      0.08025176	      0.00000000	      2.00978489	      2.04884777	      2.67481350	      1.06587301	      0.55518555	      1.49356720	      0.34225045	      0.07333298	      0.10071654	      1.57190162	      0.18306614	      0.37852834	      0.23250078	      0.92254527	      0.31765489	      0.40929429	      0.82662115	      0.54372012	      0.25526542	      0.16121351	      0.08597400	      1.70066906	      0.00000000	      1.72525010	      0.00000002	      0.00000000	      1.52849556	      0.00000001	      0.57358081	      0.73315710	      0.00000000	      0.39216839	      0.46989323	     -0.00000006	      0.00000000	      0.00000000	      0.00000000	      1.89547157	      1.96613221	      0.19520111	      0.02736234	      0.08025176	      0.00000000	      2.00978489	      2.04884777	      2.67481350	      1.06587301	      0.55518555	      1.49356720	      0.34225045	      0.07333298	      0.10071654	      1.57190162	      0.18306614	      0.37852834	      0.23250078	      0.92254527	      0.31765489	      0.00000008	      0.00000008	      1.58986432	      1.58986432	      0.00000000	      0.00000000
      1.99000000	    148.47004417	     90.19752000	      0.40929429	      0.82662115	      0.54372012	      0.25526542	      0.16121351	      0.08597400	      1.70066906	      0.00000000	      1.72525010	      0.00000000	      0.00000000	      1.52849556	      0.00000000	      0.57358081	      0.73315710	      0.00000000	      0.39216839	      0.46989323	      0.00000000	      0.00000000	      0.00000000	      0.00000000	      1.89547157	      1.96613221	      0.19520111	      0.02736234	      0.08025176	      0.00000000	      2.00978489	      2.05495488	      2.67481350	      1.06587301	      0.55518555	      1.49356720	      0.34225045	      0.07333298	      0.10071654	      1.57190162	      0.18306614	      0.37852834	      0.23250078	      0.92254527	      0.31765489	      0.40929429	      0.82662115	      0.54372012	      0.25526542	      0.16121351	      0.08597400	      1.70066906	      0.00000000	      1.72525010	      0.00000000	      0.00000000	      1.52849556	      0.00000000	      0.57358081	      0.73315710	      0.00000000	      0.39216839	      0.46989323	      0.00000000	      0.00000000	      0.00000000	      0.00000000	      1.89547157	      1.96613221	      0.19520111	      0.02736234	      0.08025176	      0.00000000	      2.00978489	      2.05495488	      2.67481350	      1.06587301	      0.55518555	      1.49356720	      0.34225045	      0.07333298	      0.10071654	      1.57190162	      0.18306614	      0.37852834	      0.23250078	      0.92254527	      0.31765489	      0.00000000	      0.00000000	      1.58986432	      1.58986432	      0.00000000	      0.00000000
      2.00000000	    148.85469640	     90.19752000	      0.40929429	      0.82662115	      0.54372012	      0.25526542	      0.16121351	      0.08597400	      1.70066906	     -0.00000001	      1.72525010	      0.00000002	      0.00000000	      1.52849556	      0.00000001	      0.57358081	      0.73315710	      0.00000000	      0.39216839	      0.46989323	      0.00000000	      0.19232610	      0.00000000	      0.00000000	      1.89547157	      1.96613221	      0.19520111	      0.02736234	      0.08025176	      0.00000000	      2.00978489	      2.05495488	      2.67481350	      1.06587301	      0.55518555	      1.49356720	      0.34225045	      0.07333298	      0.10071654	      1.57190162	      0.18306614	      0.37852834	      0.23250078	      0.92254527	      0.31765489	      0.40929429	      0.82662115	      0.54372012	      0.25526542	      0.16121351	      0.08597400	      1.70066906	     -0.00000001	      1.72525010	      0.00000002	      0.00000000	      1.52849556	      0.00000001	      0.57358081	      0.73315710	      0.00000000	      0.39216839	      0.46989323	      0.00000000	      0.19232610	      0.00000000	      0.00000000	      1.89547157	      1.96613221	      0.19520111	      0.02736234	      0.08025176	      0.00000000	      2.00978489	      2.05495488	      2.67481350	      1.06587301	      0.55518555	      1.49356720	      0.34225045	      0.07333298	      0.10071654	      1.57190162	      0.18306614	      0.37852834	      0.23250078	      0.92254527	      0.31765489	      0.00000000	      0.00000000	      1.58986432	      1.58986432	      0.00000000	      0.00000000
      2.01000000	    152.75393785	     90.19752000	      0.40929429	      0.82662115	      0.54372012	      0.25526542	      0.16121351	      0.08597400	      1.70066906	     -0.00000001	      1.72525010	      0.00000000	      0.00000000	      1.52849556	      0.00000001	      0.57358081	      0.73315710	      0.00000000	      0.39216839	      0.46989323	      0.00000000	      2.14194676	      0.00000000	      0.00000000	      1.89547157	      1.96613221	      0.19520111	      0.02736234	      0.08025176	      0.00000000	      2.00978489	      2.05495488	      2.67481350	      1.06587301	      0.55518555	      1.49356720	      0.34225045	      0.07333298	      0.10071654	      1.57190162	      0.18306614	      0.37852834	      0.23250078	      0.92254527	      0.31765489	      0.40929429	      0.82662115	      0.54372012	      0.25526542	      0.16121351	      0.08597400	      1.70066906	     -0.00000001	      1.72525010	      0.00000000	      0.00000000	      1.52849556	      0.00000001	      0.57358081	      0.73315710	      0.00000000	      0.39216839	      0.46989323	      0.00000000	      2.14194676	      0.00000000	      0.00000000	      1.89547157	      1.96613221	      0.19520111	      0.02736234	      0.08025176	      0.00000000	      2.00978489	      2.05495488	      2.67481350	      1.06587301	      0.55518555	      1.49356720	      0.34225045	      0.07333298	      0.10071654	      1.57190162	      0.18306614	      0.37852834	      0.23250078	      0.92254527	      0.31765489	      0.00000008	      0.00000008	      1.58986432	      1.58986432	      0.00000000	      0.00000000
      2.02000000	    153.08025971	     90.19752000	      0.40929429	      0.82662115	      0.54372012	      0.25526542	      0.16121351	      0.08597400	      1.70066906	     -0.00000001	      1.72525010	      0.00000000	      0.00000000	      1.52849556	      0.00000001	      0.57358081	      0.73315710	      0.00000000	      0.39216839	      0.46989323	      0.00000000	      2.30510777	      0.00000000	      0.00000000	      1.89547157	      1.96613221	      0.19520111	      0.02736234	      0.08025176	      0.00000000	      2.00978489	      2.05495488	      2.67481350	      1.06587301	      0.55518555	      1.49356720	      0.34225045	      0.07333298	      0.10071654	      1.57190162	      0.18306614	      0.37852834	      0.23250078	      0.92254527	      0.31765489	      0.40929429	      0.82662115	      0.54372012	      0.25526542	      0.16121351	      0.08597400	      1.70066906	     -0.00000001	      1.72525010	      0.00000000	      0.00000000	      1.52849556	      0.00000001	      0.57358081	      0.73315710	      0.00000000	      0.39216839	      0.46989323	      0.00000000	      2.30510777	      0.00000000	      0.00000000	      1.89547157	      1.96613221	      0.19520111	      0.02736234	      0.08025176	      0.00000000	      2.00978489	      2.05495488	      2.67481350	      1.06587301	      0.55518555	      1.49356720	      0.34225045	      0.07333298	      0.10071654	      1.57190162	      0.18306614	      0.37852834	      0.23250078	      0.92254527	      0.31765489	      0.00000000	      0.00000000	      1.58986432	      1.58986432	      0.00000000	      0.00000000
      2.03000000	    151.34473074	     90.19752000	      0.40929429	      0.82662115	      0.54372012	      0.25526542	      0.16121351	      0.08597400	      1.70066906	      0.00000000	      1.72525010	      0.00000000	      0.00000000	      1.52849556	      0.00000001	      0.57358081	      0.73315710	      0.00000000	      0.39216839	      0.46989323	     -0.00000006	      1.43734334	      0.00000000	      0.00000000	      1.89547157	      1.96613221	      0.19520111	      0.02736234	      0.08025176	      0.00000000	      2.00978489	      2.05495488	      2.67481350	      1.06587301	      0.55518555	      1.49356720	      0.34225045	      0.07333298	      0.10071654	      1.57190162	      0.18306614	      0.37852834	      0.23250078	      0.92254527	      0.31765489	      0.40929429	      0.82662115	      0.54372012	      0.25526542	      0.16121351	      0.08597400	      1.70066906	      0.00000000	      1.72525010	      0.00000000	      0.00000000	      1.52849556	      0.00000001	      0.57358081	      0.73315710	      0.00000000	      0.39216839	      0.46989323	     -0.00000006	      1.43734334	      0.00000000	      0.00000000	      1.89547157	      1.96613221	      0.19520111	      0.02736234	      0.08025176	      0.00000000	      2.00978489	      2.05495488	      2.67481350	      1.06587301	      0.55518555	      1.49356720	      0.34225045	      0.07333298	      0.10071654	      1.57190162	      0.18306614	      0.37852834	      0.23250078	      0.92254527	      0.31765489	      0.00000000	      0.00000000	      1.58986432	      1.58986432	     -0.00000000	     -0.00000000
      2.04000000	    151.34472943	     90.19752000	      0.40929429	      0.82662115	      0.54372012	      0.25526542	      0.16121351	      0.08597400	      1.70066906	      0.00000000	      1.72525010	      0.00000000	     -0.00000066	      1.52849556	      0.00000001	      0.57358081	      0.73315710	      0.00000000	      0.39216839	      0.46989323	     -0.00000006	      1.43734334	      0.00000000	      0.00000000	      1.89547157	      1.96613221	      0.19520111	      0.02736234	      0.08025176	      0.00000000	      2.00978489	      2.05495488	      2.67481350	      1.06587301	      0.55518555	      1.49356720	      0.34225045	      0.07333298	      0.10071654	      1.57190162	      0.18306614	      0.37852834	      0.23250078	      0.92254527	      0.31765489	      0.40929429	      0.82662115	      0.54372012	      0.25526542	      0.16121351	      0.08597400	      1.70066906	      0.00000000	      1.72525010	      0.00000000	     -0.00000066	      1.52849556	      0.00000001	      0.57358081	      0.73315710	      0.00000000	      0.39216839	      0.46989323	     -0.00000006	      1.43734334	      0.00000000	      0.00000000	      1.89547157	      1.96613221	      0.19520111	      0.02736234	      0.08025176	      0.00000000	      2.00978489	      2.05495488	      2.67481350	      1.06587301	      0.55518555	      1.49356720	      0.34225045	      0.07333298	      0.10071654	      1.57190162	      0.18306614	      0.37852834	      0.23250078	      0.92254527	      0.31765489	      0.00000000	      0.00000000	      1.58986432	      1.58986432	      0.00000000	      0.00000000
      2.05000000	    151.34473087	     90.19752000	      0.40929429	      0.82662115	      0.54372012	      0.25526542	      0.16121351	      0.08597400	      1.70066906	      0.00000000	      1.72525010	      0.00000002	      0.00000000	      1.52849556	      0.00000000	      0.57358081	      0.73315710	      0.00000000	      0.39216839	      0.46989323	      0.00000000	      1.43734334	      0.00000000	      0.00000000	      1.89547157	      1.96613221	      0.19520111	      0.02736234	      0.08025176	      0.00000000	      2.00978489	      2.05495488	      2.67481350	      1.06587301	      0.55518555	      1.49356720	      0.34225045	      0.07333298	      0.10071654	      1.57190162	      0.18306614	      0.37852834	      0.23250078	      0.92254527	      0.31765489	      0.40929429	      0.82662115	      0.54372012	      0.25526542	      0.16121351	      0.08597400	      1.70066906	      0.00000000	      1.72525010	      0.00000002	      0.00000000	      1.52849556	      0.00000000	      0.57358081	      0.73315710	      0.00000000	      0.39216839	      0.46989323	      0.00000000	      1.43734334	      0.00000000	      0.00000000	      1.89547157	      1.96613221	      0.19520111	      0.02736234	      0.08025176	      0.00000000	      2.00978489	      2.05495488	      2.67481350	      1.06587301	      0.55518555	      1.49356720	      0.34225045	      0.07333298	      0.10071654	      1.57190162	      0.18306614	      0.37852834	      0.23250078	      0.92254527	      0.31765489	      0.00000000	      0.00000000	      1.58986432	      1.58986432	     -0.00000000	     -0.00000000
      2.06000000	    151.34472941	     90.19752000	      0.40929429	      0.82662115	      0.54372012	      0.25526542	      0.16121351	      0.08597400	      1.70066906	      0.00000000	      1.72525010	      0.00000000	     -0.00000066	      1.52849556	      0.00000000	      0.57358081	      0.73315710	      0.00000000	      0.39216839	      0.46989323	     -0.00000006	      1.43734334	      0.00000000	      0.00000000	      1.89547157	      1.96613221	      0.19520111	      0.02736234	      0.08025176	      0.00000000	      2.00978489	      2.05495488	      2.67481350	      1.06587301	      0.55518555	      1.49356720	      0.34225045	      0.07333298	      0.10071654	      1.57190162	      0.18306614	      0.37852834	      0.23250078	      0.92254527	      0.31765489	      0.40929429	      0.82662115	      0.54372012	      0.25526542	      0.16121351	      0.08597400	      1.70066906	      0.00000000	      1.72525010	      0.00000000	     -0.00000066	      1.52849556	      0.00000000	      0.57358081	      0.73315710	      0.00000000	      0.39216839	      0.46989323	     -0.00000006	      1.43734334	      0.00000000	      0.00000000	      1.89547157	      1.96613221	      0.19520111	      0.02736234	      0.08025176	      0.00000000	      2.00978489	      2.05495488	      2.67481350	      1.06587301	      0.55518555	      1.49356720	      0.34225045	      0.07333298	      0.10071654	      1.57190162	      0.18306614	      0.37852834	      0.23250078	      0.92254527	      0.31765489	      0.00000000	      0.00000000	      1.58986432	      1.58986432	      0.00000000	      0.00000000
      2.07000000	    151.34473067	     90.19752000	      0.40929429	      0.82662115	      0.54372012	      0.25526542	      0.16121351	      0.08597400	      1.70066906	     -0.00000001	      1.72525010	      0.00000004	      0.00000000	      1.52849556	      0.00000000	      0.57358081	      0.73315710	      0.00000000	      0.39216839	      0.46989323	     -0.00000012	      1.43734334	      0.00000000	      0.00000000	      1.89547157	      1.96613221	      0.19520111	      0.02736234	      0.08025176	      0.00000000	      2.00978489	      2.05495488	      2.67481350	      1.06587301	      0.55518555	      1.49356720	      0.34225045	      0.07333298	      0.10071654	      1.57190162	      0.18306614	      0.37852834	      0.23250078	      0.92254527	      0.31765489	      0.40929429	      0.82662115	      0.54372012	      0.25526542	      0.16121351	      0.08597400	      1.70066906	     -0.00000001	      1.72525010	      0.00000004	      0.00000000	      1.52849556	      0.00000000	      0.57358081	      0.73315710	      0.00000000	      0.39216839	      0.46989323	     -0.00000012	      1.43734334	      0.00000000	      0.00000000	      1.89547157	      1.96613221	      0.19520111	      0.02736234	      0.08025176	      0.00000000	      2.00978489	      2.05495488	      2.67481350	      1.06587301	      0.55518555	      1.49356720	      0.34225045	      0.07333298	      0.10071654	      1.57190162	      0.18306614	      0.37852834	      0.23250078	      0.92254527	      0.31765489	      0.00000000	      0.00000000	      1.58986432	      1.58986432	      0.00000000	      0.00000000
      2.08000000	    151.34473085	     90.19752000	      0.40929429	      0.82662115	      0.54372012	      0.25526542	      0.16121351	      0.08597400	      1.70066906	      0.00000000	      1.72525010	      0.00000000	      0.00000000	      1.52849556	      0.00000001	      0.57358081	      0.73315710	      0.00000000	      0.39216839	      0.46989323	      0.00000000	      1.43734334	      0.00000000	      0.00000000	      1.89547157	      1.96613221	      0.19520111	      0.02736234	      0.08025176	      0.00000000	      2.00978489	      2.05495488	      2.67481350	      1.06587301	      0.55518555	      1.49356720	      0.34225045	      0.07333298	      0.10071654	      1.57190162	      0.18306614	      0.37852834	      0.23250078	      0.92254527	      0.31765489	      0.40929429	      0.82662115	      0.54372012	      0.25526542	      0.16121351	      0.08597400	      1.70066906	      0.00000000	      1.72525010	      0.00000000	      0.00000000	      1.52849556	      0.00000001	      0.57358081	      0.73315710	      0.00000000	      0.39216839	      0.46989323	      0.00000000	      1.43734334	      0.00000000	      0.00000000	      1.89547157	      1.96613221	      0.19520111	      0.02736234	      0.08025176	      0.00000000	      2.00978489	      2.05495488	      2.67481350	      1.06587301	      0.55518555	      1.49356720	      0.34225045	      0.07333298	      0.10071654	      1.57190162	      0.18306614	      0.37852834	      0.23250078	      0.92254527	      0.31765489	      0.00000000	      0.00000000	      1.58986432	      1.58986432	      0.00000000	      0.00000000
      2.09000000	    151.34473092	     90.19752000	      0.40929429	      0.82662115	      0.54372012	      0.25526542	      0.16121351	      0.08597400	      1.70066906	      0.00000000	      1.72525010	      0.00000004	      0.00000000	      1.52849556	      0.00000001	      0.57358081	      0.73315710	      0.00000000	      0.39216839	      0.46989323	      0.00000000	      1.43734334	      0.00000000	      0.00000000	      1.89547157	      1.96613221	      0.19520111	      0.02736234	      0.08025176	      0.00000000	      2.00978489	      2.05495488	      2.67481350	      1.06587301	      0.55518555	      1.49356720	      0.34225045	      0.07333298	      0.10071654	      1.57190162	      0.18306614	      0.37852834	      0.23250078	      0.92254527	      0.31765489	      0.40929429	      0.82662115	      0.54372012	      0.25526542	      0.16121351	      0.08597400	      1.70066906	      0.00000000	      1.72525010	      0.00000004	      0.00000000	      1.52849556	      0.00000001	      0.57358081	      0.73315710	      0.00000000	      0.39216839	      0.46989323	      0.00000000	      1.43734334	      0.00000000	      0.00000000	      1.89547157	      1.96613221	      0.19520111	      0.02736234	      0.08025176	      0.00000000	      2.00978489	      2.05495488	      2.67481350	      1.06587301	      0.55518555	      1.49356720	      0.34225045	      0.07333298	      0.10071654	      1.57190162	      0.18306614	      0.37852834	      0.23250078	      0.92254527	      0.31765489	      0.00000000	      0.00000000	      1.58986432	      1.58986432	      0.00000000	      0.00000000
      2.10000000	    151.34472952	     90.19752000	      0.40929429	      0.82662115	      0.54372012	      0.25526542	      0.16121351	      0.08597400	      1.70066906	     -0.00000001	      1.72525010	      0.00000000	     -0.00000066	      1.52849556	      0.00000000	      0.57358081	      0.73315710	      0.00000000	      0.39216839	      0.46989323	      0.00000000	      1.43734334	      0.00000000	      0.00000000	      1.89547157	      1.96613221	      0.19520111	      0.02736234	      0.08025176	      0.00000000	      2.00978489	      2.05495488	      2.67481350	      1.06587301	      0.55518555	      1.49356720	      0.34225045	      0.07333298	      0.10071654	      1.57190162	      0.18306614	      0.37852834	      0.23250078	      0.92254527	      0.31765489	      0.40929429	      0.82662115	      0.54372012	      0.25526542	      0.16121351	      0.08597400	      1.70066906	     -0.00000001	      1.72525010	      0.00000000	     -0.00000066	      1.52849556	      0.00000000	      0.57358081	      0.73315710	      0.00000000	      0.39216839	      0.46989323	      0.00000000	      1.43734334	      0.00000000	      0.00000000	      1.89547157	      1.96613221	      0.19520111	      0.02736234	      0.08025176	      0.00000000	      2.00978489	      2.05495488	      2.67481350	      1.06587301	      0.55518555	      1.49356720	      0.34225045	      0.07333298	      0.10071654	      1.57190162	      0.18306614	      0.37852834	      0.23250078	      0.92254527	      0.31765489	      0.00000000	      0.00000000	      1.58986432	      1.58986432	      0.00000000	      0.00000000
      2.11000000	    151.34473076	     90.19752000	      0.40929429	      0.82662115	      0.54372012	      0.25526542	      0.16121351	      0.08597400	      1.70066906	      0.00000000	      1.72525010	      0.00000000	      0.00000000	      1.52849556	      0.00000000	      0.57358081	      0.73315710	     -0.00000000	      0.39216839	      0.46989323	     -0.00000012	      1.43734334	      0.00000000	      0.00000000	      1.89547157	      1.96613221	      0.19520111	      0.02736234	      0.08025176	      0.00000000	      2.00978489	      2.05495488	      2.67481350	      1.06587301	      0.55518555	      1.49356720	      0.34225045	      0.07333298	      0.10071654	      1.57190162	      0.18306614	      0.37852834	      0.23250078	      0.92254527	      0.31765489	      0.40929429	      0.82662115	      0.54372012	      0.25526542	      0.16121351	      0.08597400	      1.70066906	      0.00000000	      1.72525010	      0.00000000	      0.00000000	      1.52849556	      0.00000000	      0.57358081	      0.73315710	     -0.00000000	      0.39216839	      0.46989323	     -0.00000012	      1.43734334	      0.00000000	      0.00000000	      1.89547157	      1.96613221	      0.19520111	      0.02736234	      0.08025176	      0.00000000	      2.00978489	      2.05495488	      2.67481350	      1.06587301	      0.55518555	      1.49356720	      0.34225045	      0.07333298	      0.10071654	      1.57190162	      0.18306614	      0.37852834	      0.23250078	      0.92254527	      0.31765489	      0.00000008	      0.00000008	      1.58986432	      1.58986432	      0.00000000	      0.00000000
      2.12000000	    151.34392711	     90.19752000	      0.40929429	      0.82662115	      0.54372012	      0.25526542	      0.16121351	      0.08597400	      1.70066906	      0.00000000	      1.72525010	      0.00000000	      0.00000000	      1.52849556	      0.00000000	      0.57358081	      0.73315710	      0.00000000	      0.39176664	      0.46989323	     -0.00000012	      1.43734334	      0.00000000	      0.00000000	      1.89547157	      1.96613221	      0.19520111	      0.02736234	      0.08025176	      0.00000000	      2.00978489	      2.05495488	      2.67481350	      1.06587301	      0.55518555	      1.49356720	      0.34225045	      0.07333298	      0.10071654	      1.57190162	      0.18306614	      0.37852834	      0.23250078	      0.92254527	      0.31765489	      0.40929429	      0.82662115	      0.54372012	      0.25526542	      0.16121351	      0.08597400	      1.70066906	      0.00000000	      1.72525010	      0.00000000	      0.00000000	      1.52849556	      0.00000000	      0.57358081	      0.73315710	      0.00000000	      0.39176664	      0.46989323	     -0.00000012	      1.43734334	      0.00000000	      0.00000000	      1.89547157	      1.96613221	      0.19520111	      0.02736234	      0.08025176	      0.00000000	      2.00978489	      2.05495488	      2.67481350	      1.06587301	      0.55518555	      1.49356720	      0.34225045	      0.07333298	      0.10071654	      1.57190162	      0.18306614	      0.37852834	      0.23250078	      0.92254527	      0.31765489	      0.00000000	      0.00000000	      1.58986432	      1.58986432	      0.00000000	      0.00000000
      2.13000000	    151.51774432	     90.19752000	      0.40929429	      0.82662115	      0.54372012	      0.25526542	      0.16121351	      0.08597400	      1.70066906	      0.00000000	      1.72525010	      0.00000000	      0.00000000	      1.52849556	      0.00000001	      0.57358081	      0.73315710	      0.00000000	      0.47867512	      0.46989323	      0.00000000	      1.43734334	      0.00000000	      0.00000000	      1.89547157	      1.96613221	      0.19520111	      0.02736234	      0.08025176	      0.00000000	      2.00978489	      2.05495488	      2.67481350	      1.06587301	      0.55518555	      1.49356720	      0.34225045	      0.07333298	      0.10071654	      1.57190162	      0.18306614	      0.37852834	      0.23250078	      0.92254527	      0.31765489	      0.40929429	      0.82662115	      0.54372012	      0.25526542	      0.16121351	      0.08597400	      1.70066906	      0.00000000	      1.72525010	      0.00000000	      0.00000000	      1.52849556	      0.00000001	      0.57358081	      0.73315710	      0.00000000	      0.47867512	      0.46989323	      0.00000000	      1.43734334	      0.00000000	      0.00000000	      1.89547157	      1.96613221	      0.19520111	      0.02736234	      0.08025176	      0.00000000	      2.00978489	      2.05495488	      2.67481350	      1.06587301	      0.55518555	      1.49356720	      0.34225045	      0.07333298	      0.10071654	      1.57190162	      0.18306614	      0.37852834	      0.23250078	      0.92254527	      0.31765489	      0.00000000	      0.00000000	      1.58986432	      1.58986432	      0.00000000	      0.00000000
      2.14000000	    151.89346232	     90.19752000	      0.40929429	      0.82662115	      0.54372012	      0.25526542	      0.16121351	      0.08597400	      1.70066906	      0.00000000	      1.72525010	      0.00000000	      0.00000000	      1.52849556	      0.00000000	      0.57358081	      0.73315710	      0.00000000	      0.66653413	      0.46989323	      0.00000000	      1.43734334	      0.00000000	     -0.00000000	      1.89547157	      1.96613221	      0.19520111	      0.02736234	      0.08025176	      0.00000000	      2.00978489	      2.05495488	      2.67481350	      1.06587301	      0.55518555	      1.49356720	      0.34225045	      0.07333298	      0.10071654	      1.57190162	      0.18306614	      0.37852834	      0.23250078	      0.92254527	      0.31765489	      0.40929429	      0.82662115	      0.54372012	      0.25526542	      0.16121351	      0.08597400	      1.70066906	      0.00000000	      1.72525010	      0.00000000	      0.00000000	      1.52849556	      0.00000000	      0.57358081	      0.73315710	      0.00000000	      0.66653413	      0.46989323	      0.00000000	      1.43734334	      0.00000000	     -0.00000000	      1.89547157	      1.96613221	      0.19520111	      0.02736234	      0.08025176	      0.00000000	      2.00978489	      2.05495488	      2.67481350	      1.06587301	      0.55518555	      1.49356720	      0.34225045	      0.07333298	      0.10071654	      1.57190162	      0.18306614	      0.37852834	      0.23250078	      0.92254527	      0.31765489	      0.00000000	      0.00000000	      1.58986432	      1.58986432	      0.00000000	      0.00000000
      2.15000000	    151.99769631	     90.19752000	      0.40929429	      0.82662115	      0.54372012	      0.25526542	      0.16121351	      0.08597400	      1.70066906	      0.00000000	      1.72525010	      0.00000000	      0.00000000	      1.52849556	      0.00000001	      0.57358081	      0.73315710	      0.00000000	      0.71865112	      0.46989323	      0.00000000	      1.43734334	      0.00000000	      0.00000000	      1.89547157	      1.96613221	      0.19520111	      0.02736234	      0.08025176	      0.00000000	      2.00978489	      2.05495488	      2.67481350	      1.06587301	      0.55518555	      1.49356720	      0.34225045	      0.07333298	      0.10071654	      1.57190162	      0.18306614	      0.37852834	      0.23250078	      0.92254527	      0.31765489	      0.40929429	      0.82662115	      0.54372012	      0.25526542	      0.16121351	      0.08597400	      1.70066906	      0.00000000	      1.72525010	      0.00000000	      0.00000000	      1.52849556	      0.00000001	      0.57358081	      0.73315710	      0.00000000	      0.71865112	      0.46989323	      0.00000000	      1.43734334	      0.00000000	      0.00000000	      1.89547157	      1.96613221	      0.19520111	      0.02736234	      0.08025176	      0.00000000	      2.00978489	      2.05495488	      2.67481350	      1.06587301	      0.55518555	      1.49356720	      0.34225045	      0.07333298	      0.10071654	      1.57190162	      0.18306614	      0.37852834	      0.23250078	      0.92254527	      0.31765489	      0.00000000	      0.00000000	      1.58986432	      1.58986432	      0.00000000	      0.00000000
      2.16000000	    151.92086050	     90.19752000	      0.40929429	      0.82662115	      0.54372012	      0.25526542	      0.16121351	      0.08597400	      1.70066906	      0.00000000	      1.72525010	      0.00000000	      0.00000000	      1.52849556	      0.00000001	      0.57358081	      0.73315710	      0.00000000	      0.68023333	      0.46989323	     -0.00000012	      1.43734334	     -0.00000000	      0.00000000	      1.89547157	      1.96613221	      0.19520111	      0.02736234	      0.08025176	      0.00000000	      2.00978489	      2.05495488	      2.67481350	      1.06587301	      0.55518555	      1.49356720	      0.34225045	      0.07333298	      0.10071654	      1.57190162	      0.18306614	      0.37852834	      0.23250078	      0.92254527	      0.31765489	      0.40929429	      0.82662115	      0.54372012	      0.25526542	      0.16121351	      0.08597400	      1.70066906	      0.00000000	      1.72525010	      0.00000000	      0.00000000	      1.52849556	      0.00000001	      0.57358081	      0.73315710	      0.00000000	      0.68023333	      0.46989323	     -0.00000012	      1.43734334	     -0.00000000	      0.00000000	      1.89547157	      1.96613221	      0.19520111	      0.02736234	      0.08025176	      0.00000000	      2.00978489	      2.05495488	      2.67481350	      1.06587301	      0.55518555	      1.49356720	      0.34225045	      0.07333298	      0.10071654	      1.57190162	      0.18306614	      0.37852834	      0.23250078	      0.92254527	      0.31765489	      0.00000000	      0.00000000	      1.58986432	      1.58986432	      0.00000000	      0.00000000
      2.17000000	    151.70674761	     90.19752000	      0.40929429	      0.82662115	      0.54372012	      0.25526542	      0.16121351	      0.08597400	      1.70066906	      0.00000000	      1.72525010	      0.00000000	      0.00000000	      1.52849556	      0.00000000	      0.57358081	      0.73315710	      0.00000000	      0.57317689	      0.46989323	     -0.00000012	      1.43734334	      0.00000000	      0.00000000	      1.89547157	      1.96613221	      0.19520111	      0.02736234	      0.08025176	      0.00000000	      2.00978489	      2.05495488	      2.67481350	      1.06587301	      0.55518555	      1.49356720	      0.34225045	      0.07333298	      0.10071654	      1.57190162	      0.18306614	      0.37852834	      0.23250078	      0.92254527	      0.31765489	      0.40929429	      0.82662115	      0.54372012	      0.25526542	      0.16121351	      0.08597400	      1.70066906	      0.00000000	      1.72525010	      0.00000000	      0.00000000	      1.52849556	      0.00000000	      0.57358081	      0.73315710	      0.00000000	      0.57317689	      0.46989323	     -0.00000012	      1.43734334	      0.00000000	      0.00000000	      1.89547157	      1.96613221	      0.19520111	      0.02736234	      0.08025176	      0.00000000	      2.00978489	      2.05495488	      2.67481350	      1.06587301	      0.55518555	      1.49356720	      0.34225045	      0.07333298	      0.10071654	      1.57190162	      0.18306614	      0.37852834	      0.23250078	      0.92254527	      0.31765489	      0.00000000	      0.00000000	      1.58986432	      1.58986432	     -0.00000000	     -0.00000000
      2.18000000	    158.34774710	     90.19752000	      0.40929429	      0.82662115	      0.54372012	      0.25526542	      0.16121351	      0.08597400	      1.70066906	      0.00000000	      1.72525010	      0.00000000	     -0.00000066	      1.52849556	      0.00000000	      0.57358081	      0.73315710	     -0.00000000	      0.40909426	      0.46989323	      0.00000000	      1.43734334	      3.48458292	      0.00000000	      1.89547157	      1.96613221	      0.19520111	      0.02736234	      0.08025176	      0.00000000	      2.00978489	      2.05495488	      2.67481350	      1.06587301	      0.55518555	      1.49356720	      0.34225045	      0.07333298	      0.10071654	      1.57190162	      0.18306614	      0.37852834	      0.23250078	      0.92254527	      0.31765489	      0.40929429	      0.82662115	      0.54372012	      0.25526542	      0.16121351	      0.08597400	      1.70066906	      0.00000000	      1.72525010	      0.00000000	     -0.00000066	      1.52849556	      0.00000000	      0.57358081	      0.73315710	     -0.00000000	      0.40909426	      0.46989323	      0.00000000	      1.43734334	      3.48458292	      0.00000000	      1.89547157	      1.96613221	      0.19520111	      0.02736234	      0.08025176	      0.00000000	      2.00978489	      2.05495488	      2.67481350	      1.06587301	      0.55518555	      1.49356720	      0.34225045	      0.07333298	      0.10071654	      1.57190162	      0.18306614	      0.37852834	      0.23250078	      0.92254527	      0.31765489	      0.00000000	      0.00000000	      1.58986432	      1.58986432	      0.00000000	      0.00000000
      2.19000000	    155.33865502	     90.19752000	      0.40929429	      0.82662115	      0.54372012	      0.25526542	      0.16121351	      0.08597400	      1.70066906	     -0.00000001	      1.72525010	      0.00000000	      0.00000000	      1.52849556	      0.00000001	      0.57358081	      0.73315710	      0.00000000	      0.26236898	      0.46989323	      0.00000000	      1.43734334	      2.12676150	      0.00000000	      1.89547157	      1.96613221	      0.19520111	      0.02736234	      0.08025176	      0.00000000	      2.00978489	      2.05495488	      2.67481350	      1.06587301	      0.55518555	      1.49356720	      0.34225045	      0.07333298	      0.10071654	      1.57190162	      0.18306614	      0.37852834	      0.23250078	      0.92254527	      0.31765489	      0.40929429	      0.82662115	      0.54372012	      0.25526542	      0.16121351	      0.08597400	      1.70066906	     -0.00000001	      1.72525010	      0.00000000	      0.00000000	      1.52849556	      0.00000001	      0.57358081	      0.73315710	      0.00000000	      0.26236898	      0.46989323	      0.00000000	      1.43734334	      2.12676150	      0.00000000	      1.89547157	      1.96613221	      0.19520111	      0.02736234	      0.08025176	      0.00000000	      2.00978489	      2.05495488	      2.67481350	      1.06587301	      0.55518555	      1.49356720	      0.34225045	      0.07333298	      0.10071654	      1.57190162	      0.18306614	      0.37852834	      0.23250078	      0.92254527	      0.31765489	      0.00000000	      0.00000000	      1.58986432	      1.58986432	      0.00000000	      0.00000000
      2.20000000	    154.81391706	     90.19752000	      0.40929429	      0.82662115	      0.54372012	      0.25526542	      0.16121351	      0.08597400	      1.70066906	      0.00000000	      1.72525010	      0.00000000	      0.00000000	      1.52849556	      0.00000000	      0.57358081	      0.73315710	      0.00000000	      0.00000000	      0.46989323	      0.00000000	      1.43734334	      2.12676150	      0.00000000	      1.89547157	      1.96613221	      0.19520111	      0.02736234	      0.08025176	      0.00000000	      2.00978489	      2.05495488	      2.67481350	      1.06587301	      0.55518555	      1.49356720	      0.34225045	      0.07333298	      0.10071654	      1.57190162	      0.18306614	      0.37852834	      0.23250078	      0.92254527	      0.31765489	      0.40929429	      0.82662115	      0.54372012	      0.25526542	      0.16121351	      0.08597400	      1.70066906	      0.00000000	      1.72525010	      0.00000000	      0.00000000	      1.52849556	      0.00000000	      0.57358081	      0.73315710	      0.00000000	      0.00000000	      0.46989323	      0.00000000	      1.43734334	      2.12676150	      0.00000000	      1.89547157	      1.96613221	      0.19520111	      0.02736234	      0.08025176	      0.00000000	      2.00978489	      2.05495488	      2.67481350	      1.06587301	      0.55518555	      1.49356720	      0.34225045	      0.07333298	      0.10071654	      1.57190162	      0.18306614	      0.37852834	      0.23250078	      0.92254527	      0.31765489	      0.00000000	      0.00000000	      1.58986432	      1.58986432	     -0.00000000	     -0.00000000
      2.21000000	    154.81391691	     90.19752000	      0.40929429	      0.82662115	      0.54372012	      0.25526542	      0.16121351	      0.08597400	      1.70066906	      0.00000000	      1.72525010	      0.00000004	      0.00000000	      1.52849556	      0.00000001	      0.57358081	      0.73315710	      0.00000000	     -0.00000000	      0.46989323	     -0.00000012	      1.43734334	      2.12676150	      0.00000000	      1.89547157	      1.96613221	      0.19520111	      0.02736234	      0.08025176	      0.00000000	      2.00978489	      2.05495488	      2.67481350	      1.06587301	      0.55518555	      1.49356720	      0.34225045	      0.07333298	      0.10071654	      1.57190162	      0.18306614	      0.37852834	      0.23250078	      0.92254527	      0.31765489	      0.40929429	      0.82662115	      0.54372012	      0.25526542	      0.16121351	      0.08597400	      1.70066906	      0.00000000	      1.72525010	      0.00000004	      0.00000000	      1.52849556	      0.00000001	      0.57358081	      0.73315710	      0.00000000	     -0.00000000	      0.46989323	     -0.00000012	      1.43734334	      2.12676150	      0.00000000	      1.89547157	      1.96613221	      0.19520111	      0.02736234	      0.08025176	      0.00000000	      2.00978489	      2.05495488	      2.67481350	      1.06587301	      0.55518555	      1.49356720	      0.34225045	      0.07333298	      0.10071654	      1.57190162	      0.18306614	      0.37852834	      0.23250078	      0.92254527	      0.31765489	      0.00000000	      0.00000000	      1.58986432	      1.58986432	      0.00000000	      0.00000000
      2.22000000	    154.81391591	     90.19752000	      0.40929429	      0.82662115	      0.54372012	      0.25526542	      0.16121351	      0.08597400	      1.70066906	      0.00000000	      1.72525010	      0.00000000	     -0.00000066	      1.52849556	      0.00000001	      0.57358081	      0.73315710	      0.00000000	      0.00000000	      0.46989323	      0.00000000	      1.43734334	      2.12676150	      0.00000000	      1.89547157	      1.96613221	      0.19520111	      0.02736234	      0.08025176	      0.00000000	      2.00978489	      2.05495488	      2.67481350	      1.06587301	      0.55518555	      1.49356720	      0.34225045	      0.07333298	      0.10071654	      1.57190162	      0.18306614	      0.37852834	      0.23250078	      0.92254527	      0.31765489	      0.40929429	      0.82662115	      0.54372012	      0.25526542	      0.16121351	      0.08597400	      1.70066906	      0.00000000	      1.72525010	      0.00000000	     -0.00000066	      1.52849556	      0.00000001	      0.57358081	      0.73315710	      0.00000000	      0.00000000	      0.46989323	      0.00000000	      1.43734334	      2.12676150	      0.00000000	      1.89547157	      1.96613221	      0.19520111	      0.02736234	      0.08025176	      0.00000000	      2.00978489	      2.05495488	      2.67481350	      1.06587301	      0.55518555	      1.49356720	      0.34225045	      0.07333298	      0.10071654	      1.57190162	      0.18306614	      0.37852834	      0.23250078	      0.92254527	      0.31765489	      0.00000008	      0.00000008	      1.58986432	      1.58986432	      0.00000000	      0.00000000
      2.23000000	    154.81391706	     90.19752000	      0.40929429	      0.82662115	      0.54372012	      0.25526542	      0.16121351	      0.08597400	      1.70066906	      0.00000000	      1.72525010	      0.00000000	      0.00000000	      1.52849556	      0.00000000	      0.57358081	      0.73315710	      0.00000000	      0.00000000	      0.46989323	      0.00000000	      1.43734334	      2.12676150	      0.00000000	      1.89547157	      1.96613221	      0.19520111	      0.02736234	      0.08025176	      0.00000000	      2.00978489	      2.05495488	      2.67481350	      1.06587301	      0.55518555	      1.49356720	      0.34225045	      0.07333298	      0.10071654	      1.57190162	      0.18306614	      0.37852834	      0.23250078	      0.92254527	      0.31765489	      0.40929429	      0.82662115	      0.54372012	      0.25526542	      0.16121351	      0.08597400	      1.70066906	      0.00000000	      1.72525010	      0.00000000	      0.00000000	      1.52849556	      0.00000000	      0.57358081	      0.73315710	      0.00000000	      0.00000000	      0.46989323	      0.00000000	      1.43734334	      2.12676150	      0.00000000	      1.89547157	      1.96613221	      0.19520111	      0.02736234	      0.08025176	      0.00000000	      2.00978489	      2.05495488	      2.67481350	      1.06587301	      0.55518555	      1.49356720	      0.34225045	      0.07333298	      0.10071654	      1.57190162	      0.18306614	      0.37852834	      0.23250078	      0.92254527	      0.31765489	      0.00000000	      0.00000000	      1.58986432	      1.58986432	      0.00000000	      0.00000000
      2.24000000	    154.81391706	     90.19752000	      0.40929429	      0.82662115	      0.54372012	      0.25526542	      0.16121351	      0.08597400	      1.70066906	      0.00000000	      1.72525010	      0.00000000	      0.00000000	      1.52849556	      0.00000000	      0.57358081	      0.73315710	      0.00000000	      0.00000000	      0.46989323	      0.00000000	      1.43734334	      2.12676150	      0.00000000	      1.89547157	      1.96613221	      0.19520111	      0.02736234	      0.08025176	      0.00000000	      2.00978489	      2.05495488	      2.67481350	      1.06587301	      0.55518555	      1.49356720	      0.34225045	      0.07333298	      0.10071654	      1.57190162	      0.18306614	      0.37852834	      0.23250078	      0.92254527	      0.31765489	      0.40929429	      0.82662115	      0.54372012	      0.25526542	      0.16121351	      0.08597400	      1.70066906	      0.00000000	      1.72525010	      0.00000000	      0.00000000	      1.52849556	      0.00000000	      0.57358081	      0.73315710	      0.00000000	      0.00000000	      0.46989323	      0.00000000	      1.43734334	      2.12676150	      0.00000000	      1.89547157	      1.96613221	      0.19520111	      0.02736234	      0.08025176	      0.00000000	      2.00978489	      2.05495488	      2.67481350	      1.06587301	      0.55518555	      1.49356720	      0.34225045	      0.07333298	      0.10071654	      1.57190162	      0.18306614	      0.37852834	      0.23250078	      0.92254527	      0.31765489	      0.00000000	      0.00000000	      1.58986432	      1.58986432	     -0.00000000	     -0.00000000
      2.25000000	    155.50325288	     90.19752000	      0.40929429	      0.82662115	      0.54372012	      0.25526542	      0.16121351	      0.08597400	      1.70066906	      0.00000000	      1.72525010	      0.00000000	     -0.00000066	      1.52849556	      0.00000000	      0.57358081	      0.73315710	      0.34466853	      0.00000000	      0.46989323	      0.00000000	      1.43734334	      2.12676150	      0.00000000	      1.89547157	      1.96613221	      0.19520111	      0.02736234	      0.08025176	      0.00000000	      2.00978489	      2.05495488	      2.67481350	      1.06587301	      0.55518555	      1.49356720	      0.34225045	      0.07333298	      0.10071654	      1.57190162	      0.18306614	      0.37852834	      0.23250078	      0.92254527	      0.31765489	      0.40929429	      0.82662115	      0.54372012	      0.25526542	      0.16121351	      0.08597400	      1.70066906	      0.00000000	      1.72525010	      0.00000000	     -0.00000066	      1.52849556	      0.00000000	      0.57358081	      0.73315710	      0.34466853	      0.00000000	      0.46989323	      0.00000000	      1.43734334	      2.12676150	      0.00000000	      1.89547157	      1.96613221	      0.19520111	      0.02736234	      0.08025176	      0.00000000	      2.00978489	      2.05495488	      2.67481350	      1.06587301	      0.55518555	      1.49356720	      0.34225045	      0.07333298	      0.10071654	      1.57190162	      0.18306614	      0.37852834	      0.23250078	      0.92254527	      0.31765489	      0.00000004	      0.00000004	      1.58986432	      1.58986432	      0.00000000	      0.00000000
      2.26000000	    158.12475197	     90.19752000	      0.40929429	      0.82662115	      0.54372012	      0.25526542	      0.16121351	      0.08597400	      1.70066906	      0.00000000	      1.72525010	      0.00000000	     -0.00000066	      1.52849556	      0.00000000	      0.57358081	      0.73315710	      1.65541811	      0.00000000	      0.46989323	      0.00000000	      1.43734334	      2.12676150	      0.00000000	      1.89547157	      1.96613221	      0.19520111	      0.02736234	      0.08025176	      0.00000000	      2.00978489	      2.05495488	      2.67481350	      1.06587301	      0.55518555	      1.49356720	      0.34225045	      0.07333298	      0.10071654	      1.57190162	      0.18306614	      0.37852834	      0.23250078	      0.92254527	      0.31765489	      0.40929429	      0.82662115	      0.54372012	      0.25526542	      0.16121351	      0.08597400	      1.70066906	      0.00000000	      1.72525010	      0.00000000	     -0.00000066	      1.52849556	      0.00000000	      0.57358081	      0.73315710	      1.65541811	      0.00000000	      0.46989323	      0.00000000	      1.43734334	      2.12676150	      0.00000000	      1.89547157	      1.96613221	      0.19520111	      0.02736234	      0.08025176	      0.00000000	      2.00978489	      2.05495488	      2.67481350	      1.06587301	      0.55518555	      1.49356720	      0.34225045	      0.07333298	      0.10071654	      1.57190162	      0.18306614	      0.37852834	      0.23250078	      0.92254527	      0.31765489	      0.00000000	      0.00000000	      1.58986432	      1.58986432	      0.00000000	      0.00000000
      2.27000000	    159.03808088	     90.19752000	      0.40929429	      0.82662115	      0.54372012	      0.25526542	      0.16121351	      0.08597400	      1.70066906	      0.00000000	      1.72525010	      0.00000000	      0.00000000	      1.67275384	      0.00000000	      0.57358081	      0.73315710	      1.96782359	      0.00000000	      0.46989323	      0.00000000	      1.43734334	      2.12676150	      0.00000000	      1.89547157	      1.96613221	      0.19520111	      0.02736234	      0.08025176	     -0.00000000	      2.00978489	      2.05495488	      2.67481350	      1.06587301	      0.55518555	      1.49356720	      0.34225045	      0.07333298	      0.10071654	      1.57190162	      0.18306614	      0.37852834	      0.23250078	      0.92254527	      0.31765489	      0.40929429	      0.82662115	      0.54372012	      0.25526542	      0.16121351	      0.08597400	      1.70066906	      0.00000000	      1.72525010	      0.00000000	      0.00000000	      1.67275384	      0.00000000	      0.57358081	      0.73315710	      1.96782359	      0.00000000	      0.46989323	      0.00000000	      1.43734334	      2.12676150	      0.00000000	      1.89547157	      1.96613221	      0.19520111	      0.02736234	      0.08025176	     -0.00000000	      2.00978489	      2.05495488	      2.67481350	      1.06587301	      0.55518555	      1.49356720	      0.34225045	      0.07333298	      0.10071654	      1.57190162	      0.18306614	      0.37852834	      0.23250078	      0.92254527	      0.31765489	      0.00000004	      0.00000004	      1.58986432	      1.58986432	      0.00000000	      0.00000000
      2.28000000	    162.18384838	     90.19752000	      0.40929429	      0.82662115	      0.54372012	      0.25526542	      0.16121351	      0.08597400	      1.70066906	     -0.00000001	      1.72525010	      0.00000000	      0.00000000	      2.58129936	      0.00000000	      0.57358081	      0.73315710	      1.24997648	      0.00000000	      0.46989323	      0.00000000	      1.43734334	      2.12676150	     -0.00000000	      3.27765696	      1.96613221	      0.19520111	      0.02736234	      0.08025176	      0.00000000	      2.00978489	      2.05495488	      2.67481350	      1.06587301	      0.55518555	      1.49356720	      0.34225045	      0.07333298	      0.10071654	      1.57190162	      0.18306614	      0.37852834	      0.23250078	      0.92254527	      0.31765489	      0.40929429	      0.82662115	      0.54372012	      0.25526542	      0.16121351	      0.08597400	      1.70066906	     -0.00000001	      1.72525010	      0.00000000	      0.00000000	      2.58129936	      0.00000000	      0.57358081	      0.73315710	      1.24997648	      0.00000000	      0.46989323	      0.00000000	      1.43734334	      2.12676150	     -0.00000000	      3.27765696	      1.96613221	      0.19520111	      0.02736234	      0.08025176	      0.00000000	      2.00978489	      2.05495488	      2.67481350	      1.06587301	      0.55518555	      1.49356720	      0.34225045	      0.07333298	      0.10071654	      1.57190162	      0.18306614	      0.37852834	      0.23250078	      0.92254527	      0.31765489	      0.00000000	      0.00000000	      1.58986432	      1.58986432	      0.00000000	      0.00000000
      2.29000000	    156.74826561	     90.19752000	      0.40929429	      0.82662115	      0.54372012	      0.25526542	      0.16121351	      0.08597400	      1.70066906	      0.00000000	      1.72525010	      0.00000000	      0.00000000	      1.08584781	      0.00000000	      0.57358081	      0.73315710	      1.12929829	      0.00000000	      0.46989323	     -0.00000012	      1.43734334	      2.12676150	      0.00000000	      2.17599542	      1.96613221	      0.19520111	      0.02736234	      0.08025176	      0.00000000	      2.00978489	      2.05495488	      2.67481350	      1.06587301	      0.55518555	      1.49356720	      0.34225045	      0.07333298	      0.10071654	      1.57190162	      0.18306614	      0.37852834	      0.23250078	      0.92254527	      0.31765489	      0.40929429	      0.82662115	      0.54372012	      0.25526542	      0.16121351	      0.08597400	      1.70066906	      0.00000000	      1.72525010	      0.00000000	      0.00000000	      1.08584781	      0.00000000	      0.57358081	      0.73315710	      1.12929829	      0.00000000	      0.46989323	     -0.00000012	      1.43734334	      2.12676150	      0.00000000	      2.17599542	      1.96613221	      0.19520111	      0.02736234	      0.08025176	      0.00000000	      2.00978489	      2.05495488	      2.67481350	      1.06587301	      0.55518555	      1.49356720	      0.34225045	      0.07333298	      0.10071654	      1.57190162	      0.18306614	      0.37852834	      0.23250078	      0.92254527	      0.31765489	      0.00000000	      0.00000000	      1.58986432	      1.58986432	      0.00000000	      0.00000000
      2.30000000	    150.22457814	     90.19752000	      0.40929429	      0.82662115	      0.54372012	      0.25526542	      0.16121351	      0.08597400	      1.70066906	     -0.00000001	      1.72525010	      0.00000000	     -0.00000066	      0.00000000	      0.00000000	      0.57358081	      0.73315710	      1.12929829	     -0.00000000	      0.46989323	      0.00000000	      1.43734334	      2.12676150	      0.00000000	      0.00000000	      1.96613221	      0.19520111	      0.02736234	      0.08025176	      0.00000000	      2.00978489	      2.05495488	      2.67481350	      1.06587301	      0.55518555	      1.49356720	      0.34225045	      0.07333298	      0.10071654	      1.57190162	      0.18306614	      0.37852834	      0.23250078	      0.92254527	      0.31765489	      0.40929429	      0.82662115	      0.54372012	      0.25526542	      0.16121351	      0.08597400	      1.70066906	     -0.00000001	      1.72525010	      0.00000000	     -0.00000066	      0.00000000	      0.00000000	      0.57358081	      0.73315710	      1.12929829	     -0.00000000	      0.46989323	      0.00000000	      1.43734334	      2.12676150	      0.00000000	      0.00000000	      1.96613221	      0.19520111	      0.02736234	      0.08025176	      0.00000000	      2.00978489	      2.05495488	      2.67481350	      1.06587301	      0.55518555	      1.49356720	      0.34225045	      0.07333298	      0.10071654	      1.57190162	      0.18306614	      0.37852834	      0.23250078	      0.92254527	      0.31765489	      0.00000004	      0.00000004	      1.58986432	      1.58986432	      0.00000000	      0.00000000
      2.31000000	    152.90686570	     90.19752000	      0.40929429	      0.82662115	      0.54372012	      0.25526542	      0.16121351	      0.08597400	      1.70066906	      0.00000000	      1.72525010	      0.00000000	      0.00000000	     -0.00000000	      0.00000001	      0.57358081	      0.73315710	      1.12929829	      0.00000000	      0.46989323	      0.00000000	      1.43734334	      2.12676150	      1.34114311	      0.00000000	      1.96613221	      0.19520111	      0.02736234	      0.08025176	      0.00000000	      2.00978489	      2.05495488	      2.67481350	      1.06587301	      0.55518555	      1.49356720	      0.34225045	      0.07333298	      0.10071654	      1.57190162	      0.18306614	      0.37852834	      0.23250078	      0.92254527	      0.31765489	      0.40929429	      0.82662115	      0.54372012	      0.25526542	      0.16121351	      0.08597400	      1.70066906	      0.00000000	      1.72525010	      0.00000000	      0.00000000	     -0.00000000	      0.00000001	      0.57358081	      0.73315710	      1.12929829	      0.00000000	      0.46989323	      0.00000000	      1.43734334	      2.12676150	      1.34114311	      0.00000000	      1.96613221	      0.19520111	      0.02736234	      0.08025176	      0.00000000	      2.00978489	      2.05495488	      2.67481350	      1.06587301	      0.55518555	      1.49356720	      0.34225045	      0.07333298	      0.10071654	      1.57190162	      0.18306614	      0.37852834	      0.23250078	      0.92254527	      0.31765489	      0.00000004	      0.00000004	      1.58986432	      1.58986432	      0.00000000	      0.00000000
      2.32000000	    154.65751939	     90.19752000	      0.40929429	      0.82662115	      0.54372012	      0.25526542	      0.16121351	      0.08597400	      1.70066906	      0.00000000	      1.72525010	      0.00000000	     -0.00000066	      0.00000000	      0.00000001	      0.57358081	      0.73315710	      1.12929829	      0.00000000	      0.46989323	      0.00000000	      1.43734334	      2.12676150	      2.11481052	      0.00000000	      1.96613221	      0.19520111	      0.02736234	      0.08025176	      0.00000000	      2.00978489	      2.05495488	      2.67481350	      1.06587301	      0.55518555	      1.49356720	      0.34225045	      0.07333298	      0.10071654	      1.57190162	      0.18306614	      0.37852834	      0.23250078	      0.92254527	      0.41931503	      0.40929429	      0.82662115	      0.54372012	      0.25526542	      0.16121351	      0.08597400	      1.70066906	      0.00000000	      1.72525010	      0.00000000	     -0.00000066	      0.00000000	      0.00000001	      0.57358081	      0.73315710	      1.12929829	      0.00000000	      0.46989323	      0.00000000	      1.43734334	      2.12676150	      2.11481052	      0.00000000	      1.96613221	      0.19520111	      0.02736234	      0.08025176	      0.00000000	      2.00978489	      2.05495488	      2.67481350	      1.06587301	      0.55518555	      1.49356720	      0.34225045	      0.07333298	      0.10071654	      1.57190162	      0.18306614	      0.37852834	      0.23250078	      0.92254527	      0.41931503	      0.00000000	      0.00000000	      1.58986432	      1.58986432	      0.00000000	      0.00000000
      2.33000000	    153.48247687	     90.19752000	      0.40929429	      0.82662115	      0.54372012	      0.25526542	      0.16121351	      0.08597400	      1.70066906	      0.00000000	      1.72525010	      0.00000007	      0.00000000	      0.00000000	      0.00000000	      0.57358081	      0.73315710	      1.12929829	      0.00000000	      0.46989323	     -0.00000012	      1.43734334	      2.12676150	      1.40416817	      0.00000000	      1.96613221	      0.19520111	      0.02736234	      0.08025176	      0.00000000	      2.00978489	      2.05495488	      2.67481350	      1.06587301	      0.55518555	      1.49356720	      0.34225045	      0.07333298	      0.10071654	      1.57190162	      0.18306614	      0.37852834	      0.23250078	      0.92254527	      0.54243552	      0.40929429	      0.82662115	      0.54372012	      0.25526542	      0.16121351	      0.08597400	      1.70066906	      0.00000000	      1.72525010	      0.00000007	      0.00000000	      0.00000000	      0.00000000	      0.57358081	      0.73315710	      1.12929829	      0.00000000	      0.46989323	     -0.00000012	      1.43734334	      2.12676150	      1.40416817	      0.00000000	      1.96613221	      0.19520111	      0.02736234	      0.08025176	      0.00000000	      2.00978489	      2.05495488	      2.67481350	      1.06587301	      0.55518555	      1.49356720	      0.34225045	      0.07333298	      0.10071654	      1.57190162	      0.18306614	      0.37852834	      0.23250078	      0.92254527	      0.54243552	      0.00000000	      0.00000000	      1.58986432	      1.58986432	      0.00000000	      0.00000000
      2.34000000	    153.55962618	     90.19752000	      0.40929429	      0.82662115	      0.54372012	      0.25526542	      0.16121351	      0.08597400	      1.70066906	      0.00000000	      1.72525010	      0.00000000	     -0.00000066	      0.00000000	      0.00000000	      0.57358081	      0.73315710	      1.12929829	      0.00000000	      0.46989323	      0.00000000	      1.43734334	      2.12676150	      1.40416817	      0.00000000	      1.96613221	      0.19520111	      0.02736234	      0.08025176	      0.00000000	      2.00978489	      2.05495488	      2.67481350	      1.06587301	      0.55518555	      1.49356720	      0.34225045	      0.07333298	      0.10071654	      1.57190162	      0.18306614	      0.37852834	      0.23250078	      0.92254527	      0.58101078	      0.40929429	      0.82662115	      0.54372012	      0.25526542	      0.16121351	      0.08597400	      1.70066906	      0.00000000	      1.72525010	      0.00000000	     -0.00000066	      0.00000000	      0.00000000	      0.57358081	      0.73315710	      1.12929829	      0.00000000	      0.46989323	      0.00000000	      1.43734334	      2.12676150	      1.40416817	      0.00000000	      1.96613221	      0.19520111	      0.02736234	      0.08025176	      0.00000000	      2.00978489	      2.05495488	      2.67481350	      1.06587301	      0.55518555	      1.49356720	      0.34225045	      0.07333298	      0.10071654	      1.57190162	      0.18306614	      0.37852834	      0.23250078	      0.92254527	      0.58101078	      0.00000000	      0.00000000	      1.58986432	      1.58986432	      0.00000000	      0.00000000
      2.35000000	    153.50419680	     90.19752000	      0.40929429	      0.82662115	      0.54372012	      0.25526542	      0.16121351	      0.08597400	      1.70066906	     -0.00000001	      1.72525010	      0.00000000	     -0.00000066	      0.00000000	      0.00000001	      0.57358081	      0.73315710	      1.12929829	      0.00000000	      0.46989323	      0.00000000	      1.43734334	      2.12676150	      1.40416817	     -0.00000000	      1.96613221	      0.19520111	      0.02736234	      0.08025176	      0.00000000	      2.00978489	      2.05495488	      2.67481350	      1.06587301	      0.55518555	      1.49356720	      0.34225045	      0.07333298	      0.10071654	      1.57190162	      0.18306614	      0.37852834	      0.23250078	      0.92254527	      0.55329609	      0.40929429	      0.82662115	      0.54372012	      0.25526542	      0.16121351	      0.08597400	      1.70066906	     -0.00000001	      1.72525010	      0.00000000	     -0.00000066	      0.00000000	      0.00000001	      0.57358081	      0.73315710	      1.12929829	      0.00000000	      0.46989323	      0.00000000	      1.43734334	      2.12676150	      1.40416817	     -0.00000000	      1.96613221	      0.19520111	      0.02736234	      0.08025176	      0.00000000	      2.00978489	      2.05495488	      2.67481350	      1.06587301	      0.55518555	      1.49356720	      0.34225045	      0.07333298	      0.10071654	      1.57190162	      0.18306614	      0.37852834	      0.23250078	      0.92254527	      0.55329609	      0.00000000	      0.00000000	      1.58986432	      1.58986432	      0.00000000	      0.00000000
      2.36000000	    153.33735358	     90.19752000	      0.40929429	      0.82662115	      0.54372012	      0.25526542	      0.16121351	      0.08597400	      1.70066906	      0.00000000	      1.72525010	      0.00000000	      0.00000000	      0.00000000	      0.00000001	      0.57358081	      0.73315710	      1.12929829	      0.00000000	      0.46989323	      0.00000000	      1.43734334	      2.12676150	      1.40416817	      0.00000000	      1.96613221	      0.19520111	      0.02736234	      0.08025176	      0.00000000	      2.00978489	      2.05495488	      2.67481350	      1.06587301	      0.55518555	      1.49356720	      0.34225045	      0.07333298	      0.10071654	      1.57190162	      0.18306614	      0.37852834	      0.23250078	      0.92254527	      0.46987378	      0.40929429	      0.82662115	      0.54372012	      0.25526542	      0.16121351	      0.08597400	      1.70066906	      0.00000000	      1.72525010	      0.00000000	      0.00000000	      0.00000000	      0.00000001	      0.57358081	      0.73315710	      1.12929829	      0.00000000	      0.46989323	      0.00000000	      1.43734334	      2.12676150	      1.40416817	      0.00000000	      1.96613221	      0.19520111	      0.02736234	      0.08025176	      0.00000000	      2.00978489	      2.05495488	      2.67481350	      1.06587301	      0.55518555	      1.49356720	      0.34225045	      0.07333298	      0.10071654	      1.57190162	      0.18306614	      0.37852834	      0.23250078	      0.92254527	      0.46987378	      0.00000004	      0.00000004	      1.58986432	      1.58986432	      0.00000000	      0.00000000
      2.37000000	    153.07249688	     90.19752000	      0.40929429	      0.82662115	      0.54372012	      0.25526542	      0.16121351	      0.08597400	      1.70066906	      0.00000000	      1.72525010	      0.00000000	     -0.00000066	      0.00000000	      0.00000000	      0.57358081	      0.73315710	      1.12929829	      0.00000000	      0.46989323	      0.00000000	      1.43734334	      2.12676150	      1.40416817	      0.00000000	      1.96613221	      0.19520111	      0.02736234	      0.08025176	      0.00000000	      2.00978489	      2.05495488	      2.67481350	      1.06587301	      0.55518555	      1.49356720	      0.34225045	      0.07333298	      0.10071654	      1.57190162	      0.18306614	      0.37852834	      0.23250078	      0.92254527	      0.33744613	      0.40929429	      0.82662115	      0.54372012	      0.25526542	      0.16121351	      0.08597400	      1.70066906	      0.00000000	      1.72525010	      0.00000000	     -0.00000066	      0.00000000	      0.00000000	      0.57358081	      0.73315710	      1.12929829	      0.00000000	      0.46989323	      0.00000000	      1.43734334	      2.12676150	      1.40416817	      0.00000000	      1.96613221	      0.19520111	      0.02736234	      0.08025176	      0.00000000	      2.00978489	      2.05495488	      2.67481350	      1.06587301	      0.55518555	      1.49356720	      0.34225045	      0.07333298	      0.10071654	      1.57190162	      0.18306614	      0.37852834	      0.23250078	      0.92254527	      0.33744613	      0.00000000	      0.00000000	      1.58986432	      1.58986432	      0.00000000	      0.00000000
      2.38000000	    152.83034005	     90.19752000	      0.40929429	      0.82662115	      0.54372012	      0.25526542	      0.16121351	      0.08597400	      1.70066906	     -0.00000001	      1.72525010	      0.00000000	      0.00000000	     -0.00000000	      0.00000000	      0.57358081	      0.73315710	      1.12929829	     -0.00000000	      0.46989323	      0.00000000	      1.43734334	      2.12676150	      1.40416817	      0.00000000	      1.96613221	      0.19520111	      0.02736234	      0.08025176	      0.00000000	      2.00978489	      2.05495488	      2.67481350	      1.06587301	      0.55518555	      1.49356720	      0.34225045	      0.07333298	      0.10071654	      1.57190162	      0.18306614	      0.37852834	      0.23250078	      0.92254527	      0.21636706	      0.40929429	      0.82662115	      0.54372012	      0.25526542	      0.16121351	      0.08597400	      1.70066906	     -0.00000001	      1.72525010	      0.00000000	      0.00000000	     -0.00000000	      0.00000000	      0.57358081	      0.73315710	      1.12929829	     -0.00000000	      0.46989323	      0.00000000	      1.43734334	      2.12676150	      1.40416817	      0.00000000	      1.96613221	      0.19520111	      0.02736234	      0.08025176	      0.00000000	      2.00978489	      2.05495488	      2.67481350	      1.06587301	      0.55518555	      1.49356720	      0.34225045	      0.07333298	      0.10071654	      1.57190162	      0.18306614	      0.37852834	      0.23250078	      0.92254527	      0.21636706	      0.00000000	      0.00000000	      1.58986432	      1.58986432	      0.00000000	      0.00000000
      2.39000000	    152.39760462	     90.19752000	      0.40929429	      0.82662115	      0.54372012	      0.25526542	      0.16121351	      0.08597400	      1.70066906	      0.00000000	      1.72525010	      0.00000000	     -0.00000066	     -0.00000000	      0.00000000	      0.57358081	      0.73315710	      1.12929829	      0.00000000	      0.46989323	      0.00000000	      1.43734334	      2.12676150	      1.40416817	      0.00000000	      1.96613221	      0.19520111	      0.02736234	      0.08025176	      0.00000000	      2.00978489	      2.05495488	      2.67481350	      1.06587301	      0.55518555	      1.49356720	      0.34225045	      0.07333298	      0.10071654	      1.57190162	      0.18306614	      0.37852834	      0.23250078	      0.92254527	      0.00000000	      0.40929429	      0.82662115	      0.54372012	      0.25526542	      0.16121351	      0.08597400	      1.70066906	      0.00000000	      1.72525010	      0.00000000	     -0.00000066	     -0.00000000	      0.00000000	      0.57358081	      0.73315710	      1.12929829	      0.00000000	      0.46989323	      0.00000000	      1.43734334	      2.12676150	      1.40416817	      0.00000000	      1.96613221	      0.19520111	      0.02736234	      0.08025176	      0.00000000	      2.00978489	      2.05495488	      2.67481350	      1.06587301	      0.55518555	      1.49356720	      0.34225045	      0.07333298	      0.10071654	      1.57190162	      0.18306614	      0.37852834	      0.23250078	      0.92254527	      0.00000000	      0.00000000	      0.00000000	      1.58986432	      1.58986432	      0.00000000	      0.00000000
      2.40000000	    156.96837031	     90.19752000	      0.40929429	      0.82662115	      0.54372012	      0.25526542	      0.16121351	      0.08597400	      1.70066906	      0.00000000	      1.72525010	      0.00000000	     -0.00000066	      0.00000000	      0.00000001	      0.57358081	      0.73315710	      1.12929829	     -0.00000000	      0.46989323	     -0.00000012	      1.43734334	      2.12676150	      1.40416817	      0.00000000	      2.97583577	      0.19520111	      0.02736234	      0.08025176	      1.27567939	      2.00978489	      2.05495488	      2.67481350	      1.06587301	      0.55518555	      1.49356720	      0.34225045	      0.07333298	      0.10071654	      1.57190162	      0.18306614	      0.37852834	      0.23250078	      0.92254527	      0.00000000	      0.40929429	      0.82662115	      0.54372012	      0.25526542	      0.16121351	      0.08597400	      1.70066906	      0.00000000	      1.72525010	      0.00000000	     -0.00000066	      0.00000000	      0.00000001	      0.57358081	      0.73315710	      1.12929829	     -0.00000000	      0.46989323	     -0.00000012	      1.43734334	      2.12676150	      1.40416817	      0.00000000	      2.97583577	      0.19520111	      0.02736234	      0.08025176	      1.27567939	      2.00978489	      2.05495488	      2.67481350	      1.06587301	      0.55518555	      1.49356720	      0.34225045	      0.07333298	      0.10071654	      1.57190162	      0.18306614	      0.37852834	      0.23250078	      0.92254527	      0.00000000	      0.00000000	      0.00000000	      1.58986432	      1.58986432	      0.00000000	      0.00000000
      2.41000000	    160.21197924	     90.19752000	      0.40929429	      0.82662115	      0.54372012	      0.25526542	      0.16121351	      0.08597400	      1.70066906	      0.00000000	      1.72525010	      0.00000000	      0.00000000	      0.00000000	      0.00000000	      0.57358081	      0.73315710	      1.12929829	      0.00000000	      0.46989323	      0.00000000	      1.43734334	      2.12676150	      1.40416817	      0.00000000	      3.56204077	      0.19520111	      0.02736234	      0.08025176	      2.31127809	      2.00978489	      2.05495488	      2.67481350	      1.06587301	      0.55518555	      1.49356720	      0.34225045	      0.07333298	      0.10071654	      1.57190162	      0.18306614	      0.37852834	      0.23250078	      0.92254527	      0.00000000	      0.40929429	      0.82662115	      0.54372012	      0.25526542	      0.16121351	      0.08597400	      1.70066906	      0.00000000	      1.72525010	      0.00000000	      0.00000000	      0.00000000	      0.00000000	      0.57358081	      0.73315710	      1.12929829	      0.00000000	      0.46989323	      0.00000000	      1.43734334	      2.12676150	      1.40416817	      0.00000000	      3.56204077	      0.19520111	      0.02736234	      0.08025176	      2.31127809	      2.00978489	      2.05495488	      2.67481350	      1.06587301	      0.55518555	      1.49356720	      0.34225045	      0.07333298	      0.10071654	      1.57190162	      0.18306614	      0.37852834	      0.23250078	      0.92254527	      0.00000000	      0.00000000	      0.00000000	      1.58986432	      1.58986432	      0.00000000	      0.00000000
      2.42000000	    162.06255461	     90.19752000	      0.40929429	      0.82662115	      0.54372012	      0.25526542	      0.16121351	      0.08597400	      1.70066906	      0.00000000	      1.72525010	      0.00000000	     -0.00000066	      0.00000000	      0.00000001	      0.57358081	      0.73315710	      1.12929829	      0.00000000	      0.46989323	      0.00000000	      1.43734334	      2.12676150	      1.40416817	      0.00000000	      3.58429560	      0.19520111	      0.02736234	      0.08025176	      3.21431156	      2.00978489	      2.05495488	      2.67481350	      1.06587301	      0.55518555	      1.49356720	      0.34225045	      0.07333298	      0.10071654	      1.57190162	      0.18306614	      0.37852834	      0.23250078	      0.92254527	      0.00000000	      0.40929429	      0.82662115	      0.54372012	      0.25526542	      0.16121351	      0.08597400	      1.70066906	      0.00000000	      1.72525010	      0.00000000	     -0.00000066	      0.00000000	      0.00000001	      0.57358081	      0.73315710	      1.12929829	      0.00000000	      0.46989323	      0.00000000	      1.43734334	      2.12676150	      1.40416817	      0.00000000	      3.58429560	      0.19520111	      0.02736234	      0.08025176	      3.21431156	      2.00978489	      2.05495488	      2.67481350	      1.06587301	      0.55518555	      1.49356720	      0.34225045	      0.07333298	      0.10071654	      1.57190162	      0.18306614	      0.37852834	      0.23250078	      0.92254527	      0.00000000	      0.00000004	      0.00000004	      1.58986432	      1.58986432	      0.00000000	      0.00000000
      2.43000000	    162.51657630	     90.19752000	      0.40929429	      0.82662115	      0.54372012	      0.25526542	      0.16121351	      0.08597400	      1.70066906	      0.00000000	      1.72525010	      0.00000000	      0.00000000	      0.00000000	      0.00000000	      0.57358081	      0.73315710	      1.12929829	      0.00000000	      0.46989323	      0.00000000	      1.43734334	      2.12676150	      1.40416817	      0.00000000	      3.24268299	      0.19520111	      0.02736234	      0.08025176	      3.78293436	      2.00978489	      2.05495488	      2.67481350	      1.06587301	      0.55518555	      1.49356720	      0.34225045	      0.07333298	      0.10071654	      1.57190162	      0.18306614	      0.37852834	      0.23250078	      0.92254527	      0.00000000	      0.40929429	      0.82662115	      0.54372012	      0.25526542	      0.16121351	      0.08597400	      1.70066906	      0.00000000	      1.72525010	      0.00000000	      0.00000000	      0.00000000	      0.00000000	      0.57358081	      0.73315710	      1.12929829	      0.00000000	      0.46989323	      0.00000000	      1.43734334	      2.12676150	      1.40416817	      0.00000000	      3.24268299	      0.19520111	      0.02736234	      0.08025176	      3.78293436	      2.00978489	      2.05495488	      2.67481350	      1.06587301	      0.55518555	      1.49356720	      0.34225045	      0.07333298	      0.10071654	      1.57190162	      0.18306614	      0.37852834	      0.23250078	      0.92254527	      0.00000000	      0.00000004	      0.00000004	      1.58986432	      1.58986432	      0.00000000	      0.00000000
      2.44000000	    162.02576073	     90.19752000	      0.40929429	      0.82662115	      0.54372012	      0.25526542	      0.16121351	      0.08597400	      1.70066906	     -0.00000001	      1.72525010	      0.00000000	      0.00000000	      0.00000000	      0.00000000	      0.57358081	      0.73315710	      1.12929829	      0.00000000	      0.46989323	     -0.00000012	      1.43734334	      2.12676150	      1.40416817	      0.00000000	      2.67770398	      0.19520111	      0.02736234	      0.08025176	      4.10250575	      2.00978489	      2.05495488	      2.67481350	      1.06587301	      0.55518555	      1.49356720	      0.34225045	      0.07333298	      0.10071654	      1.57190162	      0.18306614	      0.37852834	      0.23250078	      0.92254527	      0.00000000	      0.40929429	      0.82662115	      0.54372012	      0.25526542	      0.16121351	      0.08597400	      1.70066906	     -0.00000001	      1.72525010	      0.00000000	      0.00000000	      0.00000000	      0.00000000	      0.57358081	      0.73315710	      1.12929829	      0.00000000	      0.46989323	     -0.00000012	      1.43734334	      2.12676150	      1.40416817	      0.00000000	      2.67770398	      0.19520111	      0.02736234	      0.08025176	      4.10250575	      2.00978489	      2.05495488	      2.67481350	      1.06587301	      0.55518555	      1.49356720	      0.34225045	      0.07333298	      0.10071654	      1.57190162	      0.18306614	      0.37852834	      0.23250078	      0.92254527	      0.00000000	      0.00000000	      0.00000000	      1.58986432	      1.58986432	      0.00000000	      0.00000000
      2.45000000	    160.96234788	     90.19752000	      0.40929429	      0.82662115	      0.54372012	      0.25526542	      0.16121351	      0.08597400	      1.70066906	      0.00000000	      1.72525010	      0.00000000	     -0.00000066	     -0.00000000	      0.00000000	      0.57358081	      0.73315710	      1.12929829	      0.00000000	      0.46989323	      0.00000000	      1.43734334	      2.12676150	      1.40416817	      0.00000000	      1.99882806	      0.19520111	      0.02736234	      0.08025176	      4.24967574	      2.00978489	      2.05495488	      2.67481350	      1.06587301	      0.55518555	      1.49356720	      0.34225045	      0.07333298	      0.10071654	      1.57190162	      0.18306614	      0.37852834	      0.23250078	      0.92254527	      0.00000000	      0.40929429	      0.82662115	      0.54372012	      0.25526542	      0.16121351	      0.08597400	      1.70066906	      0.00000000	      1.72525010	      0.00000000	     -0.00000066	     -0.00000000	      0.00000000	      0.57358081	      0.73315710	      1.12929829	      0.00000000	      0.46989323	      0.00000000	      1.43734334	      2.12676150	      1.40416817	      0.00000000	      1.99882806	      0.19520111	      0.02736234	      0.08025176	      4.24967574	      2.00978489	      2.05495488	      2.67481350	      1.06587301	      0.55518555	      1.49356720	      0.34225045	      0.07333298	      0.10071654	      1.57190162	      0.18306614	      0.37852834	      0.23250078	      0.92254527	      0.00000000	      0.00000004	      0.00000004	      1.58986432	      1.58986432	      0.00000000	      0.00000000
      2.46000000	    160.23766065	     90.19752000	      0.40929429	      0.82662115	      0.54372012	      0.25526542	      0.16121351	      0.08597400	      1.70066906	      0.00000000	      1.72525010	      0.00000000	      0.00000000	      0.00000000	      0.00000001	      0.57358081	      0.73315710	      1.12929829	      0.00000000	      0.46989323	      0.00000000	      1.43734334	      2.12676150	      1.40416817	      0.00000000	      1.60043112	      0.19520111	      0.02736234	      0.08025176	      4.28572840	      2.00978489	      2.05495488	      2.67481350	      1.06587301	      0.55518555	      1.49356720	      0.34225045	      0.07333298	      0.10071654	      1.57190162	      0.18306614	      0.37852834	      0.23250078	      0.92254527	     -0.00000000	      0.40929429	      0.82662115	      0.54372012	      0.25526542	      0.16121351	      0.08597400	      1.70066906	      0.00000000	      1.72525010	      0.00000000	      0.00000000	      0.00000000	      0.00000001	      0.57358081	      0.73315710	      1.12929829	      0.00000000	      0.46989323	      0.00000000	      1.43734334	      2.12676150	      1.40416817	      0.00000000	      1.60043112	      0.19520111	      0.02736234	      0.08025176	      4.28572840	      2.00978489	      2.05495488	      2.67481350	      1.06587301	      0.55518555	      1.49356720	      0.34225045	      0.07333298	      0.10071654	      1.57190162	      0.18306614	      0.37852834	      0.23250078	      0.92254527	     -0.00000000	      0.00000004	      0.00000004	      1.58986432	      1.58986432	      0.00000000	      0.00000000
      2.47000000	    158.66680549	     90.19752000	      0.40929429	      0.82662115	      0.54372012	      0.25526542	      0.16121351	      0.08597400	      1.70066906	      0.00000000	      1.72525010	      0.00000000	      0.00000000	      0.00000000	      0.00000000	      0.57358081	      0.73315710	      1.12929829	      0.00000000	      0.46989323	      0.00000000	      1.43734334	      2.12676150	      1.40416817	      0.00000000	      0.84369374	      0.19520111	      0.02736234	      0.08025176	      4.25703824	      2.00978489	      2.05495488	      2.67481350	      1.06587301	      0.55518555	      1.49356720	      0.34225045	      0.07333298	      0.10071654	      1.57190162	      0.18306614	      0.37852834	      0.23250078	      0.92254527	     -0.00000000	      0.40929429	      0.82662115	      0.54372012	      0.25526542	      0.16121351	      0.08597400	      1.70066906	      0.00000000	      1.72525010	      0.00000000	      0.00000000	      0.00000000	      0.00000000	      0.57358081	      0.73315710	      1.12929829	      0.00000000	      0.46989323	      0.00000000	      1.43734334	      2.12676150	      1.40416817	      0.00000000	      0.84369374	      0.19520111	      0.02736234	      0.08025176	      4.25703824	      2.00978489	      2.05495488	      2.67481350	      1.06587301	      0.55518555	      1.49356720	      0.34225045	      0.07333298	      0.10071654	      1.57190162	      0.18306614	      0.37852834	      0.23250078	      0.92254527	     -0.00000000	      0.00000000	      0.00000000	      1.58986432	      1.58986432	      0.00000000	      0.00000000
      2.48000000	    156.85511064	     90.19752000	      0.40929429	      0.82662115	      0.54372012	      0.25526542	      0.16121351	      0.08597400	      1.70066906	      0.00000000	      1.72525010	      0.00000000	      0.00000000	      0.00000000	      0.00000001	      0.57358081	      0.73315710	      1.12929829	      0.00000000	      0.46989323	      0.00000000	      1.43734334	      2.12676150	      1.40416817	      0.00000000	     -0.00000000	      0.19520111	      0.02736234	      0.08025176	      4.19488452	      2.00978489	      2.05495488	      2.67481350	      1.06587301	      0.55518555	      1.49356720	      0.34225045	      0.07333298	      0.10071654	      1.57190162	      0.18306614	      0.37852834	      0.23250078	      0.92254527	      0.00000000	      0.40929429	      0.82662115	      0.54372012	      0.25526542	      0.16121351	      0.08597400	      1.70066906	      0.00000000	      1.72525010	      0.00000000	      0.00000000	      0.00000000	      0.00000001	      0.57358081	      0.73315710	      1.12929829	      0.00000000	      0.46989323	      0.00000000	      1.43734334	      2.12676150	      1.40416817	      0.00000000	     -0.00000000	      0.19520111	      0.02736234	      0.08025176	      4.19488452	      2.00978489	      2.05495488	      2.67481350	      1.06587301	      0.55518555	      1.49356720	      0.34225045	      0.07333298	      0.10071654	      1.57190162	      0.18306614	      0.37852834	      0.23250078	      0.92254527	      0.00000000	      0.00000004	      0.00000004	      1.58986432	      1.58986432	      0.00000000	      0.00000000
      2.49000000	    156.69714898	     90.19752000	      0.40929429	      0.82662115	      0.54372012	      0.25526542	      0.16121351	      0.08597400	      1.70066906	      0.00000000	      1.72525010	      0.00000000	     -0.00000066	      0.00000000	      0.00000000	      0.57358081	      0.73315710	      1.12929829	      0.00000000	      0.46989323	      0.00000000	      1.43734334	      2.12676150	      1.40416817	      0.00000000	      0.00000000	      0.19520111	      0.02736234	      0.08025176	      4.11590439	      2.00978489	      2.05495488	      2.67481350	      1.06587301	      0.55518555	      1.49356720	      0.34225045	      0.07333298	      0.10071654	      1.57190162	      0.18306614	      0.37852834	      0.23250078	      0.92254527	      0.00000000	      0.40929429	      0.82662115	      0.54372012	      0.25526542	      0.16121351	      0.08597400	      1.70066906	      0.00000000	      1.72525010	      0.00000000	     -0.00000066	      0.00000000	      0.00000000	      0.57358081	      0.73315710	      1.12929829	      0.00000000	      0.46989323	      0.00000000	      1.43734334	      2.12676150	      1.40416817	      0.00000000	      0.00000000	      0.19520111	      0.02736234	      0.08025176	      4.11590439	      2.00978489	      2.05495488	      2.67481350	      1.06587301	      0.55518555	      1.49356720	      0.34225045	      0.07333298	      0.10071654	      1.57190162	      0.18306614	      0.37852834	      0.23250078	      0.92254527	      0.00000000	      0.00000000	      0.00000000	      1.58986432	      1.58986432	      0.00000000	      0.00000000
      2.50000000	    156.51239131	     90.19752000	      0.40929429	      0.82662115	      0.54372012	      0.25526542	      0.16121351	      0.08597400	      1.70066906	      0.00000000	      1.72525010	      0.00000007	     -0.00000066	      0.00000000	      0.00000001	      0.57358081	      0.73315710	      1.12929829	     -0.00000000	      0.46989323	      0.00000000	      1.43734334	      2.12676150	      1.40416817	      0.00000000	      0.00000000	      0.19520111	      0.02736234	      0.08025176	      4.02352544	      2.00978489	      2.05495488	      2.67481350	      1.06587301	      0.55518555	      1.49356720	      0.34225045	      0.07333298	      0.10071654	      1.57190162	      0.18306614	      0.37852834	      0.23250078	      0.92254527	      0.00000000	      0.40929429	      0.82662115	      0.54372012	      0.25526542	      0.16121351	      0.08597400	      1.70066906	      0.00000000	      1.72525010	      0.00000007	     -0.00000066	      0.00000000	      0.00000001	      0.57358081	      0.73315710	      1.12929829	     -0.00000000	      0.46989323	      0.00000000	      1.43734334	      2.12676150	      1.40416817	      0.00000000	      0.00000000	      0.19520111	      0.02736234	      0.08025176	      4.02352544	      2.00978489	      2.05495488	      2.67481350	      1.06587301	      0.55518555	      1.49356720	      0.34225045	      0.07333298	      0.10071654	      1.57190162	      0.18306614	      0.37852834	      0.23250078	      0.92254527	      0.00000000	      0.00000004	      0.00000004	      1.58986432	      1.58986432	      0.00000000	      0.00000000
