ModelForces
version=1
nRows=251
nColumns=93
inDegrees=no

This file contains the forces exerted on a model during a simulation.

A force is a generalized force, meaning that it can be either a force (N) or a torque (Nm).

Units are S.I. units (second, meters, Newtons, ...)
If the header above contains a line with 'inDegrees', this indicates whether rotational values are in degrees (yes) or radians (no).

endheader
time	glut_med1_r	glut_med2_r	glut_med3_r	glut_min1_r	glut_min2_r	glut_min3_r	semimem_r	semiten_r	bifemlh_r	bifemsh_r	sar_r	add_long_r	add_brev_r	add_mag1_r	add_mag2_r	add_mag3_r	tfl_r	pect_r	grac_r	glut_max1_r	glut_max2_r	glut_max3_r	iliacus_r	psoas_r	quad_fem_r	gem_r	peri_r	rect_fem_r	vas_med_r	vas_int_r	vas_lat_r	med_gas_r	lat_gas_r	soleus_r	tib_post_r	flex_dig_r	flex_hal_r	tib_ant_r	per_brev_r	per_long_r	per_tert_r	ext_dig_r	ext_hal_r	glut_med1_l	glut_med2_l	glut_med3_l	glut_min1_l	glut_min2_l	glut_min3_l	semimem_l	semiten_l	bifemlh_l	bifemsh_l	sar_l	add_long_l	add_brev_l	add_mag1_l	add_mag2_l	add_mag3_l	tfl_l	pect_l	grac_l	glut_max1_l	glut_max2_l	glut_max3_l	iliacus_l	psoas_l	quad_fem_l	gem_l	peri_l	rect_fem_l	vas_med_l	vas_int_l	vas_lat_l	med_gas_l	lat_gas_l	soleus_l	tib_post_l	flex_dig_l	flex_hal_l	tib_ant_l	per_brev_l	per_long_l	per_tert_l	ext_dig_l	ext_hal_l	ercspn_r	ercspn_l	intobl_r	intobl_l	extobl_r	extobl_l
      0.00000000	     69.54881728	     18.14693531	      6.17623103	     15.92125827	     14.75003270	     11.54170970	    173.64097881	     40.35737809	     72.44067254	     88.72507034	      6.83511669	     58.95018452	     23.69573446	     13.15601949	     12.11170878	     17.14638553	     10.00784715	     11.27395523	      7.89527798	      9.57748125	     12.09362179	     10.08585765	    115.50954035	    110.13935834	      7.79022966	      5.33610528	      9.47516296	     23.41786457	     18.93240600	     19.33416289	     24.15307073	     91.28529062	     32.54660425	     48.21658888	     43.32254740	     37.05756604	     32.63316707	     69.80731685	     20.78785928	     45.52949327	      8.96638926	     21.00129735	      6.11393156	     69.84565450	     18.74648924	     12.21434107	     15.51552411	     14.92186973	     11.83566995	    216.80962856	     34.88394765	     54.29787911	     79.16159360	      7.06833010	     64.80382594	     24.32708864	     12.08075757	     11.18767950	     17.17635725	     10.67378674	     10.93621160	      8.28278349	      9.65015419	     12.04345527	      9.56422843	    121.68582816	    115.17551974	      8.21886589	      5.47620760	     10.17021839	     26.52209736	     20.00989906	     20.47563407	     25.56960669	     83.63852327	     33.37555914	     49.72716451	     44.97235752	     35.42427300	     31.47433141	     66.31242641	     20.72673573	     43.87151545	      9.31037890	     18.72032688	      5.90171651	    187.11608958	    188.85769600	     37.56225354	     37.17353311	     36.43291993	     35.93483438
      0.01000000	     96.86875020	     18.31332818	     12.67200645	     20.74298687	     16.90087201	     13.26598715	    206.76858518	     48.44236332	     89.99883248	     91.97807030	      8.42141097	     74.83183201	     37.89622644	     20.24953337	     16.72792119	     26.33100212	     11.72234481	     15.56306068	     11.51049593	     10.80340265	     13.48022824	     12.36488940	    131.84159185	    127.49772705	      9.99544125	      6.54214066	     10.92907951	     19.98564493	     16.75428216	     17.04029397	     21.22920988	    125.01024759	     45.40872110	     56.01771183	     56.57915442	     41.24952574	     38.90698051	     90.69011576	     26.24480526	     54.09083619	     11.43698959	     14.15641279	      6.48691266	     96.68918123	     18.27390339	     12.65997647	     20.79621797	     16.89405146	     13.25354717	    206.97976636	     48.51219568	     89.85833992	     91.99183147	      8.41212735	     74.49590017	     37.92317507	     20.28096745	     16.78051220	     26.37008051	     11.72578654	     15.57898217	     11.52921571	     10.79119581	     13.46579365	     12.35657333	    131.82982819	    127.90513843	      9.98706770	      6.53565289	     10.91883577	     19.99316863	     16.76598178	     17.04980036	     21.23958775	    125.02683195	     45.19217333	     56.03522350	     56.72059315	     41.01251484	     39.16678587	     90.56798090	     26.24692660	     54.08526953	     11.43041394	     14.15223414	      6.48597553	    233.22296995	    233.24270201	     42.98135823	     42.97972561	     40.68016072	     40.67054747
      0.02000000	     73.79117799	     11.89273808	      9.19102934	     15.43905187	     11.68497678	      8.51993745	    209.31638593	     35.11056703	     82.64963294	     70.65597365	      5.68264211	     66.99733223	     31.78157593	     16.01940751	     13.00422747	     19.76278883	      7.49976924	     11.85227838	      8.82619602	      7.17017776	      9.32154762	      8.15092099	    111.65077032	    106.47404010	      6.73056431	      4.24676167	      7.40588723	     14.79560847	     11.73938061	     12.24054917	     15.72352752	    120.06068101	     38.56334136	     43.33623460	     40.67654255	     36.93316342	     35.01558820	     65.57198907	     18.04928887	     35.77584389	      8.07662705	      9.37917268	      4.22340224	     73.56260876	     11.99213711	      9.29980038	     15.31772404	     11.60127588	      8.56854630	    210.68713317	     39.77932961	     70.72321183	     73.34791626	      5.63272388	     66.87847373	     32.03636532	     16.20539485	     13.19937347	     20.53984734	      7.44657104	     11.81152729	      8.94846456	      7.32030384	      9.60217314	      8.73780504	    108.88936844	    103.08842399	      6.90762166	      4.30066978	      7.51276446	     14.97752611	     11.88522542	     12.35327741	     15.81736229	    123.10586874	     38.87633338	     43.05466263	     38.87809626	     37.17223843	     34.83682058	     68.39839129	     18.15393517	     35.96902898	      8.15937245	      9.44980003	      4.24066734	    192.46544747	    192.19271562	     28.49351514	     28.51604124	     26.85622275	     26.98913285
      0.03000000	     86.29862633	     15.19931945	     10.97372211	     17.95844824	     14.30454244	     11.04235781	    209.46383511	     45.42158506	     83.89561896	     85.42881079	      7.12787918	     72.60642426	     34.78503017	     18.05741241	     14.81907839	     23.22213947	      9.82167468	     13.62475535	     10.15196949	      9.08631538	     11.53899445	     10.58882268	    121.94535250	    116.62839468	      8.51763516	      5.50087531	      9.25477476	     17.64705166	     14.52526808	     14.88188515	     18.72116223	    124.31632288	     41.46313403	     50.84553602	     49.18607857	     39.69337376	     36.98382559	     78.91806018	     22.27594743	     45.43892965	      9.77795814	     11.69630925	      5.37535266	     86.31848446	     15.19189709	     10.97487205	     17.95580949	     14.30370030	     11.03711561	    209.39692347	     45.41464300	     83.97198037	     85.43170725	      7.12592112	     72.57285738	     34.78861482	     18.06228409	     14.82508358	     23.24279471	      9.82155380	     13.62644529	     10.15251328	      9.08573300	     11.54227536	     10.58623619	    122.01586728	    116.63569626	      8.52105724	      5.50020297	      9.25579743	     17.64666114	     14.52710689	     14.88328974	     18.72428125	    124.34271570	     41.45853024	     50.83913207	     49.19942914	     39.69473274	     36.98154206	     78.94297629	     22.27436611	     45.46174404	      9.77877704	     11.69551085	      5.37536488	    214.87805434	    214.82509033	     36.06963463	     36.07401108	     33.97884958	     34.00465885
      0.04000000	     68.86260129	      9.38834780	      7.92383534	     12.93887565	      8.99345267	      6.59544253	    200.72593240	     42.16443552	     79.98979264	     75.07196018	      4.44809449	     66.00104817	     31.52994880	     14.32400072	     11.40887517	     17.71464647	      5.91418768	      9.98227840	      7.81948799	      5.83242046	      7.92132535	      6.95888189	    102.85210625	     96.49632673	      5.64307769	      3.36684211	      6.13218822	     13.61943527	     10.54680308	     11.04821110	     14.29101561	    128.00728492	     35.35168672	     39.85411947	     31.59469343	     36.17228009	     34.29909199	     61.45364059	     14.59710142	     29.48355907	      6.52861841	      7.45313880	      3.19286453	     70.19512820	      9.33588146	      7.89606700	     12.96667221	      8.97598233	      6.56347672	    193.98851520	     42.78782779	     82.91111582	     73.96209097	      4.42089335	     66.83191815	     31.73699071	     14.38383208	     11.46655700	     17.77772598	      5.89814102	     10.00183414	      7.80467108	      5.82365248	      7.92027463	      6.96562791	    100.62148605	     95.05368592	      5.62763645	      3.35730378	      6.10264953	     13.65852449	     10.59206346	     11.09203436	     14.34207031	    134.26112940	     35.57615946	     39.32958018	     29.36790636	     36.45670958	     34.05696427	     67.54473311	     15.07857783	     30.68254174	      6.67986046	      7.53267929	      3.19139047	    177.93963989	    177.12354549	     21.92861720	     21.99601730	     20.29042772	     20.68813679
      0.05000000	    111.64346930	     21.37615453	     11.94502902	     29.95918055	     24.69143223	     17.72000407	     64.30429636	     48.43954607	    109.79045868	     94.28803612	     12.17555286	     40.11973806	     44.62950610	     29.65060808	     24.91283897	     40.22967240	     16.32386247	     22.78503070	     17.04240299	     12.98942889	     15.40653993	     17.28209852	    120.93552859	    130.21692628	     12.45096192	      9.05350755	     12.25385572	     14.94051208	     16.03728672	     15.71013013	     19.11922221	     79.06806334	     62.42106526	     68.72806491	     79.01348447	     31.58055621	     33.84505193	    130.15701212	     39.57389222	     82.31963464	     17.24266223	     12.52692983	      8.24331269	    112.23220905	     21.49924914	     11.78731388	     29.95736641	     24.80662925	     17.77101365	     65.99237241	     48.64399949	    111.14533748	     94.39056177	     12.10871384	     40.29399381	     44.53409002	     29.68929062	     24.96691474	     40.35181818	     16.36397323	     22.78348428	     16.97892851	     13.15174554	     15.50149584	     17.31026359	    120.41062563	    129.91424760	     12.25474078	      9.06720066	     12.14001460	     14.20555602	     15.99600200	     15.67786830	     19.07309222	     79.75393605	     62.50701046	     69.01619169	     79.54015061	     31.46188407	     33.84681164	    130.25382438	     39.73977282	     82.13757331	     17.26970265	     12.65445684	      8.34147624	    250.11496289	    251.08351535	     61.62914753	     61.24459888	     57.68884211	     57.34924653
      0.06000000	    110.64895641	     23.22386221	     15.43762037	     24.19655702	     20.45084860	     16.57729639	    218.34661873	     51.18540556	     91.70667958	     99.56419430	     10.20363734	     80.22020013	     41.13395562	     22.82521689	     19.01814969	     29.91030852	     14.46420020	     17.99317184	     13.07201769	     13.45988480	     16.50583292	     14.94280381	    148.68939592	    144.35267367	     12.23810916	      8.05927838	     13.57582168	     24.09731335	     20.50784033	     20.69364366	     25.49179674	    124.28554853	     49.63745307	     63.53432460	     67.30284687	     44.17372762	     41.59712240	    103.53332437	     31.40287108	     65.20975060	     13.56655067	     18.30489294	      8.17002147	    110.65896742	     23.22298178	     15.43776705	     24.19805448	     20.45763099	     16.57628618	    218.30780155	     51.18348218	     91.71746181	     99.57816423	     10.20265770	     80.23448027	     41.12926086	     22.82694151	     19.02046721	     29.91126002	     14.46335501	     17.99403991	     13.07328855	     13.46064466	     16.50699035	     14.94400122	    148.63987495	    144.36895284	     12.23793838	      8.05923407	     13.57684785	     24.09543354	     20.50567451	     20.69079862	     25.49166027	    124.29050306	     49.64827701	     63.53061014	     67.30679167	     44.17709193	     41.59517508	    103.55012215	     31.40294673	     65.22376096	     13.56537501	     18.30674772	      8.17002695	    259.28696299	    259.35412531	     52.83043164	     52.82488484	     50.14559737	     50.11286697
      0.07000000	     80.32806790	      8.38597579	      8.22227236	     21.33866465	     14.99219571	      8.42967560	     71.34948623	     49.00711907	    120.53741901	     89.70710660	      7.22457698	     35.01477242	     37.49744976	     23.51457143	     19.17097006	     30.54891407	      8.70036859	     16.75589261	     13.33374423	      5.64169563	      7.21084074	      8.81511047	     89.93391970	     96.63840997	      5.91273072	      4.63552208	      5.53352881	     16.46047703	      8.51582281	      9.52831600	     13.33574112	    106.72141544	     58.25284013	     39.62824574	     47.22619006	     30.26127780	     31.15369679	     97.23331011	     25.37373690	     50.49321307	     11.49826817	      6.44537020	      3.75629599	     79.42832501	      8.36198160	      8.08528616	     21.36203582	     15.02438019	      8.41597970	     71.63326184	     47.92976110	    119.42786834	     88.10687264	      7.18286051	     34.78964256	     37.25729569	     23.49574522	     19.18442054	     30.85492315	      8.64070851	     16.73989026	     13.32458415	      5.66056896	      7.31619775	      9.00090493	     89.75231379	     96.22955435	      5.72127712	      4.58454294	      5.28864728	     15.84335917	      8.17358576	      9.20554773	     12.94978994	    106.57763852	     58.51692228	     38.38253408	     47.36361889	     30.22086249	     31.15829627	     96.01661783	     25.23223886	     50.01530963	     11.46982113	      6.43883293	      3.76904776	    190.93379406	    191.03840499	     34.12415543	     34.16085322	     31.33849720	     31.24333521
      0.08000000	    104.25932087	     20.27115142	     13.60670589	     24.07807284	     20.14040393	     15.42528493	    144.32781472	     48.43245461	     95.47743396	     92.00849826	      9.99282974	     61.51349710	     39.73463016	     23.39618653	     19.58080854	     31.12507094	     13.82286165	     18.16786959	     13.40351461	     12.11087803	     14.88239636	     14.43573246	    128.36836432	    128.21169176	     11.26143869	      7.68616685	     11.98868569	     20.51490812	     16.83910227	     17.13982754	     21.54187694	     98.33838349	     50.55717833	     61.22284721	     66.06084246	     36.60492180	     36.04332287	    103.86529114	     31.66187531	     65.56945945	     13.63756558	     14.83938922	      7.47236221	    104.97854092	     20.27550622	     13.60571473	     24.21155766	     20.20545169	     15.44025726	    141.58430759	     49.03953433	     97.45395347	     92.74771252	     10.01444371	     61.80111021	     40.10521757	     23.48869064	     19.60641079	     31.18186437	     13.68317076	     18.15775143	     13.44686754	     12.02650055	     14.78039187	     14.10991334	    127.93341058	    127.56831136	     11.26406610	      7.67148128	     12.02463200	     20.86992822	     16.80740664	     17.12713093	     21.46849363	     98.48341135	     50.87834305	     61.46355967	     65.96698832	     36.62744321	     36.03234821	    104.27993622	     31.55253149	     65.64727743	     13.65085325	     14.80128439	      7.46935678	    237.20289633	    237.48658854	     51.36864673	     51.37285799	     48.92991001	     48.45343478
      0.09000000	     70.60069467	     10.27526559	      8.37496718	     13.85429088	      9.93701759	      7.30905316	    207.06882399	     41.45328091	     78.66729171	     75.29892771	      4.92238171	     65.58304765	     32.22068560	     15.11441772	     12.12687313	     18.83976815	      6.58807102	     10.70935535	      8.23022029	      6.33467243	      8.47976054	      7.56390219	    105.82033899	    102.64327819	      6.09327901	      3.71958826	      6.60598231	     14.21472983	     11.16431870	     11.64312410	     14.97643721	    125.97932680	     36.33602567	     41.71105705	     35.08195237	     36.69164862	     34.75486630	     62.87101740	     15.85530972	     31.68071113	      7.12329091	      8.10144850	      3.55245696	     73.90060269	     10.26982856	      8.37194925	     13.86331385	      9.93665765	      7.30533844	    189.39952798	     45.22017689	     87.85241410	     80.76510759	      4.91812052	     66.78943648	     32.51332245	     15.17251931	     12.15696009	     18.95978604	      6.56787229	     10.70375961	      8.31820876	      6.33335074	      8.47834494	      7.56444520	    106.68448682	     98.42219893	      6.09310758	      3.71974613	      6.60381465	     14.21125269	     11.15570126	     11.63496912	     14.96645944	    128.09245440	     36.26155316	     41.67965851	     34.66293105	     36.92798640	     34.48889922	     65.05910053	     16.05511074	     32.34440022	      7.17326594	      8.10407479	      3.54865357	    184.15406279	    184.11805847	     24.44229256	     24.44527265	     22.87919326	     22.89673442
      0.10000000	     53.99175515	     13.74141156	     10.86760219	     19.94307183	     14.51097146	      9.58712903	    351.04790890	      7.40473791	     45.30632825	     17.85178153	      6.77492380	     53.94705520	     31.69246292	     16.86015223	     15.28138712	     19.30234816	     10.75058929	     14.34085614	     10.31465759	      7.99390493	     10.52134054	      8.15438737	    127.01271064	    170.80275588	      7.47451293	      4.57306131	      8.60773166	     19.17049856	     15.62701775	     15.99594877	     20.06785980	    108.32819584	     43.11245171	     50.97286602	     47.43758964	     39.32953356	     36.32855918	     61.56065485	     20.00574290	     36.72968348	      9.35839206	     11.79819339	      4.36168908	     73.78991787	     13.71070585	     10.92248720	     20.26811833	     13.61542394	      9.53878415	    277.49182886	     17.63498426	     86.86427133	     31.79297641	      7.44856737	     65.21781441	     31.41639744	     18.11703737	     13.97130009	     20.79003591	     10.24329700	     15.06869409	     10.55908488	      8.11459135	     10.71014723	      8.66449111	     50.88668755	    229.58433744	      7.45413219	      4.61543371	      8.58796045	     18.78405300	     15.09186750	     15.51073173	     19.53765283	    122.23558386	     47.56524627	     48.89171844	     42.17603968	     40.48829692	     35.15962888	     78.58182643	     21.49725627	     40.84404624	      9.98753080	     11.88390742	      4.39933324	    193.38193158	    185.25884579	     24.09713542	     24.76801308	     24.44038303	     28.39902577
      0.11000000	     85.98859213	     15.67525959	     11.25777663	     17.93111016	     14.34986655	     11.17577025	    218.11499904	     44.36259854	     79.91393531	     84.46810469	      7.17386461	     74.01270649	     34.36394395	     17.91311629	     14.70719821	     22.93322061	      9.95058862	     13.61153100	     10.07151018	      9.30185004	     11.82735876	     10.59623192	    123.23870316	    117.63828418	      8.65322887	      5.54424695	      9.52160233	     18.15732260	     15.13205092	     15.46614697	     19.38520646	    126.01273212	     40.32112267	     50.46240285	     49.12018390	     40.14888339	     37.08473928	     78.63834481	     22.26022568	     45.31404853	      9.78180572	     12.24587185	      5.44651114	     86.32631385	     15.67231440	     11.23149539	     17.95595207	     14.35114948	     11.16334518	    215.70673004	     44.73071154	     80.91729390	     84.92778607	      7.16222862	     74.09687431	     34.40066728	     17.93476957	     14.73195663	     23.01402497	      9.92782790	     13.61327882	     10.08877559	      9.29900208	     11.83678851	     10.61318099	    122.94888621	    117.24036426	      8.63299828	      5.53600778	      9.50426641	     18.00780823	     15.10902687	     15.44105070	     19.34960812	    126.58508472	     40.34398160	     50.24211438	     48.95837838	     40.15548252	     37.08129095	     79.01509478	     22.28876314	     45.35794356	      9.79257401	     12.25070603	      5.44582503	    214.85886614	    214.87941597	     36.06035196	     36.05865557	     34.00883270	     33.99881749
      0.12000000	     83.28607279	     14.69683883	     11.43441699	     14.65551405	     11.57422742	      9.77921628	    225.47007933	     46.80234148	     85.96382262	     86.22574230	      5.93409516	     75.67128324	     32.27422223	     14.90719186	     12.15625326	     18.57918746	      8.30327577	     11.21784688	      8.19354514	      8.68928325	     11.29910657	      9.24876292	    131.23212497	    119.34464788	      8.04438948	      4.79719937	      9.18443177	     20.37267772	     15.81463232	     16.27732967	     20.51607531	    118.96739684	     34.09437610	     49.52907513	     43.07272537	     41.11998714	     36.90787951	     59.34127024	     17.71873166	     35.98635293	      7.74899340	     13.63843925	      5.05282088	     84.76469567	     14.68159360	     11.41484677	     14.73233737	     11.71409377	      9.63664915	    216.29141282	     47.83914072	     92.15100503	     86.99581850	      5.83646426	     75.86077085	     32.27324386	     14.88573469	     12.19129869	     19.06078723	      8.19881102	     11.21883840	      8.24693191	      8.65872797	     11.26746972	      9.25199342	    131.41670314	    119.28039942	      7.97155462	      4.82269953	      9.13703532	     20.23921672	     15.74765292	     16.20758785	     20.42497431	    120.58882419	     34.50052353	     49.09185107	     42.17022344	     41.20895666	     36.89371630	     60.91530997	     17.80705860	     36.24081426	      7.68472787	     13.66123616	      5.10819367	    200.42182286	    200.31356078	     30.53574318	     30.54468826	     28.75766074	     28.81041741
      0.13000000	     76.48126333	     16.68050576	      8.21317710	     14.74164297	     12.68392017	     10.31874966	    197.47190327	     39.26739066	     66.99256791	     75.93526608	      6.30505877	     66.68742050	     31.27348585	     13.89745275	     11.66206848	     18.23059686	      8.93268701	     11.14111157	      8.11855289	      9.13651032	     11.92900545	      9.65028568	    112.04427212	    105.80514714	      8.21909656	      5.01031917	      9.86371902	     17.30394080	     15.23312515	     15.45149845	     19.18203743	    104.55333026	     32.06091665	     46.66741148	     40.96792063	     35.90690642	     32.80286753	     66.12782363	     19.05005572	     38.74812467	      8.42818550	     13.75620538	      5.22817188	     74.06659458	     16.62414890	      8.17451958	     14.66028141	     12.57056519	     10.32603022	    192.36217054	     38.05536111	     66.36862159	     74.23938908	      6.32717774	     67.93344354	     30.81226712	     13.92089601	     11.51665843	     17.77053601	      8.99321002	     11.31148558	      7.99352007	      9.20353826	     11.97388243	      9.74710126	    112.85435629	    107.57135791	      8.36718099	      5.06248357	      9.97331956	     18.82102850	     15.99297971	     16.24824105	     20.29865799	     98.28466705	     31.28772489	     46.70553632	     41.55472102	     34.71148153	     31.70586288	     64.88773863	     18.98933397	     39.04764039	      8.49688637	     14.88471559	      5.32334472	    186.64898593	    188.62132075	     33.66165296	     33.14882040	     31.89518640	     32.53060813
      0.14000000	    122.32050360	     26.97974932	     15.62084073	     28.43692116	     24.77527907	     19.94522529	    148.39871949	     49.69716359	     94.39027351	     94.11285072	     12.25864713	     70.36073422	     43.75763711	     26.49106190	     22.24992067	     36.58175001	     17.29074471	     20.87084970	     15.34983924	     15.90028744	     19.15888383	     18.82348513	    141.06885874	    141.62758190	     14.21936840	      9.71703641	     15.16684713	     18.00872707	     21.13594794	     20.74828602	     25.01950747	     98.70862919	     52.50886632	     72.59292828	     78.73598484	     39.30321231	     38.15329891	    124.84140090	     38.79689216	     82.24841962	     16.51123026	     19.12779012	      9.89787127	    122.09030895	     26.40515676	     15.48558931	     28.50249952	     24.67968098	     19.80332814	    150.69355032	     49.61774110	     92.09404925	     96.19890988	     12.22189941	     69.80169121	     44.10665259	     26.60508261	     22.33614973	     35.78364413	     17.59289211	     21.07160047	     15.09799914	     15.41304460	     18.43079173	     18.08541808	    146.82865570	    145.78153735	     13.95899096	      9.58717825	     14.87153986	     18.51176173	     20.83773549	     20.53206020	     24.29894919	    100.93282770	     53.37058747	     73.80326222	     81.12268880	     38.94063906	     38.35631165	    123.04656640	     38.02151139	     80.09473977	     16.47541484	     19.50592054	      9.92305259	    273.04316570	    265.52064541	     61.76497538	     65.97413928	     62.12757332	     59.48165337
      0.15000000	     75.12157968	     13.62217002	     10.16203534	     15.37975130	     12.23456049	      9.71945515	    220.12073273	     41.70527622	     68.57536783	     78.64988675	      6.03263510	     74.31148065	     32.10243634	     15.03620648	     12.57532918	     16.00957135	      8.53927393	     11.07342306	      8.19764427	      8.19982270	     10.54801529	      7.67676990	    112.22950184	    102.26654831	      7.54836974	      4.74353890	      8.39996253	     17.08985202	     13.30563358	     13.82011342	     17.53012730	    115.84314633	     31.59776467	     47.78335858	     44.00346031	     37.75972224	     34.84808066	     60.61579081	     18.33485406	     35.84667701	      7.97657571	     10.51630952	      4.80386804	     72.18837312	     13.57902578	     10.18890435	     15.43738638	     12.16796654	      9.71350851	    229.71559115	     42.64176783	     58.64201329	     79.45539538	      6.03799178	     75.06000780	     29.65486294	     14.77446659	     11.89725059	     18.34221541	      8.55639627	     11.43037312	      7.71240399	      8.15760060	     10.50512325	      7.94465399	    105.37677683	    109.64374255	      7.61904498	      4.72892879	      8.38495273	     17.20935743	     12.91374086	     13.40875944	     17.21311811	    107.38286612	     34.59055247	     47.92004461	     44.62211712	     37.76725779	     34.77420814	     54.50133437	     18.14185019	     33.49239542	      7.96936151	     10.39851272	      4.84717023	    195.91726020	    194.60527875	     30.69322780	     30.80158447	     27.96530267	     28.60467140
      0.16000000	    101.50601399	     20.18540901	     13.73687464	     21.95556923	     18.25597589	     14.55459081	    214.70010472	     49.10040355	     88.85252563	     94.38724233	      9.10045433	     77.24625027	     38.76420015	     21.07605069	     17.49452422	     27.53186557	     12.80327260	     16.44471864	     12.03544831	     11.82397623	     14.64430690	     13.35627905	    138.80117128	    133.90634954	     10.85710965	      7.13277958	     11.95052513	     21.57530382	     18.21501511	     18.45338948	     22.87056882	    123.62501119	     46.79136802	     59.04602812	     61.02937414	     42.44441740	     39.86661646	     94.28426307	     28.14760471	     57.97507303	     12.20247017	     15.72679850	      7.15012156	    101.66954930	     20.22855203	     13.72971667	     21.98874929	     18.24625146	     14.57605046	    214.45196485	     49.02779562	     88.93165593	     94.46593013	      9.09393308	     77.11991492	     38.89637905	     21.18199925	     17.56146051	     27.52304891	     12.78896670	     16.44972929	     12.02718166	     11.82551745	     14.65461374	     13.37821028	    138.62511785	    134.05911944	     10.87214211	      7.13840643	     11.96233567	     21.56848111	     18.21264821	     18.45330492	     22.87466391	    123.92300268	     46.79788403	     59.06252552	     61.01346262	     42.45362727	     39.87560277	     94.66021796	     28.12335432	     58.19620445	     12.20960992	     15.74518308	      7.15132234	    243.46105689	    243.85089551	     47.11973009	     47.08753310	     44.36865535	     44.17867526
      0.17000000	     64.38636245	      8.82290663	      7.60580819	     10.42945536	      6.84501360	      5.86533604	    218.26591050	     39.53096924	     71.44890046	     70.96158017	      3.56863041	     73.60985610	     27.49433572	     11.12284922	      8.85312441	     13.60694864	      4.95502263	      7.80913393	      6.15131440	      5.43459422	      7.50486975	      6.42487989	     99.75700603	     91.62528846	      5.27633797	      2.90918218	      5.75976084	     13.35432971	     10.19778886	     10.72406342	     13.92876284	    127.36823591	     27.99048899	     38.09295667	     26.67606374	     36.43176228	     33.37784285	     48.59768887	     11.20162165	     22.42421366	      5.02806133	      7.09203558	      2.93395592	     64.29980436	      8.86024412	      7.60289956	     10.17992870	      6.98956664	      6.04753099	    216.99598173	     40.40106196	     71.91771367	     71.18439685	      3.47903124	     72.73157625	     28.09604966	     11.36159223	      8.94009458	     13.98929731	      4.85379084	      7.91291501	      6.13196301	      5.51116394	      7.43830818	      5.52926676	    100.22465010	     91.20738808	      5.39435022	      2.96166884	      5.85683117	     13.32822872	     10.19567365	     10.72033717	     13.92684445	    126.64536511	     28.06749788	     38.35981823	     26.75366615	     36.36099128	     33.27934642	     48.22257013	     11.15602258	     22.17016538	      5.03447257	      7.15544085	      2.72381688	    166.20103510	    166.46339991	     17.49331280	     17.47164512	     16.69316839	     16.56530936
      0.18000000	     77.53005039	     12.66527489	      9.67316696	     17.07797998	     13.38607293	      9.55189100	    196.87833848	     41.58095751	     79.67575475	     78.34718788	      6.62990858	     65.78092917	     32.45887708	     17.79981768	     14.56947469	     23.02652754	      8.79507295	     13.21145984	      9.99033263	      7.66337056	      9.88768184	      9.18494217	    110.90472140	    106.51411600	      7.33111444	      4.83872926	      7.92725704	     15.47441088	     12.59473617	     12.98002833	     16.47164650	    121.10776184	     42.17908009	     45.48903725	     45.83855184	     37.32953973	     34.80279490	     76.05895244	     21.02615705	     42.13252135	      9.39611138	      9.67798755	      4.50812611	     78.07183837	     12.68265938	      9.68039136	     17.09717897	     13.38135605	      9.57693325	    195.66838031	     42.06783706	     80.70012098	     79.14446493	      6.63559543	     65.84867367	     32.63824535	     17.85083353	     14.60044149	     22.97393893	      8.83588756	     13.21089612	      9.99034957	      7.68529351	      9.93451685	      9.19560585	    111.12400967	    106.32949287	      7.35708849	      4.85879822	      7.93229468	     15.95512586	     12.59040878	     12.99777795	     16.51649843	    121.31049891	     41.90366089	     46.04403639	     45.93236453	     37.32022684	     34.75509851	     76.79277864	     21.10219060	     42.47900235	      9.41360606	      9.67160761	      4.50755798	    202.27838307	    202.33620915	     32.81345279	     32.79364185	     30.64724144	     30.66386703
      0.19000000	     98.54384684	     18.43669834	      9.07282946	     27.52209023	     21.95235401	     15.52695114	     46.91508395	     45.47864935	    106.96996670	     87.04135854	     10.61818960	     24.80358550	     44.59781342	     28.24730039	     23.21411216	     37.18389078	     14.46889555	     21.18080412	     15.89952543	     11.15341636	     13.81168964	     15.52465910	    107.09872273	    122.71615499	     10.87983456	      7.87317971	     10.27959915	     11.47492722	     13.75447634	     13.65720136	     16.40643802	     56.54047393	     61.08961037	     65.29498264	     71.23283199	     26.55034942	     30.81107418	    111.68885518	     35.17746554	     72.10372624	     15.33285687	      9.94964288	      7.19939088	     97.99396818	     17.88368235	      9.04853770	     27.16442465	     21.60029561	     15.26459636	     43.15543885	     45.04060785	    105.19141630	     87.12466421	     10.81314645	     25.15602516	     44.84889834	     28.33736915	     23.29913991	     36.33955558	     14.62154615	     21.24077184	     15.68741775	     11.02544619	     13.05183417	     15.40342234	    109.95143306	    124.33981702	     11.00887138	      7.91907610	     10.27714727	     12.62075816	     13.95871331	     13.77925583	     16.51450545	     55.26789251	     60.76435508	     64.75002720	     71.68639874	     26.71194901	     30.69348302	    111.04548620	     35.01168541	     72.08058622	     15.31200871	     10.04360756	      7.23044892	    218.04124588	    216.66692172	     51.83429896	     53.50863056	     49.05014844	     48.27530691
      0.20000000	     66.06030973	      8.69697187	      7.56287183	     11.84197947	      8.12009620	      5.97815129	    204.16902295	     41.02277932	     77.60551066	     73.44795370	      4.01546521	     67.89429831	     29.54923344	     13.19817073	     10.55412876	     16.40726182	      5.31459906	      9.15418045	      7.18225590	      5.42222181	      7.47819510	      6.45681201	     99.64802620	     93.61144564	      5.26506132	      3.06267503	      5.74960109	     13.18771457	     10.10375185	     10.62587441	     13.80199806	    128.39274724	     32.81097257	     38.35540852	     29.10475922	     36.30834177	     33.42660568	     56.58453002	     13.11880653	     26.33373592	      5.92920286	      7.00779426	      2.91290247	     66.06216047	      8.69126240	      7.55731405	     11.90136682	      8.11610981	      5.97844114	    204.06338629	     41.01518593	     77.79491937	     73.50846281	      4.01488627	     67.85903657	     29.53630130	     13.25755447	     10.57520253	     16.32818206	      5.32581772	      9.16889246	      7.18383915	      5.42579589	      7.47255511	      6.45835777	     99.50165569	     93.83086610	      5.26115386	      3.05431113	      5.75028932	     13.18175518	     10.10549920	     10.62217516	     13.79933901	    128.27652524	     32.77742287	     38.35865947	     29.11681306	     36.31735996	     33.41689841	     56.40065198	     13.15285612	     26.20461720	      5.92910091	      7.00751947	      2.91346565	    172.36741282	    172.19930905	     19.92451001	     19.93839392	     18.62006165	     18.70198343
      0.21000000	     94.51719165	     18.06758285	     12.77587542	     20.18140617	     16.35442661	     12.88469269	    218.33661544	     46.26645452	     82.21960791	     92.30084703	      8.11733268	     78.98852574	     35.95983596	     19.09249103	     15.81858319	     24.76186302	     11.30813793	     14.89820466	     11.09610571	     10.65301934	     13.35706661	     12.11592802	    125.63945598	    126.42391990	      9.86247847	      6.36965569	     10.87599625	     20.78199201	     16.68586417	     17.03955043	     21.32727061	    124.89425534	     44.02518699	     55.22069203	     55.89442223	     40.93231140	     39.44071478	     87.72857344	     25.45229502	     52.80728098	     11.04169402	     14.43825989	      6.36998421	     95.83819147	     18.05032380	     12.78974041	     19.40580803	     16.04919004	     12.89099007	    216.00810194	     48.67657405	     78.37961489	     93.91872465	      8.02181053	     77.74123944	     36.15196596	     19.34634963	     16.21420938	     25.96816231	     10.91783502	     14.84207559	     11.10312912	     10.76772612	     13.55087598	     12.51092150	    123.82637660	    128.14590286	      9.96485707	      6.41131052	     10.90163528	     20.70476964	     16.56809385	     16.92501930	     21.18945998	    125.74988775	     44.40797314	     55.26193603	     54.79000454	     42.16575220	     38.11908947	     88.60125857	     25.68080606	     52.46252068	     10.97991003	     14.49467240	      6.37193021	    232.70220575	    232.04926263	     43.13991815	     43.19384993	     39.82550044	     40.14369476
      0.22000000	     86.57057816	     19.02241592	     13.79602361	     19.49995234	     16.46298940	     13.30786597	    124.79117077	     38.82542850	     75.65131964	     85.04305263	      8.33648112	     45.58625931	     29.48676313	     17.85251814	     14.89052434	     22.81009197	     11.38255587	     14.51410321	     10.81833070	     11.02547519	     13.71024587	     11.63066199	    116.54274155	    116.84578414	     10.34791839	      6.54929658	     11.65128094	     20.24922837	     16.22315612	     16.59006920	     20.74851913	     36.32678806	     44.25739296	     59.67953866	     56.92260578	     28.43127777	     27.22998022	     70.15421756	     25.16349155	     53.27225831	     10.57079171	     14.90130509	      6.24559402	     84.86306140	     18.13631135	     13.57294341	     19.39060591	     16.13188985	     12.93134977	    138.77664919	     34.02204766	     72.29986215	     78.13145769	      8.29414650	     40.80178921	     30.11122650	     18.23736619	     15.14639465	     23.04626517	     11.13505353	     14.71141978	     10.94230670	     10.70069250	     13.38171357	     11.54365532	    123.59265136	    122.55607019	     10.39136958	      6.50591530	     11.50789762	     20.32611037	     15.99993333	     16.38525994	     20.56949556	     35.20587528	     44.64990008	     60.58980290	     58.67518176	     28.83539398	     27.81215179	     67.99403884	     25.00742263	     52.92005205	     10.48176351	     14.93955088	      6.23957284	    186.63244229	    182.91298451	     42.45221012	     43.66974269	     41.14442249	     40.80099956
      0.23000000	     61.60622846	     10.87369577	      9.28130530	     15.29498680	      8.40103158	      7.50591475	     95.18778937	     27.44274313	     47.82279254	     93.49598979	      4.93926534	     14.86371646	     28.03024919	     17.32245248	     13.81085364	     21.32400050	      7.36268404	     11.97556183	      9.07858817	      7.28054222	      9.52488424	      8.51996032	     65.01155218	    110.55611483	      6.92730773	      4.43768530	      7.35491452	     15.54176613	     12.61960181	     13.01452108	     16.52022339	     26.41454354	     33.66647821	     57.56222289	     45.64800228	     21.99650248	     19.86165628	     66.96821216	     20.18907186	     48.54700868	      7.69293718	      9.67890720	      4.63155758	     67.24658241	     13.76933160	      9.57246601	     14.10760179	     10.01401003	      9.91245087	    107.26104672	     27.65471368	     65.50912502	     59.26092363	      5.53151675	     21.81680816	     23.46587143	     15.40882068	     12.85987810	     20.16856919	      7.33839561	     11.11298618	      8.68133785	      8.16600559	     10.57620852	     10.06669284	    102.41182327	    116.80170890	      8.05394058	      5.05198772	      8.48835580	     15.91963304	     12.87489674	     13.16391737	     16.71892673	     24.39098366	     29.65081756	     47.23219714	     41.32388193	     22.12257171	     20.21631093	     45.09565467	     16.06955359	     37.31794267	      7.23760724	      9.93232824	      4.84543322	    149.01860330	    150.13608940	     32.77546500	     32.68355986	     35.48350160	     34.93829083
      0.24000000	     83.62623569	     10.52915747	     27.62256592	     15.34792758	     10.81616981	      7.55813471	    176.29848559	     39.45200515	     88.54632437	     75.79965927	      5.16018468	     68.61842716	     32.55246360	     15.51553106	     12.48103826	     20.02386184	      7.35533330	     11.17354086	      8.24446917	      5.98467667	      7.70031731	      7.20410327	    116.78432586	    105.67042717	      5.11962189	      3.62113869	      5.62575406	     15.19537390	     12.48909270	     12.93610316	     16.37988422	    111.41873506	     33.01958647	     43.44528551	     36.65014214	     35.26250864	     32.48928528	     62.78861808	     17.08537899	     35.12038057	      7.44029556	      8.87366088	      4.00938994	     72.16414522	     13.43531480	      7.27886780	     14.27818840	     10.85549145	      8.75186833	    189.15247093	     39.23752921	     74.08951866	     73.76312871	      5.38147070	     63.21614373	     29.27309580	     14.17215623	     11.57577943	     17.80567850	      7.45962316	     10.71488465	      7.94826621	      7.53507211	      9.59302260	      7.71228578	    102.21312662	     97.12421534	      7.26628195	      4.26097041	      7.47491916	     15.39260995	     12.28617135	     12.73979455	     16.26415016	    111.16881534	     32.63084529	     42.53723526	     36.55261875	     34.51106856	     31.65473684	     62.97117501	     16.79694533	     34.29865740	      7.27095735	      8.84549795	      4.06173329	    179.21883850	    179.42605471	     28.23342394	     27.05413707	     25.45222926	     26.41587555
      0.25000000	     65.21538182	     10.83984480	      8.86927266	     12.50835839	      9.81618922	      7.94358639	    257.63762378	     31.15541746	     56.81419142	     60.86880690	      5.00578881	     74.03002950	     29.34932745	     12.75403626	     10.15552601	     14.56465756	      7.13345994	      9.58362774	      6.97850745	      6.67206935	      8.88904189	      8.05478753	    109.38301757	    102.92846938	      6.40906614	      4.01602055	      6.91912168	     14.77822105	     11.71757028	     12.18028592	     15.59619560	    126.46818427	     28.15135970	     42.98370908	     37.72141843	     38.05910664	     33.87642540	     55.76253020	     14.96715872	     30.51873960	      6.55687428	      8.51706485	      3.77084284	     58.29867029	     10.82952857	      8.89133210	     12.30372050	      9.81664835	      7.96801798	    294.02970186	     23.51872636	     36.41526446	     50.36717935	      5.09339360	     72.87005703	     28.19173202	     12.42722689	      9.88425708	     14.08121478	      7.15354291	      9.52356411	      6.83875721	      6.67978733	      8.84775763	      8.10739549	    111.59496472	    104.13357490	      6.41723973	      4.02754735	      6.92980417	     14.64101873	     11.73204984	     12.18356905	     15.58766350	    122.96154296	     27.94436260	     42.99971559	     38.41621712	     38.00617921	     33.95737888	     51.63969023	     14.48481939	     29.32019622	      6.43788763	      8.52845479	      3.78022741	    185.58390288	    186.36441463	     24.98365740	     24.91920391	     23.96897460	     23.58859627
      0.26000000	    132.52845335	     24.26333110	     12.88872169	     31.56490283	     28.84254798	     20.68917356	     26.48301692	     56.89557020	    119.82022202	    108.94745288	     13.74555553	     57.10034330	     45.87126889	     30.69810752	     25.17697195	     42.01535434	     18.39502298	     23.58002187	     17.30428937	     14.56189397	     18.41683853	     16.96711466	    121.59621095	    124.21391019	     16.40884427	     11.02835562	     14.06004482	     13.26546088	     18.94391506	     18.18849673	     21.27082204	     79.14036070	     57.05502310	     78.52435268	     86.13410635	     30.16204701	     32.14114930	    149.94919306	     42.86489337	     91.31859841	     19.32005610	     20.74137585	     12.61036191	    122.83537064	     25.10185965	     17.32858232	     30.36610027	     28.74917520	     20.87594460	     72.84715263	     45.57444724	     98.56526649	     86.98429626	     13.31152116	     56.27811014	     43.14119249	     29.42901483	     24.43565287	     43.37667766	     20.32266129	     23.27433622	     16.42829368	     15.30499230	     20.22999332	     23.44221400	    134.95397055	    133.83892038	     10.68204613	     10.94615674	     17.42283219	     11.58145270	     21.97463247	     19.55999018	     23.40987388	     69.42835628	     60.42357922	     76.62882856	     83.23762132	     31.97676390	     35.53061542	    135.41712659	     48.17131453	     86.58338173	     18.56282436	     13.30827101	      9.91274086	    259.90683945	    279.99509212	     75.95194537	     66.51197125	     69.19777230	     66.27586645
      0.27000000	     84.94938955	     14.52892178	     10.62428831	     17.66281679	     13.83229865	     10.56941794	    204.41101730	     45.58873005	     85.19821867	     85.10557775	      6.86750011	     71.53954356	     34.40923877	     17.83544057	     14.66934652	     23.05113152	      9.41061906	     13.40080391	      9.99671005	      8.72361185	     11.15986032	     10.22136817	    119.45541619	    114.09961343	      8.20636386	      5.28988862	      8.90015558	     17.11701964	     14.03625704	     14.43238951	     18.18365326	    125.84733896	     40.98285366	     49.61518614	     47.32565481	     39.26130367	     36.64601026	     78.76937731	     21.76246308	     44.32866260	      9.53632777	     11.20773311	      5.14822844	     84.78744405	     14.53287387	     10.64195644	     17.54128369	     13.79306582	     10.58690621	    206.42128355	     45.05632435	     84.61516393	     84.82127610	      6.89187263	     71.39526617	     34.61252316	     17.80289178	     14.57449000	     22.90161551	      9.45126395	     13.41161011	      9.99746064	      8.71793309	     11.13792248	     10.18180105	    120.24829396	    113.75718085	      8.22943186	      5.29828852	      8.92065709	     17.19240431	     14.06418329	     14.45855174	     18.21786228	    125.16347938	     41.07941326	     49.70406055	     47.48892002	     39.19617182	     36.69007748	     78.27496552	     21.75826059	     44.19239948	      9.51608185	     11.18549826	      5.14201754	    211.16616347	    210.87693083	     34.62774366	     34.65162850	     32.51637651	     32.65733358
      0.28000000	     72.63512832	     10.79661123	      8.64306560	     14.04600752	     10.37649335	      7.72044602	    205.52033623	     42.31899679	     79.85675234	     77.58988467	      5.15129303	     68.92655408	     31.14846244	     14.95867013	     12.07918557	     18.82363605	      6.93063375	     10.79966608	      8.26949591	      6.62720091	      8.79735486	      7.88485196	    107.24753305	    100.97663387	      6.35414053	      3.91543242	      6.88502812	     14.54670335	     11.48074517	     11.95986625	     15.32933400	    126.35216513	     35.95721378	     42.67230431	     36.56633019	     37.32683332	     34.48415763	     64.41987597	     16.46268114	     33.12129573	      7.35181104	      8.45936139	      3.74498487	     72.63154861	     10.79934684	      8.64332291	     14.04815906	     10.37743144	      7.72159380	    205.52145808	     42.32987950	     79.83548435	     77.58836960	      5.15111282	     68.95674427	     31.13540266	     14.95337189	     12.07461567	     18.82173760	      6.93085729	     10.79934986	      8.26888223	      6.62773051	      8.79723762	      7.88559578	    107.23018955	    100.95342397	      6.35437798	      3.91578447	      6.88549656	     14.54615067	     11.48069603	     11.95895041	     15.32980310	    126.35396524	     35.96146049	     42.66967519	     36.56208467	     37.32690847	     34.48398815	     64.42193960	     16.46370943	     33.11842332	      7.35216322	      8.45928451	      3.74496938	    187.36605651	    187.35300623	     25.60214151	     25.60319269	     24.03386804	     24.04024760
      0.29000000	     65.23919333	     10.88167330	      8.76776823	     14.39115747	     10.65110438	      7.74220045	    208.51894627	     33.18065519	     61.30542963	     65.96747897	      5.21622757	     66.22289459	     27.63222148	     13.93147463	     11.39097164	     17.49237587	      6.96058172	     10.67736858	      8.13247320	      6.66690697	      8.89389520	      7.84474874	     96.38467690	     96.56831164	      6.30487218	      3.82359212	      6.92922936	     14.04015687	     11.41703376	     11.88664589	     15.23309086	    114.85693899	     35.33134559	     41.14168614	     34.44282573	     34.16111261	     32.55483556	     65.80906549	     16.80342055	     34.01131689	      7.52959450	      8.80944539	      3.80977071	     69.87633546	     10.71242077	      8.71316214	     14.81251728	     10.60694237	      7.66981009	    190.13898316	     39.58605736	     77.06186806	     80.74100076	      5.16612167	     64.70789028	     27.83967340	     14.20206153	     11.63853854	     17.81077216	      6.93485069	     10.85372057	      8.42447127	      6.66367599	      8.87099863	      7.85474394	    101.87437455	     99.85712913	      6.36087331	      3.87675392	      6.93428929	     14.80409218	     11.89270546	     12.36240429	     15.77109520	    118.59185318	     24.28484960	     42.48082098	     36.81637958	     34.04961576	     33.05653397	     56.05289216	     15.59596515	     29.71959216	      7.21126300	      8.71939594	      3.83187482	    177.21758332	    175.98641591	     25.10946156	     25.27871877	     24.17068733	     23.96066375
      0.30000000	     71.57812865	     11.15674307	      8.84787994	     13.97838670	      9.79941361	      7.64513307	    211.70073515	     41.13003628	     76.74413809	     75.75922943	      4.97538150	     70.26169557	     30.71234363	     14.45859807	     11.60183343	     18.16735016	      6.72256068	     10.70917733	      8.00678635	      6.90505614	      8.90261229	      7.67697893	    112.87331361	     95.02039605	      6.34065599	      3.74070682	      7.06703007	     14.21113405	     11.35971120	     11.81391068	     15.15208615	    123.96984856	     36.14062179	     43.43432403	     35.77291159	     37.02343883	     34.10510543	     63.25434860	     15.73346613	     32.81419389	      6.93163036	      7.97271399	      3.57856054	     70.50674642	     11.26570234	      8.43045242	     13.69456813	      9.76016750	      7.68447348	    214.49686025	     41.29479658	     73.29235272	     78.08764340	      5.01254441	     70.03812343	     30.77763979	     14.90335781	     11.79184590	     16.34423785	      6.84553335	     10.60263704	      7.98203941	      6.57687220	      8.42604510	      7.25717170	    113.24913791	     89.42133080	      6.51663417	      3.80074007	      7.08286376	     13.69803674	     10.69203596	     11.35794070	     14.49424075	    115.98747279	     37.06250274	     44.74576086	     37.89543851	     36.63036977	     33.82187972	     57.67899175	     15.68592970	     31.33101943	      6.87517094	      7.25916396	      3.55455086	    183.91433514	    174.94292602	     23.55022366	     24.29101358	     17.65583559	     22.02811032
      0.31000000	     59.10304591	      7.33835846	      7.52297401	     13.98088974	      9.06533801	      7.19789505	    129.72020499	     35.37002123	     74.21230234	     67.77501802	      4.43785056	     40.24019016	     25.72089633	     14.91454966	     12.20369003	     18.98614305	      5.34808842	     11.05698993	      8.55364546	      4.56008011	      6.45783742	      5.62196638	     84.75859221	     84.74175581	      6.36430188	      2.44484443	      4.95189835	     13.38532253	      9.94570314	     10.49608680	     13.69643127	     94.12365913	     35.94477029	     37.52197383	     27.77302035	     27.51498635	     26.41416234	     67.31323245	     16.03452736	     31.98661903	      7.40278600	      6.71719417	      2.62474969	     67.81104995	      7.44130718	      6.55778066	     14.86307204	      9.38478475	      7.77773449	    133.05487162	     35.82595441	     73.18325584	     67.71268556	      4.30053932	     40.97842424	     25.95033027	     14.77669744	     12.27723608	     19.70977842	      5.36072371	     11.16066156	      8.46713561	      4.02898660	      5.94274289	      6.01526351	     85.49384447	     84.31068597	     13.51440956	      1.96941864	      4.15602125	     13.21004983	      9.94936360	     10.50758731	     13.68287935	     93.65481252	     35.73453030	     37.91531033	     28.11689279	     27.55609406	     26.44801445	     66.76060711	     16.02372245	     31.90302084	      7.38531130	      6.59003819	      2.63722460	    145.56475410	    145.70194029	     21.26113879	     20.86994731	     19.33950516	     19.50089584
      0.32000000	     99.20101259	     16.56616315	      9.91640144	     25.02808102	     20.39092562	     14.93173792	     79.86431965	     48.46430672	    108.22852716	     88.84915479	     10.20269926	     41.89726499	     41.48988306	     25.87760393	     21.62993479	     35.87881422	     13.40789971	     19.05312906	     14.35508410	     10.44436467	     12.72505746	     13.38665205	    111.92609483	    115.49423884	     10.35794347	      7.74534257	     10.06040022	     15.80828350	     13.23098583	     13.52955462	     17.01119696	     89.43551743	     57.60286669	     44.80818437	     74.10299019	     31.47598459	     32.95061706	    101.74956927	     32.70555463	     67.73203339	     14.00212124	     10.90843198	      6.85659224	     92.44950890	     15.32695840	     10.39839775	     24.26890537	     19.73812658	     14.38773576	     72.10201210	     50.87224088	    117.69203849	     82.91448499	     10.20561952	     39.33987136	     39.89875008	     26.60691693	     22.03323797	     36.17443202	     13.12468866	     19.15247335	     14.78525452	      9.30679231	     12.23184414	      4.49016710	    106.89149032	    109.52037227	     10.11648212	      7.60794422	      9.45617161	     15.82613963	     13.50508297	     13.73776099	     17.20054237	     95.33261756	     53.15926720	     63.34957250	     49.49495834	     31.61463550	     32.66299102	    114.79874616	     31.58089775	     59.89003899	     14.13676334	     10.67188536	      6.94248313	    229.87450276	    230.18454379	     52.88216040	     52.85654598	     47.41558203	     47.26449390
      0.33000000	    103.08796144	     21.08541865	     14.30036286	     22.25358255	     18.64428198	     15.03988908	    222.44757275	     48.78328948	     86.70639570	     94.83432326	      9.30761869	     78.83450173	     38.78050798	     21.20832924	     17.63448337	     27.67267218	     13.15519008	     16.60912247	     12.09768022	     12.28489921	     15.18502515	     13.71112401	    141.68621902	    136.73476744	     11.22179677	      7.33358153	     12.44705069	     22.58523776	     19.03650253	     19.27133329	     23.83104354	    126.43844009	     45.84851015	     59.32460673	     61.64121985	     43.17253220	     40.25754255	     96.15773196	     28.64679618	     59.19222325	     12.41091162	     16.67029486	      7.40952200	    103.25442687	     21.08003397	     14.29657163	     22.25785022	     18.63662601	     15.03773099	    221.41367290	     48.93072336	     87.21156936	     95.03186326	      9.30504326	     78.87674092	     38.78754642	     21.21651922	     17.63736588	     27.69700256	     13.13954785	     16.60854023	     12.10800093	     12.28146863	     15.18352113	     13.71122712	    141.54928236	    136.66145970	     11.21494547	      7.33207280	     12.44051051	     22.50132404	     19.01364224	     19.25082260	     23.80929368	    126.34273212	     46.00753940	     59.30354647	     61.61755698	     43.16810229	     40.25716591	     96.20639591	     28.64936892	     59.20900270	     12.41510292	     16.66806430	      7.40675257	    246.90090215	    246.93430556	     47.75590409	     47.75314598	     45.27849065	     45.26221191
      0.34000000	    137.58062326	     32.37963712	     19.38958842	     33.98090361	     29.89114071	     23.96127532	    107.87240270	     52.26174894	    101.96486747	    103.02975596	     14.86983334	     62.01942809	     48.28899060	     30.95934485	     26.29452169	     42.32547807	     20.94023592	     24.96192335	     17.89439298	     18.79062002	     22.39810350	     21.58859257	    152.81684485	    157.56713747	     16.88112751	     11.60171759	     18.36199848	     24.17834096	     24.79693463	     24.54357393	     29.30672692	     88.92077142	     59.98916821	     79.02712183	     90.36063116	     38.07400866	     38.94326647	    151.20435455	     46.86086489	     99.55809265	     19.96351727	     23.24504089	     11.76211670	    138.14294316	     32.03539272	     18.40872492	     34.01497551	     29.90029679	     23.87930229	    107.36601056	     52.27811856	    102.49747578	    102.47623547	     14.75906019	     62.78435649	     48.42483461	     31.16072852	     26.40927145	     42.56391568	     20.95655399	     24.96488084	     18.05116257	     18.47463137	     21.93932909	     21.45587031	    153.43742296	    158.04591153	     16.66644264	     11.62477988	     17.88934060	     24.33968206	     25.07212143	     24.82603778	     29.65605221	     89.02113053	     60.00439199	     80.47486855	     91.69576876	     38.27070967	     39.05034106	    150.80713726	     46.73392770	     98.97580260	     19.95040233	     22.93195361	     11.61942088	    294.12271674	    290.89780678	     77.24546030	     77.70939787	     74.39808802	     72.80235351
      0.35000000	     83.66255185	     15.23537232	     11.00726986	     17.73439504	     14.29689739	     11.07916850	    225.74243610	     42.35800856	     76.38499616	     81.47458172	      7.13455902	     73.64449284	     33.50400428	     17.75692137	     14.61464301	     22.89637311	      9.83491596	     13.47755325	     10.00064429	      9.11063213	     11.56983019	     10.60995725	    123.24492977	    117.37201019	      8.54052686	      5.51162724	      9.28883769	     17.68042950	     14.57748561	     14.94601630	     18.79478130	    123.04077387	     41.20238386	     51.00881521	     49.64233667	     40.11386218	     36.88398987	     76.41379119	     22.03336061	     44.65898557	      9.68752995	     11.71160171	      5.38361065	     83.44598193	     15.23469583	     11.00705218	     17.71677969	     14.29400116	     11.07840794	    226.83271463	     42.00892299	     75.95166492	     80.93607745	      7.13383473	     73.42718550	     33.55735780	     17.76680182	     14.62083955	     22.90719586	      9.83434637	     13.47935428	      9.99866084	      9.11072482	     11.57027708	     10.61155345	    124.40253140	    116.56689441	      8.54054198	      5.51157108	      9.28855975	     17.67812313	     14.57630925	     14.94483475	     18.79335969	    123.16499920	     41.16060316	     51.00563637	     49.63177191	     40.11845261	     36.87814993	     76.50354249	     22.04127918	     44.68729691	      9.68801290	     11.71125886	      5.38328195	    215.62454153	    215.62579608	     35.97708978	     35.97698609	     33.92008759	     33.91947631
      0.36000000	     71.13704961	      8.24711143	      7.35292305	     11.89141088	      7.63981059	      5.61439828	    172.81004917	     47.09852290	     94.05447780	     79.71148688	      3.76797002	     66.33038416	     33.05562600	     13.68058778	     10.70261326	     16.42572643	      4.95793217	      9.15555400	      7.36457431	      5.18185693	      7.21945182	      6.19409289	     93.74782259	     93.56060984	      5.03751201	      2.87980634	      5.51987125	     12.91769723	      9.87054718	     10.41409758	     13.56512312	    136.54120212	     32.83470197	     37.36420689	     25.24113228	     36.21204209	     33.61067510	     62.52128799	     13.09643504	     26.58026043	      5.80932872	      6.75224813	      2.72756540	     67.05081082	      8.26358821	      7.36222583	     11.91567565	      7.64774692	      5.62586730	    195.05488181	     41.93045421	     84.15823253	     72.47836589	      3.77173883	     64.29647731	     32.55740729	     13.66514610	     10.72259901	     16.51480335	      4.98113219	      9.14107683	      7.32710810	      5.18746817	      7.22385698	      6.19581043	     95.13983052	     99.05570786	      5.04299267	      2.88312768	      5.52941748	     12.95806463	      9.89757009	     10.44024591	     13.59551613	    132.27669053	     33.60915416	     37.62130719	     26.72079623	     35.85332982	     34.01272879	     59.36721663	     12.87572933	     26.23005755	      5.75743894	      6.74178945	      2.73744586	    169.90812678	    169.90510520	     18.70409358	     18.70434233	     17.57008116	     17.57155419
      0.37000000	     67.03038818	      8.43474756	      7.00162538	     15.36219763	     10.29468470	      7.17223454	    146.48634960	     38.82900172	     83.48943067	     73.15214713	      4.68187470	     55.05434839	     26.70913220	     15.99314869	     12.98324669	     20.66905833	      6.11575883	     11.33012502	      9.19278169	      5.58651221	      7.43285271	      7.69800330	     91.47506646	     87.65625775	      5.79414570	      3.67369519	      5.68105658	     14.13523625	      9.71583473	     10.23446142	     13.32112527	    107.52207496	     41.55762519	     39.17584812	     29.44729893	     32.28172557	     30.14910131	     68.39021343	     16.23961449	     32.55090894	      7.61599017	      6.94562452	      3.49855448	     70.08984816	     10.20533737	      7.82375564	     15.87468488	     10.66307588	      8.11444857	    146.05802163	     39.08399120	     82.86439285	     75.17520754	      4.75535095	     60.03232506	     23.75692292	     16.82688700	     13.90269311	     22.89596302	      6.50309193	     11.85168313	      9.46533853	      6.30495597	      8.19458023	      7.78195288	     95.52284869	     85.35516618	      6.05410576	      3.89735658	      6.33590780	     14.59226156	      9.59839226	     10.11681199	     13.17967080	    106.18291291	     42.33494062	     38.60893633	     28.77895962	     32.14922421	     30.32553364	     66.77653264	     16.08173957	     31.44833397	      7.57246479	      6.96586464	      3.50501359	    162.20066152	    161.27577511	     21.60572806	     21.68205787	     21.21297634	     21.66321940
      0.38000000	     47.34658282	     10.03249420	      7.16689885	     11.06207414	      9.74156232	      7.38431277	     92.67216338	     21.09092782	     46.24294472	     54.81449973	      4.87735096	     27.20714933	     17.13656050	      9.07667890	      7.85560808	     12.59395326	      6.81846393	      8.26483961	      6.09779625	      6.15432112	      8.15122923	      7.45014464	     72.74339882	     78.93201804	      5.76250484	      3.70872859	      6.15413937	     15.43364505	     12.26342212	     12.72271752	     16.23629506	     31.30140274	     21.56004479	     39.15044574	     29.85184179	     16.85560419	     18.72532803	     48.03800599	     15.17622482	     31.10422955	      7.30880875	      9.39767674	      3.85071997	     49.38158301	     10.08702203	      8.87608072	     11.19631633	     10.17761980	      7.44351773	     86.07105454	     25.90005913	     50.75710431	     50.55640628	      4.97424436	     28.70303773	     17.66763528	      8.89105962	      7.72773762	     12.16883779	      6.90551345	      7.23833192	      6.08928158	      6.15782228	      8.12330302	      7.42061594	     76.88361986	     80.15845102	      5.70722075	      3.70624261	      6.09560486	     15.41294730	     12.23574440	     12.69557728	     16.20450153	     30.34924821	     21.56412611	     39.30612627	     29.93189549	     16.82529300	     18.74954840	     47.20819087	     15.10515804	     30.86192559	      7.19857229	      9.38784282	      3.85076018	    110.88262157	    110.87854829	     24.70499261	     24.70543274	     23.32193370	     23.32408791
      0.39000000	     66.18702157	     14.61365895	      8.80868573	     15.57084665	     12.72206710	      9.53203990	     99.73132001	     33.42972164	     68.93899614	     69.61381010	      6.30573229	     34.38722489	     27.80510118	     15.30366134	     12.51576336	     19.00597282	      8.87377823	     11.81895519	      8.95105950	      8.01717783	     10.38665201	      8.81107578	     95.03477870	     93.69366529	      6.83742308	      4.57510073	      8.27391857	     18.50879720	     14.88023869	     15.28521229	     19.25619718	     62.96491179	     33.62535849	     43.55026971	     37.58280246	     24.69796452	     25.18510785	     72.22778288	     20.48329655	     43.12314227	      8.86693464	     12.74039523	      5.03885043	     72.22320872	     13.89591964	     15.56484012	     15.81301863	     12.59269935	      9.09281455	     96.99424125	     33.87205297	     68.97837315	     67.76866354	      6.15513564	     35.41775238	     30.83603339	     16.20635875	     13.17508088	     20.74965527	      8.76837774	     12.09461743	      9.00623056	      7.68478389	     10.06625285	      8.75010154	     89.70176312	     99.47297614	      6.48854866	      4.38365755	      7.82879203	     18.64706005	     15.26207007	     15.66883921	     19.71788470	     75.18357581	     31.51216878	     41.00212099	     35.22248342	     25.20475049	     24.96316614	     79.01528963	     20.95105683	     43.94613935	      9.80573725	     12.91225935	      5.07759926	    149.90933726	    150.96193590	     32.81286630	     32.70912135	     31.53050751	     31.53782824
      0.40000000	     83.65985624	     14.31876851	     10.42825945	     19.06435059	     15.14289213	     10.98510276	    174.20597204	     42.97099164	     81.17871907	     80.53973302	      7.54437825	     62.41711187	     34.99544637	     19.78670635	     16.29346789	     25.91001420	     10.17458876	     14.80480892	     11.01551874	      8.72875025	     11.03190901	     10.68196957	    113.78226315	    111.24164220	      8.37522889	      5.60584147	      8.82881788	     17.10758924	     13.80997569	     14.18279982	     17.93834807	    107.96792978	     44.42475253	     51.65956426	     53.25181516	     36.15963994	     34.62233193	     81.92258706	     24.00660468	     48.64272633	     10.58524549	     10.42103152	      5.23725115	     85.88840291	     14.27984190	     10.41804801	     19.16539361	     15.17698410	     10.96826509	    161.77131482	     45.56243533	     87.37978435	     84.39814870	      7.51596738	     62.86046528	     35.33559730	     19.86567966	     16.31067247	     26.10014197	     10.09538140	     14.80341511	     11.07258661	      8.71409748	     11.01132670	     10.71024884	    113.31189545	    109.08878440	      8.34795443	      5.59478199	      8.80799097	     17.05989749	     13.73788965	     14.12616463	     17.87591525	    110.41349881	     44.58245441	     51.31895688	     52.44694465	     36.31678245	     34.69384325	     83.73613783	     24.11729424	     49.01355208	     10.63553311	     10.40966518	      5.23035325	    205.30317203	    205.36731369	     37.79305346	     37.82978457	     35.37446497	     35.31920063
      0.41000000	     97.84080354	     17.56107537	      9.25982862	     32.93701451	     24.65441105	     14.70931826	     36.82957348	     42.73270230	    100.42375918	     90.61650110	     12.20077781	     16.41288151	     41.53767003	     34.08668929	     29.16350905	     46.68062193	     15.17589575	     26.62304370	     19.35762115	     11.09128536	     13.11109098	     14.73316265	     98.88368532	    128.09968599	     11.49302722	      8.65678983	     10.26361610	     11.76104545	     13.50841243	     13.80098326	     15.76504062	     59.78501773	     74.06814316	     62.06832093	     81.95977659	     26.92981843	     30.54626087	    127.52104636	     40.13969744	     80.72206126	     18.47119187	      9.26734021	      6.96199836	     93.23261456	     19.46727874	      7.71293186	     32.77102428	     24.78031447	     14.85422676	     36.93595713	     41.37178326	    108.46995658	     85.62730983	     11.91521554	     16.13994261	     37.67038761	     34.42817251	     28.26089044	     45.21857920	     16.17237123	     26.25637252	     19.46196464	     10.78299427	     12.82100019	     16.22891847	    105.23073236	    131.10196714	     10.53189663	      7.95585256	      8.62717503	     11.39194079	     15.02374075	     16.84702244	     13.46157891	     58.90198184	     76.92597913	     68.67548514	     77.58277022	     26.75458482	     30.68885281	    136.03996617	     41.51041210	     81.64637725	     18.59592373	      9.12674755	      7.03542822	    234.72277104	    215.14010410	     46.33167964	     47.95019959	     55.53189117	     65.07333131
      0.42000000	     71.92968380	     10.15836766	      8.29618881	     13.71992089	      9.79569886	      7.20525355	    200.17470567	     42.70796720	     81.32031744	     76.34664825	      4.83546244	     67.28569456	     33.10868552	     15.28013926	     12.24727314	     19.35412544	      6.51239170	     10.69804252	      8.19456646	      6.28632244	      8.43070115	      7.58417084	    107.25762584	    100.88410468	      6.05631471	      3.68564763	      6.52978742	     14.20982889	     11.16224898	     11.62042326	     14.94655379	    122.63885900	     37.35446157	     42.21362785	     36.38543641	     37.25108528	     35.00904746	     58.86455319	     15.43899109	     30.61480921	      7.00447446	      8.04329240	      3.52987947	     70.95967957	     10.17047512	      8.30187375	     13.65186035	      9.79322825	      7.21556017	    205.14983800	     41.93811529	     77.47964414	     75.08832198	      4.84271252	     67.79604902	     32.66404141	     15.20532908	     12.18670384	     19.22658907	      6.53298615	     10.67424112	      8.13598329	      6.29258802	      8.43712850	      7.58930934	    106.56652158	    100.24559564	      6.06120926	      3.69036981	      6.53563418	     14.21747628	     11.17064892	     11.62853474	     14.95596563	    123.74260830	     36.59594720	     42.17197869	     36.30432093	     37.29892372	     34.95570644	     59.15989151	     15.44479361	     30.63559803	      7.00219349	      8.04293017	      3.53030812	    181.01301846	    181.00210881	     24.51300486	     24.51390575	     23.01262683	     23.01794348
      0.43000000	     68.33470835	      7.81920443	      7.51206014	     16.69769494	     11.28018725	      5.97051682	     96.16825461	     45.82842165	     98.54831321	     78.10032796	      5.33612139	     24.65166549	     37.03653147	     22.53322261	     17.47297113	     27.59957203	      6.63989753	     14.42549843	     10.91318652	      4.60465269	      7.20920849	      7.09836966	     96.46488882	     98.96581472	      5.31168710	      2.85257448	      5.19021074	     13.62398607	     10.20483062	     10.79509407	     14.11356321	     98.82413054	     51.42591872	     38.50049799	     35.47842811	     30.47722238	     30.52921285	     78.77864152	     21.47487444	     38.28607269	      8.83729896	      7.71465447	      3.54954878	     75.68160094	      6.18645486	      6.97984677	     17.82948775	     11.62510263	      5.59461777	     47.00492038	     50.66982060	    123.81607352	     88.10616031	      4.93788442	     25.18329487	     37.63118309	     22.74495562	     18.02482604	     30.24272669	      5.96122669	     14.65094086	     11.78194844	      4.73370586	      7.00390480	      7.97140390	     91.43159622	     92.09579226	      4.25007308	      2.93300315	      4.47849284	     13.19555716	      8.79980617	      9.53885497	     12.85781882	    108.43267998	     54.15046856	     31.22617527	     35.89402165	     30.61625786	     30.50963676	     84.59882829	     20.15964874	     41.73035772	      9.48639068	      8.00486542	      3.19193144	    168.54427772	    167.69103716	     27.11660589	     27.57870710	     26.08597728	     25.99057462
      0.44000000	    139.74988239	     30.72099240	     17.89093208	     39.66920220	     33.42961210	     24.32022220	     23.87750170	     54.33897204	    121.74471193	    107.17715003	     16.44342332	     33.20901840	     53.79909575	     37.74723142	     31.77844748	     51.19706824	     22.62209342	     30.07265165	     21.84524615	     18.01150211	     21.17474642	     21.87581676	    143.35059118	    160.16376339	     16.69030699	     12.09631485	     17.40610142	     25.13904674	     23.80241987	     23.79132197	     28.48225199	     67.15259297	     75.69180174	     84.46802957	    101.68063637	     31.73051098	     36.16433812	    177.02430944	     53.91325322	    113.85464876	     23.46243002	     20.49605763	     11.52255061	    138.92967182	     30.68148343	     17.72773534	     39.69495528	     33.42410133	     24.29165802	     26.97914214	     54.66202817	    121.72468235	    109.32699801	     16.41392103	     32.57235894	     53.41493926	     37.68816674	     31.76549195	     51.22152514	     22.59962441	     30.03175825	     21.84358185	     18.04092229	     21.29399495	     22.06914949	    145.19279326	    162.13504733	     16.60221379	     12.08068825	     17.30020221	     24.68992215	     23.94332374	     23.93602336	     28.60924998	     58.05209206	     76.06803501	     83.83524864	    102.90234739	     31.53513499	     36.03269892	    167.36737454	     53.02199952	    110.33584391	     23.25117612	     20.75980321	     11.59217523	    291.68038181	    292.17581276	     84.47348303	     84.07650970	     79.00913022	     79.05371396
      0.45000000	    120.25196095	     24.05218383	     11.02288396	     30.37027941	     26.25397444	     19.89622053	     51.12250443	     53.10859863	    112.81613882	     99.56919794	     13.03763146	     47.97948147	     42.85637149	     29.00761202	     24.36201935	     39.38267437	     18.02314433	     23.01408212	     16.62046552	     14.54736116	     16.88646405	     19.25916689	    123.18634299	    129.68860293	     14.16960254	      9.97128374	     13.57165050	     11.79062327	     17.65596886	     17.17823056	     19.58237752	     70.05787132	     56.66610769	     77.13124729	     85.21164550	     30.74174520	     32.10435781	    133.24621708	     41.50651057	     86.97497013	     18.06705437	     12.28603284	      9.40269656	    118.05862169	     23.97886790	     11.05458244	     30.29278827	     26.20327866	     19.79014200	     55.42419430	     51.06530881	    107.10539384	     97.51801610	     12.98289030	     47.68107789	     42.92909203	     29.01576973	     24.47038742	     39.54037371	     17.94606443	     22.97684296	     16.67042948	     14.52141914	     16.83102812	     19.42701451	    123.45223499	    129.75988600	     14.27142728	      9.99657860	     13.53569809	     11.30967090	     17.45140115	     16.87380370	     19.21773181	     69.88780484	     56.92287498	     76.49490245	     84.85011207	     30.77475316	     32.12522986	    133.24982738	     41.61886298	     87.13836952	     18.12670274	     12.17442267	      9.37374115	    258.64030643	    257.00811702	     65.71862584	     65.97376594	     61.66720805	     61.77092272
      0.46000000	    117.79946036	     24.08408600	     14.31034069	     28.01526838	     23.39184712	     18.75408047	    133.35854226	     49.30582928	     95.38305680	     93.16027769	     11.75695572	     63.74164544	     43.36399321	     26.64805451	     21.75941779	     35.16007029	     16.52346501	     20.75733383	     15.08092018	     13.71263595	     17.25799684	     17.73482632	    135.01228482	    136.55330442	     13.29081505	      9.18390105	     13.23076229	     17.07843255	     20.37754172	     20.21913245	     24.25838189	     94.47394963	     52.05628173	     70.34787960	     76.58809044	     36.57376114	     35.82409897	    125.00052835	     37.25933983	     78.05969496	     16.24573174	     17.21299703	      9.28079698	    115.29151895	     26.11007892	     15.89647363	     27.75590927	     24.00716481	     19.59927967	    127.55165610	     48.94551493	     93.76433397	     95.33991356	     12.02496604	     61.13451008	     41.56777892	     25.34572872	     21.34498735	     33.93132250	     16.70232213	     20.44217283	     14.80902486	     15.21735701	     17.67455853	     17.58036779	    135.37465560	    138.20684829	     13.35227661	      9.50923791	     15.15998233	     19.47060624	     19.33481502	     19.26752152	     22.85718352	     94.41632954	     52.62092485	     68.05318567	     72.93040697	     36.46881736	     36.26476303	    124.88157524	     37.60637884	     80.42987923	     16.28676789	     16.97397543	      9.29227333	    252.42084292	    264.92100901	     61.75199654	     62.17208853	     56.32426827	     59.05295587
      0.47000000	    155.49097007	     37.94870887	     22.49733437	     36.60692415	     32.27174653	     26.84994353	     99.41578488	     58.04703416	    107.14710898	    115.48129353	     15.97688639	     68.78736047	     50.33936944	     31.51705114	     26.61674598	     42.72523120	     23.00584437	     26.40423846	     18.73269993	     21.44645835	     25.46994612	     22.50053614	    161.20124738	    173.24090592	     18.64729269	     12.73873085	     21.02625492	     31.93443665	     29.06452248	     29.11289721	     35.19675033	     90.63758296	     60.79384481	     81.00083947	     92.36591937	     39.55423923	     40.88366409	    168.08635542	     50.34356168	    108.16327434	     21.48948750	     31.38731510	     13.76106835	    156.04392391	     39.86576987	     24.00021346	     36.25374384	     32.89814984	     27.80249158	    107.62653556	     58.61939106	    111.36678913	    116.72128709	     16.18495862	     68.76471992	     49.04962196	     30.87931309	     26.27605669	     41.96903624	     23.14900993	     25.83248626	     18.70404667	     22.23301650	     25.84669016	     22.52615397	    160.23064742	    166.57748812	     19.32330935	     12.97702253	     21.82291839	     30.28639500	     27.28020943	     27.24793514	     32.74261233	     93.70782015	     61.60281234	     79.50916120	     90.86584423	     39.43302925	     40.35500627	    168.42877177	     50.83569634	    109.46528556	     21.70160064	     31.82693717	     13.61805911	    312.05127144	    317.22134154	     85.71466977	     83.29391408	     78.85342810	     81.13590801
      0.48000000	    113.94400403	     27.84102339	     13.71909229	     29.87320227	     27.64152321	     21.38989641	    110.48933591	     40.72108090	     84.98567371	     74.16470761	     13.27040751	     47.05342312	     43.49161115	     27.00622837	     22.68277111	     36.18917499	     18.58649784	     21.86335581	     15.70326333	     15.83792866	     17.28105045	     17.81611604	    125.70346477	    129.47307208	     14.29656331	     10.06613719	     15.84851999	     12.42777688	     16.53182273	     16.61029640	     19.93390217	     75.88511753	     54.93729657	     68.99995277	     77.72066230	     28.42951380	     32.13964109	    137.94831944	     41.85764989	     84.88098238	     18.06903693	     16.70891979	     10.06231595	    121.02628856	     27.28429437	     15.86230201	     30.15854788	     27.44859807	     21.09807557	     70.04252485	     49.78510921	    101.91220683	     89.10532517	     13.13446380	     45.88495215	     43.14074162	     26.39501554	     22.98763469	     38.30305829	     18.72523565	     22.09938305	     16.79166964	     15.50490319	     19.19049338	     17.87116501	    113.30117641	    134.37728155	     15.02112492	      9.86241048	     15.23435265	     11.60170117	     14.19056397	     14.04633018	     16.64964741	     82.93874552	     55.94959779	     66.93682344	     76.73487045	     28.33009698	     31.86352012	    143.12004534	     43.03415048	     89.60576651	     18.37828016	     17.79398894	     10.35912436	    259.69827216	    255.36848518	     59.22455206	     60.51630592	     54.80623665	     58.63143041
      0.49000000	    132.33053666	     31.05018700	     18.66941189	     29.96745398	     27.00139996	     22.41305519	     95.05161834	     55.61403242	    109.92062479	    105.55725457	     13.30900566	     56.76948206	     40.77307499	     26.27327755	     22.40756355	     34.66458008	     18.31800237	     21.66801242	     16.19331982	     17.18646936	     20.64619954	     18.46152878	    138.86763343	    141.80558457	     15.65372360	     10.56806987	     17.54143738	     20.94735732	     19.70358447	     19.83694971	     24.00962196	     87.80010943	     54.27676583	     64.42891505	     71.05855494	     32.86152821	     35.04699351	    138.37757964	     41.06771627	     85.82279315	     17.73193663	     21.79382184	     10.88586873	    132.69174933	     29.57015453	     18.36354247	     29.78826718	     26.95071941	     22.30910005	     87.33397062	     55.55971117	    113.21588017	    108.10437856	     13.37892326	     53.75773462	     43.12722892	     26.43710868	     22.39003904	     34.74141772	     18.20207876	     21.70778223	     16.27963180	     17.27125640	     20.26993016	     18.30836138	    146.06131054	    130.13833884	     15.54606508	     10.54491011	     17.46349332	     20.88477365	     19.44987313	     19.64718858	     23.77048493	     90.11145641	     55.01252964	     64.84070960	     71.75547760	     32.81356886	     35.20465030	    142.85842265	     42.02962314	     87.84366978	     17.74286338	     21.93246827	     10.85856484	    280.99240836	    279.13918654	     64.95510172	     65.10768456	     61.86327703	     62.76708974
      0.50000000	     71.42606787	     12.65472719	      9.69615627	     13.66928088	     10.83331764	      8.72971997	    204.12003073	     47.25099824	     97.98485985	     93.55909750	      5.50103907	     53.33321085	     22.96490952	     11.41121646	      9.34867076	     13.33757072	      7.12592169	      9.74040959	      7.93128765	      7.34334440	      9.52497600	      7.96297610	    116.01533404	    112.92502328	      6.76814592	      4.09157800	      7.89125752	     15.77541463	     12.44356598	     13.08460571	     16.72881245	    121.94735030	     31.80159256	     42.45750036	     29.89056944	     31.78347555	     30.82573111	     80.57231462	     18.18099478	     39.77895339	      7.61929927	      9.80035661	      3.98826305	     66.02430500	     12.74705633	      9.87220794	     13.27130320	     10.76283329	      8.84144458	    237.83301718	     40.76404010	     76.84824592	     89.01699592	      5.55947012	     52.61535401	     22.60247226	     11.34307882	      9.20248262	     12.68341848	      7.14631294	      9.71030560	      7.79393660	      7.39670002	      9.57228431	      7.98135372	    113.68961350	    115.78826901	      6.87701216	      4.18171355	      8.00005405	     15.84776797	     12.51448741	     13.14632226	     16.79672344	    114.48915136	     33.58531979	     42.69395760	     30.24614460	     31.51645010	     31.01738061	     74.41020495	     17.47926892	     37.67824450	      7.44024414	      9.70064873	      3.97971596	    208.14117242	    209.10117303	     23.92539623	     23.84591761	     22.73497111	     22.26731113
      0.51000000	    123.20910293	     30.35954370	     18.47298325	     28.29781540	     26.19813689	     22.32552867	    127.06886316	     51.10978637	    107.42333990	    102.32937162	     12.97128848	     54.24986869	     38.00504249	     23.61351566	     20.27522028	     30.48481637	     17.40342982	     19.94523531	     15.30930525	     16.58326028	     19.21949342	     16.76604338	    132.41135797	    138.30976752	     15.03845319	      9.99826122	     17.77048046	     19.54688895	     17.72465004	     18.08294670	     22.28737159	     97.02891920	     55.06325962	     61.03643418	     64.91651218	     34.12080629	     34.68147777	    142.67688169	     40.35584137	     86.13852818	     16.65155409	     25.09280468	     10.31737098	    122.74089196	     30.24769660	     18.51837031	     28.35353913	     26.06489539	     22.34419323	    125.38657898	     50.99327228	    106.12463842	    102.02869405	     13.01728500	     54.36783536	     37.92654667	     23.52303716	     20.24645338	     30.39942295	     17.48726791	     19.99406427	     15.34774293	     16.45094987	     19.08696152	     16.63486854	    133.09925884	    139.11354391	     15.09693006	     10.08738157	     17.70620190	     19.94828436	     17.79757216	     18.12182350	     22.36137592	     96.83120102	     54.52710670	     61.15038384	     64.79001734	     34.38035969	     34.89048224	    142.24959157	     40.35995810	     86.11301214	     16.66446697	     24.68624418	     10.26424204	    280.72316704	    280.46539759	     58.51031622	     59.03265888	     55.29173716	     55.01114759
      0.52000000	     89.43248474	     15.39398703	      7.76521209	     19.92515925	     15.93183539	     12.67855019	     54.05234374	     58.72641855	    149.57387028	     89.75238404	      8.47864179	     32.86548385	     26.28558197	     15.02456510	     12.68707382	     15.72396615	      9.40411867	     12.32418176	     11.61598440	     10.64858249	     10.27339076	      8.87489729	     91.86025184	    111.50424580	      8.33539881	      5.63198757	      8.77778826	     13.02413137	     11.02553855	     11.80057721	     15.27489859	    102.95414699	     49.11902847	     43.79069931	     31.21111337	     22.55634556	     26.34790645	    126.92503796	     26.56956611	     61.91802816	     11.22151111	      7.61549235	      5.46366046	     89.76883457	     13.85564526	      9.91075297	     20.43074762	     15.96389205	     12.18847158	     58.47396496	     55.05516496	    146.67391677	     88.31335961	      8.03901422	     33.92091351	     25.59448806	     14.30388663	     11.64247638	     16.41426716	      9.61242028	     14.45383874	     11.65441497	     11.38688961	     10.56980881	      9.02433285	     87.15053740	    120.28818425	      8.49966426	      5.65916265	      9.64529901	     12.96572319	     10.98971040	     11.76104190	     15.22635483	    103.15626156	     46.37422893	     43.79614435	     31.48945059	     22.11301219	     26.20277683	    127.23800314	     27.71620097	     62.13464069	     11.29663008	      7.71740489	      5.47640482	    208.61340983	    210.96255704	     30.10480847	     30.55391438	     27.50347006	     27.95706640
      0.53000000	    101.35955120	     29.49353316	     18.26564114	     22.93248966	     21.66383338	     20.07524308	    119.36014976	     43.96192753	     93.34253906	     99.04456627	     10.84758478	     40.28680766	     26.26810657	     16.40664998	     14.21967939	     20.11324222	     14.03683419	     14.96810847	     12.15474098	     14.75329770	     17.01116858	     13.04216700	    112.90247193	    121.21430515	     13.05507194	      8.23076043	     17.46260165	     20.88467931	     17.24700129	     17.93066024	     22.39397090	     85.58686800	     41.34243011	     54.09565330	     45.93036204	     29.77274111	     29.77979394	    136.61858195	     35.20947053	     79.86843245	     13.63769706	     32.55054166	      8.13401110	    101.33971905	     29.50695352	     18.24848506	     22.93294508	     21.66969758	     20.07901452	    119.35472585	     43.95445043	     93.33952213	     99.07284697	     10.84934356	     40.27971127	     26.27292388	     16.40904045	     14.22178511	     20.11667206	     14.03870712	     14.96605561	     12.15176015	     14.75303562	     17.00983980	     13.04191379	    112.89406584	    121.19779713	     13.05363038	      8.23037163	     17.46404021	     20.88528650	     17.24791392	     17.93153556	     22.39495767	     85.59238975	     41.34607383	     54.09729227	     45.93368929	     29.77112109	     29.77851786	    136.63556440	     35.21117037	     79.87792596	     13.63772081	     32.54736428	      8.13402318	    233.46113840	    233.46107412	     45.27495203	     45.27495792	     43.04870201	     43.04873403
      0.54000000	     80.07080697	     18.80632014	     13.92557871	     16.76729477	     15.36962605	     13.74275679	    217.38880073	     46.66445616	     97.78951353	    110.07147696	      7.85719471	     49.51578606	     24.11527732	     13.90891119	     11.91859370	     16.34863204	      9.94664206	     11.65575714	      9.72428890	     10.47684759	     12.83560171	     10.37860915	    124.42416744	    126.14479631	      9.60844424	      5.96943643	     12.08107174	     18.32311885	     15.26841892	     16.10203098	     20.39777021	    110.88024977	     38.27378947	     50.78316871	     38.68099602	     34.78402850	     32.16529319	     91.90177933	     24.20840453	     51.53420895	      9.38165774	     17.28609446	      5.82922040	     80.07079138	     18.80632061	     13.92557907	     16.76729416	     15.36962604	     13.74275710	    217.38889673	     46.66443609	     97.78946747	    110.07143837	      7.85719488	     49.51578032	     24.11527571	     13.90891085	     11.91859332	     16.34863128	      9.94664224	     11.65575703	      9.72428854	     10.47684775	     12.83560192	     10.37860917	    124.42417656	    126.14481212	      9.60844454	      5.96943655	     12.08107218	     18.32311897	     15.26841897	     16.10203102	     20.39777026	    110.88024288	     38.27378882	     50.78316879	     38.68099667	     34.78402789	     32.16529380	     91.90177085	     24.20840363	     51.53420576	      9.38165752	     17.28609435	      5.82922043	    250.86620506	    250.86620445	     31.79366373	     31.79366378	     30.02438161	     30.02438191
      0.55000000	     82.00128304	     19.05355345	     14.27885576	     17.16240809	     15.76566431	     14.12090440	    195.06661945	     48.66988521	    107.29121119	    112.07062367	      8.08673566	     49.14400714	     25.24931117	     14.48824464	     12.44506776	     16.77339259	     10.06617688	     11.87454694	     10.14546284	     10.73796174	     13.16679692	     10.71522983	    120.16479822	    123.83459808	      9.85614314	      6.09594953	     12.46014206	     18.82944653	     15.85856478	     16.74541822	     21.19640389	    113.12570517	     39.10894423	     52.19751294	     39.35172510	     34.02230969	     32.27952236	     98.13509991	     25.35759102	     54.39714063	      9.51949434	     16.76164615	      5.92160812	     82.00127958	     19.05355360	     14.27885595	     17.16240788	     15.76566438	     14.12090456	    195.06664196	     48.66988114	    107.29120158	    112.07061177	      8.08673579	     49.14400580	     25.24931073	     14.48824449	     12.44506764	     16.77339242	     10.06617699	     11.87454680	     10.14546267	     10.73796171	     13.16679697	     10.71522980	    120.16480091	    123.83460387	      9.85614322	      6.09594957	     12.46014224	     18.82944659	     15.85856480	     16.74541823	     21.19640391	    113.12570395	     39.10894409	     52.19751294	     39.35172525	     34.02230974	     32.27952233	     98.13509830	     25.35759086	     54.39714003	      9.51949432	     16.76164618	      5.92160812	    252.61174460	    252.61174594	     32.15249988	     32.15249976	     30.40238944	     30.40238879
      0.56000000	     45.46620019	      8.11364037	      8.11926248	      7.73037341	      5.92408987	      5.82217331	    201.79134066	     41.09743511	     96.74588995	    102.30041749	      3.29345900	     37.84244513	     15.13363123	      5.79145641	      5.04117607	      6.52363014	      3.57092082	      5.25816852	      5.83778247	      5.16444146	      7.61562708	      6.00725699	     97.48618990	     98.72899414	      4.33673502	      2.28903944	      5.94235895	     14.81782177	     12.55975134	     13.59323825	     17.80579590	    105.98593587	     22.35338907	     44.17072634	     19.93057540	     28.07976486	     24.68625511	     62.73357196	     12.46845084	     30.55718314	      4.38755475	      5.80808428	      2.51207718	     45.46655636	      8.11379622	      8.11920243	      7.73039806	      5.92403246	      5.82276321	    201.79073487	     41.09748302	     96.74627851	    102.30064604	      3.29341858	     37.84313926	     15.13385679	      5.79128570	      5.04113183	      6.52361424	      3.57090950	      5.25819602	      5.83779481	      5.16443010	      7.61561948	      6.00725652	     97.48589138	     98.72879633	      4.33672131	      2.28903495	      5.94258633	     14.81782178	     12.55975214	     13.59323904	     17.80579678	    105.98609905	     22.35329166	     44.17072790	     19.93059408	     28.07922631	     24.68609721	     62.73406200	     12.46838321	     30.55696967	      4.38754500	      5.80799057	      2.51149009	    195.85347534	    195.85347784	     11.34050278	     11.34050251	     10.76145308	     10.76145186
      0.57000000	     37.18533062	     10.47597574	      9.32979554	      6.60885554	      6.71098241	      7.26375445	    242.33671210	     33.44133674	     63.25609358	     99.96731187	      2.99241234	     35.04951307	     12.31956498	      6.85197952	      5.97506712	      8.66624124	      4.43550351	      4.83053262	      3.55084474	      6.16064171	      8.63914648	      6.95032577	    108.07054764	    105.53842780	      5.50554674	      2.99190034	      7.52211601	     15.64303873	     13.55668112	     14.60987040	     19.04842629	     78.31668477	      7.41858597	     46.58172941	     23.42238222	     30.28085552	     23.00999387	     20.90380572	     10.00006987	     13.55178231	      3.66390839	      8.93053462	      2.78485357	     36.57745767	     10.46072345	      9.33071076	      6.61726125	      6.72536143	      7.26926679	    245.45244560	     32.78788660	     61.36025106	     99.09445388	      3.02017427	     34.86390977	     12.32192691	      6.83031910	      5.95121102	      8.63019359	      4.43389581	      4.83846636	      3.57769471	      6.14779171	      8.63076295	      6.94247220	    108.06835316	    105.62668843	      5.50434044	      2.99082783	      7.52305128	     15.60737987	     13.57822349	     14.63191002	     19.07380783	     78.08922201	      7.57621181	     46.63799440	     23.53530450	     30.27573351	     23.02944500	     20.91796526	     10.02479053	     13.62273815	      3.68409504	      8.94099033	      2.78795807	    195.12103201	    195.12113013	     14.47095647	     14.47094684	     13.85042258	     13.85037664
      0.58000000	     43.95296360	     12.03482245	      9.71112555	      9.22029325	      8.63203349	      8.52602831	    155.88108118	     36.68774703	     84.60252161	     85.42579513	      4.52502399	     31.29143581	     12.11745575	      7.38884727	      6.31600259	      8.33133700	      5.38952933	      5.98823959	      5.69007934	      7.05454805	      9.51431899	      7.40799681	     91.69333210	     93.78778827	      6.11574499	      3.39165701	      7.82480898	     16.40288361	     14.29959141	     15.38701689	     20.03704402	     76.64786514	     19.24254020	     47.86485310	     24.16288367	     21.43602582	     18.84229196	     67.25625369	     15.20860165	     36.00735203	      5.00434759	      4.17100487	      3.02507378	     43.96989299	     12.03269457	      9.70969798	      9.21952751	      8.63022745	      8.52358008	    155.78771796	     36.67384318	     84.56345885	     85.30065221	      4.52211288	     31.30418389	     12.13209317	      7.39607245	      6.32225197	      8.33814878	      5.38802827	      5.98842301	      5.68813880	      7.05478912	      9.51521940	      7.40986725	     91.60612588	     93.68452620	      6.11500123	      3.39113068	      7.82248949	     16.40408530	     14.30091978	     15.38832922	     20.03845849	     76.98750846	     19.28031411	     47.87059978	     24.16526914	     21.88738726	     19.26880600	     67.07570202	     15.22466300	     36.11397128	      5.00227574	      5.14622541	      3.00823545	    175.63595611	    175.63595206	     16.24135182	     16.24135130	     15.45925056	     15.45925076
      0.59000000	     47.12961379	     12.55563642	     11.05777029	     10.98716823	     10.24185778	      9.35558532	    188.31437437	     34.77786714	     81.45344401	     88.71478482	      5.54711178	     47.94298250	     19.26286085	     12.11002033	     10.24926924	     12.73480609	      6.39981579	      7.97383048	      7.27352380	      7.87252799	     10.55769201	      8.87400571	     90.88393977	     93.63118828	      7.19831643	      4.16073053	      9.10039516	     17.53774344	     15.62879446	     16.74334734	     21.63657215	     96.93662431	     29.86488226	     51.07304155	     31.29169188	     32.79231237	     28.70730753	     57.17648336	     16.37693918	     32.46207450	      5.82068806	     10.17727499	      3.68064582	     47.14230873	     12.55283772	     11.05562412	     10.98720577	     10.24141472	      9.35439935	    188.04439303	     34.76684242	     81.38471503	     89.16424434	      5.54738746	     47.92815758	     19.30878384	     12.14003653	     10.26705772	     12.74260935	      6.39953161	      7.97547900	      7.27334729	      7.87206253	     10.55746158	      8.87438798	     91.63207399	     92.42316857	      7.19846457	      4.16062541	      9.09862617	     17.53777155	     15.62890778	     16.74345995	     21.63669198	     96.97216240	     29.86451082	     51.07336008	     31.29108260	     32.79279475	     28.70635292	     57.21792479	     16.38118222	     32.47945756	      5.82121990	     10.17694719	      3.68056156	    207.09075530	    207.09075567	     20.24564639	     20.24564634	     19.14074135	     19.14074120
      0.60000000	     77.99964745	     22.76233784	     16.69203729	     39.92163998	     32.27548699	     20.50762639	     99.86889730	     36.57238068	    107.25291564	    102.84931797	     20.55919856	      5.08191675	     22.25553116	     54.38579312	     46.09649707	     44.84749960	     19.76851354	     31.14599597	     27.51061394	     13.95775525	     16.81452424	     16.25235299	    112.61515772	    123.03546912	     14.77111804	     10.54092330	     15.75884146	     23.05288888	     20.90498868	     22.02663703	     27.29453210	     96.91531682	    100.52988958	     64.54038649	     69.31564417	     42.74559319	     42.87276588	    141.20630576	     49.28132747	     78.87568293	     20.41460253	     25.80748411	     11.14262543	     85.45199381	     23.15861711	     16.96427392	     39.47729523	     32.67856244	     21.00149129	     82.00336580	     35.36375717	    109.08787769	    107.08048490	     21.41939864	     12.90118515	     31.34633542	     53.51336688	     44.18738767	     40.63435066	     20.03236969	     30.49607086	     27.43216827	     14.11929493	     16.92591555	     16.17865978	     84.39623532	    116.13822961	     15.15016835	     10.78450091	     16.12955834	     23.02677460	     20.82809452	     21.95010152	     27.21477819	    118.62688505	    101.58064936	     64.20701168	     64.89838628	     43.30849060	     42.20713845	    165.45408150	     51.37859217	     86.92884372	     20.67790186	     25.86910206	     11.05797732	    305.48569972	    305.47725998	     59.38782494	     59.38867879	     53.92218994	     53.92607525
      0.61000000	     32.39897867	      8.95849568	      9.07037073	      8.59097395	      7.74192439	      6.79806610	    154.27890247	     32.17037551	     80.32254301	     77.58002282	      4.33774746	     43.01194608	     20.95379175	     12.02903325	      9.94773511	     12.14407795	      4.85226151	      6.83117101	      6.55516461	      6.44379641	      9.37592189	      8.56137870	     78.46034930	     78.69506603	      6.10133013	      3.37604433	      6.72169375	     17.07151278	     15.90664857	     17.09730348	     22.38377421	     93.92607263	     25.83750491	     51.55035135	     30.62408676	     31.05702742	     28.09463684	     44.27810489	     13.16252301	     25.72476233	      4.50506810	      5.64125797	      2.71188584	     32.39912160	      8.95865161	      9.07051983	      8.59097718	      7.74193135	      6.79811538	    154.27886423	     32.17080968	     80.32213636	     77.58038058	      4.33774382	     43.01144585	     20.95416821	     12.02920263	      9.94783805	     12.14424396	      4.85227568	      6.83120721	      6.55521377	      6.44383361	      9.37594298	      8.56136007	     78.46070570	     78.69570500	      6.10132382	      3.37603958	      6.72180857	     17.07146994	     15.90664761	     17.09729968	     22.38376949	     93.92484741	     25.83797756	     51.55048040	     30.62431298	     31.05699377	     28.09462437	     44.27753446	     13.16252815	     25.72464913	      4.50505145	      5.64120759	      2.71188497	    178.56071209	    178.56063910	     15.61262500	     15.61263260	     14.56534628	     14.56537952
      0.62000000	     74.88327735	     26.33120560	     20.79590955	     20.29224702	     20.76519808	     20.80411450	     93.91692541	     36.60290041	     78.88986862	     86.24794155	     10.96478735	     36.64574797	     27.89694194	     22.67396301	     20.00029452	     26.25271644	     13.34343165	     14.37320527	     12.23256794	     16.33002662	     19.57351742	     17.72307725	    112.05380385	    119.35480382	     17.09790248	      9.29330180	     19.94011381	     26.48784132	     23.81223857	     25.03036966	     30.61521379	     62.31214767	     39.71807621	     66.30369180	     63.99269314	     31.58254879	     31.77181021	     92.94477381	     33.38504738	     66.59870326	     10.83072655	     24.45311340	      7.88622655	     75.32169382	     26.47562207	     20.94585426	     20.30785689	     20.76151370	     20.81284438	     92.54775067	     35.83251667	     74.67265514	     93.94584439	     10.92646244	     38.45993086	     28.16986537	     22.79370029	     20.10915017	     26.46720923	     13.29870963	     14.38434061	     12.25452070	     16.42718086	     19.71829860	     17.84751057	    109.16104904	    112.73754957	     17.08130766	      9.28253310	     19.99417963	     26.29930161	     23.75982576	     24.97755492	     30.56075547	     62.03439313	     39.52697618	     66.26620705	     63.96738253	     31.60446080	     31.77319168	     92.32124925	     33.30169253	     66.31398522	     10.83087376	     24.47127602	      7.89144566	    225.71384300	    225.71380800	     44.49494021	     44.49485473	     42.94449745	     42.94442754
      0.63000000	     53.25460217	     20.80740886	     17.50853166	     15.30838618	     15.57763386	     15.91834607	    123.29376817	     35.37964495	     79.51584946	     80.49577170	      8.23428596	     52.96953297	     32.03462742	     21.33694301	     18.09222581	     22.67823726	      9.91339809	     11.46443897	     10.06331772	     13.41268048	     16.75427355	     15.37297958	     96.13461784	     97.90420082	     13.99730656	      7.25230763	     16.13382819	     24.32201957	     22.36062766	     23.61937365	     29.38101194	     93.95390086	     37.45960362	     63.36368580	     59.14634668	     38.08712614	     36.44732362	     62.97899371	     24.43239206	     47.57669830	      8.00234415	     16.76879516	      5.80606630	     53.25459164	     20.80740114	     17.50852608	     15.30838591	     15.57762873	     15.91833770	    123.29374262	     35.37963593	     79.51582971	     80.49580994	      8.23428220	     52.96947569	     32.03464456	     21.33695468	     18.09223227	     22.67824210	      9.91339475	     11.46444375	     10.06332187	     13.41267688	     16.75427087	     15.37297885	     96.13458451	     97.90419991	     13.99730200	      7.25230561	     16.13382069	     24.32201953	     22.36062795	     23.61937383	     29.38101210	     93.95394789	     37.45959007	     63.36368625	     59.14634055	     38.08712837	     36.44732009	     62.97902952	     24.43239569	     47.57670857	      8.00234426	     16.76879441	      5.80606603	    213.63585803	    213.63585818	     33.51461229	     33.51461227	     32.24713402	     32.24713395
      0.64000000	     30.55697998	     13.67342024	     12.69193353	     10.04082162	     10.02562252	     10.22363509	    110.19846290	     30.04845097	     73.85273677	     67.54365143	      5.66462609	     45.56588756	     26.78512456	     17.44505779	     14.14140924	     16.31431002	      6.37487684	      8.22688819	      7.71183712	      9.31767036	     12.49871427	     11.50306903	     75.05711589	     76.01404148	      9.98061725	      4.94941129	     10.98901137	     19.80499743	     19.17516714	     20.46438014	     26.47469669	     93.37165368	     30.28032890	     56.36823934	     41.84344235	     33.93483657	     32.19795533	     45.51527666	     16.44608111	     31.47469375	      5.43657948	      9.85853693	      3.68696898	     30.55436243	     13.67337399	     12.69199044	     10.04053283	     10.02546656	     10.22360850	    110.22223241	     30.04461203	     73.84621619	     67.53290601	      5.66464884	     45.56028316	     26.78532229	     17.44589211	     14.14164739	     16.31414718	      6.37484179	      8.22693328	      7.71183010	      9.31769420	     12.49875545	     11.50315858	     75.06640061	     76.02452053	      9.98092375	      4.94947691	     10.98911433	     19.80503485	     19.17518699	     20.46440003	     26.47471647	     93.36330495	     30.28058838	     56.36833758	     41.84560702	     33.93127407	     32.20171918	     45.50785520	     16.44524002	     31.47264788	      5.43655432	      9.85829613	      3.68698314	    170.27441166	    170.27440808	     21.83470814	     21.83470855	     20.82079423	     20.82079580
      0.65000000	     26.73394295	     14.44422769	     13.75680267	      9.30724068	      9.78557346	     10.64525819	    106.45090412	     27.53598788	     70.95729130	     66.03036986	      5.57605119	     51.67330398	     25.52434571	     16.06995086	     12.53360732	     14.21506187	      6.26625141	      7.54413527	      7.08264855	      9.83492613	     13.04043354	     11.46665872	     69.68175632	     72.83116227	     10.97973456	      5.12606154	     12.17162642	     20.50487614	     19.86703142	     21.18409946	     27.43499519	     89.64156109	     28.55953303	     56.38157757	     42.31161361	     34.31384248	     31.88542850	     38.30079541	     15.28345202	     28.99722011	      5.07186333	     10.12322074	      3.65115542	     26.59678548	     14.44036387	     13.76110149	      9.29798875	      9.77957391	     10.64438815	    107.46351634	     27.48780756	     70.83085347	     64.56973157	      5.59639609	     51.50996856	     25.47690037	     16.04733530	     12.50162446	     14.16569080	      6.27302290	      7.55230563	      7.10015860	      9.83364857	     13.03914983	     11.45597982	     70.65478624	     72.86342638	     11.00038542	      5.13076664	     12.18036125	     20.51583209	     19.87003541	     21.18715105	     27.43813782	     89.47992118	     29.25544012	     56.46293506	     42.39504544	     34.19103684	     31.92477695	     39.13774802	     15.39384234	     29.45231085	      5.05289428	     10.03643688	      3.63941900	    161.31601528	    161.31601722	     21.18552833	     21.18552807	     20.28591918	     20.28591846
      0.66000000	     25.49562242	     14.71901682	     14.19485361	      9.79093766	     10.27039038	     11.16189962	     91.40008545	     28.77910506	     67.58337536	     64.00992269	      6.08538137	     42.02957565	     27.86241364	     19.25589468	     15.00096487	     16.27416679	      6.66438465	      8.42696676	      7.91399381	     10.38897508	     13.78130021	     12.85396418	     74.25239255	     75.23534358	     13.07729871	      5.76884721	     12.93901720	     20.94217344	     20.74225647	     22.08150639	     28.56355665	     93.09846330	     30.89769615	     58.25484919	     45.91264955	     33.60547196	     32.93321936	     46.39241579	     17.54485602	     33.64502449	      5.59192955	     10.43507120	      3.85007168	     25.45373819	     14.72232067	     14.20318178	      9.78110497	     10.26568133	     11.16358522	     92.05082773	     28.83987099	     67.86810839	     64.98808606	      6.08924778	     41.82065165	     27.75414376	     19.22954713	     14.99275728	     16.29580057	      6.66314800	      8.42455265	      7.91513227	     10.39564446	     13.79107995	     12.87203426	     75.01241806	     76.10352376	     13.10699665	      5.77367241	     12.95022053	     20.95284491	     20.75144788	     22.09070100	     28.57265040	     89.77266919	     31.34630847	     58.27754034	     46.81917863	     33.55598639	     32.97053911	     43.64744756	     17.28545563	     33.02670798	      5.55995708	     10.40971319	      3.85596220	    159.45641549	    159.45634801	     23.36844844	     23.36845666	     22.39306293	     22.39309203
      0.67000000	     34.46173899	     21.07866006	     20.20274560	     12.77206438	     14.04155477	     16.10840419	     90.24906073	     29.18399410	     65.96807419	     68.99368248	      8.06472004	     51.36267599	     30.41535842	     21.68770873	     16.95654223	     18.68565717	      9.18846173	     10.27086810	      9.19930614	     14.44043524	     17.99989201	     15.80387700	     85.11115933	     89.18286300	     18.81818689	      8.06791403	     19.60944732	     26.05389068	     24.33464413	     25.68170603	     32.34676876	     85.95538178	     36.01522184	     64.32562323	     62.23259763	     37.33884653	     35.57371520	     49.44555956	     22.48509758	     43.33874100	      7.11813926	     16.11516648	      5.36088313	     34.42717951	     21.07657429	     20.20847615	     12.76984272	     14.04099324	     16.11115720	     90.31351311	     29.21048232	     66.04406819	     69.23453479	      8.07034249	     51.31901093	     30.41797714	     21.68095896	     16.94355708	     18.65188607	      9.19054013	     10.27253323	      9.20407468	     14.43471207	     17.98860873	     15.78379540	     86.10761948	     88.36061657	     18.82581966	      8.07014358	     19.62230321	     26.02275855	     24.31083927	     25.65790624	     32.32313277	     84.66232115	     36.46431210	     64.58327725	     62.59179524	     37.30528728	     35.55054598	     48.99861762	     22.47250527	     43.38209919	      7.10580678	     16.05812770	      5.35640080	    176.68430282	    176.68428898	     31.73586723	     31.73586902	     30.80215444	     30.80216032
      0.68000000	     24.41700270	     16.84323104	     17.10228427	     10.21168791	     11.20629110	     13.01764338	     78.42182553	     26.55568161	     60.87904814	     64.56319504	      6.95977184	     43.66086716	     27.25190188	     20.08268461	     15.78336861	     16.56189378	      7.49068119	      8.96869199	      8.26773836	     12.27495532	     15.92836297	     14.71425280	     77.32628236	     79.67720614	     18.54017453	      7.16433384	     16.76785718	     23.17125770	     22.87629919	     24.23961720	     31.16104621	     80.39932120	     34.81046211	     62.21295410	     56.05498767	     34.16329554	     33.05151251	     41.67833429	     19.13705352	     36.77313098	      6.00736215	     11.73873318	      4.29917469	     24.37345449	     16.83044437	     17.09866041	     10.22193134	     11.21039045	     13.00005152	     78.79265225	     26.48534272	     61.33957724	     63.64084549	      6.98764325	     43.39628770	     27.19686760	     20.36647971	     15.61498760	     16.56241178	      7.51027255	      8.92438810	      8.21857205	     12.27005814	     15.92900154	     14.71995006	     78.13456274	     80.05577741	     18.51744249	      7.16909064	     16.74374774	     23.17300693	     22.87776956	     24.24105557	     31.16240203	     80.86366422	     34.52204362	     62.21093019	     56.26748694	     34.20837083	     33.01880545	     41.90389495	     19.16009301	     36.97997044	      6.02212474	     11.75390379	      4.30171919	    151.52326046	    151.51989134	     26.77352970	     26.77396307	     25.90159388	     25.90300698
      0.69000000	     10.75020199	      8.33169796	      9.55058185	      3.56505601	      4.11408398	      5.24402274	     60.72258319	     17.90777332	     44.41855934	     59.21418454	      3.61616708	     23.14463232	     10.22097936	      5.94029003	      5.14989025	      7.52593319	      2.72788852	      4.21663682	      4.69704895	      6.39754311	      9.69776759	      8.21081861	     63.49469683	     66.49669542	     13.33617687	      3.40322140	      7.84326316	     17.10993756	     18.78087248	     20.19201668	     27.37647121	     35.31473315	     13.37100865	     49.69028363	     20.53049383	     18.24115430	     16.94480770	     23.49746384	      8.42427344	     16.43369708	      2.60340762	      4.44811198	      1.60503649	     10.75091174	      8.33273518	      9.55224964	      3.56566032	      4.11498070	      5.24535594	     60.77340546	     17.96122226	     44.63348684	     58.89348152	      3.61413734	     23.49780668	     10.04815475	      5.72169370	      5.07799447	      7.52045869	      2.72904085	      4.21435134	      4.70818616	      6.39818965	      9.69813296	      8.20624982	     63.56216679	     66.52048394	     13.38582097	      3.40462699	      7.84705573	     17.10986879	     18.78057814	     20.19172478	     27.37618134	     35.02816034	     13.56026305	     49.68870596	     20.50228856	     18.23411215	     16.95445761	     23.39265692	      8.40030157	     16.40324173	      2.60071830	      4.44901098	      1.60579020	     58.94408222	     58.94405308	     10.32321578	     10.32321231	      9.86830033	      9.86830358
      0.70000000	     23.60692523	     18.35703689	     19.88158652	     10.52723721	     11.84355813	     14.36801524	     64.19921829	     24.76372681	     53.31669428	     60.46733291	      7.64816171	     41.92009630	     27.75130110	     21.75150503	     16.29444992	     16.84135937	      8.12757373	      9.34926629	      8.49807679	     13.92035645	     17.89876164	     16.29084812	     80.64107705	     82.92228764	     24.43555055	      8.44574668	     20.47836330	     26.20236280	     25.07975100	     26.43041788	     33.75110660	     81.41402107	     33.94451089	     63.75797702	     61.63084792	     34.19374507	     33.48793963	     42.55348788	     20.60250543	     39.49719228	      6.42358633	     13.32332079	      4.67484864	     23.60691596	     18.35701957	     19.88156153	     10.52723435	     11.84355170	     14.36800220	     64.19880550	     24.76369697	     53.31645509	     60.46655576	      7.64816409	     41.92005877	     27.75119232	     21.75179647	     16.29446595	     16.84134600	      8.12757269	      9.34927383	      8.49808032	     13.92034102	     17.89874233	     16.29082961	     80.64064722	     82.92178259	     24.43547261	      8.44574311	     20.47832990	     26.20234862	     25.07974037	     26.43040733	     33.75109599	     81.41674611	     33.94414267	     63.75799154	     61.63011713	     34.19383678	     33.48778959	     42.55571329	     20.60269664	     39.49775579	      6.42360261	     13.32327854	      4.67484306	    141.66249446	    141.66249411	     29.70886355	     29.70886359	     29.07929964	     29.07929979
      0.71000000	      9.91763283	      7.60036911	      8.76210657	      2.79207648	      3.30610102	      4.38385969	     49.32722060	     16.07046772	     46.19752407	     42.79911482	      2.67825313	     31.66173427	     19.00593564	     15.07483930	      6.25249208	      6.66576505	      1.95190970	      3.35235790	      4.37410042	      5.89304893	      9.21825983	      7.52135140	     48.81102405	     50.72963528	     24.53892762	      2.78413432	      6.60012473	     16.52400448	     19.05720366	     20.49563036	     27.98962248	     80.65467394	     18.18253513	     47.92545606	     20.06674504	     25.79119049	     24.67609425	     19.95135580	      5.48625325	     11.94160126	      1.66440724	      3.58494055	      1.20082961	      9.91770313	      7.60037982	      8.76197186	      2.79210448	      3.30609139	      4.38378270	     49.14840572	     16.02610437	     46.09082516	     42.56942851	      2.66268965	     31.66808336	     19.05117191	     15.13456089	      6.25387607	      6.66644913	      1.95156331	      3.35179548	      4.36690167	      5.89313030	      9.21844843	      7.52222519	     48.59821079	     50.50076204	     24.50881013	      2.78077601	      6.59879992	     16.52421785	     19.05739495	     20.49581884	     27.98981158	     81.34955809	     18.52047870	     47.92786837	     19.49537199	     25.82642743	     24.64253480	     20.92687422	      4.80973391	     12.90758639	      1.64630133	      3.58671214	      1.20250938	     51.28278343	     51.28165286	      7.18499686	      7.18510194	      6.84887711	      6.84925807
      0.72000000	     11.49056930	      9.36051873	     11.12688673	      4.22591638	      4.88600599	      6.33053989	     44.26642235	     16.43918979	     41.75188258	     42.97384063	      4.02890310	     31.82016233	     21.46762043	     17.98210016	     10.64222337	      9.24313131	      3.40567509	      5.17421091	      5.33533656	      7.67592391	     11.35302520	     10.65369623	     53.59901177	     55.50857553	     27.46843194	      5.01269080	     10.71126886	     18.36896980	     20.61886156	     22.03569444	     29.65197458	     78.34118796	     24.87269383	     51.87120367	     36.40962939	     28.02309485	     27.83273793	     19.39155619	      9.27324394	     17.84566656	      3.03099930	      5.24973339	      2.02238404	     11.48982470	      9.35974186	     11.12592862	      4.22561151	      4.88565367	      6.33007031	     44.06216692	     16.40192339	     41.62703107	     42.68787174	      4.02503995	     31.79888967	     21.50937590	     18.10062877	     10.63799515	      9.23904390	      3.40579264	      5.17433493	      5.33114394	      7.67487534	     11.35132229	     10.64772544	     53.36247414	     55.25483207	     27.42142843	      5.01210521	     10.71064743	     18.36686307	     20.61725741	     22.03411626	     29.65037674	     80.38152306	     24.04655664	     51.89643808	     35.99945271	     28.10979452	     27.73718637	     20.46898986	      9.36100856	     18.04352359	      3.04316603	      5.25264294	      2.02109458	     69.28934911	     69.28935074	     14.20998196	     14.20998169	     13.86631561	     13.86631493
      0.73000000	     20.59839870	     18.14637916	     21.77970391	      9.77234639	     11.22706998	     14.35067656	     45.22965797	     20.56650559	     40.51522881	     52.62521778	      7.78236854	     38.71651955	     26.93799188	     22.26416888	     15.87530320	     15.97128416	      8.01507128	      9.06955271	      8.06039631	     14.84279317	     19.31230894	     17.26858116	     77.52670959	     80.37901891	     32.81328220	      9.52707273	     23.84108844	     31.70581714	     27.36272934	     28.63905878	     36.44258004	     76.27327861	     33.53862847	     65.27586820	     66.31226494	     32.78445068	     32.44057077	     37.85264630	     20.44972301	     39.32927565	      6.31460022	     13.25397246	      4.61080031	     20.60927207	     18.17120311	     21.82906413	      9.77614572	     11.23681259	     14.37310566	     45.19193454	     20.54915608	     40.47444107	     52.53188700	      7.80094016	     39.38410941	     26.61061037	     22.08792397	     15.86341118	     15.95710845	      8.02857494	      9.06477464	      8.05334552	     14.84680223	     19.31043194	     17.25586340	     77.57232949	     79.63490116	     32.84618546	      9.53269792	     23.90677342	     31.69053783	     27.35332100	     28.62987735	     36.43335286	     76.35933699	     33.71816783	     65.28581266	     66.28569280	     32.78530955	     32.43014359	     38.13093017	     20.48419164	     39.45486238	      6.31589713	     13.24619976	      4.60913829	    118.16565661	    118.16573109	     31.08426653	     31.08425761	     31.04625262	     31.04622186
      0.74000000	     18.49551662	     16.71672690	     20.74970022	      8.77758647	     10.12957116	     13.14936007	     38.90341266	     18.55131865	     35.98111910	     47.74663660	      7.34153676	     36.62241615	     25.49315112	     21.62251106	     15.14562621	     15.01259350	      7.33452828	      8.50266533	      7.54052309	     14.10673734	     18.69606215	     16.92550577	     73.39455777	     75.49384488	     34.93907338	      9.33203046	     23.11674674	     32.31559890	     27.19290527	     28.44713227	     36.36074924	     73.87244465	     32.28097337	     64.64307736	     64.75308409	     31.41111750	     31.35719876	     33.74558471	     18.97045232	     36.61428926	      5.86088487	     11.84523462	      4.22558657	     18.49560420	     16.71677516	     20.74972569	      8.77754462	     10.12950288	     13.14925862	     38.91937045	     18.55480172	     35.98758911	     47.70623630	      7.34148653	     36.60453638	     25.49628961	     21.62425431	     15.14653403	     15.01298905	      7.33437408	      8.50282244	      7.54114430	     14.10685586	     18.69624853	     16.92599284	     73.41916065	     75.52661117	     34.94136532	      9.33197785	     23.11584043	     32.31262737	     27.19253523	     28.44676989	     36.36037702	     73.87712121	     32.28257860	     64.64234755	     64.75036939	     31.41135448	     31.35690057	     33.75028408	     18.97078061	     36.61520824	      5.86091322	     11.84521024	      4.22557820	    104.55777297	    104.55773472	     29.58889046	     29.58889618	     29.81776086	     29.81777576
      0.75000000	     17.33345423	     15.95348557	     20.35005428	      8.22450234	      9.51932173	     12.50260357	     33.93780768	     17.03406810	     32.52011447	     44.67963535	      7.18447290	     35.06513354	     24.81605432	     21.18535075	     14.75659429	     14.44920960	      6.99214035	      8.23102916	      7.24135610	     13.83113918	     18.55732728	     16.82702297	     70.74443713	     72.52406845	     37.24473487	      9.42588344	     23.19195287	     34.67931179	     27.45024750	     28.66490926	     36.67437868	     70.96412412	     31.66651223	     64.63174498	     65.00713515	     30.47126521	     30.52798567	     30.17549362	     18.21713586	     35.13477004	      5.65130959	     10.92421759	      4.03381283	     17.34279339	     15.96781825	     20.38862953	      8.23012470	      9.51527186	     12.51379567	     34.18540093	     17.10703847	     32.29943075	     44.16585722	      7.16088773	     34.84277137	     24.88923931	     21.09708918	     14.81096397	     14.48695368	      6.99291885	      8.21784116	      7.23619581	     13.84743151	     18.60322511	     16.91915787	     71.81668878	     72.23498021	     37.34976900	      9.43036818	     23.10908786	     34.54852038	     27.46223428	     28.67720567	     36.68695925	     71.42174389	     31.62003423	     64.71662684	     64.94771100	     30.44025654	     30.55069981	     30.65155775	     18.25393756	     35.34176443	      5.65044146	     10.91205978	      4.03372202	     95.50737692	     95.74620684	     29.27873266	     29.24258679	     29.76271414	     29.67040477
      0.76000000	     15.55618785	     14.37820011	     18.69756069	      7.22992030	      8.37798778	     11.12198791	     28.17740376	     14.81726375	     28.04915992	     38.48544284	      6.47857796	     32.87419426	     23.47247280	     20.77716884	     13.86883641	     13.52329079	      6.19904053	      7.49611698	      6.54473562	     12.84315785	     17.67676352	     16.42107962	     64.49311512	     66.21383494	     39.14862931	      8.91304136	     21.47060215	     36.34493122	     27.13945969	     28.32456361	     36.39507359	     70.69223959	     29.49043423	     64.12180833	     62.01702986	     29.20315324	     29.50737922	     26.79336733	     16.47577819	     32.07215696	      5.09935423	      9.67225477	      3.58920415	     15.55612202	     14.37843730	     18.69756520	      7.22987098	      8.37807244	     11.12200233	     28.17593324	     14.81571256	     28.04741572	     38.49075216	      6.47986245	     32.87729420	     23.46707814	     20.78437063	     13.86836415	     13.52308893	      6.19937443	      7.49619773	      6.54396619	     12.84302995	     17.67617382	     16.42152093	     64.47866697	     66.21645205	     39.14590817	      8.91378141	     21.47063081	     36.34652906	     27.13926735	     28.32440641	     36.39493702	     70.69577678	     29.49131033	     64.12020426	     62.01562246	     29.20408071	     29.50636774	     26.79556144	     16.47589224	     32.07258700	      5.09942547	      9.67226883	      3.58921426	     81.99930919	     82.00306899	     27.30974949	     27.30916886	     28.21110705	     28.20966986
      0.77000000	     26.38746080	     25.56091943	     33.40135410	     13.01164373	     15.11751933	     20.19278716	     40.48949360	     21.86180110	     39.19567876	     55.50685502	     10.44546767	     40.75767575	     30.40032527	     26.50418867	     19.45565617	     19.88813509	     10.79557565	     11.46618793	      9.70247479	     22.00347533	     27.99768629	     23.09201529	     94.00056788	     96.06161368	     47.76413690	     13.95880342	     37.11727801	     76.99982066	     37.43199378	     38.26988849	     46.85273098	     75.89992250	     39.15810453	     75.87232468	     89.81221589	     35.00265619	     35.39353385	     45.86298050	     27.55402624	     53.51606807	      8.50763295	     19.79103088	      6.37728058	     26.38749631	     25.56094079	     33.40132768	     13.01166626	     15.11752449	     20.19279995	     40.48919298	     21.86197826	     39.19584363	     55.50663895	     10.44535217	     40.75748804	     30.40023720	     26.50438718	     19.45577013	     19.88840245	     10.79553322	     11.46617879	      9.70242830	     22.00346201	     27.99804066	     23.09172160	     93.99060482	     96.07333224	     47.76404009	     13.95875572	     37.11730900	     76.99920201	     37.43208695	     38.26997572	     46.85283466	     75.89962573	     39.15798547	     75.87230706	     89.81255865	     35.00262301	     35.39355221	     45.86269182	     27.55401170	     53.51608262	      8.50761957	     19.79101931	      6.37727401	    137.46883969	    137.46964989	     43.80679011	     43.80666257	     44.81454313	     44.81423674
      0.78000000	     10.59746079	      9.03375193	     11.33287667	      3.84263096	      4.44685602	      5.99936738	     13.84036320	      8.30183120	     16.48164741	     23.51992189	      4.06562830	     24.38753582	     18.20286795	     17.34896010	     10.64560487	      9.62460074	      3.22363403	      5.04194135	      4.34827949	      8.21212356	     12.57239362	     13.70886070	     44.87808636	     46.50402507	     38.72941747	      6.58067897	     12.55884848	     32.22240899	     23.25773491	     24.47684231	     32.43233121	     57.10875879	     21.48827076	     60.54110999	     45.55481083	     23.69810479	     24.00484842	     13.19922430	      9.42841226	     18.72254356	      2.97948854	      4.76517274	      1.88701362	     10.59504641	      9.03564931	     11.35043482	      3.84215351	      4.44818816	      6.00566309	     13.86952133	      8.31564409	     16.52216167	     23.28523464	      4.06717102	     24.39062726	     18.16744333	     17.31686520	     10.66537721	      9.61510290	      3.22248914	      5.03937925	      4.35357622	      8.21699109	     12.57599204	     13.69632976	     45.13676104	     46.53897225	     38.74660589	      6.58444912	     12.59044636	     32.08350003	     23.23844323	     24.45953446	     32.41437195	     56.84267089	     21.55764245	     60.65370839	     45.64091074	     23.56256339	     24.15264329	     13.16337888	      9.43021862	     18.75123860	      2.97900172	      4.76158316	      1.88681761	     41.63951182	     41.67158761	     19.86143204	     19.85629681	     22.11972951	     22.10771960
      0.79000000	     17.10507092	     14.95481307	     17.58837034	      7.16511594	      8.11201322	     10.61602354	     24.33884064	     15.08526111	     24.75307867	     34.33495216	      7.55760306	     32.28836077	     19.43960771	     22.75396107	     17.07271557	     14.11158325	      7.05482708	      9.32760882	      7.79549944	     12.38052898	     16.39453953	     17.49375047	     51.95047294	     44.98835993	     44.82174370	     11.26394797	     23.11945293	     80.59779889	     29.22585371	     30.11335053	     38.25235693	     70.62927967	     32.24191360	     65.48065739	     74.55926359	     30.07245049	     28.20773187	     26.99116104	     19.03027043	     36.33957678	      6.14053410	     10.70199871	      4.13717813	     17.19795007	     15.98666167	     20.87018369	      7.46556969	      8.61784434	     11.65807249	     26.13541427	     15.57740816	     29.18161414	     37.84398446	      7.46608666	     31.04717870	     27.02427756	     14.94821757	     17.27969990	     16.12378386	      7.02018839	      8.94351479	      7.54704489	     14.77794835	     20.85461205	     21.23453170	     62.24072674	     67.45086523	     45.54154925	     11.20589371	     25.77773315	     75.29317717	     33.18002978	     34.01323717	     42.57346429	     65.24189244	     31.55513154	     71.36638081	     75.79290497	     29.58321009	     28.75224251	     26.90788318	     19.16695798	     37.09347522	      6.11798432	     10.71895076	      4.12058290	     90.46534371	     90.63939528	     33.91204019	     33.88372583	     34.47653931	     34.41199299
      0.80000000	     12.65842534	     11.69898141	     15.71768137	      5.44751912	      6.28055653	      8.52659761	     17.04556575	     10.15685677	     20.69433955	     24.09658409	      4.99106878	     26.61048857	     21.39078856	     20.89492108	     13.11097043	     12.35322044	      4.52275686	      6.05591322	      5.04158770	     11.37031662	     16.88732557	     17.83223949	     47.51615668	     48.19915567	     44.54274067	      8.13596151	     17.90185585	     65.79070476	     28.76972491	     29.71045508	     38.06983959	     61.51167028	     23.93944107	     73.27390890	     59.25227832	     25.86480859	     26.96458952	     17.47061636	     12.85331714	     25.59806971	      4.04917668	      6.98678509	      2.70996298	     12.64051355	     11.68158702	     15.70774912	      5.43816776	      6.27144153	      8.51756868	     17.06536086	     10.16024316	     20.72491991	     24.25561116	      4.99683341	     26.72195071	     21.44027079	     20.93087764	     13.12766917	     12.31552821	      4.52129755	      6.04993059	      5.03295104	     11.35309463	     16.86285118	     17.89849719	     47.15259745	     47.73439270	     44.38939252	      8.13775237	     17.92959593	     66.44754383	     28.67082039	     29.61581535	     37.96929017	     62.00198660	     23.96593369	     72.64939428	     59.34504315	     25.75570914	     27.08777922	     17.44600418	     12.86503536	     25.57943933	      4.04982936	      6.98589344	      2.71180713	     57.51138383	     57.51130364	     24.78562532	     24.78563842	     27.53232407	     27.53235350
      0.81000000	     15.12113826	     14.84755369	     20.72249536	      7.20165667	      8.29689220	     11.30841186	     21.57948785	     12.86153302	     25.62167462	     28.97715917	      6.32257525	     28.57554412	     23.21011502	     22.37207049	     15.01055178	     14.96903059	      6.13153113	      7.44089120	      6.15674572	     14.82403529	     21.52859958	     20.91201841	     55.52213833	     56.77074232	     47.76466496	      9.98345746	     23.87121382	     88.22831092	     34.46030287	     35.14643190	     44.04520753	     63.19416075	     27.99859037	     76.55486188	     70.31012649	     27.34575025	     28.32356581	     23.33445080	     16.73279768	     32.98462511	      5.33625443	      9.76910874	      3.68346898	     15.12113065	     14.84757575	     20.72249188	      7.20167166	      8.29690624	     11.30842325	     21.57947336	     12.86151244	     25.62174422	     28.97694969	      6.32257097	     28.57544280	     23.21027672	     22.37187772	     15.01057485	     14.96904943	      6.13153269	      7.44089514	      6.15674644	     14.82405894	     21.52864389	     20.91203680	     55.52292094	     56.77031410	     47.76477594	      9.98343749	     23.87114982	     88.22818135	     34.46031236	     35.14643949	     44.04521391	     63.19426810	     27.99859868	     76.55469365	     70.31026129	     27.34579553	     28.32350315	     23.33445130	     16.73281036	     32.98467409	      5.33625289	      9.76909811	      3.68346750	     76.51672306	     76.51676181	     30.21312313	     30.21311664	     32.47014968	     32.47013556
      0.82000000	     18.66567208	     19.20317981	     27.43887466	      9.37805359	     10.80616897	     14.81016011	     26.99331338	     15.97477440	     31.18736555	     36.03264634	      7.99024426	     30.77546907	     25.46039009	     24.03709723	     17.05996374	     17.59824649	      7.97564744	      9.04430348	      7.47832909	     19.23874200	     27.22698185	     23.90319739	     66.31819841	     67.87045342	     51.77609383	     12.26709957	     30.95867383	    112.29367485	     40.44804964	     40.83219133	     50.37007022	     63.16750350	     31.73313639	     80.09100356	     80.30560576	     28.81880130	     29.51238092	     30.55840351	     21.10203176	     41.28320806	      6.82835993	     13.67277614	      4.86094981	     18.68765036	     19.22863733	     27.47665713	      9.38313984	     10.81196235	     14.81910094	     26.98090864	     15.97226405	     31.18133747	     35.76191743	      7.94584824	     30.56837332	     25.47866967	     24.04310138	     17.09715596	     17.61402081	      7.96515228	      9.03526928	      7.46823111	     19.26262975	     27.24978435	     23.88262585	     68.75146811	     66.10936640	     51.92733708	     12.25117541	     30.95985592	    112.03839751	     40.49310114	     40.87371353	     50.41297521	     63.50830963	     31.68855315	     79.62375283	     80.41834939	     28.93907537	     29.38111369	     30.44293386	     21.09201177	     41.25493898	      6.82627414	     13.67600664	      4.86097964	    101.45315733	    101.45271836	     36.70214362	     36.70221867	     38.66539931	     38.66555753
      0.83000000	     20.31278626	     21.42395602	     31.17775710	     10.40402747	     11.97717365	     16.48686867	     29.29110328	     17.39017906	     34.16476520	     38.54501981	      8.74252993	     31.72944819	     26.98727770	     25.70690778	     18.47914131	     19.24076472	      8.82747016	      9.83164646	      8.09423233	     21.78954031	     31.02793539	     26.60472644	     70.32111607	     71.45300736	     55.90950031	     13.50822136	     34.59659273	    128.81409149	     45.52457915	     45.68628003	     56.01129805	     68.58439199	     34.42800779	     82.58424135	     86.77668986	     30.14276024	     31.05141960	     34.14012209	     23.35883935	     45.87862229	      7.59528089	     15.93419830	      5.43556857	     20.31306062	     21.42413681	     31.17928539	     10.40396030	     11.97713753	     16.48695510	     29.29178537	     17.39046162	     34.16658194	     38.55116476	      8.74283366	     31.72431022	     26.98484591	     25.71002581	     18.47992088	     19.24180089	      8.82733535	      9.83145099	      8.09422638	     21.79068830	     31.03028229	     26.60689665	     70.40388083	     71.39289093	     55.91010678	     13.50865989	     34.59816924	    128.81158784	     45.52803140	     45.68936278	     56.01434960	     68.58129246	     34.42739274	     82.58835350	     86.77791816	     30.14279982	     31.05108558	     34.14074496	     23.35903265	     45.87955864	      7.59524843	     15.93394302	      5.43553264	    116.00891531	    116.00925763	     39.78480857	     39.78475024	     41.45883917	     41.45871626
      0.84000000	     19.09930931	     20.28343436	     29.57504616	      9.77645309	     11.18234319	     15.47403154	     27.28744216	     16.38339510	     32.77985291	     35.41118593	      8.29107223	     29.86291349	     25.59528537	     25.21518722	     17.64420609	     18.82189358	      8.35895128	      9.36121553	      7.70826352	     21.29186912	     30.84119958	     26.64189340	     65.76222196	     66.66438887	     55.93438292	     13.01993964	     33.49630691	    130.41069746	     46.94052311	     46.80315811	     57.88348208	     65.20666540	     33.08397522	     84.05324613	     83.95860594	     28.84767555	     29.87410988	     32.05076201	     22.17281000	     43.80294192	      7.31380835	     15.01924790	      5.17732113	     19.19681093	     20.24136882	     29.77209765	      9.78232055	     11.25875166	     15.54840670	     27.36156091	     16.41715862	     33.02621180	     35.50522281	      8.30920301	     30.22871084	     25.29750809	     25.06669381	     17.82213194	     18.71992956	      8.35457346	      9.39479550	      7.66989635	     21.06175692	     31.11517338	     26.83024213	     66.02323890	     66.18570956	     55.94719747	     13.09557167	     33.22093465	    131.08869315	     46.79716271	     46.92370050	     57.75013654	     65.71249881	     33.00609075	     83.38056934	     83.80423117	     28.78648087	     29.89530469	     31.85871562	     22.21360166	     43.47576652	      7.33290451	     14.98946540	      5.16135137	    111.99611917	    110.02410965	     37.64442238	     37.98791446	     39.29827026	     39.99957086
      0.85000000	     13.92405588	     13.99007818	     20.37623823	      6.59977177	      7.54809848	     10.36737884	     18.60254851	     11.40615697	     24.34889303	     23.06860939	      5.78734929	     23.98462591	     21.04511309	     21.43604958	     14.47455001	     15.00069010	      5.65920250	      6.86403973	      5.55649916	     15.09281923	     23.58028965	     23.72040346	     46.70992648	     46.79304214	     50.30673506	      9.82320426	     23.17468089	    110.29505074	     42.30066214	     43.01053213	     53.76885507	     54.44858355	     25.52305499	     84.56640049	     67.12284454	     24.89527694	     25.45638028	     20.69733272	     15.40934792	     30.58633115	      5.23873714	      9.59981840	      3.54856475	     13.93649574	     14.01750218	     20.38540407	      6.59847440	      7.55604754	     10.36996157	     18.61164685	     11.43519268	     24.31247799	     23.08530290	      5.79497929	     23.87619682	     20.97893049	     21.67449946	     14.54787755	     15.03684604	      5.68838636	      6.87923127	      5.55820993	     15.13558492	     23.65141459	     23.57750213	     46.59674078	     47.07809749	     50.31829355	      9.83269021	     23.20614892	    110.31495550	     42.32875687	     42.97828883	     53.75730510	     54.41549116	     25.49255381	     84.80920533	     66.89203243	     24.60941481	     25.57297527	     20.97556998	     15.43638485	     30.53067971	      5.21576025	      9.41674170	      3.52699715	     75.78835863	     76.17896103	     28.50720998	     28.43841317	     30.96934142	     30.83140430
      0.86000000	     14.94867690	     15.51048057	     23.17663953	      7.36813619	      8.42398449	     11.60008133	     20.48947593	     12.58365621	     26.57564526	     25.71621197	      6.45747072	     24.10274053	     21.41471887	     21.81298400	     15.17580966	     15.90867426	      6.39969151	      7.48877559	      6.03741940	     17.03929044	     26.63512400	     24.96498241	     50.17586838	     50.84071242	     52.28776542	     10.71096474	     26.09592525	    119.45624140	     45.57439874	     46.45664886	     57.42248919	     55.43770961	     27.17413435	     83.22938981	     70.47229977	     24.52256741	     25.65164187	     23.63903140	     17.14970959	     33.70215690	      5.81308859	     10.85379700	      3.97909398	     14.94867411	     15.51047892	     23.17663673	      7.36813828	      8.42398310	     11.60007946	     20.48947226	     12.58365572	     26.57562292	     25.71621193	      6.45747278	     24.10273280	     21.41471582	     21.81298962	     15.17580560	     15.90865947	      6.39968955	      7.48877532	      6.03741951	     17.03929445	     26.63512630	     24.96499028	     50.17586641	     50.84070355	     52.28776358	     10.71096599	     26.09589550	    119.45620862	     45.57440221	     46.45664986	     57.42249190	     55.43770046	     27.17412936	     83.22938987	     70.47230455	     24.52256781	     25.65164141	     23.63902045	     17.14970908	     33.70215202	      5.81308818	     10.85379696	      3.97909401	     87.62883367	     87.62877206	     30.75775187	     30.75776283	     32.57539036	     32.57541197
      0.87000000	     12.49679553	     12.29361752	     17.53624275	      5.66362794	      6.43813184	      8.77875182	     15.51697706	      9.50548361	     20.85437585	     17.83739579	      4.71327240	     20.82566788	     18.37516306	     19.68247853	     12.58499620	     13.09310694	      4.76428258	      5.78156531	      4.57505347	     13.24393412	     21.10308742	     21.94498957	     37.23686089	     37.56058859	     49.99866315	      8.21994470	     18.88769602	    105.61357739	     42.19387490	     43.38764842	     54.79777936	     47.22764623	     22.37413781	     81.24454080	     60.35985970	     21.77108636	     22.97157351	     15.55338134	     12.78701658	     25.37149186	      4.36358894	      8.25911361	      2.98386294	     12.50019710	     12.29701713	     17.53674194	      5.66585682	      6.44065253	      8.78161045	     15.50990968	      9.50181424	     20.83895585	     17.83839776	      4.71550392	     20.83558740	     18.37013685	     19.65787448	     12.57958094	     13.09354328	      4.76623041	      5.78112936	      4.57435339	     13.24448851	     21.09565389	     21.89801612	     37.21358080	     37.62794695	     50.05310322	      8.20787290	     18.87266875	    105.47667801	     42.23438542	     43.43001203	     54.85134213	     47.26074994	     22.37014516	     81.25550957	     60.33080778	     21.76323777	     22.97814494	     15.58238937	     12.78822444	     25.37415135	      4.36402423	      8.25679172	      2.98391583	     65.13067801	     65.16175640	     24.31648037	     24.31089487	     26.92264194	     26.91180588
      0.88000000	     14.49804501	     15.22934956	     23.30323033	      7.19839041	      8.23965578	     11.31923413	     19.86327792	     12.21463754	     26.11964894	     24.93695439	      6.45724512	     21.86854027	     19.87449845	     20.57175984	     14.44075670	     15.41150072	      6.38093381	      7.31414368	      5.86104281	     17.23875076	     27.69899232	     24.85259852	     48.21946199	     48.88448696	     52.57907742	     10.68273367	     26.14624391	    120.16990786	     47.33011334	     48.71557205	     59.85902058	     52.19609778	     26.46000658	     79.73729682	     67.18023294	     22.72732653	     23.78297906	     23.48847465	     16.89719401	     33.15975264	      5.83787994	     11.16915590	      4.00396449	     14.49831642	     15.22965356	     23.30291180	      7.19848260	      8.23976421	     11.31933375	     19.86308225	     12.21447838	     26.11858415	     24.92978845	      6.45766193	     21.87022682	     19.87442319	     20.57008933	     14.44031705	     15.41117038	      6.38151938	      7.31422945	      5.86085413	     17.23850332	     27.69803109	     24.85032211	     48.19594985	     48.90139851	     52.58242064	     10.68127313	     26.14201991	    120.16624335	     47.32901195	     48.71474092	     59.85703905	     52.19645365	     26.46011476	     79.73299068	     67.18209454	     22.72718916	     23.78325955	     23.48586693	     16.89685845	     33.15904006	      5.83791990	     11.16928328	      4.00396697	     90.74978174	     90.75329344	     29.97568971	     29.97505279	     31.41501930	     31.41380193
      0.89000000	     13.65375487	     14.22128635	     21.82905497	      6.69426003	      7.65892600	     10.49099710	     18.48319053	     11.39033771	     24.71341386	     23.05659496	      6.10363024	     20.29106818	     18.60624602	     19.53502418	     13.61519093	     14.60396911	      5.98748481	      6.88737820	      5.49560154	     16.31569927	     26.77252693	     24.12976767	     44.68126558	     45.25501579	     51.57282762	     10.15689711	     24.60681301	    116.32677550	     47.28754688	     48.84768044	     60.39756210	     49.17166930	     25.12663512	     78.02250733	     63.36292317	     21.39046059	     22.42346815	     21.91867187	     15.84777683	     31.05857743	      5.52951346	     10.50568810	      3.77122216	     13.65518247	     14.22498061	     21.84838461	      6.69671476	      7.66230114	     10.49674382	     18.47175708	     11.38180407	     24.71182273	     23.00020379	      6.09044904	     20.24728846	     18.58662867	     19.51435992	     13.61306595	     14.59939982	      5.99050817	      6.88830262	      5.49147555	     16.32315854	     26.78107811	     24.11676940	     44.71137098	     45.62743181	     51.62894828	     10.15035119	     24.62555647	    116.01991655	     47.35454352	     48.91735862	     60.48355667	     49.16342511	     25.13545196	     77.92101795	     63.43918737	     21.36614247	     22.44947157	     21.86323618	     15.84464478	     31.05348100	      5.52849707	     10.50500798	      3.77076745	     86.51779783	     86.50367576	     28.23373087	     28.23631428	     29.55765380	     29.56252288
      0.90000000	     14.21694452	     15.11646312	     23.66553346	      7.14120945	      8.18443819	     11.20562986	     19.53606723	     12.02270478	     25.95729787	     24.53614879	      6.55781603	     20.21956585	     18.78243282	     19.72497062	     13.96652302	     15.11286429	      6.47187353	      7.26061276	      5.77756992	     17.62610163	     29.10768710	     24.94273039	     46.91377244	     47.74361494	     53.31328320	     10.78555039	     26.45547145	    121.07114760	     50.12063561	     51.93522383	     63.87253510	     49.79532176	     26.29900299	     76.47958828	     64.92079348	     21.42328370	     22.42352837	     23.60654331	     16.98394631	     33.33488725	      5.93640858	     11.71947518	      4.09235551	     14.21694465	     15.11646352	     23.66553431	      7.14120958	      8.18443828	     11.20563006	     19.53606617	     12.02270664	     25.95729747	     24.53614721	      6.55781566	     20.21956329	     18.78243149	     19.72496829	     13.96652264	     15.11286692	      6.47187389	      7.26061257	      5.77756980	     17.62610209	     29.10768438	     24.94273183	     46.91371271	     47.74369681	     53.31328581	     10.78554948	     26.45547119	    121.07113341	     50.12063929	     51.93522808	     63.87253884	     49.79531897	     26.29900256	     76.47958946	     64.92079398	     21.42328242	     22.42352987	     23.60654180	     16.98394601	     33.33488674	      5.93640857	     11.71947524	      4.09235553	     95.99654129	     95.99655367	     29.57931003	     29.57930775	     30.53547945	     30.53547520
      0.91000000	     15.62415904	     17.19773725	     27.61704446	      8.15688116	      9.37174737	     12.84316990	     22.02383397	     13.54924704	     28.90398362	     28.04471698	      7.52484730	     21.33424649	     20.05786998	     21.00346018	     15.14919790	     16.49466265	      7.50602153	      8.13645907	      6.48134075	     20.41322375	     33.81584515	     27.15700909	     52.16906174	     53.15546317	     57.24463484	     12.12417283	     30.35926376	    133.15838263	     55.90646225	     58.09709176	     70.86959163	     52.62855759	     28.93971370	     77.33222522	     69.74490520	     22.50467094	     23.61658594	     27.43949534	     19.54083355	     38.51982237	      6.81314860	     14.19463877	      4.77028820	     15.63715555	     17.20765990	     27.61794674	      8.16079596	      9.37737343	     12.84437637	     22.00785206	     13.52773817	     28.86882003	     28.05518031	      7.53300514	     21.39999598	     20.03341043	     20.98670937	     15.17226375	     16.49552282	      7.51317315	      8.13149753	      6.47682285	     20.40244993	     33.80228046	     27.15855514	     52.13238382	     53.15744759	     57.26594254	     12.13124949	     30.43258997	    133.07579873	     55.91210748	     58.14907324	     70.85622982	     52.66424502	     28.95127604	     77.22188190	     69.79687691	     22.55869820	     23.56015265	     27.39656004	     19.54319850	     38.51131258	      6.81098622	     14.19835808	      4.77058434	    115.24868699	    115.27395248	     32.83394638	     32.82925211	     33.27696317	     33.26833704
      0.92000000	     19.66850447	     25.11666836	     42.41025837	     12.36382740	     13.54271464	     19.85369092	     32.29668286	     19.32463084	     39.87433791	     45.30554130	     11.99844316	     26.36382954	     25.78281487	     26.19925290	     20.53071435	     22.49467898	     11.55838296	     12.09991980	      9.47608602	     31.13433100	     51.98284891	     35.60723238	     78.84480579	     77.95505288	     69.53743786	     17.54614656	     47.09064473	    171.74658476	     71.95469953	     75.08296700	     87.97904751	     65.55046907	     42.09431643	     83.97151987	     83.39499810	     28.95161117	     28.73850653	     45.36163253	     30.52816436	     59.88585944	     10.37222959	     25.14548878	      7.49824767	     15.06457334	     22.43167128	     43.61326492	     12.17097987	     14.32458428	     19.04661768	     33.30665380	     20.02620017	     40.11249704	     44.87893967	     11.89769230	     27.12049148	     25.94028264	     26.64291702	     20.09784714	     22.27367043	     11.96497921	     11.87107981	      9.38235174	     31.94882388	     52.24419584	     35.88753899	     76.21406279	     79.31994820	     62.26953077	     17.10329099	     47.01397003	    169.80485169	     71.49192240	     74.54921563	     87.14131748	     66.69770210	     38.40886536	     84.70128430	     90.70827827	     28.84167187	     29.66958355	     47.09433305	     30.75492325	     61.83638061	     10.42143883	     24.46871093	      7.52267153	    195.82538753	    194.23992003	     46.33879909	     47.89659454	     46.39074443	     46.00445903
      0.93000000	     15.13009085	     16.73545117	     27.37054231	      8.01031787	      9.19665926	     12.48793321	     21.23817279	     13.22544194	     29.20280009	     26.03956116	      7.45218423	     21.07147551	     20.29838638	     21.99740241	     15.72020015	     17.00250529	      7.52140230	      8.24218060	      6.42523532	     20.76450204	     36.55640781	     30.29140175	     49.72247396	     50.74104815	     61.48074334	     12.24129688	     29.99391104	    138.97767871	     75.19194524	     76.86889286	    103.31961641	     54.00479998	     29.98729368	     86.41395446	     72.70062866	     23.24699198	     24.40151690	     26.23375665	     19.46214834	     38.27926173	      6.91129119	     13.93653548	      4.78189252	     15.12931169	     16.73436048	     27.34947580	      8.01023942	      9.19654397	     12.48419904	     21.23681710	     13.22639247	     29.21055044	     26.04592882	      7.45492490	     21.04667434	     20.30637836	     21.99597041	     15.69207040	     16.99997431	      7.51765949	      8.24423212	      6.42270595	     20.76160922	     36.50166955	     30.27946099	     49.74730939	     50.80475846	     61.48679847	     12.24306548	     30.04464152	    138.84269214	     75.11530882	     76.98777532	    103.40798868	     53.96860669	     29.99995415	     86.48527161	     72.64746392	     23.24470036	     24.40611358	     26.25484233	     19.46811622	     38.27014676	      6.91183089	     13.93765306	      4.78272297	    129.04449633	    128.83908791	     32.20177497	     32.24045876	     31.49713783	     31.56667619
      0.94000000	      8.57050935	      7.16422514	      8.85804308	      3.03952984	      3.36917570	      4.32739929	      9.02214103	      5.17887357	     13.26020331	      7.83376702	      2.49070535	     13.76866674	     12.94079654	     17.63036979	      8.55972672	      8.17766856	      2.33617315	      3.39280957	      2.42950849	      7.31803387	     13.35686742	     24.99246927	     19.34522525	     20.28779666	     52.15865226	      5.66239930	      9.34436250	     81.42542713	     77.76467478	     76.12030955	    147.78119174	     24.98702603	     12.77938089	    126.85249645	     44.00561781	     18.69867198	     19.51184103	      8.41156543	      6.20179947	     12.39202361	      2.43137452	      4.34255380	      1.51472168	      8.57046940	      7.16413163	      8.85797183	      3.03952317	      3.36918522	      4.32739290	      9.02213662	      5.17852200	     13.26071972	      7.83438867	      2.49136750	     13.76012348	     12.93404697	     17.61605987	      8.55837675	      8.17727750	      2.33617819	      3.39309716	      2.42950369	      7.31799186	     13.35592617	     25.02737308	     19.37921274	     20.32547845	     52.15588120	      5.66352102	      9.34375060	     81.39872808	     77.76434575	     76.09445935	    147.85965126	     25.01914176	     12.80323995	    126.60343647	     44.21073807	     18.59679523	     19.62367974	      8.33246653	      6.20761509	     12.40450974	      2.43008735	      4.34108165	      1.51418594	     46.77947658	     46.77107970	     11.43557316	     11.43716384	     11.16513152	     11.16796378
      0.95000000	     11.87366826	     12.19975310	     19.78634563	      5.90818272	      6.72953149	      8.95111301	     16.65254849	     10.48601379	     25.79471189	     18.32779187	      5.78802660	     19.05560530	     18.91401604	     22.45222362	     14.81394877	     15.28868698	      5.64853320	      6.98148131	      5.24613057	     15.99129878	     32.64549414	     35.67420943	     37.43701065	     38.28031205	     63.77603611	     10.41339015	     22.94711028	    128.12886370	    110.96792146	    110.79173635	    190.78689366	     47.88698866	     25.96390343	    129.08659693	     68.03685037	     24.13141260	     25.35625399	     19.94352872	     14.60926505	     27.64494626	      5.66391149	      9.42836038	      3.62221403	     11.88075516	     12.21106464	     19.78677357	      5.91093495	      6.72967095	      8.96104933	     16.67864065	     10.45954561	     25.91695589	     18.31132606	      5.78415791	     19.02870985	     18.90919506	     22.49457522	     14.76625148	     15.25280640	      5.65556373	      6.98566650	      5.23461197	     15.99905880	     32.57727060	     35.82704249	     37.35232577	     38.52358092	     63.74179138	     10.39925949	     22.99024091	    128.20147423	    111.38395112	    110.71462184	    190.41825968	     47.89844356	     25.98451439	    129.09760436	     67.91612354	     24.18778569	     25.31911930	     19.93945987	     14.58102198	     27.64086194	      5.65929852	      9.45250381	      3.62428344	    127.03413513	    127.22212803	     24.55617634	     24.52038034	     22.69541967	     22.63221119
      0.96000000	     20.00222563	     24.30752331	     42.72189283	     12.00076909	     13.80071651	     18.59076652	     32.48388770	     20.61077619	     47.17102317	     39.18879275	     11.55953804	     30.19235271	     30.36954903	     34.19430006	     24.20107510	     26.55484079	     12.29376748	     12.83626756	      9.92962388	     33.30231140	     66.86569595	     53.43739956	     67.94437055	     70.91953679	     89.37678968	     17.56310915	     44.61730258	    220.20917271	    154.63615419	    153.31991513	    236.06567370	     77.33088292	     44.38187511	    141.46104008	    105.77568780	     35.51689490	     35.50698769	     42.99221150	     30.54132697	     60.09076469	     11.32233266	     22.20696771	      7.90115168	     20.03459084	     24.34885204	     42.69441687	     12.05689844	     13.81319921	     18.69000321	     32.35866100	     20.40635720	     46.85903628	     38.84033163	     11.64254151	     31.42841458	     30.01021965	     32.01131912	     23.83510724	     26.39912588	     12.39146895	     12.81684851	      9.90523724	     33.63345779	     65.49396489	     54.69155751	     68.15182606	     73.33717678	     90.08501144	     17.83094515	     45.52534020	    216.04331237	    154.98589332	    157.18382759	    234.83376559	     76.94531642	     44.35417661	    142.46511750	    105.04740239	     35.72986528	     35.16936608	     43.36050054	     30.49181284	     60.01736191	     11.10302954	     22.19283304	      7.82585372	    258.83545632	    254.37022082	     47.21940319	     48.07319263	     41.87508620	     43.37255449
      0.97000000	     28.62247692	     35.25659116	     61.82861508	     17.63993237	     20.37107433	     27.31647825	     50.48780415	     31.04674658	     67.79414237	     59.65838823	     17.74396031	     42.59018398	     41.89479271	     45.61224071	     33.71853647	     36.80237763	     19.24405888	     19.09329484	     14.75541802	     49.64173863	     96.18264987	     77.08582939	    109.52402662	    110.76699641	    116.15306762	     25.39812647	     64.26010064	    295.61820199	    200.29011057	    201.38936786	    303.25552438	    102.78508738	     58.76602469	    164.95656326	    136.66613680	     45.33115179	     46.08683763	     69.12186913	     47.15720650	     90.58083377	     17.49849846	     33.96459080	     12.29261657	     28.94290443	     35.29932653	     62.87571132	     17.34153378	     20.14503094	     27.05751613	     50.04813792	     31.30574375	     71.28177287	     60.48675221	     17.59794103	     43.40333462	     42.28259184	     45.59775791	     33.76666774	     38.19709318	     19.21958838	     19.09170133	     14.60553785	     49.54233673	     97.05949733	     72.39997167	    109.35973121	    110.73127970	    117.08805611	     25.53724077	     64.41579802	    297.42740889	    203.40110178	    201.30851666	    299.25830127	     99.45443178	     59.22409849	    166.82296665	    138.17860541	     45.46156193	     46.21327467	     68.58337849	     46.36239782	     92.10747185	     17.37444518	     34.28403205	     12.25834693	    368.14222244	    369.74750989	     68.91786727	     68.61001124	     59.03160309	     58.49423125
      0.98000000	     21.11191590	     25.79185233	     47.59081735	     13.37930556	     15.47570483	     20.26885009	     37.30142473	     24.17444575	     61.25241514	     43.08841603	     14.39153089	     37.17876306	     37.07153050	     39.44883287	     28.90008859	     32.32626021	     15.47000164	     16.51531816	     12.17693840	     39.03796283	     85.83885761	     71.38557597	     81.78667811	     84.27495255	     96.49815104	     20.37906250	     48.15449944	    264.21984453	    212.99016772	    212.99347691	    361.89057082	     84.35355382	     49.72114631	    166.02802513	    116.27204984	     39.60928301	     38.96161010	     57.39466309	     37.06418152	     70.01649998	     14.86640789	     25.84522908	     10.22810105	     21.11362711	     25.79259348	     47.58822858	     13.37996779	     15.47656369	     20.26969101	     37.31871818	     24.18082148	     61.25753138	     43.09985216	     14.39001017	     37.18357889	     37.07471303	     39.45105197	     28.89804381	     32.31774304	     15.47082493	     16.51587026	     12.17814813	     39.03667148	     85.85180999	     71.40590339	     81.77791299	     84.26633345	     96.48816488	     20.38122195	     48.15361519	    264.28289311	    212.95407845	    213.03393314	    361.86129319	     84.34789989	     49.71335341	    166.06513865	    116.25485259	     39.60997605	     38.96177235	     57.40675523	     37.06596615	     70.01834307	     14.86697785	     25.84573385	     10.22848634	    323.45767746	    323.45869618	     58.23069558	     58.23049821	     51.24886029	     51.24851813
      0.99000000	     12.85404739	     13.45089237	     23.98941740	      7.13092073	      8.08372480	     10.27613063	     19.45220534	     12.87235254	     39.05427180	     18.84894695	      7.23903876	     26.34394915	     26.88200994	     28.77175835	     20.09654214	     22.97302241	      8.06682228	     10.42798476	      6.90015264	     21.41483622	     58.47250022	     60.78322577	     36.77595643	     39.81434646	     62.59014787	     11.81028596	     24.67389372	    204.16167371	    215.47568357	    214.84104082	    397.67124285	     43.68334347	     27.21008681	    170.40249365	     78.35941695	     28.73423514	     27.20942733	     32.56954552	     19.40875641	     34.91323781	      9.14831113	     12.89238789	      5.72415807	     12.85365950	     13.45010224	     23.98603502	      7.13061089	      8.08334670	     10.27556875	     19.45100383	     12.87145789	     39.04453691	     18.84923581	      7.24033653	     26.34767369	     26.88994845	     28.77281410	     20.09390166	     22.96275377	      8.06684108	     10.42504683	      6.90018812	     21.41121152	     58.48093126	     60.70663226	     36.78148200	     39.82249477	     62.61129873	     11.81800142	     24.67566060	    204.04807918	    215.45503047	    214.87175415	    397.76440847	     43.68463228	     27.21117547	    170.40015316	     78.35892064	     28.73422500	     27.20944223	     32.56966042	     19.40870342	     34.91311780	      9.14831347	     12.89239346	      5.72415644	    191.87631651	    191.87628612	     34.90001413	     34.90001996	     30.80889031	     30.80890048
      1.00000000	     20.85661026	     25.45045214	     45.27634039	     13.12876761	     15.08503989	     19.12367317	     36.08532139	     22.52493135	     63.59808712	     33.28199881	     14.00281145	     34.52635028	     35.37974474	     34.59165386	     26.26506406	     32.15997768	     18.11700577	     17.25928033	     11.69564683	     39.38371646	     94.26517365	     71.54756208	     67.12991016	     72.76963160	     75.02975839	     17.67133156	     39.63599197	    300.82606668	    227.74484409	    232.91726217	    438.43759239	     63.84867722	     40.59674050	    161.84077505	    100.34716771	     37.57025573	     34.67096756	     61.72692607	     36.91765418	     70.78243663	     16.69505510	     27.59135754	     11.44502328	     20.89806312	     25.51959952	     45.04092493	     13.19205690	     15.16166589	     19.20700235	     36.14935504	     22.53444481	     62.22595739	     35.57660939	     14.46970982	     34.12074930	     34.66089050	     34.49309808	     25.78539699	     31.48705835	     17.85908174	     17.20361786	     11.70811887	     39.14114424	     91.87745993	     70.34109332	     68.23845847	     73.77765057	     76.07532685	     17.94512515	     39.64892292	    293.25705317	    231.52621421	    233.51699816	    443.45899713	     65.09805937	     41.02633739	    160.48762802	    100.03914503	     37.64068034	     34.60750165	     61.99897505	     37.02854849	     70.70231371	     16.70437927	     27.59212250	     11.45776325	    285.71727223	    285.72034399	     64.03734616	     64.03675804	     56.79061338	     56.78958192
      1.01000000	     10.46067334	      9.44201087	     13.53889028	      5.21709388	      5.63518652	      6.39976872	     13.01927585	      8.36338706	     28.85415755	     11.27223195	      4.32639133	     22.17631502	     22.81872889	     24.81460404	     14.96427902	     21.01175476	      5.97487558	      6.99764878	      4.50147628	     13.72262367	     50.63202848	     60.70720209	     22.85234781	     23.72951691	     41.36077008	      6.85766503	     12.03061980	    219.67065049	    230.73947920	    233.47938536	    433.91288561	     23.40686167	     14.38889286	    154.44010178	     57.42055852	     25.54977087	     20.25464303	     21.23835028	     11.12891747	     19.80355008	      6.17719904	      9.43087507	      3.88630327	     10.44789297	      9.31117578	     12.89808986	      5.27462220	      5.67509525	      6.47310213	     13.25021834	      8.57408933	     27.47699807	     11.35193139	      4.35500885	     21.99999404	     22.94052998	     24.53801186	     14.36403901	     23.05763118	      5.90080749	      6.87804761	      4.63865607	     12.12975464	     53.20294276	     60.76714969	     23.21774313	     23.38333454	     41.25913259	      6.82021985	     12.28675967	    221.23440645	    230.31390838	    232.45263934	    433.90355150	     23.73549574	     14.28101003	    154.63394907	     57.55452188	     25.44458936	     20.34938217	     21.62446994	     11.32202886	     19.92230160	      6.14229271	      9.42618629	      3.87034880	     69.51666013	     22.30014288	     22.36854896	     31.36059176	     12.76112240	     28.63508638
      1.02000000	      9.31669026	      7.41224855	     12.36492107	      4.28877636	      4.53470247	      5.08130851	     11.07514664	      6.16970059	     22.38247980	      9.46620213	      2.78278674	     27.33293153	     29.37583481	     23.57263157	     17.79417207	     27.25724244	      4.53169388	      7.55161941	      3.32886471	     14.08001764	     61.41300493	     59.41700328	     16.96707663	     16.69409761	     33.97778830	      6.30085954	     10.85515129	    268.97376827	    216.85622323	    222.81695964	    404.42545749	     16.39368118	     10.02276563	    153.26094740	     60.26996868	     24.70845830	     20.21252114	     14.32887218	      8.99782547	     15.01373503	      5.73440926	      7.38223756	      3.04190048	      9.31669979	      7.41222824	     12.36708106	      4.28874363	      4.53466166	      5.08124498	     11.07542534	      6.16992428	     22.38309346	      9.46620065	      2.78273529	     27.32193981	     29.41018657	     23.57418779	     17.78406606	     27.25655099	      4.53161302	      7.55044236	      3.32887447	     14.08302733	     61.42751560	     59.40054035	     16.96637376	     16.69336215	     33.97875335	      6.30190197	     10.85584779	    268.97092748	    216.85154095	    222.82410754	    404.42707120	     16.39372061	     10.02279993	    153.26085369	     60.26998536	     24.70849570	     20.21247392	     14.32886224	      8.99783155	     15.01372573	      5.73441061	      7.38223299	      3.04189965	     55.20207529	     55.13689747	     35.92953442	     35.94184354	     47.29373539	     47.31576210
      1.03000000	      7.97176340	      4.92144655	      5.67909140	      3.16207941	      3.12759462	      2.97475560	      9.74405081	      4.55972336	     10.89637523	      8.49372525	      1.97972604	     30.60284705	     33.33379080	     23.23099790	     16.57594186	     25.47660677	      3.59818696	      4.95382417	      1.97961155	      7.94663067	     60.92845066	     58.99572505	     14.19352774	     13.89389904	     31.81657775	      4.83391743	      5.75715737	    298.09444640	    189.83825931	    197.89886336	    353.40125224	     11.06686976	      5.25115934	    143.37729291	     52.57124381	     24.12803539	     18.73466992	      9.34713221	      4.81086423	      8.39528689	      2.83295895	      6.39809689	      2.12503395	      7.97187181	      4.92175246	      5.69324905	      3.16217738	      3.12771739	      2.97501183	      9.74415123	      4.55984553	     10.91352550	      8.49370970	      1.97966845	     30.65911793	     33.55624408	     23.27221713	     16.37790318	     25.69771710	      3.59819720	      4.97429745	      1.97960846	      8.05615894	     61.33185571	     58.92480364	     14.19327004	     13.89360618	     31.82868852	      4.77802327	      5.78287523	    298.52125496	    189.56736608	    197.66428382	    353.50730920	     11.06676816	      5.25097258	    143.37512493	     52.57324424	     24.11845262	     18.74538024	      9.34701545	      4.81086337	      8.39554933	      2.83310879	      6.39809472	      2.12503253	     23.41245096	     23.40922240	     35.02716762	     35.02773368	     73.77721831	     73.77834724
      1.04000000	     10.74933146	     10.00247102	     19.07502379	      6.14023628	      6.61462020	      7.72969367	     14.94142639	      8.95011156	     24.68196124	     13.05753658	      5.23884308	     50.39445989	     41.20542496	     24.94521745	     17.86861315	     22.75113894	      6.79143994	     14.63116712	      6.26833075	     19.60165659	     65.32327442	     52.52263728	     25.92117658	     26.10904198	     37.15158382	      9.62697937	     15.98679010	    380.82356691	    150.80096768	    157.92511730	    274.07566929	     24.69690313	     16.45320769	    115.65580210	     74.86847351	     26.88709774	     20.46146155	     24.01227722	     15.26529682	     23.91362473	     10.65168757	     10.66831426	      5.04682845	     10.01762364	     10.55723243	     19.56796390	      6.42104019	      7.00822191	      8.19347596	     15.71965328	      9.46281115	     25.75485495	     12.92458441	      4.82423256	     50.47027266	     40.85208256	     24.23045552	     17.37339078	     24.20002212	      7.07669667	     14.52865521	      6.22996863	     20.55402896	     66.62167536	     50.78265513	     24.27030808	     23.48046661	     37.38178486	      9.44364620	     15.90161955	    365.46314800	    151.28392258	    159.83274379	    277.70344083	     24.68499516	     16.57790001	    115.83416899	     75.54056946	     26.85060108	     20.51272271	     23.71956667	     15.35191399	     24.11175097	     10.62234937	     10.68007582	      4.98905583	     81.86610039	     80.37201152	     77.79814226	     76.76917803	    109.04294852	    110.63640010
      1.05000000	     18.63705516	     23.23769415	     42.44042781	     13.71080998	     15.43562844	     18.36706205	     34.73517897	     23.96221082	     55.71413526	     35.43124140	     19.86754481	     62.77090003	     51.16353561	     30.81004256	     22.60251887	     26.51881647	     18.88210733	     29.97088304	     16.62679948	     38.07599333	     87.01169408	     56.52690410	     78.77177151	     87.65797605	     53.29358359	     17.79855744	     32.36012014	    451.73072901	    121.34564335	    124.49194307	    213.94013465	     66.45570666	     36.27038917	    111.12892367	    102.20088445	     36.84682000	     29.24717663	     77.03157886	     38.63752207	     62.40990547	     26.26918717	     24.71814437	     13.90710811	     18.61215247	     23.19671884	     42.44239659	     13.68679155	     15.40941297	     18.34716498	     34.72891967	     23.95282547	     55.69582144	     35.42575153	     19.88214697	     62.75199638	     51.15588396	     30.80948492	     22.59886892	     26.50395282	     18.85639151	     29.97323063	     16.62598312	     38.06724019	     87.03086749	     56.73888499	     78.72696854	     87.63578220	     53.09036974	     17.81289782	     32.36640650	    451.90787177	    121.33958599	    124.48212492	    213.73198949	     66.44618256	     36.26775750	    111.13462717	    102.20316239	     36.84663960	     29.24711476	     77.02649208	     38.63682722	     62.40852055	     26.26884809	     24.71797608	     13.90702067	    200.03142565	    200.03161175	    142.01010829	    142.01007487	    161.81858986	    161.81852485
      1.06000000	      9.79567481	      9.00736318	     17.91077785	      5.93681316	      6.29849500	      7.36633019	     17.21537162	      9.92494039	     19.01696221	     16.97111762	     11.08845027	     60.93191624	     36.48729201	     18.78124288	     11.25629587	     10.60678158	      8.41352151	     18.87848305	      7.98657517	     14.90857973	     41.62818117	     31.45480218	     51.47355678	     63.83798166	     41.97246427	     12.27094550	     17.05996314	    341.62159225	     65.58236498	     63.86080786	    117.77712044	     33.17929492	     17.32268339	     59.57958140	     62.79151187	     22.79825810	     16.96281571	     31.56710319	     15.40161317	     23.22980222	     11.73034390	     11.61847696	      5.75553467	      9.79563463	      9.00734957	     17.91219991	      5.93676377	      6.29845988	      7.36631019	     17.21544230	      9.92501199	     19.01798625	     16.97127285	     11.08842008	     60.89116709	     36.56477795	     18.79694844	     11.25488942	     10.60663408	      8.41378537	     18.87533356	      7.98664660	     14.90917194	     41.67356090	     31.39897292	     51.46880193	     63.82713160	     41.97406455	     12.26909004	     17.06290306	    341.63599785	     65.57089305	     63.85217464	    117.76957059	     33.15778450	     17.31882603	     59.58524627	     62.80008746	     22.82157521	     16.93010776	     31.55237858	     15.39897017	     23.22752252	     11.73044270	     11.61169340	      5.75550567	     71.31514986	     71.31516188	    108.49898177	    108.49897965	    174.83383744	    174.83383319
      1.07000000	      7.20673334	      4.71746053	      9.30388071	      3.59796911	      3.39799969	      3.28077181	     13.40423010	      6.31305296	      9.81797557	     12.10629736	     12.43403081	     51.97146772	     24.36377315	     12.42847553	      5.10220090	      3.59536822	      4.71366156	     13.55747345	      4.39192297	      5.98913030	     23.85794137	     18.90957549	     56.56278459	    121.64582851	     41.47084098	     11.41930642	     12.67997077	    242.21262968	     29.15960985	     27.69206320	     52.65660265	     18.96814929	      9.29850369	     29.22331313	     40.62701620	     15.64005951	     11.18857339	     15.57958665	      6.55224319	      9.76134948	      5.22733690	      8.35442631	      3.11293889	      7.20676483	      4.71747207	      9.30403786	      3.59799436	      3.39800919	      3.28070600	     13.40342915	      6.31238376	      9.81607998	     12.10276402	     12.44486840	     52.13099151	     24.42808789	     12.45875447	      5.10456814	      3.59636619	      4.71340178	     13.56854310	      4.39102533	      5.98928957	     23.91685437	     19.09371255	     56.40984510	    120.99971651	     41.23539359	     11.52141833	     12.70032524	    242.99362222	     29.11697143	     27.48976843	     51.82915478	     18.69485192	      9.21690329	     29.65403848	     40.47217234	     15.65470420	     11.17705236	     15.57336096	      6.52288789	      9.71874665	      5.23830541	      8.35647115	      3.11544695	     28.15241690	     28.15242017	    100.79218813	    100.79218755	    187.45577270	    187.45577154
      1.08000000	      6.43234879	      3.74690770	      7.66678024	      3.12097242	      2.76216109	      2.24643569	     12.98562165	      5.58653016	      8.15838418	     10.72402186	     17.24772764	     35.71827811	     14.79827981	      8.82738423	      2.00272339	      2.00562298	      3.78730419	     10.29700869	      2.97807429	      3.09988590	     18.57601399	     12.69637835	     95.44405349	    180.65296197	     41.03075269	     11.51618917	     12.37943485	    135.58040834	      8.40873060	      7.89886355	     14.39393827	     14.30734147	      4.61921534	      9.99805605	     25.21874517	     10.55496286	      7.24371903	     13.45611854	      3.71541068	      5.83688419	      3.07384763	      7.90355090	      2.55452873	      6.43233511	      3.74688461	      7.66973518	      3.12095793	      2.76214401	      2.24641459	     12.98585749	      5.58675034	      8.15967656	     10.72750422	     17.24624332	     35.72110596	     14.79649855	      8.82685621	      2.00171412	      2.00551960	      3.78727751	     10.29677229	      2.98554822	      3.09985361	     18.57535270	     12.69563989	     95.43476002	    180.64630587	     41.02904809	     11.51571048	     12.37892311	    135.59738141	      8.40371561	      7.89371037	     14.40739597	     14.21958415	      4.72755670	     11.03425247	     24.37711006	     10.53366107	      7.26452302	     14.23259001	      3.72386702	      5.85182081	      3.06334294	      7.90217437	      2.55297593	     17.32221353	     17.32221404	    100.87537288	    100.87535769	    187.64175339	    187.64173508
      1.09000000	      6.21595708	      3.94667692	     12.91180063	      3.21822849	      2.89600680	      2.55417921	     14.23666200	      6.32969528	     11.24300530	     55.49395100	     19.77447602	     18.68012157	      8.70458298	      6.15482106	      2.32070140	      2.22751254	      4.16711886	      8.64122978	      6.42482690	      4.29293302	     15.96968513	      8.09193786	    129.72517081	    206.54948130	     34.89349142	     10.45555735	     12.21867220	     57.37594594	      3.77529659	      3.59041883	      4.72676619	     13.00813588	      4.89807612	      4.94751716	     11.29155252	      5.07030544	      5.19948116	     26.94837369	      5.17604053	      7.98727878	      4.66604386	      8.49386733	      2.93208708	      6.21595457	      3.94667321	     12.91149514	      3.21822587	      2.89600383	      2.55417682	     14.23676718	      6.32978791	     11.24374837	     55.49009145	     19.77363720	     18.67995768	      8.70439561	      6.15492606	      2.32067254	      2.22750108	      4.16711180	      8.64135140	      6.42535462	      4.29293705	     15.96948982	      8.09205326	    129.72477961	    206.54697106	     34.89331395	     10.45545557	     12.21843866	     57.38063848	      3.77499847	      3.59013721	      4.72634137	     13.02171271	      4.89855028	      4.94864036	     11.28529698	      5.80162982	      4.42398000	     26.82579559	      5.17580590	      7.98251686	      4.66507364	      8.51589362	      2.95013317	     19.40401351	     19.40401392	     99.50245182	     99.50245264	    171.81976420	    171.81976516
      1.10000000	     10.01383745	     13.50272717	     25.68047967	      7.27581935	      8.27299901	      9.52002527	     29.72901263	     15.92080300	     32.49675290	    130.10265297	     23.94433489	     16.51112042	     11.94707481	      7.44750389	      5.28712185	      5.60922561	     18.11808118	     12.63877773	      9.77034154	     14.37278065	     23.07361499	      8.86312442	    153.20622038	    207.87177968	     27.43212241	     10.97292977	     15.97679944	     41.10747196	      8.72822514	      8.37583517	     10.47027473	     24.96159339	     10.87340019	     10.39185184	     21.35731312	      7.70076939	      6.32435020	     63.38878165	     17.13316172	     28.45723428	     15.03942633	     16.14012907	      7.61611495	     10.01361298	     13.50137874	     25.68302255	      7.27561275	      8.27262590	      9.51951679	     29.73077451	     15.92199647	     32.50154299	    130.05863926	     23.96860155	     16.51260590	     11.94813096	      7.44826511	      5.28743114	      5.60938423	     18.11453260	     12.64019002	      9.77153694	     14.37228003	     23.06695550	      8.86395749	    153.18335157	    207.88503279	     27.42528230	     10.97348052	     15.97657647	     41.09065550	      8.72806844	      8.37563123	     10.47010052	     24.96276961	     10.87348765	     10.39195355	     21.35796293	      7.70081889	      6.32423492	     63.39058032	     17.13326752	     28.45850236	     15.03949861	     16.14008709	      7.61609824	     56.90213086	     56.89295716	    106.03229913	    106.03368900	    145.01905921	    145.02260419
      1.11000000	      7.27403205	     11.11540109	     20.32713363	      4.63590807	      5.33831984	      6.14861670	     36.60939023	     11.36051988	     28.57517461	    194.38303934	     18.04816031	      8.76757519	      5.57703347	      2.90842674	      2.23513508	      2.62983441	     16.92994185	      4.97015859	      4.29209884	      8.56034972	     11.86828763	      3.18440304	    107.63345632	    150.09463136	     14.29919160	      6.20134434	     10.38328298	      8.89003203	      3.10729569	      3.01881777	      3.63343341	     12.00321893	      4.90010960	      3.87576560	      7.40808939	      2.77718630	      2.39680378	     52.59970728	     11.56560129	     22.72115532	     11.17422780	     17.99846868	      4.90188991	      7.27413138	     11.11551064	     20.32911290	      4.63608561	      5.33880655	      6.14009633	     36.60893566	     11.35990268	     28.57633003	    194.38372356	     18.04946133	      8.76755252	      5.57701045	      2.90838098	      2.23510911	      2.62982595	     16.93105439	      4.96998300	      4.29179808	      8.56029380	     11.86829565	      3.18427451	    107.63246114	    150.09140232	     14.29762057	      6.20140020	     10.38359937	      8.89002540	      3.10728514	      3.01880735	      3.63342679	     12.00281933	      4.90002389	      3.87575530	      7.40806150	      2.77718297	      2.39680228	     52.59917125	     11.56552606	     22.72095955	     11.17414086	     17.99847692	      4.90187828	     25.85187898	     25.85187868	     67.48497701	     67.48497705	     97.75954611	     97.75954623
      1.12000000	     18.30762236	     23.15017435	     26.49444414	      9.47280194	     10.69829973	      9.57775833	     64.90952232	     16.02419849	     36.79631221	    242.16007342	     17.95942759	      9.58459589	      6.42502333	      3.57584268	      2.85668788	      3.51054448	     28.60300527	      6.04668258	      4.88672453	     11.49299207	     14.25274730	      3.87624054	     82.44223586	    110.04238890	     10.17325695	      6.26124573	     11.64867100	     10.43936763	      3.95189441	      3.89502893	      4.49019686	     15.01286379	      6.50549256	      5.35605326	      9.18241365	      3.55850284	      3.11353767	     68.53022372	     15.64971713	     33.02528464	     16.10584007	     25.24990278	      6.31422572	     18.29458366	     23.15995283	     26.50379629	      9.47463009	     10.69679500	      9.57685953	     64.91363384	     16.03464598	     36.84004254	    242.10315198	     17.96606687	      9.58441981	      6.42488172	      3.57579889	      2.85671617	      3.51043977	     28.62336412	      6.04663540	      4.88644036	     11.49079913	     14.24055084	      3.87630886	     82.37534726	    110.14795848	     10.17153260	      6.26049738	     11.64101484	     10.44464186	      3.95183383	      3.89539824	      4.49037159	     15.02076790	      6.50286269	      5.35528774	      9.18155122	      3.55654533	      3.11250548	     68.54515499	     15.64136432	     33.04511509	     16.09862892	     25.24691728	      6.31395238	     47.40715048	     47.36294151	     46.81130052	     46.81729707	     50.94872901	     50.96681949
      1.13000000	     28.13701666	     28.24482210	     30.28474789	     11.21749630	     12.76505425	     11.10683116	    143.78400322	     15.54576500	     47.64279848	    239.53410123	     17.48839797	      8.82130588	      5.73982102	      3.08683390	      2.42405728	      3.04054533	     28.47075275	      4.85924108	      3.76541218	     12.84239348	     15.15692572	      3.13428941	     68.49620563	    101.13086962	      8.32604555	      6.32057813	     13.52601237	      7.85817735	      3.20779274	      3.21451187	      3.64990604	     16.84098839	      6.58860366	      4.97748095	      7.63652044	      3.15697389	      2.78693536	     58.62001153	     14.44497731	     28.31818599	     14.31660040	     21.87185154	      5.45980505	     28.13563125	     28.24449805	     30.28002070	     11.21801137	     12.76751051	     11.10681639	    143.82034299	     15.51831603	     47.65308991	    239.52030435	     17.49245947	      8.82115292	      5.73972171	      3.08666188	      2.42412535	      3.04038275	     28.46874225	      4.85922546	      3.76528226	     12.84098678	     15.15693940	      3.13431363	     68.44329444	    101.19612514	      8.32499696	      6.32118112	     13.52725328	      7.85932069	      3.20787506	      3.21455628	      3.65013882	     16.83861963	      6.58825959	      4.97752487	      7.63690672	      3.15726022	      2.78696785	     58.61529481	     14.44651248	     28.31374602	     14.31753977	     21.87209464	      5.45990657	    118.02859330	    118.03703214	     22.31509360	     22.31401999	     20.91890370	     20.91534688
      1.14000000	     40.15280604	     34.43629511	     35.55429103	     12.43991070	     13.55840123	     11.60414833	    198.63742772	      9.73040624	     71.33490105	    235.58738601	     14.98964086	      7.97851638	      4.93681154	      2.50317099	      1.82694513	      2.24286179	     28.23824311	      3.33163795	      2.34265915	     13.16109545	     15.59392749	      2.10791450	     82.39078961	     64.56508373	      4.22985274	      7.12020760	     14.04462102	      5.46803691	      2.21924641	      2.26157868	      2.71151338	     33.34576696	      4.54411556	      3.59820005	      5.55223255	      1.80166535	      1.60787084	     65.74929489	     13.60190002	     29.71134484	     14.25085211	     18.94218234	      3.26262000	     40.20030609	     34.41893319	     35.59574018	     12.45376674	     13.56272434	     11.59043852	    198.35121803	      9.65801019	     71.68702679	    235.57095320	     15.00018633	      7.97833900	      4.93674759	      2.50339821	      1.82690165	      2.24252053	     28.21503438	      3.33127197	      2.34201359	     13.14339154	     15.51565081	      2.10729400	     82.35489710	     64.52325378	      4.22370018	      7.12200950	     14.02795294	      5.46822166	      2.21963413	      2.26173526	      2.71162411	     33.46267661	      4.54891011	      3.59856625	      5.55199142	      1.80556812	      1.60777431	     65.91718789	     13.64071283	     29.76934650	     14.24175204	     18.94906351	      3.25923245	    226.83691678	    226.82811336	     14.27905856	     14.27827147	     14.29825366	     14.30292365
      1.15000000	     82.90910748	     55.88457807	     52.50566329	     23.78953213	     23.99110660	     19.85696028	    206.38175650	     28.60133366	     65.52284765	    239.53572757	     19.09143777	     11.59295424	      8.50641475	      5.60098511	      4.75211540	      6.53029840	     39.18457499	      8.94291110	      6.81185878	     21.38295584	     25.12295328	      6.20865892	     81.17874456	     96.90648675	     11.83007619	      9.46806551	     21.99178224	     15.63588499	      7.27984401	      7.40182897	      8.47238169	     29.97249294	     13.24477142	     12.24774693	     14.78340595	      6.69506855	      5.98516227	    110.65374036	     26.12258540	     58.60296093	     25.66536308	     34.81864345	      9.18697916	     82.91018225	     55.88380839	     52.50671678	     23.79017712	     23.99143291	     19.85691682	    206.36915321	     28.60472426	     65.52889655	    239.53914562	     19.09176615	     11.59306272	      8.50646589	      5.60100623	      4.75209987	      6.53030243	     39.18410378	      8.94298634	      6.81178376	     21.38155454	     25.12257306	      6.20863200	     81.16893989	     96.91237520	     11.82995150	      9.46796158	     21.99114884	     15.63601214	      7.27976824	      7.40183900	      8.47237597	     29.97330571	     13.24501940	     12.24759368	     14.78373966	      6.69549910	      5.98543881	    110.65488997	     26.12273073	     58.60427778	     25.66552779	     34.81858471	      9.18769442	    315.91415537	    315.91601798	     28.85200727	     28.85180101	     25.97258180	     25.97175129
      1.16000000	    102.76096812	     65.24422327	     60.00499919	     25.10725279	     27.66628181	     22.17374882	    285.23166171	     34.59085684	     75.94372095	    260.34702677	     17.17890625	     12.98096797	      9.95359949	      6.93691800	      5.97828822	      8.31967949	     33.25627365	     10.84899447	      7.97710550	     23.16515143	     25.92939563	      7.42539126	     98.48010739	    138.10313865	     12.73026270	      9.91869720	     24.63116299	     17.36905841	      9.06622535	      9.21621228	     10.90858702	     33.43449226	     14.49238588	     16.36606980	     19.22297514	      7.36944012	      6.35694083	    107.86884081	     26.10183468	     60.00381008	     23.68297577	     27.94474444	      9.32750000	    100.70754194	     63.90551907	     58.53695832	     25.33423675	     25.98419068	     22.01035374	    280.22611863	     34.20022994	     71.12314583	    272.13688974	     17.90057153	     12.94049470	      9.93495630	      6.94315846	      6.00010467	      8.40084205	     34.54285945	     10.83152949	      7.92742895	     22.25327256	     24.99441001	      7.48919975	     98.55001989	    116.88856583	     12.57910297	      9.49217109	     24.64799272	     17.41523725	      9.14579185	      9.29215405	     10.97899318	     36.11123458	     14.74249759	     16.62269815	     19.40505466	      6.32798881	      7.23234970	    112.45811454	     26.84845661	     61.34893925	     24.26542934	     27.62515164	      9.34735722	    398.96815887	    398.96886156	     31.90193470	     31.90186138	     28.53553098	     28.53521070
      1.17000000	    111.37430159	     64.49270173	     59.43169812	     26.74888366	     26.96018513	     24.09830118	    366.47765969	     51.36086466	     99.34772670	    271.92700973	     16.79133225	     12.88410050	      9.52417079	      6.69862399	      5.81348447	      8.15875321	     28.59812896	     10.50954555	      8.30712419	     22.73372079	     24.49527012	      7.01577218	    139.25962959	    157.09598598	     12.16865896	      9.82950775	     25.97276672	     13.93091292	      8.06918335	      8.15796894	     10.01446789	     61.13890193	     20.68764614	     17.84172738	     20.43880841	     10.68552844	      9.39615621	    122.94792083	     27.64985016	     62.14674424	     22.88000223	     22.95049822	      8.53081667	    110.97338064	     64.17081813	     58.84023148	     26.59119768	     27.20255968	     24.17896325	    363.26958088	     51.13202091	     99.79986786	    277.15692290	     16.90769922	     12.88721587	      9.53047249	      6.71806631	      5.81231449	      8.12175782	     28.53620230	     10.48280631	      8.26751598	     22.85286368	     24.61689225	      7.05358467	    137.02531395	    155.06804745	     12.04639240	      9.80254369	     25.41710033	     13.92030704	      8.04516876	      8.16815643	     10.02848573	     60.34137868	     20.54784594	     17.73142322	     20.47390862	     10.64326275	      9.36658153	    121.69981679	     27.24487133	     62.06708237	     22.66017704	     22.83500175	      8.56216413	    459.20652103	    459.23856778	     29.01088965	     29.00775498	     26.01467794	     25.99975443
      1.18000000	     88.99201152	     59.29805373	     62.66060013	     15.93283672	     18.22176868	     18.22505060	    472.72742580	     62.38295880	    132.41693652	    305.24194317	     10.46935537	      7.21466527	      4.59555168	      2.87924947	      2.20656037	      3.06810135	     13.79567740	      2.83553974	      1.89528059	     12.15470655	      4.47064896	      2.89664358	    156.70249458	    182.17071281	      3.96109784	      1.95789966	     22.13273830	      7.91293713	      4.20328197	      4.34627169	      6.04305564	     91.74901705	     17.67136204	      7.13484428	      8.58445525	      9.78752166	      7.31262469	     91.55151323	     12.26117133	     38.24637923	     11.42346462	      7.18091982	      2.28661573	     89.00565205	     59.36943481	     62.62677557	     15.89686711	     18.21788565	     18.21895393	    472.40142948	     62.34629021	    132.65762627	    305.45568941	     10.48047744	      7.21466531	      4.59555174	      2.87924969	      2.20656046	      3.06810115	     13.79377829	      2.83554048	      1.89530548	     12.14692967	      4.47092634	      2.89664421	    156.57306288	    182.16994012	      3.96110766	      1.95711749	     22.06250825	      7.91293711	      4.20328192	      4.34627164	      6.04305558	     91.81531264	     17.62636234	      7.13484246	      8.58445218	      9.78911815	      7.31083990	     91.54686089	     12.30922995	     38.16818456	     11.44635209	      7.18091988	      2.28661554	    483.74604089	    483.74610160	     12.30361543	     12.30360986	     12.05880853	     12.05877973
      1.19000000	    114.87238606	     65.45173782	     57.72248215	     33.69329701	     30.49535188	     28.79377641	    623.30094020	     62.23159814	    163.04260469	    238.60315349	     17.49818543	     18.71927559	      8.07233899	      6.91377797	      9.04712102	     11.67637414	     20.85963498	     18.28645110	     10.13295005	     14.23843704	     18.96151953	      6.96701109	    362.95490587	    150.49685811	      8.67758912	     12.97785516	     35.97117707	     14.59129516	      9.68706493	     10.13712890	     13.16543407	    132.76206891	     45.74343185	     24.52596197	     32.50027429	     24.68747732	     20.16463981	    175.08262344	     35.63102000	     72.48468459	     26.90264649	     17.18973797	      8.35563040	    119.49557746	     72.18560065	     62.33372233	     32.84805125	     31.71164488	     33.50588947	    601.22501922	    167.11763362	     81.27186479	    172.64969791	     18.64926336	     28.89960015	     12.86665666	      5.84060154	      6.73807005	      8.92501706	     21.42027598	     14.41354221	      8.05610255	     28.39024427	     23.51847718	      8.89137391	    207.67485393	    334.80292145	      9.47500774	     13.53933828	     29.58265138	     14.94660261	      9.72429698	     10.52136097	     13.30513705	    148.89174271	     48.67374373	     21.04229676	     42.16149142	     24.54584701	     19.96308177	    206.84949887	     37.22367234	     96.30098076	     27.61294557	     16.59168237	      8.55120792	    548.22226728	    584.03898164	     48.85364532	     45.75627180	     29.14676163	     11.89765013
      1.20000000	    107.93266555	     52.69060113	     48.94152351	     17.60651947	     19.44213805	     20.77890664	    583.15237578	     97.84575296	    235.09010687	    322.33603012	     10.55176566	      7.06749110	      4.96150698	      3.49111594	      2.95011517	      4.47668806	      8.70502882	      4.17020108	      6.62450468	      6.61833469	      6.72533622	      4.42798176	    244.41946997	    265.37295347	      5.00800182	      3.59080388	     22.10312933	     11.18903112	      7.84621667	      8.35051965	     11.15206605	    177.20846307	     36.87665882	     10.68804460	     12.83045657	     24.60260247	     18.82567802	    155.49372250	     18.89491521	     53.69836733	     13.50649123	      7.09526171	      2.48136785	    108.33604131	     52.72423046	     49.19151795	     17.71450377	     19.55318574	     20.88456135	    582.83625934	     97.81682202	    235.02744544	    322.42426856	     10.55854307	      7.08145097	      4.96568765	      3.49388991	      2.95235497	      4.47769276	      8.58319107	      4.18659169	      7.27814161	      6.59482959	      6.72257644	      4.42863617	    244.07769112	    265.58321300	      5.02180024	      3.61009052	     22.02596703	     11.18901436	      7.84624981	      8.35055119	     11.15210155	    177.02907348	     36.85551346	     10.68853747	     12.83141922	     24.60318453	     18.82491692	    155.21867450	     18.70695368	     53.74571549	     13.48803479	      7.09512117	      2.48139092	    532.47627901	    532.47628759	     13.18447374	     13.18447239	     12.56154976	     12.56154752
      1.21000000	    201.62443288	     68.91638643	     45.76362565	     38.42412476	     39.75357953	     41.90888986	    619.11350225	    118.14279380	    288.08640947	    384.37731257	     20.09757774	     49.55382638	     28.41352137	     19.29605371	     16.96564538	     22.34984864	     24.67856637	     21.57737560	     19.05117704	     26.65264351	     26.52021944	     16.29798617	    306.28680291	    346.30675609	     21.83632917	     14.13661658	     39.02597869	     23.98606226	     19.37020647	     19.99317215	     24.79443400	    211.93389586	     54.45119423	     38.94786473	     54.51461167	     46.88037274	     39.20417177	    239.43400927	     48.89749745	    107.86905328	     25.95231185	     27.92758476	     12.29751597	    199.61690215	     70.76818690	     47.46038991	     38.04834973	     40.81421430	     42.33377469	    637.75390721	    116.36665709	    279.37622752	    371.38449933	     20.32592629	     49.86969718	     28.81072884	     19.22333682	     17.03794390	     22.30048510	     25.05825180	     21.65358267	     19.30079489	     26.52719348	     26.68235783	     16.39153292	    320.96279930	    340.51604318	     21.89945501	     14.10902599	     39.14555618	     23.97325410	     19.37830024	     19.99258243	     24.79015355	    211.85841425	     54.01584520	     39.25632702	     54.99080936	     46.91084044	     39.23328531	    239.56482559	     48.02381298	    109.18133461	     25.96155367	     28.01725695	     12.27627014	    680.66054972	    675.73803327	     65.16403963	     65.56450759	     58.31052352	     60.71840490
      1.22000000	    196.85917126	     68.88637211	     51.02277564	     34.23068172	     37.02662238	     39.67218495	    437.32195664	     84.75843202	    167.98946172	    305.70221014	     17.99733721	     21.78826952	     38.22781576	     26.70077278	     25.98549350	     30.93718200	     34.43362567	     19.07746350	     12.56401992	     51.54753401	     53.22520489	     28.70498949	    297.73238680	    321.40637934	     19.46369277	     10.72369788	     34.23668831	     32.15544530	     25.82130247	     26.40787141	     32.43161619	    121.55790424	     27.35096748	     52.16412074	     64.55393949	     40.46073449	     31.66786264	    235.03280772	     55.79103111	    137.64217807	     23.81808947	     46.96790988	     15.32017161	    196.01906580	     71.08308770	     55.55895909	     34.05194200	     37.00280130	     40.10068627	    437.91907732	     84.73187073	    170.83412701	    303.97387049	     17.89200223	     20.43694907	     37.92610513	     27.79697173	     24.97413396	     33.72835627	     34.34194725	     19.19859433	     12.48413707	     41.12956246	     50.83148031	     25.41836683	    293.36865714	    316.63998769	     21.16165480	     10.85440400	     35.81956293	     32.97495851	     25.82885222	     26.70118925	     32.26888055	    121.03134391	     27.23828282	     51.86518235	     64.45742597	     40.10934531	     31.46569454	    233.87183461	     55.58451074	    136.99534260	     23.70807940	     46.36810950	     15.30990706	    638.31351865	    665.31666440	     92.56630376	     90.39748503	    127.88428314	    114.63401319
      1.23000000	    113.18141439	     27.20482536	     19.97665615	     22.69000815	     24.66193789	     24.93164179	    583.83627247	    119.70397169	    334.33261858	    336.41008740	     15.36378725	     33.51141915	     11.58209883	      7.52326363	      6.47461828	      8.45371572	     11.87090762	     10.63344059	     14.25010001	      9.71323312	     11.24178032	      8.01326968	    256.87453217	    277.48157383	     10.02155803	      6.92860330	     21.74118005	     17.60657517	     14.76492618	     15.87113800	     20.68281388	    233.07284424	     52.76570733	     19.96506468	     28.22836959	     47.63805399	     37.78288429	    152.77487458	     23.58971811	     46.17315292	     11.35906322	      9.83016358	      4.46254989	    113.57217065	     27.15619339	     19.94638380	     22.70888156	     24.71309370	     25.04319502	    583.28078439	    119.63518761	    334.11752308	    336.84429333	     15.41884258	     33.48095382	     11.62468883	      7.54386143	      6.48561856	      8.45480078	     11.87820706	     10.62329646	     14.88842310	      9.69400015	     11.23189308	      8.01318730	    256.35255033	    276.97771021	     10.04386061	      6.93732325	     21.83950419	     17.60372089	     14.76295524	     15.86921375	     20.68071191	    233.23161299	     52.74057177	     19.94592347	     28.18334834	     47.63830368	     37.78452548	    152.91480905	     23.59525158	     46.20293758	     11.36131488	      9.83258343	      4.46216578	    559.80839966	    559.80840241	     24.29226461	     24.29226425	     22.23989778	     22.23989633
      1.24000000	     82.41539118	     16.73443801	     14.02476102	     12.23206389	     11.80072012	     11.59599190	    505.86383431	    108.79135300	    310.00742093	    301.62350926	      7.56393598	     25.85693747	     11.27829463	      7.97846125	      7.02527300	      8.93001235	      6.42956418	      4.01569784	      4.70247471	      8.78841395	     11.04501432	      8.24449087	    231.36589013	    248.24376762	      7.67307508	      4.10855323	     11.97161091	     18.06315790	     15.61783677	     16.79397419	     21.95382748	    210.61951714	     37.91298158	     21.72988444	     29.43919255	     50.91087823	     34.79839273	    102.34195476	     13.96457949	     29.27510990	      5.46429018	      8.51831825	      3.91538601	     81.26974101	     16.78647718	     14.08492471	     12.22367398	     12.11054196	     11.98510668	    503.83104814	    107.23940364	    309.11691944	    307.88663578	      1.48774546	     23.92327950	     11.30670480	      7.97163021	      7.01339826	      8.91881511	      6.39331062	      4.01425108	      4.85026588	      8.77853962	     11.03007098	      8.23473098	    231.80127819	    250.47831133	      7.68877945	      4.12247289	     12.12224261	     18.06111264	     15.61488449	     16.79105804	     21.95072841	    211.14076421	     38.19230491	     21.80661016	     29.60100284	     50.50931001	     34.98810698	    103.98031572	     14.16196132	     29.97016496	      5.52850641	      8.36271417	      3.81691723	    499.55272690	    499.55287579	     21.13799227	     21.13813911	     19.81040886	     19.81040058
      1.25000000	     37.33435432	     10.81284099	     10.55519704	     11.31156773	     21.53888761	     38.36716966	    178.69046810	     38.08931585	    123.64267088	    138.78268461	     10.74512999	      8.80377585	      4.80548372	      3.87527239	      3.66406102	      6.35337716	     11.71060313	      4.69680447	      4.67683117	      6.00686715	      8.90912031	      6.89445728	     91.62623861	    103.12278874	      4.76410321	      3.50913549	     12.14476597	     17.26750974	     15.56618360	     16.81494176	     22.34541777	     85.00338359	     20.30386511	     17.00459212	     19.97789292	      8.52407024	      6.37376819	    100.83545483	     10.34054717	     16.30365186	     46.14833685	      5.35801269	      1.99036796	     36.96925977	     10.79378120	     10.54333653	     11.26641091	     22.57346264	     39.42510666	    177.31385505	     37.32861002	    124.07233649	    139.28157230	     11.02469755	     11.14555739	      4.78117759	      3.87128270	      3.66212671	      6.35271073	     12.10482696	      4.30057055	      4.35103612	      6.00808369	      8.90975249	      6.89440970	     89.08705448	    100.96699554	      4.76722913	      3.51586433	     11.77878298	     17.26750621	     15.56614108	     16.81489944	     22.34537455	     87.22322959	     20.91610438	     17.00179430	     19.94275033	      8.50802273	      6.38723775	    103.56327547	     10.36299995	     16.32683129	     47.70081477	      5.35802871	      1.99011480	    226.07326210	    226.07340586	     11.27853070	     11.27866723	     10.68751852	     10.68756815
      1.26000000	    109.79956619	     52.43292841	     40.50151775	     39.33509069	     42.44480885	     44.08103266	    309.97576835	     97.64897842	    201.16623040	    178.61819576	      1.57496981	     72.93989539	     47.17036254	     30.79227320	     23.80441068	     22.05394615	     21.75675876	     21.72679487	     14.61637599	     25.83499479	     25.95892341	     18.18790490	    226.60515671	    231.42201485	     31.20548880	     16.47577504	     40.54198879	     28.47904401	     24.22159109	     25.50755106	     31.46498729	    146.23109723	     26.18085869	     58.39807484	     91.23316743	     49.19485909	     43.44418882	    158.99148884	     51.45718110	     89.67651213	     20.23013679	     24.30648568	     14.40706052	    109.80274719	     52.43859349	     40.50271692	     39.33428801	     42.44275678	     44.07786944	    309.96750943	     97.64436462	    201.19674892	    178.59725194	      1.57121294	     72.94527191	     47.16597892	     30.78811719	     23.80070653	     22.05115736	     21.75504247	     21.72741935	     14.61847204	     25.83745698	     25.96065119	     18.18759279	    226.61907152	    231.43906408	     31.20603945	     16.47532405	     40.53762850	     28.47905431	     24.22130883	     25.50726942	     31.46470658	    146.23976046	     26.17220714	     58.40049195	     91.23540321	     49.19612993	     43.44296136	    158.99607171	     51.45792275	     89.67939291	     20.23024301	     24.30671689	     14.40703231	    467.83629464	    467.83632515	     86.43194594	     86.43194345	     81.41846109	     81.41844615
      1.27000000	     34.43550278	     11.99985831	     12.04626815	     12.55592890	     19.51891394	     12.73668058	    108.85744663	     27.68425195	     19.88656592	     66.50040556	      5.67344518	     23.41325115	     10.43128296	      5.80245731	      4.95632407	      7.40773868	      7.55739132	      5.66444492	      4.96501038	      7.17898476	     10.12084203	      7.80409821	     89.41026879	     82.96011791	      7.84937946	      5.62150295	     40.84254820	     18.37470144	     17.76464274	     19.12442963	     25.57642979	     17.08100853	      7.38210312	     20.46983904	     28.58238727	      9.46300357	      8.40134243	     62.22663265	     18.14423385	     37.44763052	      9.08606966	     14.24917600	      3.66154851	     34.43707902	     11.99992911	     12.04633188	     12.55614704	     19.51883927	     12.73669202	    108.84482536	     27.68076113	     19.90608254	     66.50012652	      5.67375488	     23.41206198	     10.43139431	      5.80250263	      4.95636064	      7.40776924	      7.55789757	      5.66442980	      4.96482343	      7.17902019	     10.12087047	      7.80411827	     89.41433740	     82.96359647	      7.84939907	      5.62154166	     40.84000102	     18.37465852	     17.76463529	     19.12442221	     25.57642259	     17.08032494	      7.38201428	     20.46987213	     28.58282310	      9.46302526	      8.40136933	     62.22568336	     18.14434146	     37.44729910	      9.08609722	     14.24926220	      3.66151668	     89.12841423	     89.12904731	     21.89934415	     21.89929056	     20.60716980	     20.60686196
      1.28000000	     60.07182908	     30.99719337	     28.04761305	     19.19150381	     22.42898386	     25.78020772	     40.41089391	     21.70562938	     34.18773871	     50.61529191	     11.97581975	     37.98812833	     26.13276554	     19.54768051	     15.70036665	     16.82025524	     13.58248437	     11.63596663	      9.76691634	     17.63930953	     19.83107709	     14.79564176	    110.16678707	    116.49986928	     22.12821740	     10.95109832	     29.83583554	     37.44890618	     27.06235188	     28.43986312	     35.13153741	     26.92968210	     12.71528838	     34.85951142	     48.16934569	     22.28499218	     20.61429639	    116.05732684	     33.70470882	     78.04506033	     12.75526007	     33.01496494	      9.33344990	     60.05514551	     31.01641674	     28.06258781	     19.19187543	     22.42494985	     25.77603356	     40.77799234	     21.65248046	     34.29062901	     50.73447623	     11.94360272	     37.86578122	     26.14219278	     19.56025038	     15.72224067	     16.86633332	     13.60790235	     11.64046437	      9.73235738	     17.66362657	     19.86475952	     14.82807759	    110.54541595	    116.84753638	     22.13083845	     10.94996062	     29.83408632	     37.58822355	     27.12387603	     28.50097859	     35.19078564	     26.87254987	     12.67405911	     34.86992721	     48.18162560	     22.34888260	     20.56730492	    115.90152744	     33.69208356	     77.98472565	     12.75193153	     33.04442677	      9.33015246	    136.80604348	    136.80605687	     64.22783535	     64.22788473	     63.61704259	     63.61708218
      1.29000000	     17.91374799	     10.23618358	     10.42176663	      6.09137030	      6.83093180	      7.57179962	      8.75378571	      4.79162372	      9.14872475	     18.50193413	      4.15699534	     18.86251170	      9.31713195	      6.32746028	      5.18639985	      7.56963918	      5.02828259	      4.00137425	      2.87305085	      6.95447372	     10.15292912	      8.01477882	     57.74981873	     61.33531542	      6.61274997	      3.43804096	      8.59032101	    117.59167467	     20.43500365	     21.86077106	     29.04614274	      4.93909494	      2.67649839	     16.34053453	     17.57712448	      6.10609717	      5.27080583	     76.59448427	     16.93830495	     46.03719590	      6.58828692	     18.17387074	      3.06429218	     17.89202774	     10.23617471	     10.41979848	      6.08272216	      6.82629282	      7.57300051	      8.75403354	      4.79189242	      9.14948764	     18.09375441	      4.15409480	     18.77438862	      9.30101703	      6.32731173	      5.18702787	      7.57035252	      5.01745766	      4.00073615	      2.87297957	      6.95520489	     10.15375313	      8.01568251	     57.82244963	     61.65750028	      6.61591689	      3.44154817	      8.58671109	    117.33229821	     20.43724714	     21.86301771	     29.04840464	      4.93856651	      2.67622817	     16.34050337	     17.57701490	      6.10605112	      5.27079889	     76.59238845	     16.93545609	     46.03781772	      6.58925040	     18.17371548	      3.06438486	     28.09055388	     28.09055892	     58.93818972	     58.93818720	     63.41246515	     63.41245812
      1.30000000	     81.80888283	     39.83066535	     34.81735368	     21.33786692	     24.94315110	     29.80174114	     28.26733231	     16.94560709	     25.15117128	     48.71515142	     12.08383703	     41.05293375	     27.97966168	     21.20407036	     17.56659656	     19.78228318	     15.54148653	     12.72079920	      9.48840332	     22.17319374	     24.20612501	     17.41183497	    114.26391576	    118.15836651	     23.87765721	     12.48527599	     34.77988320	    324.30705196	     48.06866075	     49.46007425	     57.26711385	     15.11284662	      9.49449795	     25.58151016	     32.36157711	     20.04093867	     17.89190458	    181.80264677	     44.56215377	    113.23413392	     17.91306714	     58.60372618	     11.39394740	     81.80858166	     39.83125057	     34.81752642	     21.33781218	     24.94323411	     29.80158403	     28.26751364	     16.94564787	     25.15102643	     48.71545621	     12.08382334	     41.05336524	     27.97968628	     21.20425639	     17.56622313	     19.78243052	     15.54164432	     12.72076334	      9.48840992	     22.17310656	     24.20616480	     17.41182349	    114.25415096	    118.16913946	     23.87737175	     12.48521048	     34.77999891	    324.30614929	     48.06904041	     49.46052445	     57.26752240	     15.11278361	      9.49449309	     25.58149476	     32.36156663	     20.04107505	     17.89185686	    181.80167471	     44.56346343	    113.23185542	     17.91353196	     58.60379691	     11.39397885	     77.14798821	     77.15008386	    111.90667881	    111.90650486	    118.03807357	    118.03705359
      1.31000000	    108.04101448	     60.94704093	     54.71660815	     28.97524496	     34.27353137	     42.72920572	     32.56591357	     21.30451872	     28.10402277	     55.42130469	     17.52007873	     49.42851036	     36.05737410	     27.91150273	     23.87582347	     26.69978391	     23.15500011	     17.65508946	     12.51738344	     33.31202101	     33.97974050	     22.51329089	    178.08455668	    176.54670026	     33.46865489	     17.90447025	     53.49164508	    376.18986058	     87.27394336	     89.23111313	    100.64555040	     15.48702702	     12.80402255	     16.83694321	     21.37723686	     25.52856614	     22.58908217	    204.30442407	     32.60859738	    146.40056887	     18.42137315	     72.67348972	     18.61132060	    108.54450805	     61.11615464	     54.98524429	     28.99342121	     34.24962627	     43.09581126	     32.18772364	     21.27611347	     27.96341902	     55.33522371	     17.59988153	     49.82991123	     35.94433659	     28.16147553	     23.85153316	     26.65923132	     23.13150815	     17.65035852	     12.50075109	     33.36741117	     34.05253619	     22.62851498	    178.31635272	    177.44125610	     33.66152349	     17.95326671	     53.84232767	    373.69384217	     87.52366434	     89.44187802	    100.90114501	     15.40735226	     12.71945755	     16.93522005	     21.34074726	     25.51473243	     22.59384841	    203.71820450	     33.06302164	    145.32938390	     18.59184637	     72.68624442	     18.54080392	     63.85287093	     63.88827925	    131.86154038	    131.89271797	    133.13970315	    133.03063000
      1.32000000	     60.26282067	     10.19206125	      9.01821222	      6.47141205	      7.21612530	      7.39027052	      7.78038088	      3.73417164	      8.33222619	      6.21000820	      3.91717882	      5.40292721	      4.27997766	      3.93453215	      3.66583013	      6.46230894	      7.45956140	      2.15188841	      1.49837005	      5.92984705	      9.10182507	      7.22928136	     67.04026063	     69.06224061	      4.76418933	      2.09565969	      6.82446907	    459.15163668	     60.45686708	     70.67314179	    129.84010046	      4.76692117	      2.33405771	     14.47764447	     15.52034076	      3.10495299	      2.90544839	    233.34397889	     40.36271512	    138.04758657	     17.30922952	     60.92560611	      1.93833263	     60.86123562	      8.51991256	      9.04021271	      6.48949439	      7.59371491	      7.90764313	      7.78013435	      3.73343349	      8.33256829	      6.21230371	      4.05150244	      6.24019371	      4.33927273	      3.92086726	      3.65746338	      6.45891695	      7.59301283	      2.08780021	      1.49250211	      5.94144894	      9.10831640	      7.22925646	     64.58211436	     66.88789175	      4.76867826	      2.10615603	      6.85854951	    461.82664871	     59.77778657	     69.87075162	    128.33908978	      4.76692597	      2.33406152	     14.47764447	     15.52034077	      3.10495297	      2.90544848	    233.34399861	     40.36269013	    138.04762411	     17.30922873	     60.92560632	      1.93833272	     25.25835124	     25.25835125	    121.55757256	    121.55757300	    137.05875654	    137.05875589
      1.33000000	    118.04415205	     61.93402437	     56.81347610	     28.38455762	     31.68037625	     38.62033067	     35.09444997	     21.22376229	     31.47935386	     59.52562595	     16.26753745	     46.20981251	     31.74715049	     23.97541996	     20.89749203	     26.26935395	     24.35509477	     17.46110519	     12.05225692	     34.62623078	     37.19087082	     23.61641154	    170.11069438	    173.36877969	     29.24596619	     15.89680131	     48.44767531	    533.21593144	    120.66450399	    125.66452939	    151.68168445	     16.51808365	     11.74762840	     24.71047592	     25.16214162	     23.37499972	     20.76980147	    281.11116289	     62.58718804	    170.01276124	     26.27799089	     91.00753456	     15.26016779	    117.81003138	     61.96537648	     56.82999460	     28.41119673	     31.69376352	     38.58676686	     34.95801182	     21.14938885	     31.33442138	     59.57354549	     16.26896242	     46.31847604	     31.65784461	     23.90793144	     20.99394137	     26.25636776	     24.40456362	     17.45345127	     12.03981922	     34.58514692	     37.13311157	     23.61036830	    170.11868298	    173.30101325	     29.18569395	     15.90202233	     48.52009489	    532.32259520	    120.70949224	    125.58009576	    151.60875356	     16.45572704	     11.72361066	     24.68216270	     25.97393901	     23.40239032	     20.74295272	    281.48611252	     62.75354155	    170.72903509	     26.31996983	     91.07475083	     15.24984632	     89.81413850	     90.22893413	    156.59376031	    156.63858194	    166.97922778	    166.62818648
      1.34000000	     64.41121000	     44.00815426	     45.80045252	     25.17821519	     26.88373427	     30.82050689	     47.40179774	     25.26796512	     39.36864610	     41.14140180	     14.81900322	     35.29107995	     29.64520929	     23.57094381	     20.97483980	     32.17764629	     22.14630118	     11.49972561	      8.66320295	     25.76099121	     41.45098868	     27.49088138	    179.57337837	    183.45533247	     21.84521198	     12.14443260	     40.26681304	    409.24923247	    130.94930550	    137.20041618	    139.76932615	     29.17313041	     18.93648008	     45.70390069	     57.29626060	     19.88529789	     20.49479421	    253.16362929	     57.55950202	    157.20336464	     23.67174590	     47.34793922	     10.48671286	     65.35109689	     43.74628020	     46.18578925	     25.17264457	     26.58929841	     30.83202941	     45.63789493	     25.26771418	     38.36519324	     41.24525096	     15.11508871	     35.07439112	     29.66909193	     23.53833541	     20.94092436	     31.23995408	     22.14112529	     11.48127269	      8.66200968	     25.71175786	     40.41992335	     28.91076205	    179.37333471	    184.32897292	     22.05722065	     12.08572228	     40.32718381	    405.37502886	    130.56045559	    135.92949597	    143.47016414	     29.25413390	     18.92592976	     46.64744343	     56.28443859	     19.92790432	     20.51696187	    254.11747099	     57.37006193	    157.25315028	     23.63945405	     47.39038212	     10.51211826	    147.77528173	    149.53455220	    169.02694957	    168.88234890	    186.39730914	    185.54078022
      1.35000000	    122.51707932	     90.23908494	    102.21010743	     42.32873948	     45.62918183	     51.90727805	     49.76493214	     27.18791442	     39.45980485	     90.30274425	     26.50646558	     48.62701738	     43.94276617	     30.21152717	     22.73580530	     37.33390338	     49.87094937	     28.01418666	     18.07806777	     57.54394350	     58.23489556	     28.27992700	    306.50600050	    318.26852668	     44.26208863	     23.71833477	     65.74217018	    429.03228578	    152.77746578	    206.55775790	    315.45833066	     26.32413081	     19.40818269	     28.20883567	     42.25645032	     36.50210335	     33.73996392	    322.38926203	     83.07014269	    196.58636922	     36.61283401	    115.63446741	     22.65876856	    139.92729366	     51.87762296	     76.66844575	     40.60522091	     46.49332704	     48.58386240	     49.35384022	     26.23484655	     46.01883168	     96.48914997	     27.97864348	     48.98378475	     44.70341403	     28.79215517	     25.46943133	     30.53103461	     46.55404818	     27.75428685	     19.05096077	     58.35480395	     29.79662770	     28.65222072	     86.47639848	    336.43284356	     42.62673078	     23.21291271	     58.54562587	    547.78786809	    160.95399362	    198.40309979	    193.33257580	     25.05194513	     18.79271656	     28.80551184	     44.39467805	     36.51841045	     33.15393408	    325.68490936	     76.72349304	    208.61447152	     34.78938422	    114.47676984	     23.15052980	    156.16154640	     98.23373697	    230.77644551	    235.58748233	    142.59502085	    170.78531442
      1.36000000	     16.51590154	     11.21075284	     10.66267648	     14.07778958	     11.82694725	     10.57041469	     13.19146546	      6.03309142	     11.18043227	     13.26148263	      7.71103640	     52.14952413	      8.04218799	      5.39436870	      4.57615126	      6.16488040	     15.55511810	      9.20076850	      3.25867574	     45.07990330	     12.95822820	      6.58100924	    118.66279310	    112.92211958	     10.59013195	     15.82973019	     11.39124017	    271.44302787	    104.87140940	    117.10099502	    200.47595190	      9.47386879	      5.39147872	     15.43553304	     17.13181178	     10.85142519	      6.81225839	    131.87285448	     29.71648791	     75.30737072	     12.47512443	     26.65721633	      6.71848798	     16.31396104	     11.21286338	     10.81552444	     14.06723536	     11.48597226	     10.56195808	     13.23901933	      6.04417075	     11.17456076	     13.24990677	      8.06084282	     48.85055253	      8.14902581	      5.44287586	      4.60914432	      6.20853346	     15.24914727	      9.38672862	      3.27094508	     39.69037013	     13.00187403	      6.64848793	    125.14216433	    106.68177742	     10.78009528	     15.94287581	     11.76956735	    269.12824168	    103.78317625	    117.13270698	    204.28281870	      9.45931656	      5.38531107	     15.42086465	     17.14309367	     10.85553529	      6.81473817	    131.90399837	     29.46605963	     75.62295751	     12.43446153	     26.66815367	      6.71526890	     31.88211139	     31.90048434	    134.01950035	    134.01822312	    129.74333955	    129.73465597
      1.37000000	     75.11408579	     61.36410268	     67.04583518	     32.16316973	     33.65262018	     34.13252160	     38.09927811	     23.35449524	     35.12456385	     56.05855329	     23.62627408	     46.43553054	     32.94759745	     23.05328176	     19.83737877	     26.10796866	     42.44833288	     27.52228646	     15.09840434	     42.72043815	     55.12727456	     27.61410165	    252.91141515	    256.18597877	     37.91778091	     19.05749678	     45.53059832	    259.03390666	    145.94185469	    148.92089974	    216.56501486	     22.28684758	     17.27210689	     28.17958556	     35.23989727	     32.25183168	     27.96771144	    193.97072979	     62.58922332	    111.20412191	     26.39585224	     71.97047766	     18.40647877	     75.40415721	     61.09186363	     66.90795487	     31.96727886	     33.56169793	     34.51373567	     38.33085237	     23.55579994	     35.30488636	     56.72668389	     24.11952485	     46.71253646	     33.27363420	     23.20138693	     19.96968551	     26.33430585	     43.27393558	     27.58211760	     15.23527215	     42.76417032	     54.94646998	     27.89189003	    250.90154342	    253.64593158	     38.11687030	     18.95444013	     44.75444341	    262.75766601	    138.09355856	    148.74055176	    221.15748508	     21.89331170	     17.01416355	     27.77927231	     35.66610152	     31.99658079	     27.65025405	    194.02715201	     59.87800712	    114.45475784	     25.46021319	     72.05410863	     17.80300840	    107.49701917	    107.55945185	    163.89349364	    163.89201217	    164.26518640	    164.19442649
      1.38000000	     43.33061872	     29.18894834	     30.79942508	     14.49431016	     15.21782455	     15.16412312	     13.85308945	      6.19642017	     10.85704371	     12.89153529	     10.73592520	     11.24561300	      8.40982684	      5.94376450	      5.25352308	      6.94377057	     29.96686645	      9.14794097	      3.83588165	     16.34953740	     18.64768475	      7.00950689	    151.68900515	    153.08388172	     11.00241811	      7.16558527	     18.33053354	    306.16317115	    106.11285140	    107.33903077	    194.97570651	     10.96958235	      6.11405910	     15.07981175	     16.60691488	      9.98671060	      7.91526189	    227.31379733	     43.74590023	    134.30102778	     19.54085139	     63.41893175	      6.96622470	     39.37648312	     32.39460182	     33.76332222	     14.31413635	     15.36903731	     15.74032956	     13.82300711	      6.17315441	     10.83491136	     12.93477145	     11.28063403	     11.00870885	      7.88066126	      5.66688859	      4.99671951	      6.60317122	     28.81364068	      8.72864949	      3.77480001	     17.20230419	     20.56024730	      6.95774878	    146.50044406	    149.31315014	     11.77905315	      7.59365292	      3.22318879	    315.46682409	    111.73715137	    119.11116692	    167.82900698	     10.97469090	      6.11836746	     15.08303848	     16.61586850	      9.98299235	      7.91846723	    227.02271370	     45.32119689	    132.49702462	     19.61850211	     63.41326432	      6.97046183	     32.28840318	     32.28840000	    125.56845059	    125.56850413	    138.85526549	    138.85528371
      1.39000000	     65.26221208	     46.87520690	     48.81454640	     25.73717470	     26.61221816	     25.26895307	     12.93239719	     10.01934226	     12.51103503	     20.63408485	     19.33934575	     33.85258885	     25.02228741	     17.23401462	     14.92864530	     19.42222746	     39.70537586	     22.20201281	     10.39301264	     30.44717258	     40.46210666	     20.02520332	    179.45068995	    186.27968846	     26.31693708	     14.43817887	     30.66925974	    213.01599652	     87.00742004	     95.27458657	    139.83815496	     13.69545300	     10.43943576	     19.72062605	     21.74117593	     21.51794809	     20.31391877	    178.13930482	     50.79076494	    101.24181747	     21.53362130	     65.61157675	     14.86099748	     64.45809578	     48.59398481	     50.85188801	     26.51451071	     26.39570777	     25.38064042	     13.42528805	     10.64099332	     12.20512179	     21.50564749	     19.00696608	     38.09607639	     24.13525475	     16.86049702	     14.42129543	     19.21841702	     38.71940939	     21.80034207	     11.54505591	     29.95197230	     41.32148027	     19.81343341	    177.05108087	    182.27173126	     25.76860545	     14.23587506	     30.75022725	    212.16819650	     87.10852726	     91.15470845	    138.97768244	     13.22564859	     10.34387864	     19.37840360	     22.23641830	     22.57005922	     19.42897822	    175.54954639	     50.75303273	    100.25884675	     21.09998749	     64.80789357	     14.69275077	     51.48116514	     54.06845042	    126.53350975	    126.08312400	    126.06621387	    124.72586898
      1.40000000	     47.37954628	     33.27796157	     33.04934327	     18.68233085	     18.65384541	     17.55204132	     17.70405472	     10.49084014	     15.52548319	     21.76413827	     13.60917218	     26.47435753	     18.87463083	     11.92430103	     10.05072418	     13.45308920	     30.32377758	     15.91182190	      8.10938636	     20.60054849	     27.58400258	     13.75276261	    129.24600105	    137.54268427	     18.45412973	     10.08545330	     20.37026926	    184.94434283	     56.77471970	     60.35113405	     94.61071598	     16.06739311	     10.65957461	     20.53009341	     23.57353378	     16.82335028	     15.00397996	    161.27206136	     38.91203520	     96.04178607	     16.52443620	     50.32855618	     10.12509534	     47.68718881	     33.60585484	     32.95161582	     18.77625239	     18.71991318	     17.67205057	     18.43203390	     11.00338164	     15.88741765	     21.72547119	     13.47993863	     26.29185381	     18.96540709	     12.10122481	      9.96744197	     13.62468420	     30.20618316	     15.93664757	      8.14956694	     20.66917036	     27.65630589	     13.78032767	    128.55416521	    135.34791071	     18.31246060	     10.11379800	     20.25023627	    183.55569708	     56.67282330	     60.36491425	     94.65817633	     16.20247928	     10.73394983	     20.42892962	     23.69315162	     16.91620793	     15.01279331	    160.85662701	     38.74414789	     95.76337536	     16.44484656	     50.02542570	     10.10747435	     54.12728927	     53.66598779	     96.52028795	     96.12536781	    100.07793605	    100.69617056
      1.41000000	     17.21562239	     12.77837078	     12.81022978	      7.50600792	      7.47115305	      6.92042480	     15.96274979	      6.92472102	     12.29281696	     13.86602442	      5.70299120	     13.99684764	      9.20233378	      5.46572219	      4.34401745	      5.67230881	     13.44017018	      7.16000623	      3.74105740	      7.91164353	     10.56232642	      5.70845904	     66.04769702	     70.49858631	      8.32515600	      4.35347344	      8.12859046	    101.62668357	     25.19662954	     26.99946363	     43.12056953	     13.97080987	      7.63408652	     15.58655516	     17.66811219	      7.77760989	      6.66281936	    101.93425343	     20.43597172	     59.40474523	      8.87907361	     23.39319129	      3.99130919	     17.21561868	     12.77836419	     12.81024041	      7.50600270	      7.47115242	      6.92042496	     15.96274826	      6.92472055	     12.29281973	     13.86602196	      5.70299424	     13.99684668	      9.20232900	      5.46571910	      4.34401421	      5.67230728	     13.44016723	      7.16000341	      3.74105743	      7.91163402	     10.56230396	      5.70845779	     66.04769479	     70.49857533	      8.32515347	      4.35347447	      8.12859204	    101.62666045	     25.19663003	     26.99950124	     43.12055722	     13.97080985	      7.63408638	     15.58655529	     17.66811255	      7.77760844	      6.66281904	    101.93424917	     20.43599975	     59.40471326	      8.87907494	     23.39318931	      3.99130918	     33.58420101	     33.58344161	     57.20933324	     57.20939599	     62.23559222	     62.23596226
      1.42000000	     54.33335022	     33.94003039	     30.17673642	     21.25083119	     20.20300160	     17.84457263	     73.79044045	     31.31991357	     55.23193298	     67.01941928	     14.50107402	     39.37826020	     27.45758693	     16.11071965	     12.73460281	     17.47269232	     25.70867902	     19.70489230	     13.02827238	     20.84949636	     28.87195771	     16.56767770	    113.67558906	    117.69545984	     20.60326445	     11.14569530	     19.40208937	     56.67046866	     25.92886077	     27.16661870	     34.90664997	     34.61049333	     23.97126500	     34.93704045	     48.41852596	     25.03153900	     22.50814011	    123.36988124	     35.41021840	     78.43782432	     14.89278317	     32.44747805	     10.37673410	     53.46737176	     33.71855036	     30.29226495	     21.21200912	     20.21111740	     17.86556489	     70.90633678	     30.76254744	     53.57076697	     67.42471687	     14.68126588	     39.53231366	     27.36370030	     15.98703045	     12.64721391	     17.33686108	     25.82019342	     19.79304343	     12.93188014	     20.71659913	     28.66090541	     16.32108662	    117.77405461	    120.91166636	     20.66520841	     11.25132486	     19.56419411	     57.57912201	     25.94677256	     27.02793088	     34.88393248	     34.80778534	     24.08140365	     34.97845991	     48.47552740	     24.96461692	     22.59353125	    123.15943005	     35.18271245	     78.20984290	     15.07733278	     31.88729927	     10.39336570	    160.92273212	    158.98521712	     70.00567359	     71.92611313	     70.49212959	     69.62082638
      1.43000000	     32.93868511	     19.50724027	     16.91000488	     13.33599578	     12.44785767	     10.78752396	    161.64832629	     33.91620279	     75.71201918	     99.59714545	      9.42762122	     31.88346368	     19.54954410	     10.82598231	      8.36119958	     11.02556277	     14.64978152	     13.29513731	      9.88917846	     11.87376680	     15.95421044	      9.85200343	     90.61150881	     91.53457865	     12.87819151	      7.02197406	     11.58453698	     17.62996493	     10.89018017	     11.19407275	     13.10784183	     47.35698738	     26.75503098	     29.71356609	     42.27110341	     22.95850456	     19.95499436	     69.67586266	     20.32166577	     42.05699507	      8.79754921	     12.93549039	      5.54767476	     32.99375017	     19.50486447	     16.90742995	     13.28811752	     12.45242833	     10.79410480	    162.33489307	     33.85474822	     75.52094763	     99.07731931	      9.44882274	     31.85615439	     19.48156781	     10.84049636	      8.35874322	     11.01944105	     14.63945253	     13.27495459	      9.87811880	     11.85411402	     15.99104030	      9.85275008	     90.69388878	     92.03735696	     12.94024394	      7.03450859	     11.58710478	     17.63322970	     10.88288814	     11.20445046	     13.09615986	     47.29054052	     26.75782146	     29.69675011	     42.27228054	     22.96866592	     19.95338471	     69.53981320	     20.30140350	     42.00198476	      8.79905155	     12.94351982	      5.54936506	    169.54939163	    169.87001538	     36.34977832	     36.32340682	     34.19847646	     34.04206595
      1.44000000	     26.22532687	     23.02815395	     13.08472800	     10.66569706	     10.85102641	      8.56671762	    110.91865424	     15.89310029	     48.76230711	     92.58713401	      8.12566831	     18.24386039	      8.77126483	      4.54744905	      3.60519966	      4.60506572	     13.26864596	      6.94704630	      4.91414260	      6.79389060	      7.25237371	      4.02866276	     36.03179740	     44.14117552	      6.20826225	      3.95391295	      7.88614811	      7.94657805	      4.35536789	      4.47705646	      5.48530272	     27.18523219	     24.67276336	     16.23428129	     20.73682750	      6.54720113	      6.09643130	     87.29699512	     12.08905076	     51.85313664	      6.21503825	      7.04298613	      2.73746836	     31.61452640	     24.58482940	     13.93220187	     11.18886125	     10.84938979	      8.69205856	     90.42832408	     20.55300769	     79.93581730	     73.58667126	      7.50950890	     12.91224593	      9.25679324	      4.52164457	      3.57751420	      4.61301117	     13.48227700	      6.89878603	      7.79673359	      6.88010880	      7.25913236	      4.05920574	     48.89591379	     67.41026442	      6.29567516	      4.05214550	      8.20562233	      7.93943847	      4.34961382	      4.47642798	      5.48016586	     32.11484091	     20.00986459	     16.27155518	     20.99022412	      6.58010229	      6.06323895	     87.59795795	     11.85288822	     51.91931615	      6.19296541	      7.04273468	      2.74021124	    149.13976161	    148.51480649	     14.38625632	     14.43755167	     13.44600142	     13.75150537
      1.45000000	    125.10414785	     54.57390760	     41.49939666	     40.80359411	     35.65673168	     29.59244128	    476.52524220	     86.69612067	    173.06246393	    240.43519922	     23.47885209	     76.82607193	     48.26115649	     27.60140188	     22.09134372	     31.76525359	     37.53988971	     34.67406894	     24.40664846	     30.00938569	     38.84386626	     23.93101236	    236.53819581	    234.39445762	     27.20270342	     17.60853623	     28.52222413	     47.86362528	     28.27579775	     29.21531256	     34.36491934	    125.73570578	     72.83718923	     67.19286932	    102.08320531	     57.67738945	     50.38032426	    184.06358678	     54.67629441	    112.10542620	     23.49424024	     31.81763594	     14.58718751	    124.39463094	     54.48099297	     40.22197609	     39.52981954	     36.13224830	     29.17658643	    463.54527024	     88.66881450	    179.50483252	    237.47664020	     23.43774696	     73.95721976	     48.30749760	     27.87301925	     22.37230547	     30.63118471	     37.72750601	     34.34906946	     24.48133916	     29.30303500	     38.57386358	     23.42296656	    252.64626245	    218.05844556	     26.93064213	     17.49570464	     28.39156902	     42.35534844	     28.44615876	     29.16499077	     34.75819581	    126.57592296	     72.68745758	     66.99793496	    102.59157444	     57.32655157	     50.89160930	    185.64704513	     53.26062321	    114.97918085	     23.39574941	     31.85237478	     14.66057550	    526.15024499	    529.71155622	     86.57518321	     86.28403752	     80.66957538	     78.92957641
      1.46000000	    119.56974152	     44.94367973	     30.45583348	     37.20108347	     32.48514212	     24.60723966	    620.01742507	    102.66103875	    190.47816660	    310.70440869	     20.32775323	     59.94528831	     43.83268421	     25.03622558	     20.21219892	     28.18258253	     29.29486804	     30.02756310	     22.41995835	     24.09164791	     30.48143792	     19.79627841	    265.67510324	    238.80658072	     22.28100454	     14.94617022	     23.88012254	     37.07157715	     22.77463659	     23.25630755	     28.11820544	    172.04505594	     74.95215547	     56.18471578	     94.62142970	     63.97288729	     53.68712736	    167.60865425	     46.32502116	     94.76629986	     20.12060766	     26.48047705	     12.43148855	    124.08906280	     44.23977506	     33.08269594	     36.36183262	     31.80506973	     25.99557031	    635.36406820	     93.32114947	    198.01273284	    302.41907740	     20.37946236	     63.87542851	     41.93065311	     25.06843818	     20.23084923	     28.37020063	     30.31384928	     30.78363063	     22.43563842	     24.91399850	     31.03423561	     20.10388533	    265.64222010	    257.49035979	     22.41578321	     15.11931983	     24.47427625	     36.46503686	     23.11748720	     23.05085240	     27.81409416	    159.79285189	     78.09060887	     57.30834931	     95.22304943	     64.06811089	     53.81648590	    155.61112771	     45.96244983	     89.43461232	     19.99682802	     26.76061166	     12.39887546	    528.93838730	    578.35239656	     63.25649514	     59.22723317	     61.27332684	     37.11575557
      1.47000000	    274.62369223	    103.88587882	     72.27395341	     73.94414813	     68.91094877	     58.47516942	    485.57812927	    127.06210838	    235.29391083	    246.52167695	     40.26598125	    153.35289237	     71.57736629	     48.21048471	     43.67979668	     64.16063539	     65.03720241	     56.80552988	     38.33370245	     55.06070223	     57.36831195	     27.72893556	    379.95143665	    343.42993034	     42.35374508	     32.12676850	     55.48348293	     29.72302400	     26.05259941	     24.99413784	     30.62466217	    118.99976002	    136.05669704	     88.97200352	    159.19069133	     65.47560376	     63.76973212	    299.88505790	     94.21956671	    183.65852445	     42.53386552	     27.86858380	     25.41515520	    283.55289794	    101.39691907	     62.92283996	     71.13050245	     70.62616706	     58.23242452	    530.53215233	    133.34127605	    258.54053996	    254.72164606	     39.36703912	    126.35302578	     85.72224208	     49.69235438	     37.75464529	     63.02571764	     58.34953781	     60.56791053	     44.54046019	     54.25109617	     63.62746140	     38.53459716	    328.41431852	    328.93748752	     38.89474012	     29.72111649	     49.99248687	      8.29601082	     32.10457071	     30.52710614	     29.21543412	    122.72701495	    134.85922084	     90.33153474	    166.91959820	     68.81888994	     67.44163295	    302.96329486	     95.01932258	    195.95851183	     40.07198717	     32.06715581	     24.30162809	    850.06599348	    799.50228777	    143.74864461	    122.83108934	     98.16947411	    137.56746966
      1.48000000	    302.14629776	    110.05427053	     64.63654726	     80.81935103	     73.08791815	     61.29028262	    542.19949398	    144.07563971	    254.96016741	    264.85022740	     40.09917651	    141.15855159	     84.10414644	     51.26262988	     42.72332923	     61.99663937	     56.34217951	     60.76480620	     44.82451125	     51.89496800	     58.43929826	     38.05849193	    359.32842040	    347.78752194	     40.15389720	     30.12769227	     51.86109168	      8.81310003	     22.37366054	     20.79536342	     19.60689171	    148.40281139	    150.39722383	     73.66089438	    154.50084935	     71.48695129	     70.36743250	    330.84770358	    102.42928842	    196.72589879	     42.56145614	     49.49035175	     25.32966217	    299.48529115	    108.78311869	     64.87752986	     80.54504458	     72.83432496	     61.19482381	    537.52396942	    143.71250704	    248.45321696	    265.46697116	     39.90688114	    143.64662057	     85.13694710	     50.86980945	     42.97062848	     62.05792092	     56.74156731	     61.05997062	     44.98491101	     51.97820164	     58.90283765	     38.05935384	    359.44740502	    351.01639645	     40.37099199	     30.27451886	     51.60286795	     10.55274663	     22.99688766	     21.43681903	     20.19109423	    147.65669947	    150.39587147	     74.31420144	    155.18748070	     71.23023903	     71.29616395	    333.10035450	    101.93479111	    197.65139551	     42.48015787	     49.53315904	     25.52114654	    843.09609317	    839.87647920	    128.69581656	    128.87558286	    118.68713697	    116.94124318
      1.49000000	    120.78867760	     34.29944005	     22.01473934	     25.67257270	     22.99788553	     19.75961074	    871.97443966	    109.53817425	    209.81806708	    425.61258322	     12.30749242	     44.40148619	     25.35588505	     15.60254870	     13.25345026	     19.27035198	     17.01235848	     17.95136980	     13.56186871	     16.37560744	     18.98921082	     12.46796879	    305.12294415	    301.01829630	     13.81918579	      9.29729882	     17.26675526	     16.53119136	     12.16938045	     12.19553741	     15.25054010	    263.61263126	     60.84078393	     32.51040492	     54.80183588	     73.66921574	     48.72477409	    153.09895848	     30.51159511	     58.98328735	     12.35808169	     20.84888312	      8.24875916	    120.17598952	     34.33695353	     22.14419624	     25.54324546	     22.99607137	     19.75058151	    878.51812858	    108.30537543	    209.12780593	    420.20862539	     12.30065140	     43.59107358	     25.18085714	     15.55290025	     13.20703658	     19.17909518	     16.98911217	     17.94568088	     13.53338317	     16.51372629	     19.00749238	     12.42927854	    309.31420425	    303.01232442	     13.87994838	      9.32506556	     17.40220237	     16.53283698	     12.16670849	     12.18753528	     15.24310912	    261.82760745	     61.27882418	     32.54037197	     54.98423456	     73.67520644	     48.74198076	    151.23291829	     30.30969829	     58.39047880	     12.31815242	     20.84833825	      8.27020787	    693.22159033	    693.27901498	     43.35451211	     43.34980230	     40.10274770	     40.07471385
      1.50000000	    118.31781472	     29.36156206	     17.45800132	     24.42315991	     21.98778146	     18.36099947	    734.16581007	    128.90007485	    296.10014336	    354.21462116	     12.03689688	     34.78435834	     15.89772224	      9.89454979	      8.36225469	     10.57969927	     12.31626324	     13.99832963	     14.86809050	     11.20522855	     11.89816579	      7.66092619	    295.79705208	    306.69813415	     10.06843034	      7.18349267	     14.66192906	     12.87669158	      9.12523487	      9.45852791	     12.34751780	    284.66325379	     68.83266812	     23.39547875	     29.57040132	     60.53062299	     46.49264097	    194.75333031	     31.00015796	     59.70610437	     13.11653409	     13.13632000	      5.32870845	    118.29687034	     29.36316439	     17.45099958	     24.42745846	     22.01164349	     18.35129805	    734.08504558	    128.93634344	    296.18450121	    354.11232783	     12.03488262	     34.76172389	     15.89940181	      9.89845627	      8.35731793	     10.58282569	     12.32847837	     13.99774923	     14.86720658	     11.20992296	     11.89618109	      7.66118004	    295.82452200	    306.75103413	     10.06639907	      7.18364049	     14.65567701	     12.87732934	      9.12546995	      9.45879480	     12.34789520	    284.71757711	     68.83387988	     23.39878122	     29.56807618	     60.52511611	     46.49379447	    194.83551325	     30.96707844	     59.76644842	     13.13237929	     13.13241328	      5.32765877	    646.24122489	    646.12792770	     27.16418330	     27.17357277	     24.82007181	     24.87523725
      1.51000000	    142.15156981	     38.55317240	     24.37266285	     29.05098233	     27.70497040	     25.36190222	    645.90923623	    121.37112947	    285.92432372	    327.07178992	     14.84375061	     44.84986218	     20.94894275	     13.19219007	     11.21615708	     13.91460784	     16.11430140	     16.74873328	     16.64827596	     15.03746636	     15.53938629	     10.13581333	    288.29978673	    302.26040367	     13.60022158	      9.44671214	     21.34487671	     16.22886440	     12.84474737	     13.48345230	     17.16808896	    251.00470080	     69.83491656	     27.82352015	     36.56273926	     59.16719632	     45.59865581	    206.24881886	     39.76882120	     76.04506937	     14.96349647	     22.65216960	      7.69615972	    142.15157166	     38.55317459	     24.37266381	     29.05098199	     27.70497065	     25.36190325	    645.90923136	    121.37113724	    285.92431902	    327.07178324	     14.84375082	     44.84986349	     20.94894444	     13.19219107	     11.21615663	     13.91460764	     16.11430125	     16.74873286	     16.64827613	     15.03746604	     15.53938662	     10.13581312	    288.29978831	    302.26040110	     13.60022176	      9.44671169	     21.34487743	     16.22886438	     12.84474729	     13.48345222	     17.16808889	    251.00470421	     69.83491801	     27.82351994	     36.56273850	     59.16719929	     45.59865466	    206.24882382	     39.76882244	     76.04507102	     14.96349666	     22.65217174	      7.69615979	    631.87300140	    631.87300511	     38.50654544	     38.50654513	     35.46701603	     35.46701423
      1.52000000	    101.99521450	     29.12056505	     19.71533018	     18.61160454	     19.43471730	     19.73775336	    526.29136764	     99.16404402	    249.76336168	    286.05611719	     11.26328104	     20.80727221	      8.76443517	      6.09477758	      5.30920392	      7.30846975	      9.64856184	      8.67531854	     11.03505290	      9.10807664	     10.15604494	      6.89722212	    235.79913416	    253.45342195	      8.38103201	      5.59410048	     17.33590264	     15.22813018	     12.35747566	     13.30030089	     17.27681163	    205.93916050	     41.17859376	     24.08734990	     25.31651600	     42.21324360	     28.43636508	    165.95264549	     29.00646648	     59.85074197	     10.16661244	     10.20158712	      4.20647405	    101.99522015	     29.12057047	     19.71534084	     18.61160811	     19.43472260	     19.73776179	    526.29151330	     99.16403856	    249.76354468	    286.05621277	     11.26328877	     20.80723099	      8.76442426	      6.09477261	      5.30919935	      7.30846416	      9.64856540	      8.67531921	     11.03505753	      9.10807417	     10.15604166	      6.89721962	    235.79936342	    253.45366496	      8.38103389	      5.59410189	     17.33591782	     15.22812887	     12.35747432	     13.30029961	     17.27681018	    205.93864458	     41.17855575	     24.08734601	     25.31651921	     42.21233307	     28.43565301	    165.95279000	     29.00642140	     59.85049331	     10.16661370	     10.19965631	      4.20660696	    511.07277881	    511.07277973	     19.95761759	     19.95761751	     18.43645214	     18.43645169
      1.53000000	    109.05926854	     36.56395613	     26.33193071	     20.75236556	     22.80477173	     24.97561364	    409.19124241	     79.02954082	    199.32352999	    242.32338010	     12.31055909	     25.13949856	     12.49385341	      8.43843507	      7.37014377	      9.54405105	     12.47869551	     10.59072593	     11.24150906	     12.05740178	     12.75539592	      8.54065314	    201.48216511	    218.78372733	     11.31579752	      7.35988702	     24.18043321	     17.39341426	     14.29035538	     15.28837821	     19.74678011	    121.92970131	     43.30401099	     28.02543085	     30.59963414	     35.33488010	     26.52282087	    129.99874355	     31.50144096	     58.53132035	      9.65934223	     21.83473907	      5.45144540	    108.54725786	     35.08431816	     25.01098911	     20.66430888	     22.49730834	     24.31006558	    398.40520116	     77.68018316	    196.55955377	    265.23689828	     12.04356465	     25.70203718	     12.63569050	      8.50568948	      7.42380451	      9.58437624	     12.33615849	     10.63401618	     11.24804252	     11.98579599	     12.73644110	      8.55353209	    191.41708487	    206.64831406	     11.25246179	      7.30492488	     23.14821429	     17.39783426	     14.29666594	     15.29446900	     19.75357803	    121.27994167	     43.25657970	     28.03456402	     30.62661982	     35.20303721	     26.42504353	    129.21837366	     31.32088339	     58.33671793	      9.56191472	     21.55127526	      5.47869481	    444.50482826	    444.41121655	     27.36869741	     27.37703694	     25.39621645	     25.44093722
      1.54000000	     81.56969513	     31.35621028	     26.41780379	     16.01609145	     18.89700250	     22.25794592	    298.88351351	     51.98481364	    139.13271128	    204.38356807	     10.85520200	     13.03032898	      7.14045588	      5.17402524	      4.69113447	      7.05715821	      9.90002390	      6.51021254	      8.03437030	      8.66583063	     10.10351929	      7.12501719	    142.27604460	    160.24733602	      7.77196079	      5.15827732	     24.10879503	     16.81879432	     14.09079760	     15.18672648	     19.84708630	     75.75934830	     23.46393786	     27.86083377	     25.83216949	     22.37796825	     14.68208276	    109.37554489	     27.51797840	     54.56414682	      7.36238987	     19.23210430	      3.69296248	     81.46860105	     31.17388539	     26.20856514	     16.01604004	     18.88556354	     22.20851166	    298.00657277	     51.76229024	    138.94465216	    204.85124599	     10.84726147	     13.03255188	      7.14174458	      5.17453679	      4.69144041	      7.05719156	      9.89816467	      6.51086065	      8.03283463	      8.66193372	     10.10199396	      7.12483492	    140.98028326	    159.52751940	      7.77054153	      5.15744106	     24.01797254	     16.81862164	     14.09068674	     15.18661830	     19.84696765	     77.20208583	     23.55241731	     27.86255502	     25.82783878	     22.41862590	     14.71542574	    111.70755425	     27.69756308	     55.71602999	      7.36525366	     19.31938831	      3.68747155	    330.72843338	    330.72843328	     17.48108473	     17.48108475	     16.32044207	     16.32044212
      1.55000000	     75.79993648	     34.15825316	     35.42045728	     12.29918010	     15.86854551	     21.17158914	    207.63351649	     41.65151505	    103.82192580	    152.95569189	      9.22212142	      7.86324754	      5.25611081	      4.07401534	      3.82688574	      6.37988941	      8.53282192	      4.31191646	      5.47957150	      7.20050282	      9.20549813	      6.77276983	    125.80992161	    137.54396887	      5.90963969	      3.90330340	     26.99827816	     16.82214225	     14.49077029	     15.64983998	     20.59568055	     24.01280522	     12.12847114	     29.60254118	     24.57566022	     10.85277884	      7.85407565	     85.45900025	     23.99088315	     51.14918063	      5.36523983	     19.47119085	      2.77677479	     75.79992770	     34.15821179	     35.42053201	     12.29918026	     15.86854915	     21.17159502	    207.63358447	     41.65152513	    103.82184100	    152.95568434	      9.22211704	      7.86325066	      5.25611071	      4.07401534	      3.82688574	      6.37988940	      8.53282323	      4.31191636	      5.47957211	      7.20050282	      9.20549812	      6.77276982	    125.80993466	    137.54394282	      5.90963964	      3.90330292	     26.99822632	     16.82214225	     14.49077029	     15.64983998	     20.59568055	     24.01280570	     12.12847122	     29.60254118	     24.57566022	     10.85277935	      7.85407571	     85.45899993	     23.99088615	     51.14917733	      5.36524015	     19.47119148	      2.77677480	    238.56776988	    238.56776986	     12.72833338	     12.72833338	     11.98969470	     11.98969470
      1.56000000	     81.52849527	     37.51516127	     35.46666597	     15.89205222	     19.62986672	     24.84501644	    139.86956162	     33.34059054	     75.03762919	    120.07260201	     10.33429241	     14.17063602	      8.40907149	      6.33365565	      5.73182570	      8.27065490	     11.37626074	      7.01316850	      7.17281683	     11.31893846	     12.25009542	      8.29060507	    108.09968453	    117.36893220	      9.89688138	      6.27274548	     30.17899623	     18.96339744	     16.40494805	     17.60866836	     22.95210883	     19.93030678	     10.60651890	     33.17893063	     26.36172850	     13.02589529	      9.81901919	    110.77950256	     35.06276253	     62.56435549	      7.67613250	     32.82080760	      4.94733487	     81.52853251	     37.51520517	     35.46671190	     15.89205546	     19.62986715	     24.84501996	    139.86965629	     33.34062779	     75.03772642	    120.07230511	     10.33428460	     14.17066151	      8.40907035	      6.33365521	      5.73182538	      8.27065470	     11.37625771	      7.01316643	      7.17280404	     11.31893977	     12.25009589	      8.29060506	    108.09985253	    117.36914859	      9.89688226	      6.27274618	     30.17902014	     18.96339733	     16.40494798	     17.60866829	     22.95210876	     19.93030691	     10.60651900	     33.17893062	     26.36172849	     13.02589534	      9.81901918	    110.77950304	     35.06276269	     62.56435578	      7.67613236	     32.82080759	      4.94733492	    207.42914007	    207.42914018	     22.60078364	     22.60078363	     21.52079713	     21.52079708
      1.57000000	     78.21754194	     38.35670177	     38.38115948	     14.50431602	     18.68944989	     24.76495829	    116.75163544	     25.01379138	     45.43884441	     88.68438035	      9.92483561	      4.17741629	      9.05484519	      7.04589689	      6.35942027	      8.98507637	     10.88551246	      6.46379919	      5.98839829	     12.71239146	     13.48363395	      8.95931052	    110.46580247	    115.76253785	     11.00140549	      6.25646674	     31.65034564	     20.27007755	     17.74431291	     19.00573605	     24.72268033	     20.34167198	     10.75638418	     36.45136053	     27.15710047	     11.06535403	      9.41127814	    144.16002161	     39.29625329	     80.36207840	      9.76113187	     41.64125039	      4.90152238	     78.17322780	     38.36361102	     38.31437634	     14.50160189	     18.68717673	     24.76403487	    116.79474506	     25.02312959	     45.44447750	     88.60613046	      9.92201872	      4.09581065	      9.05397651	      7.04586700	      6.35943789	      8.98510567	     10.88429395	      6.46341669	      5.98856059	     12.71201018	     13.48344874	      8.95940463	    110.52857812	    115.80807231	     11.00428930	      6.25773844	     31.66183051	     20.27003032	     17.74430474	     19.00572791	     24.72267212	     20.34169263	     10.75640197	     36.45136483	     27.15710734	     11.06536188	      9.41128040	    144.15983674	     39.29632223	     80.36172181	      9.76135245	     41.64126246	      4.90152212	    154.88264768	    154.88264752	     23.06755403	     23.06755404	     22.31614193	     22.31614197
      1.58000000	     52.16114453	     25.85318721	     30.85353094	     14.17114310	     16.81025624	     20.35469209	    116.82999930	     28.71138661	     65.46516413	    104.69146678	      9.57847218	     10.43937325	      6.51442173	      5.35447263	      4.91077356	      7.73620023	      9.77927156	      5.43625201	      8.08063385	      8.89489834	     10.82185766	      8.06384517	    103.00720528	    110.06864538	      8.24349749	      5.16309627	     24.36477884	     19.17949768	     17.70968049	     19.03067378	     25.15897637	     19.58957599	      9.78394136	     39.05888696	     25.74045153	     11.51706209	      7.55649199	    102.25191302	     34.51067489	     51.56449919	      6.89477153	     24.38565687	      4.82520287	     52.16191012	     25.85157632	     30.85729212	     14.17127796	     16.81018833	     20.35413319	    116.83102149	     28.71157774	     65.46417405	    104.69095925	      9.57839373	     10.43977324	      6.51447677	      5.35449491	      4.91078977	      7.73621232	      9.77922452	      5.43628943	      8.08069634	      8.89487338	     10.82184526	      8.06384305	    103.00764714	    110.06916458	      8.24342967	      5.16304620	     24.36298721	     19.17949661	     17.70968250	     19.03067575	     25.15897832	     19.58957495	      9.78394059	     39.05888699	     25.74045160	     11.51704386	      7.55648733	    102.25192822	     34.51066941	     51.56450836	      6.89477175	     24.38562733	      4.82520598	    145.42180929	    145.42176869	     17.59878514	     17.59878969	     16.74996793	     16.74998595
      1.59000000	     53.64075179	     24.73786749	     32.33216753	      8.45596944	     12.67566752	     19.35201759	     89.43914243	     18.59328956	     40.76337445	    102.29004438	      9.24038200	      5.08847196	      4.68783190	      4.10278422	      3.83358080	      6.64455992	      7.87406336	      2.86709720	      3.27568376	      6.82262730	      9.50866422	      7.31360098	     92.88269116	    100.72794519	      6.89277197	      3.27886795	     31.41597884	     17.69468212	     17.55605261	     18.92740531	     25.50238601	     19.34861312	      9.26197696	     41.87156042	     24.48406230	      8.01732523	      6.15863440	    136.81144722	     47.05379960	     59.83597909	      7.24043696	     34.88259717	      2.36858193	     53.94358964	     24.99999397	     33.07888198	      8.48303987	     12.71317300	     19.39084530	     89.45323613	     18.59492740	     40.75929530	    102.28420907	      9.23882339	      5.86014008	      4.71735634	      4.11588923	      3.84117992	      6.64774148	      7.87947118	      2.87139241	      3.26745214	      6.80148048	      9.49431311	      7.31340353	     92.87515155	    100.71682601	      6.85937156	      3.26879692	     31.39208681	     17.69422181	     17.55621787	     18.92757051	     25.50254869	     19.34861291	      9.26197621	     41.87156094	     24.48406247	      8.01732491	      6.15863136	    136.81146887	     47.05380712	     59.83598212	      7.24043933	     34.88260067	      2.36858415	     65.25625874	     65.25625720	     10.56999842	     10.56999808	     10.21049237	     10.21049213
      1.60000000	     38.42975666	     20.53243167	     23.63009700	      9.69573807	     13.55401008	     19.27922561	     93.26112691	     23.08726319	     48.60171228	    108.04477679	     10.43249647	      8.43450492	      5.39687644	      4.76556319	      4.36738704	      7.19763318	      8.68624892	      4.04107913	      4.81519794	      7.74964531	     10.42429795	      7.84477586	    101.49968262	    109.23143654	      7.49271214	      4.91500872	     31.28087555	     18.43966161	     18.68900583	     20.10150475	     27.08240213	     20.31163855	      9.79629231	     45.35256452	     24.88867764	     12.89969563	      7.20012727	    113.29786950	     42.07626518	     48.52897403	      6.36420638	     30.17222775	      3.01162484	     38.38143151	     20.56462972	     23.84283731	      9.69865538	     13.55565582	     19.26358855	     93.26680183	     23.09445938	     48.56474541	    108.06931985	     10.42620858	      8.44337730	      5.39686577	      4.76567348	      4.36741932	      7.19762766	      8.68550224	      4.04228991	      4.81534527	      7.75002046	     10.42389507	      7.84473173	    101.52324055	    109.24039145	      7.50417051	      4.91749031	     31.03776031	     18.43958388	     18.68896369	     20.10146292	     27.08236156	     20.31169571	      9.79634530	     45.35258357	     24.88872212	     12.90105875	      7.20016608	    113.29686016	     42.07713185	     48.52808825	      6.36427848	     30.17358725	      3.01183380	     63.31530811	     63.31529473	     14.86688532	     14.86688679	     14.66441212	     14.66441795
      1.61000000	     22.30977355	     15.74036428	     17.90838637	      9.22764718	     12.11947686	     16.13884898	     99.20626425	     28.16210509	     59.95388837	    113.02595701	     11.17259109	     14.74016379	      6.83427022	      5.64570888	      4.96819113	      7.68768526	      8.55081383	      5.13033850	      6.36118382	      8.33337755	     11.09458670	      8.33069995	    109.95935029	    117.29882633	     10.19107521	      6.19417356	     27.06806059	     18.87926672	     19.65418599	     21.09834013	     28.44766211	     21.81306584	     10.82158805	     48.75028331	     25.72810962	     17.68259897	      9.97280128	     79.00460874	     30.74609947	     35.93584628	      4.96225992	     21.90960485	      2.94199911	     22.30623861	     15.73984594	     17.90892634	      9.22799030	     12.11998033	     16.14024553	     99.22396877	     28.18288684	     59.90510807	    113.02764226	     11.17134199	     14.73913456	      6.83430099	      5.64574449	      4.96820047	      7.68768162	      8.54659626	      5.13015145	      6.36050524	      8.33339904	     11.09460584	      8.33070965	    109.94359788	    117.30447274	     10.19246279	      6.19425643	     27.07088731	     18.87927637	     19.65418766	     21.09834178	     28.44766373	     21.81307088	     10.82159261	     48.75028547	     25.72811340	     17.68263239	      9.97281417	     79.00460019	     30.74541178	     35.93651166	      4.96234730	     21.90963647	      2.94201613	     65.95859039	     65.95858905	     18.05137621	     18.05137631	     17.99773260	     17.99773320
      1.62000000	     19.29619443	     15.74576685	     18.42808115	      9.61068720	     11.85835507	     15.20774306	    100.00076817	     33.16518179	     70.72932757	    114.17257856	     11.97572615	     30.12777533	     13.08625032	      8.99903435	      6.96667254	      9.02463853	      8.78016630	      7.46780958	      8.82400865	     10.06712261	     12.84273665	      9.61008624	    118.55807533	    125.33003933	     21.15390356	      9.06083677	     27.05682440	     20.26639971	     21.11177445	     22.56427709	     30.21547010	     29.08911607	     16.81133723	     53.00309900	     31.16342900	     24.22884027	     17.21069864	     52.33657867	     21.45251155	     29.54278877	      4.40455776	     16.56781997	      3.42610222	     19.30140971	     15.74347470	     18.41869133	      9.61339371	     11.85630728	     15.20176868	    100.04865048	     33.16490971	     70.73157182	    114.11943160	     11.97784647	     30.11294829	     13.10695060	      9.00350518	      6.96780138	      9.02511032	      8.77652853	      7.46675408	      8.82549999	     10.06656548	     12.84260145	      9.61032451	    118.58473368	    125.38879654	     21.13142756	      9.06646691	     27.12046950	     20.26655479	     21.11194165	     22.56444193	     30.21563332	     29.08136718	     16.80629859	     53.00264232	     31.16274290	     24.22278236	     17.21230732	     52.32431226	     21.44863333	     29.53806740	      4.40341665	     16.56313972	      3.42557316	     83.70522535	     83.71871101	     24.54099676	     24.53917234	     24.47022737	     24.46470217
      1.63000000	     10.54112038	     17.38078001	     20.81488741	     14.28659201	     17.12300321	     21.19655192	     89.20707673	     38.62041523	     51.81202635	     83.98983488	     17.80049390	     33.07933261	     27.48002016	     17.97142473	     11.33466273	     10.99473171	     13.98631867	     11.90748353	     11.25456298	     12.29281154	     14.89903257	     11.54562232	    121.76334643	    125.00076092	     23.68359788	     15.48044387	     39.11363787	     19.83584274	     22.16483982	     23.60544958	     31.50093481	     43.67447551	     30.32547803	     58.04318940	     43.59317979	     30.56214309	     27.69259852	     67.88737126	     32.25839363	     36.46960728	      6.48288109	     24.24024070	      5.24919466	     10.51416764	     17.37369045	     20.80350344	     14.28489059	     17.12091591	     21.19002174	     89.25085800	     38.64330122	     51.73361261	     83.98273248	     17.80025879	     33.08867239	     27.37424257	     17.98892781	     11.33802880	     10.99547146	     13.96712387	     11.91204178	     11.26254234	     12.29162790	     14.89868040	     11.54588150	    121.77195685	    124.96808229	     23.68447605	     15.48451970	     39.06212052	     19.83820405	     22.16557659	     23.60618062	     31.50165756	     43.67101518	     30.32318128	     58.04269987	     43.59270839	     30.55938774	     27.69432958	     67.88097277	     32.25668778	     36.46696836	      6.48265942	     24.23888157	      5.24917718	    122.95537079	    122.95152281	     41.53016308	     41.53070666	     41.41211197	     41.41365869
      1.64000000	     12.50206912	     10.44924900	     12.69898375	      5.27346491	      6.26334143	      8.18255667	     76.11512702	     29.70817534	     60.77487160	     92.88155175	     10.71848105	     40.07741109	     22.02203005	     15.14609250	      7.96547259	      8.74604353	      5.90191892	      7.95241139	      9.40862504	      8.43215291	     12.02677625	      9.74262969	    104.71346497	    109.33755768	     46.85020625	     11.01127447	     18.59613359	     19.17166795	     21.56461954	     23.01319688	     31.09327876	     58.42480949	     30.90200598	     56.62685089	     35.22869686	     33.67608573	     27.65097857	     34.48144318	     14.33327996	     21.79860905	      3.43952158	      9.41737013	      2.54526885	     12.50195141	     10.44912035	     12.69880830	      5.27344104	      6.26330914	      8.18250404	     76.11398519	     29.70807146	     60.77472464	     92.87799123	     10.71849643	     40.07841961	     22.02150850	     15.14616565	      7.96535225	      8.74593956	      5.90185810	      7.95227971	      9.40858570	      8.43203704	     12.02664576	      9.74251760	    104.71207483	    109.33567419	     46.84980661	     11.01148655	     18.59624462	     19.17148460	     21.56453068	     23.01311011	     31.09319105	     58.50795849	     30.82830060	     56.62754182	     35.23268753	     33.68193289	     27.64859255	     34.48840060	     14.33018267	     21.80160127	      3.43988745	      9.42129929	      2.54555834	     60.90187972	     60.90187907	     24.52392413	     24.52392398	     25.62692552	     25.62692542
      1.65000000	     20.76661450	     20.00236812	     25.76424602	     12.55528542	     14.85050884	     19.31768096	     70.68851115	     32.79741074	     60.32673587	     89.43725489	     13.50463867	     57.88790725	     40.04436489	     31.35198815	     18.98556417	     15.74065583	     10.60076218	     12.72651335	     12.64592819	     16.86437298	     20.79927395	     17.44837591	    123.02565431	    127.33593533	     70.83370382	     17.83812136	     39.12409944	     31.57702743	     27.46068621	     28.70937921	     36.99743413	     75.44843586	     51.44883539	     68.22688174	     92.41565181	     48.98845453	     42.93656631	     37.52927556	     29.64023078	     44.54976896	      6.08140804	     16.94250549	      4.94910768	     20.76661356	     20.00242972	     25.76449902	     12.55527587	     14.85053617	     19.31779549	     70.68041317	     32.79732685	     60.32581695	     89.45249032	     13.50068733	     57.88827968	     40.03832986	     31.35043476	     18.98532042	     15.74061468	     10.60048883	     12.72665341	     12.64586790	     16.86444738	     20.79934298	     17.44837039	    123.29121031	    127.06344042	     70.84141313	     17.83775253	     39.12495081	     31.57720611	     27.46070861	     28.70940097	     36.99745642	     75.44543935	     51.44677746	     68.22681908	     92.41745575	     48.98841273	     42.93638348	     37.52428883	     29.63951697	     44.54868431	      6.08138087	     16.94224916	      4.94912518	    130.42812420	    130.42836040	     42.78008033	     42.78004452	     42.47432015	     42.47422887
      1.66000000	     16.50429547	     15.40586373	     19.94772199	      8.43403002	      9.95566132	     13.24594946	     48.34270880	     25.15544454	     45.99749910	     66.58035811	     10.26659426	     56.02713014	     42.88669458	     37.80294255	     19.00010652	     14.08397425	      7.20226340	     10.49014359	     10.48765399	     13.79513723	     18.33564765	     16.79568793	     96.08758859	     98.96134771	     87.43845233	     15.72787005	     28.70845893	     31.70762045	     26.81073852	     28.01022787	     36.38457836	    104.61713826	     55.43226327	     66.87455010	     89.86871546	     51.97078704	     47.68871826	     26.95169658	     23.06631082	     36.78861589	      4.63641737	     10.89659342	      3.53988158	     16.50404855	     15.40576158	     19.94778638	      8.43407697	      9.95572882	     13.24605234	     48.34247029	     25.15545165	     45.99771324	     66.58099849	     10.26656572	     56.02822570	     42.88674315	     37.80220115	     19.00015794	     14.08378887	      7.20226256	     10.49010438	     10.48757854	     13.79511568	     18.33548107	     16.79553306	     96.08612279	     98.96037942	     87.43839573	     15.72786713	     28.70846646	     31.70814756	     26.81068919	     28.01017970	     36.38452555	    104.61716803	     55.43230056	     66.87445065	     89.86885159	     51.97072172	     47.68880128	     26.95172073	     23.06630992	     36.78871199	      4.63641849	     10.89660198	      3.53988303	     95.17058773	     95.17051145	     34.27989731	     34.27990921	     34.50713365	     34.50716261
      1.67000000	     18.58298079	     18.27634894	     24.05210151	     10.32582298	     12.10844210	     16.16420320	     37.66516864	     22.55274261	     39.08469482	     57.74294924	     10.72866486	     57.54037768	     46.51024752	     41.88932321	     23.40419073	     17.56043576	      8.25719990	     11.86922860	     10.83097306	     17.11860981	     22.51606709	     21.43436793	     94.91226173	     96.77788102	     98.83826965	     17.99885123	     33.34940676	     63.21393739	     32.31582794	     33.21960816	     41.89324362	    103.31962918	     60.02527594	     75.51079381	    119.81952735	     54.57389095	     50.82661504	     26.11874435	     28.29929932	     47.60976793	      5.45115449	     12.39395313	      4.11653589	     18.58297202	     18.27631846	     24.05201107	     10.32581670	     12.10842800	     16.16416700	     37.66517020	     22.55273842	     39.08465843	     57.74290306	     10.72867007	     57.54001184	     46.51031321	     41.88938529	     23.40424589	     17.56044012	      8.25719652	     11.86924220	     10.83098617	     17.11856841	     22.51601942	     21.43437685	     94.91136206	     96.77886782	     98.83827233	     17.99883671	     33.34921669	     63.21392943	     32.31581509	     33.21959567	     41.89323040	    103.31962474	     60.02530481	     75.51077357	    119.81949833	     54.57386410	     50.82665014	     26.11874121	     28.29929544	     47.60975339	      5.45115477	     12.39395771	      4.11653644	    106.17302249	    106.17299117	     41.32710273	     41.32710777	     41.87604176	     41.87605345
      1.68000000	     12.52972495	     12.78951420	     18.30279468	      7.47064709	      8.59431365	     11.47168349	     29.06341494	     19.76919816	     37.97836865	     48.69693400	      9.90850723	     44.88912553	     40.50721975	     34.74864652	     26.96458560	     19.53591333	      6.90009386	     11.87516149	     10.50753805	     14.76996890	     22.45147871	     30.91969072	     85.82549529	     87.49839849	     83.42864845	     19.77656920	     31.38536468	    112.54406502	     36.60748751	     37.24081788	     46.34342278	    105.25749235	     48.70941663	     72.56475201	    120.28524393	     48.48886481	     46.52870824	     24.90056828	     26.64674860	     45.11551670	      5.37100610	      9.02920120	      3.65318438	     12.52972401	     12.78951253	     18.30279134	      7.47064489	      8.59431194	     11.47168165	     29.06343216	     19.76920898	     37.97837117	     48.69698190	      9.90850656	     44.88912112	     40.50721932	     34.74863273	     26.96457561	     19.53589816	      6.90009372	     11.87516521	     10.50753895	     14.76996330	     22.45146707	     30.91967824	     85.82551014	     87.49844435	     83.42865833	     19.77657008	     31.38537189	    112.54399551	     36.60745721	     37.24078918	     46.34339251	    105.25652680	     48.70988102	     72.56522706	    120.28528901	     48.48885118	     46.52871612	     24.90055829	     26.64676210	     45.11559679	      5.37100508	      9.02919537	      3.65318360	     77.60556968	     77.60555590	     41.37874294	     41.37874530	     41.06532323	     41.06532839
      1.69000000	     16.56347843	     16.45839548	     22.25973159	      8.77689971	     10.22888375	     14.05106991	     25.74148719	     17.04730637	     34.41335919	     33.70283063	      8.08156808	     45.49734116	     45.55117498	     65.74891829	     28.14959997	     19.89787340	      6.60023019	     10.26231846	      8.68512099	     17.60965837	     25.70944246	     32.14488990	     64.10990408	     65.00009949	    104.00609650	     16.50274822	     31.15309803	    163.96688605	     42.68504077	     42.96291939	     52.81632086	    120.16954044	     60.34024490	     95.90845088	    136.94964078	     55.06187619	     55.23528047	     19.18291948	     25.48039844	     47.85287911	      4.98984844	      9.61047958	      3.48108004	     16.56275596	     16.45704262	     22.25559492	      8.77645487	     10.22802510	     14.04928484	     25.74154312	     17.05068043	     34.42369391	     33.68794439	      8.07893889	     45.59658605	     45.62148178	     65.47752415	     28.18270380	     19.90754629	      6.59888876	     10.26420470	      8.68681514	     17.60798898	     25.70735673	     32.17924218	     64.10314420	     64.98439418	    104.06032289	     16.50114603	     31.14082372	    163.92376385	     42.69648899	     42.97502681	     52.82982106	    120.15088156	     60.33572056	     95.92613818	    136.95990599	     55.06063898	     55.23619332	     19.18024358	     25.48124986	     47.85683795	      4.98977013	      9.61006526	      3.48102170	     87.65660861	     87.65698051	     39.47598358	     39.47592060	     41.15984427	     41.15970968
      1.70000000	     16.32347561	     16.57579465	     24.79018999	      8.99346633	     10.36444787	     14.30429459	     26.38655542	     18.29343311	     39.47767539	     33.11032530	      8.50087687	     46.74344229	     48.28105080	     47.95283520	     31.63909687	     25.47410292	      7.21132935	     11.19630747	      9.57917158	     19.85618772	     31.71822905	     45.06729076	     65.43939548	     69.04978004	    103.78997596	     18.70891534	     36.02848136	    207.85897215	     63.39323357	     63.26774663	     76.77913360	    107.17871154	     59.98165809	    118.67571684	    158.09182716	     49.97625742	     50.85469671	     21.52224062	     27.35594158	     50.37156037	      5.69090477	     10.66791202	      3.86036968	     16.29709795	     16.57286414	     24.61743150	      8.88276139	     10.27808936	     14.15575939	     27.33240790	     18.70566407	     41.10316064	     33.91296451	      8.62103923	     47.91480248	     47.83167894	     51.31224149	     32.24305749	     25.63070249	      7.18055246	     11.08815684	      9.37103438	     19.86130161	     31.96206727	     46.17896818	     68.34147555	     66.19927460	    105.77991131	     18.71312567	     36.00850369	    199.99196709	     60.78895052	     60.52639654	     73.32470454	    114.42741404	     61.72032303	    123.78935663	    150.42366645	     56.41960410	     57.44762396	     21.27785755	     28.15353898	     53.70159831	      5.84848337	      9.77496480	      3.71255879	    110.07660802	     97.75420369	     41.16475501	     43.82496470	     44.54535959	     39.46042788
      1.71000000	      9.50873406	     22.90671958	     43.29851740	     15.96388842	     18.40597255	     25.70928111	     40.25315828	     27.08306645	     58.07182639	     56.10618554	     14.79530165	     43.60793310	     51.98407654	     59.67636082	     40.08964740	     39.54935428	     11.82600179	     16.44573993	     13.51763682	     35.07528302	     55.34206506	     59.77847427	    112.84099872	    117.90137092	     94.16501688	     31.40701182	     64.16832800	    265.62017303	    108.65233813	    108.59603585	    128.54098428	    129.30330371	     79.00610693	    107.02891505	    201.21085957	     56.68380642	     58.50713540	     41.66700226	     41.96611937	     79.33849139	      9.57948529	     17.05261917	      6.43029356	      9.51033784	     22.90898363	     43.31413470	     15.96373938	     18.40582499	     25.70700508	     40.24659158	     27.08705534	     58.08202443	     56.18478547	     14.79283285	     43.68842183	     52.01690056	     59.67512353	     40.08845294	     39.55073848	     11.82679173	     16.44420288	     13.51888896	     35.07815863	     55.35383339	     59.77619451	    112.84869900	    117.82582742	     94.12527020	     31.39906649	     64.34527799	    265.69190183	    108.66136393	    108.60538907	    128.55253968	    129.34687545	     79.01708359	    107.04146058	    201.12633519	     56.68418334	     58.51317913	     41.69956452	     41.95003076	     79.33270876	      9.58320778	     17.05889712	      6.43059970	    184.88211857	    184.15324854	     60.27305506	     60.40162402	     57.99139477	     58.24855070
      1.72000000	     14.37022980	     14.99817057	     22.09662407	      7.29056160	      8.37701916	     11.75820939	     19.80519178	     13.61747985	     31.61845278	     22.53086317	      6.56735527	     40.57244638	     42.83627601	     50.74861756	     29.48022068	     22.71425703	      5.58286907	      9.23092487	      7.29159209	     17.84605328	     30.38597610	     53.96310181	     50.31145683	     50.42148183	    108.77183352	     15.67985872	     28.86779276	    219.65846040	    106.61961659	    111.04850028	    155.49053571	     93.98868275	     48.59657516	    191.47023152	    133.80509399	     52.26598400	     54.88731342	     16.76408886	     21.00496484	     40.74153996	      5.05741093	      8.04338005	      3.15425613	     14.37034392	     14.99828138	     22.09677357	      7.29065324	      8.37711584	     11.75819092	     19.80637649	     13.61866321	     31.62181132	     22.53303282	      6.56031375	     40.51029511	     42.90133280	     50.80117791	     29.49230091	     22.71320142	      5.58280964	      9.23211914	      7.29451189	     17.84585409	     30.38613599	     53.95251368	     50.44035855	     50.12748656	    108.76160509	     15.65179615	     28.87282506	    219.86116564	    106.62294789	    110.77200105	    155.54991783	     93.96785968	     48.59724445	    191.48786495	    133.81247065	     52.27835130	     54.87334271	     16.76101947	     21.00635833	     40.74387446	      5.05726328	      8.04332664	      3.15417378	     91.60105099	     91.53399512	     34.87190117	     34.88393196	     35.80293121	     35.82633695
      1.73000000	     28.51147710	     33.60774373	     52.44384973	     16.65097797	     19.20699270	     27.11605464	     41.77226392	     27.50684310	     58.94592595	     48.56172474	     13.34686017	     54.33087511	     55.01033687	     59.33731574	     40.36656237	     38.36289202	     12.43629109	     16.60941088	     13.37024070	     40.26646812	     64.18368040	     66.57388166	     92.49918971	     92.10808223	    130.37721220	     26.84782897	     61.66109403	    326.97023872	    149.48698692	    154.22098290	    194.99485553	    124.56659640	     75.86639341	    165.83793659	    206.07064401	     58.97868916	     61.63051606	     38.04191348	     41.05691154	     78.10963689	     10.68429591	     21.66378907	      7.16063726	     28.51000300	     33.60608647	     52.43909195	     16.65081865	     19.20672686	     27.11532387	     41.77294242	     27.50682583	     58.94889343	     48.56837237	     13.34739774	     54.29330715	     55.02105508	     59.35972788	     40.37118431	     38.36314445	     12.43737429	     16.61237216	     13.37124669	     40.26415787	     64.17770644	     66.61936600	     92.26270292	     92.31352517	    130.35140922	     26.83871614	     61.63411099	    327.05540374	    149.46502739	    154.19740907	    194.96110972	    124.54977355	     75.88069368	    165.84841503	    206.06159746	     58.97315522	     61.63705819	     38.04675075	     41.05671277	     78.11025952	     10.68437457	     21.66403766	      7.16073686	    231.72091198	    231.72011671	     62.10674197	     62.10688645	     60.24084070	     60.24111563
      1.74000000	     13.90788764	     16.73266995	     27.11526492	      8.51828594	      9.79691178	     13.66856614	     22.33352548	     15.30180602	     35.78304117	     25.62721952	      7.79641508	     34.07054517	     34.52994079	     37.25788911	     26.94586303	     24.96899836	      7.03614763	     10.36845128	      8.01149235	     22.11335458	     40.21594292	     50.20422687	     57.27405537	     58.37837279	     88.15172545	     16.21006196	     34.20758382	    229.41391573	    151.73312470	    157.06456890	    228.98107362	     93.30137362	     53.59862913	    105.07847388	    142.07820887	     39.03539446	     39.59525726	     20.07049999	     22.90963863	     44.59197664	      6.52623003	      9.58676161	      4.02549026	     14.02726068	     16.73379984	     27.26331577	      8.48061008	      9.75804318	     13.63112485	     22.43935797	     15.41811875	     36.40381750	     25.58295812	      7.65191406	     34.35376983	     35.68109804	     40.00398732	     27.60456479	     25.34159981	      6.94494752	     10.35330919	      8.06368288	     22.22805394	     41.15338197	     48.83845855	     53.46156131	     52.83873674	     86.12057343	     16.93534478	     34.68982633	    239.26056240	    154.43438305	    155.26831290	    219.21709773	     93.92325813	     53.91500609	    104.19229331	    142.00316985	     38.36390760	     40.37472619	     20.22516288	     22.91208104	     44.60785645	      6.52591837	      9.60946901	      4.02623987	    129.36290336	    130.73722594	     38.69436626	     38.43979293	     38.70665056	     38.23416296
      1.75000000	     93.73692013	    116.04397292	    184.19727574	     53.72022113	     62.17642359	     87.25527204	    132.23623380	     80.46445875	    151.24311945	    165.13331157	     42.05718680	    109.41516741	    103.96622045	    102.17284809	     76.59342203	     82.43161520	     42.48884916	     44.27883951	     36.42494032	    130.12832537	    185.09903276	    114.44590210	    276.86719331	    278.38552626	    265.84366294	     66.35550139	    181.70108190	    686.72527983	    237.41135362	    249.32378221	    294.94862139	    208.29746111	    143.06858303	    210.07049595	    375.70374605	     97.67165860	    102.74206050	    147.81015514	    117.80377093	    224.42054153	     34.94482323	     95.67103251	     26.01087379	     93.19561495	    114.82364387	    179.37845097	     53.71433867	     61.98189723	     86.51988553	    131.67604929	     80.77632881	    151.48539119	    164.57721517	     41.73634232	     89.72606516	    107.35330405	    105.78458323	     79.90049525	     83.45019391	     42.10647253	     44.74007458	     36.94261947	    127.86244206	    181.50047891	    119.59609890	    280.76096459	    283.13386653	    262.75852606	     65.23772473	    173.95864371	    691.14764509	    236.95904549	    248.56723957	    291.91422788	    208.67955941	    142.89647542	    209.89018422	    375.85869075	     97.76722685	    102.97324870	    147.65024048	    117.79199891	    224.55592604	     34.94178431	     96.02992224	     26.00062915	    787.32617318	    787.45965762	    170.80674259	    170.78188260	    161.06076300	    161.01527952
      1.76000000	      9.62455766	      8.93617751	     11.67530409	      3.93109004	      4.40651487	      5.85348365	     10.72932930	      6.31775920	     13.84908233	      9.54503227	      3.28805596	     21.14490753	     26.28815097	     28.71443999	     19.38190963	      9.85055687	      2.78269758	      5.40577181	      3.32557510	      9.39759164	     12.17891315	     86.39413557	     31.31209968	     34.37978680	     88.13250822	     13.67538224	     11.00360345	    145.45116847	    185.38358973	    174.13526563	    325.63308995	     43.87004845	     24.38832701	    278.81486109	     89.09056404	     38.30094929	     47.25559372	      6.03544325	      7.93706680	     16.57735656	      2.70378796	      4.97488185	      1.65121562	      9.59573921	      8.91718669	     11.66568322	      3.92056117	      4.39213897	      5.83248433	     10.82312858	      6.38408851	     14.72217606	      9.49044564	      3.21223401	     20.29510729	     27.01961816	     30.92555234	     19.74166093	     10.21496868	      2.75208019	      5.51345079	      3.37230824	      9.37602704	     12.23505780	     76.33796163	     30.01621915	     32.53187711	     90.87213547	     13.44212749	     10.56947293	    141.07510129	    186.96838495	    182.91305371	    320.24368308	     43.50350244	     24.49780581	    278.83600275	     89.27918085	     38.04521358	     47.54384197	      5.91849856	      7.95042031	     16.57149951	      2.69994299	      4.97515579	      1.65306416	     98.40677459	     97.81616075	     12.58840768	     12.69950964	     10.90745611	     11.10754283
      1.77000000	     20.49012984	     25.46397929	     47.89784051	     12.97712942	     14.82859095	     20.95271806	     33.44268889	     22.94444733	     52.58398982	     39.49963763	     12.62835167	     39.01491994	     39.01020391	     46.31299480	     31.87553334	     32.26144594	     12.44336895	     15.26539489	     11.62354873	     37.13447441	     71.24199805	     68.31886634	     80.93015515	     80.06991418	    114.78715433	     22.71466524	     55.46029242	    255.50646936	    213.84155365	    216.56096272	    322.46028044	    107.10087842	     63.00088922	    203.90039433	    158.26618404	     47.27332220	     51.78050045	     40.65178456	     33.98963547	     65.03811801	     11.70639317	     19.76124631	      7.59228716	     21.00610357	     24.33461399	     46.82013753	     12.66347733	     14.43419529	     20.57997745	     31.99970684	     22.82812269	     53.05017686	     39.97778287	     12.57291372	     40.43443584	     39.28987098	     46.97903756	     31.15891294	     31.75234145	     12.71654754	     15.07964836	     11.82479722	     37.22251832	     76.27644050	     63.44519397	     80.63815123	     79.49905834	    114.75296343	     22.88559906	     55.55613138	    251.14605549	    213.59334666	    214.90072575	    327.50904349	    107.11800692	     62.75573195	    204.79802800	    156.35975691	     48.20004925	     50.98293081	     40.29959452	     34.11364863	     64.03719389	     11.97887295	     20.04539714	      7.55849552	    299.26976309	    300.10791694	     51.74072447	     51.58192922	     47.39143902	     47.10874443
      1.78000000	     12.64725207	     13.49525819	     23.13723904	      6.73228533	      7.69589939	     10.31666185	     19.41640130	     12.70578554	     33.62467834	     21.22802544	      7.03588655	     26.58474574	     26.89047954	     33.96535415	     21.15829476	     20.07454835	      6.58511655	      9.06411532	      6.65118721	     19.14920002	     43.78096869	     57.80218615	     44.66811915	     46.25835626	     93.19130285	     13.79642367	     28.65403481	    167.08703343	    188.88619436	    186.40741776	    340.19144973	     65.52868836	     36.88602322	    233.29044281	    101.29207977	     38.31378145	     40.72261288	     23.14982832	     17.71125543	     32.84546608	      6.83945144	     10.01282874	      4.08484459	     12.64742540	     13.49548499	     23.13777531	      6.73186102	      7.69606548	     10.31668410	     19.41566819	     12.70478990	     33.63214795	     21.22705026	      7.03545702	     26.58405412	     26.89272387	     33.96671269	     21.15923718	     20.09078592	      6.58527893	      9.06433828	      6.65084854	     19.14313030	     43.77870678	     57.80148425	     44.66471400	     46.23493362	     93.18740027	     13.79813723	     28.65631451	    167.12909381	    188.89150296	    186.40714905	    340.15200901	     65.53496708	     36.88876265	    233.27760863	    101.29549717	     38.31469759	     40.72172820	     23.14832240	     17.71094551	     32.84586357	      6.83919212	     10.01283105	      4.08496501	    201.03327334	    201.00197464	     28.40929623	     28.41525751	     24.54627360	     24.55679531
      1.79000000	     22.64448176	     49.77968403	     76.90105845	     24.36898213	     27.93796727	     36.00573774	     52.59816327	     35.88474950	     79.00720085	     72.19515114	     19.42951999	     49.74104832	     48.95357286	     52.06675512	     38.74978225	     42.56542279	     22.73097023	     22.45886837	     17.30915451	     59.80931247	    109.72631530	     78.61391583	    122.41763565	    108.79893481	    130.20666722	     32.27566437	     77.31338424	    353.94452905	    213.21707859	    230.07924494	    235.30083854	    123.08226030	     78.62494264	    147.73112325	    174.99818165	     53.88542572	     56.11411693	     71.22097537	     53.94543160	    111.31604139	     19.29709628	     45.64733745	     13.76411587	     23.19026411	     48.05026259	     74.99873690	     23.60128465	     27.04394580	     34.93957870	     61.87803948	     38.86612796	     81.03267000	     74.64714256	     21.50039132	     48.49484782	     47.61973010	     52.85873371	     36.53927382	     37.74421197	     22.66666969	     22.47409450	     17.50345753	     58.23890867	    110.43339843	     84.27981576	    120.68932759	    121.97504885	    125.11169058	     32.07413599	     81.42340853	    354.32384527	    212.26604762	    215.39870805	    269.30365558	    124.07774840	     78.99953903	    147.11257907	    172.71930265	     54.05356626	     56.28539298	     71.23724932	     53.86041666	    110.67771451	     19.37895250	     45.97883298	     13.80541778	    457.25021384	    456.57509244	     79.72608161	     79.85761315	     72.58131006	     72.80984262
      1.80000000	     11.63491990	     11.78020502	     20.69311324	      5.98726683	      6.82187480	      8.90996413	     18.49011883	     11.89849528	     33.42093724	     19.86528723	      6.87834122	     22.49338691	     23.15390728	     28.82461989	     17.91133582	     17.41705395	      6.32301943	      8.60317936	      6.20721340	     17.37941392	     45.09034167	     56.71928247	     38.12777888	     40.47557078	     74.37462124	     12.59728267	     25.38150809	    158.95465514	    155.64291974	    155.18115010	    260.19967039	     39.56025890	     27.79004277	    199.69022902	     84.71615776	     30.25710072	     32.08012771	     19.96596106	     16.06390324	     29.08987520	      6.83486792	      9.94696517	      4.12388674	     11.64279619	     11.79223810	     20.71261627	      5.99254717	      6.82751231	      8.91653438	     18.44643050	     11.87736912	     33.40326245	     19.75439107	      6.85535465	     22.51376714	     23.19047527	     28.87485025	     17.96692119	     17.49439479	      6.32037996	      8.60217538	      6.19774828	     17.40541786	     45.21605756	     56.91006207	     38.00361136	     40.32751303	     74.28904498	     12.58346996	     25.36636620	    159.56470162	    157.70386880	    157.24693242	    263.36083032	     53.06259588	     30.60697585	    185.52201970	     83.66219969	     30.41820480	     31.88756015	     22.57094125	     16.29908172	     29.71678542	      6.84393444	      9.92924133	      4.12809408	    183.60676955	    183.60615408	     26.97853426	     26.97865200	     23.26247892	     23.26268492
      1.81000000	     23.15624153	     29.02297036	     52.97520188	     14.85644412	     17.24975617	     22.57673169	     43.67863337	     27.05561385	     63.47121757	     54.03014700	     16.42258676	     35.60291947	     35.17713947	     36.64864021	     27.19630430	     30.45099489	     17.79351702	     17.06128462	     13.07672627	     42.00809976	     86.52958272	     63.71852561	     95.48330433	     96.06512297	     94.84083242	     21.28907432	     52.08468013	    249.08573907	    147.34919035	    149.53742342	    221.28477505	     87.36071785	     52.85320296	    128.11173971	    112.79408207	     38.41425201	     38.54700356	     63.96030526	     41.67236523	     82.34285956	     15.47560831	     31.14748642	     11.24864095	     23.15927833	     29.04358807	     52.95141091	     14.85555842	     17.25093684	     22.57114077	     43.67469359	     27.05468808	     63.47563226	     54.02692467	     16.42347974	     35.59996656	     35.17847961	     36.64400936	     27.19589443	     30.44973147	     17.78994615	     17.06131258	     13.07690569	     41.99531724	     86.54250260	     63.72327845	     95.49478027	     96.05989771	     94.84255019	     21.29090399	     52.08997622	    249.08529084	    147.34646599	    149.53439857	    221.28934147	     87.36612766	     52.85263615	    128.10724855	    112.79568571	     38.41636050	     38.54302217	     63.96117250	     41.67243807	     82.34236011	     15.47555156	     31.14536314	     11.24903112	    325.97508356	    326.00241936	     62.97717299	     62.97192876	     56.61356480	     56.60441645
      1.82000000	     34.11528813	      7.25932365	     36.46565602	      6.28229197	      8.36764985	     12.36453267	     19.87535585	     11.66766496	     27.90763461	     28.24712133	      5.16982503	     19.80640075	     23.34004955	     29.94925464	     18.16302007	     23.44096874	      9.16456473	     11.00425765	      7.16189319	     25.91781601	    107.09450373	     35.72394860	     98.58371190	    104.91663139	     77.78127181	     10.54384609	     39.51621965	    123.36602713	     64.81715418	    131.20117779	    216.13120594	     56.64590407	     36.43704394	     92.72878376	     64.81738205	     24.38622986	     24.43231149	     40.04426510	     30.49239353	     39.56090207	     10.77429152	     17.50759376	      6.80912911	     34.04540102	      6.15479994	     40.67347502	      7.14803102	      6.77979496	     12.97274204	     13.33626897	     16.45760879	     51.10892201	     30.54786946	     13.78826762	     24.74202475	     26.89950792	     24.90988036	     20.62534682	     19.74758911	      9.08224593	     10.66682825	      9.33892361	     31.22335614	     74.24047690	     73.51656358	     68.88263924	     84.89340871	     52.56591215	     20.57864913	     41.23518515	    185.31437962	    118.24976299	    125.34579698	    129.01376038	     56.36538432	     31.66498935	     80.38471901	     75.00679783	     23.33827299	     25.93040966	     28.62723239	     30.77255411	     34.12165015	     10.54494318	     17.00604425	      7.52483934	    163.07431273	    265.57846799	     36.37308127	     16.70705153	     65.80677439	     31.50210608
      1.83000000	     12.85812088	     13.55893246	     24.42963441	      6.99239317	      8.00458819	     10.25317921	     21.25931797	     13.04372883	     32.73513669	     24.97938962	      8.38295912	     17.73032110	     17.69830874	     18.36792266	     13.26315298	     14.97346066	      8.79622541	      8.78153653	      6.47874471	     19.98319731	     46.40669837	     35.40499472	     41.89796230	     45.35513009	     49.23540724	     10.57774264	     24.31824823	    138.79545500	     82.91035745	     83.86564747	    135.58321843	     44.44129708	     25.65197028	     73.82624952	     55.31995633	     19.69571573	     19.14888077	     33.09372102	     20.10905022	     39.01306685	      8.03681015	     14.60368136	      5.71965756	     12.85811738	     13.55893040	     24.42968136	      6.99239350	      8.00458757	     10.25317485	     21.25935883	     13.04372625	     32.73514819	     24.97941320	      8.38301502	     17.73036848	     17.69832956	     18.36784350	     13.26310989	     14.97341296	      8.79623219	      8.78152793	      6.47874454	     19.98317022	     46.40601652	     35.40477738	     41.89808452	     45.35455133	     49.23553304	     10.57777444	     24.31836257	    138.79497115	     82.91136010	     83.86615703	    135.58213429	     44.44092004	     25.65214289	     73.82722052	     55.31995330	     19.69578736	     19.14878293	     33.09427384	     20.10914726	     39.01344667	      8.03680369	     14.60366698	      5.71965426	    150.40355620	    150.40337006	     33.76069244	     33.76072812	     31.63814591	     31.63820823
      1.84000000	      8.62432435	      6.48154313	      8.49083797	      3.33090984	      3.59578273	      4.16531250	     10.27922351	      5.95581253	     18.77669979	      9.61225383	      4.00638638	     11.99298848	     11.74248523	      9.82340781	      9.68631909	      8.07330496	      3.52600666	      5.53386914	      3.36323019	      7.56096345	     33.33395470	     21.15531395	     18.75027759	     20.91077531	     26.82145397	      7.48443721	     13.05641227	     89.17898809	     60.12445784	     61.05244619	     98.08832127	     24.82922769	     14.15595674	     43.87071181	     25.33062775	      9.90136641	     10.52202411	     14.36998951	      7.72600247	     13.59434525	      4.00330949	      5.87516788	      2.32839292	      8.62432427	      6.48154307	      8.49083774	      3.33090968	      3.59578271	      4.16531245	     10.27922282	      5.95581228	     18.77670863	      9.61225383	      4.00638694	     11.99298835	     11.74248581	      9.82340790	      9.68631841	      8.07330300	      3.52600672	      5.53386892	      3.36323001	      7.56096288	     33.33395272	     21.15530895	     18.75027663	     20.91077973	     26.82145421	      7.48443758	     13.05641283	     89.17898353	     60.12445999	     61.05244775	     98.08832661	     24.82922806	     14.15595696	     43.87070999	     25.33062794	      9.90136637	     10.52202414	     14.36998876	      7.72600175	     13.59434542	      4.00330946	      5.87516786	      2.32839292	     86.18411177	     86.18413413	     16.69933419	     16.69932991	     15.58288275	     15.58287526
      1.85000000	      8.36509714	      6.02217080	      7.10559919	      3.08860762	      3.29207630	      3.69495926	      9.38294887	      5.08623843	     12.49483491	      8.56852039	      2.77595113	      8.58186438	      8.34859589	      9.34815694	      5.44057129	      5.83852861	      3.26486135	      3.38957382	      2.37760646	      6.24661734	     16.34152690	     20.12411577	     15.24050344	     16.18918867	     27.93117079	      4.38551273	      7.60135370	     69.80417400	     44.34465285	     44.52405293	     81.68482806	     19.33282168	      9.74557145	     37.09565809	     23.14797906	      8.88303368	      8.35098718	     10.81737909	      6.18605502	     11.66447918	      2.78845755	      5.34462420	      1.95484488	      8.36504639	      6.02206567	      7.10463641	      3.08861527	      3.29209075	      3.69483406	      9.38291354	      5.08492945	     12.47170843	      8.56873304	      2.77779975	      8.57247569	      8.34360620	      9.34528543	      5.43777185	      5.83957318	      3.26499885	      3.39125009	      2.37840808	      6.24878779	     16.31935726	     20.18875838	     15.23944177	     16.18923673	     27.91494520	      4.38552666	      7.59866640	     69.82362388	     44.38150932	     44.50957944	     81.63040518	     19.33508154	      9.74587706	     37.09574126	     23.15729699	      8.88397068	      8.35116221	     10.82136347	      6.18464215	     11.67435754	      2.78823262	      5.34551680	      1.95513835	     48.82180267	     48.76414546	     11.53991382	     11.55092048	     10.21470959	     10.23405390
      1.86000000	      8.05028496	      5.47024539	      5.52902895	      2.79792985	      2.93093043	      3.15295133	      8.32360624	      4.22216252	      8.92879144	      7.01748049	      1.88838606	      7.74994093	      7.54788550	      9.30718844	      3.84740715	      4.49953295	      2.87319927	      2.38238248	      1.72210788	      4.90179380	      9.78747372	     19.66674105	     11.89814542	     12.19944495	     28.79083935	      3.82531112	      4.71945498	     60.69494739	     32.20657669	     32.22725787	     60.23785465	     15.75730125	      7.27236053	     42.19601730	     20.52624152	      8.73643553	      7.90687558	      7.57732059	      4.52908067	      8.97122505	      1.93328876	      4.61071823	      1.53665176	      8.05028548	      5.47022807	      5.52877210	      2.79793153	      2.93092765	      3.15293437	      8.32358096	      4.22216395	      8.92798824	      7.01748184	      1.88817679	      7.83020994	      7.64643449	      9.02524991	      3.85134883	      4.49963165	      2.87319783	      2.38366607	      1.72226713	      4.90162463	      9.76423833	     19.74613395	     11.90152050	     12.20759955	     28.84485292	      3.82755777	      4.71585141	     60.60626119	     32.22844401	     32.25253480	     60.27894510	     15.76545878	      7.27418891	     42.07759175	     20.64714641	      8.76573917	      7.87303739	      7.51885929	      4.53147559	      8.97534645	      1.93269040	      4.60992549	      1.53638094	     24.35324258	     24.39991865	     10.56531088	     10.55641974	     14.55479234	     14.53910231
      1.87000000	      8.85677114	      6.83687022	      9.60225317	      3.59118006	      3.88481902	      4.51814926	     11.41421384	      6.38138912	     15.45082189	     12.43182835	      4.27537596	      9.36324866	      8.83702787	      9.19371329	      5.92713828	      6.64835561	      4.19680179	      4.33478020	      3.15473091	      8.08957600	     20.53766305	     18.98205407	     21.10640972	     23.45765127	     28.42628483	      5.39895641	     10.51266829	     71.97076117	     30.59967782	     31.21570857	     48.69897151	     23.70589519	     12.21284847	     35.62177600	     24.51460323	      9.76883238	      9.20179873	     15.91713716	      8.81934516	     16.94567274	      3.80501844	      6.96034577	      2.69743269	      8.85677081	      6.83686915	      9.60224275	      3.59117974	      3.88481841	      4.51814819	     11.41420170	      6.38138315	     15.45080459	     12.43177749	      4.27537971	      9.36327118	      8.83705534	      9.19375242	      5.92715266	      6.64836440	      4.19679877	      4.33478395	      3.15472859	      8.08957305	     20.53769369	     18.98185840	     21.10637971	     23.45760411	     28.42623503	      5.39909788	     10.51267773	     71.97059973	     30.59942444	     31.21552227	     48.69879714	     23.70664997	     12.21045708	     35.62234660	     24.50838711	      9.77066575	      9.20009514	     15.91362827	      8.82336568	     16.93614038	      3.80541943	      6.96053817	      2.69757172	     50.81570046	     50.81566780	     18.62731988	     18.62732608	     20.29851873	     20.29852973
      1.88000000	      8.36810079	      5.98791868	      7.18472357	      3.14168227	      3.32986967	      3.70624668	      9.79257622	      5.23362730	     12.11176871	      9.72145431	      3.28902256	      8.22894242	      7.58866804	      8.13700030	      4.75994134	      5.41491584	      3.48730704	      3.47129136	      2.50000510	      6.19778548	     14.98954413	     16.91405591	     17.21274151	     19.19850256	     27.20405745	      4.40270054	      7.78995490	     61.90888358	     24.64294434	     25.08199196	     41.37583323	     20.29457107	      9.95052532	     32.06870727	     20.24132408	      8.58253423	      7.96758648	     11.83161855	      6.56137045	     12.53198718	      2.90597552	      5.69540654	      2.09491497	      8.36809990	      5.98791747	      7.18472441	      3.14168149	      3.32986879	      3.70624561	      9.79257791	      5.23362838	     12.11180483	      9.72146189	      3.28905460	      8.22894393	      7.58868487	      8.13691059	      4.75994519	      5.41491438	      3.48730578	      3.47129152	      2.50000673	      6.19778490	     14.98947860	     16.91473261	     17.21270390	     19.19846124	     27.20381653	      4.40269420	      7.78998853	     61.90953102	     24.64204982	     25.08120940	     41.37694081	     20.29453691	      9.95051996	     32.06875957	     20.24132235	      8.58253519	      7.96758514	     11.83162473	      6.56137223	     12.53199161	      2.90597555	      5.69540633	      2.09491491	     34.69012482	     34.69001877	     15.96109248	     15.96111256	     17.92617452	     17.92621031
      1.89000000	      8.31796582	      5.90049371	      6.97934297	      3.10900306	      3.28309892	      3.62962407	      9.73027959	      5.14991921	     11.72624170	      9.65254184	      3.26511646	      8.16813957	      7.42023958	      7.86038954	      4.56980572	      5.23829358	      3.45995065	      3.41120799	      2.45784381	      6.00560374	     14.34155629	     16.24233319	     17.18706054	     19.35765562	     26.64903505	      4.30001079	      7.57482004	     60.12252244	     22.51432839	     22.97926950	     37.29778658	     20.12451247	      9.77676870	     30.98108034	     19.78974602	      8.41592062	      7.80368821	     12.07691489	      6.14582911	     12.93489919	      2.83498909	      5.65680669	      2.06141060	      8.31796710	      5.90049559	      6.97934253	      3.10900424	      3.28310029	      3.62962582	      9.73027737	      5.14991836	     11.72621013	      9.65252719	      3.26509167	      8.16814661	      7.42023157	      7.86027119	      4.56980600	      5.23829671	      3.45995267	      3.41120674	      2.45784182	      6.00560557	     14.34128809	     16.24083222	     17.18709353	     19.35769746	     26.64983168	      4.29983035	      7.57472770	     60.12076381	     22.51451399	     22.97944927	     37.29794813	     20.12274897	      9.77638426	     30.98231339	     19.80320731	      8.41629940	      7.80335180	     12.08237766	      6.11660127	     12.97620344	      2.83524069	      5.65673895	      2.06154491	     33.27179776	     33.27179142	     15.43982694	     15.43982813	     18.81438490	     18.81438704
      1.90000000	     11.82697999	     12.01590530	     22.02818750	      6.24248421	      7.10130448	      8.95671481	     21.35082325	     12.03910129	     26.85000735	     31.00396974	      9.16070383	     13.62451596	     12.70673750	     11.90899411	      8.94584264	     10.42422083	      9.14919765	      7.69226745	      5.90351242	     16.82301141	     36.30446711	     21.95753712	     43.38420390	     49.30942227	     34.49950206	      8.61506255	     20.47673418	     97.33212839	     34.10194712	     35.52405438	     45.85315572	     37.62532088	     20.71961710	     42.89060308	     37.15030289	     14.85721728	     14.12358913	     37.85302835	     19.03682651	     39.21926887	      7.60550356	     15.25407622	      5.75422253	     11.82233685	     12.00847012	     22.03782006	      6.23930310	      7.09780860	      8.95373017	     21.33557278	     12.03412748	     26.84422276	     31.01256934	      9.15950475	     13.62170058	     12.70507796	     11.90721313	      8.94491141	     10.42132242	      9.14699760	      7.69196192	      5.90324911	     16.82046594	     36.30638072	     21.96855499	     43.37386756	     49.26948687	     34.51289076	      8.56213800	     20.46597538	     97.35614258	     34.09132383	     35.51303151	     45.83433989	     37.62876318	     20.72090742	     42.88970128	     37.14991768	     14.85721432	     14.12352726	     37.85620463	     19.03745102	     39.22077516	      7.60550715	     15.25402295	      5.75421088	    108.30168335	    108.24633347	     33.74830024	     33.75869956	     34.15611850	     34.17488405
      1.91000000	     10.58317087	      9.88703483	     17.50989767	      5.19546892	      5.82180372	      7.20543961	     17.41448206	      9.81652216	     22.05534492	     23.65450682	      7.33966689	     11.94207452	     10.96092624	     10.19327860	      7.56738415	      8.85169070	      7.26440371	      6.43569813	      4.86190701	     13.47101003	     29.94564888	     19.05425909	     35.37098928	     40.08282925	     28.64406139	      7.11687388	     16.60951053	     86.40659404	     30.96573161	     32.19631143	     43.28736221	     30.35106035	     16.67538997	     36.65033496	     30.58821356	     12.15593704	     11.54541435	     31.90013539	     15.45993965	     31.70354400	      6.26309833	     12.38625968	      4.70513937	     10.58317436	      9.88704081	     17.50990328	      5.19547177	      5.82180718	      7.20544423	     17.41447696	      9.81650990	     22.05532944	     23.65449045	      7.33964387	     11.94209014	     10.96094003	     10.19324222	      7.56738977	      8.85169315	      7.26441273	      6.43570010	      4.86190407	     13.47101393	     29.94593304	     19.05415272	     35.37105646	     40.08295912	     28.64416445	      7.11681733	     16.60940002	     86.40651239	     30.96579317	     32.19622205	     43.28739037	     30.35105532	     16.67538912	     36.65033800	     30.58821619	     12.15592796	     11.54542373	     31.90013502	     15.45993694	     31.70354690	      6.26309748	     12.38625918	      4.70513886	     91.68373423	     91.68377470	     26.81072314	     26.81071497	     25.95892906	     25.95892053
      1.92000000	      8.64311121	      6.48047459	      8.88188774	      3.47404901	      3.70735951	      4.22261636	     11.34041302	      6.13339853	     13.97760366	     12.56050236	      4.35340909	      9.39520648	      8.35213721	      8.25881570	      5.22552798	      5.93474020	      4.15268311	      4.24566491	      3.08050004	      7.31273441	     18.30785802	     17.05589249	     22.07037846	     25.32705332	     25.35327482	      5.24552879	      9.91436314	     65.44791205	     23.14557059	     23.93133269	     34.45453156	     22.61325149	     11.53477411	     30.07406334	     22.31524684	      9.29758721	      8.72195249	     14.35040539	      7.96334582	     14.94138091	      3.63005075	      6.78643168	      2.59773569	      8.64311066	      6.48047377	      8.88188736	      3.47404855	      3.70735895	      4.22261564	     11.34041402	      6.13339930	     13.97761295	     12.56050552	      4.35341246	      9.39520671	      8.35213840	      8.25881524	      5.22552903	      5.93474015	      4.15268201	      4.24566512	      3.08050063	      7.31273378	     18.30787500	     17.05605905	     22.07036861	     25.32704538	     25.35319612	      5.24553674	      9.91437085	     65.44811274	     23.14552075	     23.93128542	     34.45444899	     22.61325239	     11.53477457	     30.07406322	     22.31524696	      9.29758689	      8.72195279	     14.35040656	      7.96334597	     14.94138162	      3.63005074	      6.78643164	      2.59773567	     27.31166766	     27.31166220	     17.95048909	     17.95049011	     18.48687879	     18.48688066
      1.93000000	      9.68207534	      8.32939622	     13.93204856	      4.44817219	      4.89302498	      5.90191665	     14.97041677	      8.35623845	     18.79458320	     19.41027611	      6.21597776	     11.25085024	     10.03317685	      9.26040855	      6.59796000	      7.61982245	      5.94942379	      5.68928311	      4.23427228	     10.80805609	     24.67958783	     17.56148782	     31.27077277	     35.83827717	     27.99196044	      6.21810128	     13.77319976	     74.82838599	     27.35578039	     28.48121094	     39.33398505	     29.03099854	     15.22339512	     36.24885551	     28.08935319	     11.46044404	     10.78633413	     24.86654278	     12.27457568	     24.41925684	      5.27765451	      9.81220484	      3.83156087	      9.68209522	      8.32943532	     13.93213267	      4.44819104	      4.89304899	      5.90195111	     14.97038270	      8.35621099	     18.79435060	     19.41009322	      6.21594287	     11.25080275	     10.03312062	      9.26032089	      6.59793217	      7.61982636	      5.94947260	      5.68926548	      4.23424823	     10.80810674	     24.67923517	     17.56111226	     31.27094499	     35.83845006	     27.99252677	      6.21791796	     13.77309341	     74.82726791	     27.35601097	     28.48143778	     39.33412851	     29.03093941	     15.22337067	     36.24888478	     28.08937823	     11.46044028	     10.78633294	     24.86650538	     12.27457080	     24.41924304	      5.27765317	      9.81220053	      3.83155982	     65.28204896	     65.22074730	     25.72872403	     25.74008932	     27.95266644	     27.97362425
      1.94000000	      9.30299957	      7.66443252	     12.09958681	      4.12010411	      4.48100596	      5.30327248	     13.65845307	      7.51886192	     16.55902730	     16.77498172	      5.48552889	     10.71142419	      9.33959204	      8.50308082	      5.97830869	      6.94828340	      5.37603756	      5.18953085	      3.81527797	      9.47986216	     21.27126221	     16.05921962	     28.91423460	     33.24185746	     27.48171186	      5.59595887	     11.97653403	     68.17990904	     25.59002075	     26.56726291	     37.70484507	     26.57542423	     13.81947114	     34.20888305	     25.93791521	     10.84695580	     10.11591035	     21.11911972	     10.62292470	     20.81100157	      4.70384968	      8.81890012	      3.41605993	      9.30328920	      7.66510307	     12.10489596	      4.12039957	      4.48141642	      5.30386558	     13.65912844	      7.52011805	     16.55607418	     16.78108648	      5.47825232	     10.70886784	      9.33936370	      8.50015406	      5.97496133	      6.94786939	      5.37654561	      5.18886304	      3.81474090	      9.48381680	     21.26780210	     16.08326573	     28.91789396	     33.25692082	     27.48509695	      5.58761917	     11.97548726	     68.20089180	     25.58326551	     26.55500156	     37.70790960	     26.58022790	     13.82406745	     34.21595633	     25.94146524	     10.84571307	     10.11654669	     21.13352261	     10.62469807	     20.82161956	      4.70481394	      8.81827140	      3.41593682	     54.03979521	     54.01614685	     23.88396349	     23.88832578	     26.50370951	     26.51182022
      1.95000000	     13.13678638	     14.34741038	     26.50795327	      7.40189447	      8.45309486	     10.65993898	     25.70196263	     14.27400901	     30.32819971	     38.52623363	     10.89559749	     16.06625565	     14.39243516	     12.73586940	      9.76040055	     11.56819817	     11.43756393	      9.17206529	      7.01365523	     19.45967611	     39.71812387	     22.98484097	     54.97014147	     62.79053674	     34.44054605	      9.52764298	     23.12017688	    101.97200253	     36.79298653	     38.22466130	     49.46457494	     43.98788123	     24.13296507	     47.94746018	     41.84487805	     17.16523422	     16.23349530	     47.04223041	     21.90966439	     45.40331552	      9.16653493	     18.28469727	      6.86469282	     13.13559046	     14.34259194	     26.51296062	      7.39921712	      8.45054258	     10.66230203	     25.69103574	     14.27125932	     30.30902954	     38.51104046	     10.89063522	     16.05822642	     14.38554898	     12.72752404	      9.75789759	     11.56624724	     11.44083396	      9.16973276	      7.01173282	     19.47044179	     39.69454817	     22.95874706	     54.98001860	     62.78317632	     34.50040033	      9.46656133	     23.10918964	    101.90480184	     36.80068319	     38.23268736	     49.46976729	     43.99337251	     24.13250182	     47.94642108	     41.84498592	     17.16487026	     16.23343044	     47.04608864	     21.91005933	     45.40525887	      9.16643440	     18.28427751	      6.86463778	    124.27770679	    123.52225237	     41.28775256	     41.42635787	     41.77398692	     42.03396978
      1.96000000	     12.07225796	     12.85983970	     26.41999370	      6.57277389	      7.51070459	      9.61013252	     22.18563723	     12.51741101	     26.89796451	     36.34399492	     11.14850202	     14.75561341	     13.10736784	     11.48475721	      8.82943562	     10.30849647	     10.65159844	      8.53102860	      6.43758110	     18.02796558	     39.00990097	     20.50878056	     51.40554425	     60.22011566	     21.38287465	      9.46418619	     23.49304789	     94.58481080	     34.48644074	     35.67847275	     46.66138305	     36.70443985	     20.67651646	     41.32694521	     36.18868165	     14.58611266	     14.06688612	     52.94959933	     21.73935305	     48.71642259	      8.75751761	     19.77310031	      6.35759974	     12.08003046	     12.87343845	     26.43445115	      6.57644457	      7.51633058	      9.61461163	     22.20394498	     12.52509549	     26.92172192	     36.33418291	     11.14368315	     14.75314904	     13.10767399	     11.48130330	      8.82990641	     10.31168449	     10.65345078	      8.52777246	      6.43834060	     18.03797636	     39.02578905	     20.50952011	     51.34787929	     60.13561370	     21.35642538	      9.45909525	     23.48539153	     94.45719885	     34.48350085	     35.68109511	     46.66597020	     36.70362235	     20.67765217	     41.32441455	     36.18336248	     14.58822906	     14.06804897	     52.94807697	     21.74326610	     48.72483326	      8.76060356	     19.77257092	      6.35607931	    138.57844511	    138.61704835	     35.07926043	     35.05916371	     38.44214603	     38.46498051
      1.97000000	      9.60406778	      8.29772058	     14.10947299	      4.47461202	      4.89443068	      5.88085556	     15.54904037	      8.51625514	     18.37429261	     20.67379365	      6.28425597	     11.79635286	      9.98386670	      8.66064879	      6.26294916	      7.29442110	      6.14674475	      5.85055753	      4.35734149	     10.54058851	     22.90150325	     15.68941242	     34.34262597	     39.72713461	     26.25880563	      5.88585696	     13.30382998	     69.26822961	     24.57108705	     25.35698290	     34.80981984	     28.90117773	     15.15616045	     34.91888606	     27.21744959	     11.42528730	     10.73556478	     25.71318276	     11.98457798	     23.62576331	      5.41644547	      9.67678562	      3.85167750	      9.60272697	      8.29530921	     14.10375673	      4.47362317	      4.89329504	      5.87947360	     15.52802376	      8.50443487	     18.32355608	     20.62370388	      6.30447503	     11.79555906	      9.98044367	      8.65093000	      6.25909737	      7.28971022	      6.14827331	      5.85123879	      4.35294088	     10.53447849	     22.92769515	     15.56440944	     34.42832276	     39.99947893	     26.18830810	      6.10047257	     13.33098311	     68.68922709	     24.68259057	     25.47798941	     35.05414848	     28.88848829	     15.14996672	     34.91948656	     27.22041786	     11.46860059	     10.68923195	     25.69052974	     11.98216086	     23.61703089	      5.41628897	      9.67843826	      3.85209435	     54.56941663	     54.56940990	     27.14564691	     27.14564810	     28.80670646	     28.80670881
      1.98000000	      8.81821853	      6.92929543	     10.72037546	      3.78680455	      4.04500476	      4.68407424	     13.20042354	      7.02900151	     15.06514229	     16.26021122	      5.09768292	     10.78581387	      8.81107306	      7.64050585	      5.24176075	      6.06213004	      4.88906507	      4.91966267	      3.62483162	      8.12192482	     18.26919236	     14.07563533	     28.92182175	     33.95530265	     24.30904134	      4.98403370	     10.72055542	     60.78461681	     20.36360053	     20.97407817	     29.39471859	     25.39662020	     12.71159506	     31.51492968	     22.89396581	     10.16756073	      9.38211529	     20.61277427	      9.41891287	     18.41840601	      4.35621737	      7.86953749	      3.05844044	      8.81822067	      6.92929955	     10.72038400	      3.78680630	      4.04500706	      4.68407782	     13.20042480	      7.02900126	     15.06511621	     16.26020942	      5.09755413	     10.78576856	      8.81103974	      7.64044176	      5.24174691	      6.06212934	      4.88906995	      4.91966006	      3.62482359	      8.12192915	     18.26871657	     14.07567001	     28.92172475	     33.95495771	     24.30912279	      4.98408667	     10.72043699	     60.78476877	     20.36359015	     20.97407676	     29.39445222	     25.39661370	     12.71158726	     31.51490869	     22.89396589	     10.16751620	      9.38216577	     20.61275164	      9.41890999	     18.41838932	      4.35621713	      7.86953802	      3.05844061	     44.55172064	     44.55132985	     23.62563468	     23.62570507	     28.47625006	     28.47638611
      1.99000000	     14.34530892	     17.28987287	     31.61651573	      8.78484155	     10.04787067	     12.63569403	     30.82060708	     16.76032619	     34.10719779	     48.82227556	     12.66341091	     18.32417047	     15.80817103	     13.28216474	     10.42959300	     12.57933388	     13.93315738	     10.62682711	      8.17142653	     22.24760144	     42.36339602	     23.09631500	     68.75205279	     78.52465548	     33.73370371	     10.27983115	     25.60752600	    101.11634089	     37.88189324	     38.58166519	     50.31143843	     49.32656141	     27.14420302	     51.47280366	     45.41619657	     19.18639071	     18.09112413	     57.65951273	     24.98653071	     52.02466625	     10.90544875	     21.52226827	      8.04345473	     14.33006125	     17.30068361	     31.62697453	      8.78867067	     10.05184388	     12.63857676	     30.82719364	     16.76206635	     34.10540778	     48.83462937	     12.66727002	     18.32224376	     15.80608930	     13.27949100	     10.42874176	     12.58049350	     13.93266332	     10.62593154	      8.17096023	     22.25044376	     42.37151442	     23.09196281	     68.74963941	     78.52311520	     33.80146482	     10.17278480	     25.61514359	    101.15263437	     37.87758426	     38.57717021	     50.30453813	     49.32846144	     27.14509168	     51.47379749	     45.41547591	     19.18663275	     18.09124643	     57.66216075	     24.98745785	     52.02548934	     10.90548641	     21.52260070	      8.04352359	    136.23953755	    136.24003345	     47.60422818	     47.60414202	     48.25369749	     48.25352510
      2.00000000	      8.17257577	      5.84885232	      7.76971790	      3.23580223	      3.35276307	      3.68303333	     11.40945913	      5.72497222	     11.80864412	     12.61957059	      4.24669819	     10.03896483	      7.62332766	      6.66989033	      4.12474305	      4.82344847	      3.90649857	      4.01846569	      2.92071265	      5.95991707	     13.85303382	     12.92548251	     24.77038270	     31.56191111	     22.00012586	      4.58163974	      8.72325107	     50.02081910	     15.11732933	     15.46711605	     21.86681276	     21.72122501	     10.28894750	     27.49296958	     18.36796578	      8.99547987	      8.33106531	     15.47770272	      6.92008449	     13.42450578	      3.32279536	      6.46790748	      2.35672505	      8.17260605	      5.84890276	      7.77020931	      3.23582968	      3.35279664	      3.68308164	     11.40913880	      5.72474353	     11.80697209	     12.61772523	      4.24584803	     10.03805380	      7.62231049	      6.66793515	      4.12447096	      4.82343641	      3.90658195	      4.01821991	      2.92037213	      5.95999088	     13.85102433	     12.91677501	     24.77476412	     31.57367596	     22.00470167	      4.58437238	      8.72304836	     49.99504316	     15.12256884	     15.47283965	     21.87871554	     21.72035163	     10.28859806	     27.49348015	     18.36823230	      8.99558385	      8.33094392	     15.47711327	      6.92002057	     13.42431209	      3.32277941	      6.46790318	      2.35672421	     31.46392518	     31.46391267	     19.47839381	     19.47839603	     28.07904032	     28.07904471
      2.01000000	     10.19541626	      9.53380860	     17.04110579	      5.08212013	      5.60428169	      6.83283541	     18.55685788	      9.95301980	     20.53480117	     27.60525735	      7.42351001	     12.98158161	     10.51534378	      8.62615402	      6.43928578	      7.65740406	      7.49038566	      6.62954581	      5.02807130	     11.91448810	     24.01457592	     15.04926745	     43.47073873	     50.69162080	     24.62343348	      6.44769060	     14.93051794	     63.67676064	     22.94928884	     23.15593803	     31.20807164	     32.35821632	     16.80909449	     35.64574297	     28.36824320	     12.46153015	     11.59243810	     32.92372037	     13.80826566	     27.97405858	      6.36311073	     11.38454824	      4.47673846	     10.19547478	      9.53386901	     17.04265409	      5.08214902	      5.60430745	      6.83277008	     18.55683584	      9.95299382	     20.53483108	     27.60790541	      7.42131460	     12.98139120	     10.51514596	      8.62624825	      6.43917778	      7.65740824	      7.49033201	      6.62957787	      5.02804635	     11.91343911	     24.00962413	     15.04448130	     43.46767230	     50.68831519	     24.62714305	      6.44594056	     14.93081184	     63.67640327	     22.94991678	     23.15598857	     31.20862464	     32.35770478	     16.80872169	     35.64522204	     28.36784326	     12.46259598	     11.59214343	     32.92147897	     13.80842393	     27.97260782	      6.36334511	     11.38521499	      4.47695538	     67.06221596	     67.06614591	     31.32882314	     31.32813044	     34.97437152	     34.97298432
      2.02000000	      7.89458619	      5.43789851	      6.46290243	      3.02909113	      3.08962834	      3.28866612	     10.92558902	      5.23492381	     10.36052688	     11.44636566	      3.60340854	     10.06306533	      6.94729535	      6.06725633	      3.46316863	      4.24097829	      3.54655101	      3.49626970	      2.57545891	      5.04097379	     10.77902855	     11.73317179	     23.04291875	     29.76793661	     21.17753403	      4.16468982	      7.41239445	     43.98163056	     11.23624317	     11.29101180	     15.52597118	     20.13400175	      9.12219944	     24.54459317	     15.61898800	      8.70789757	      7.85336258	     12.66135933	      5.63902307	     10.81754286	      2.79581289	      6.06282605	      2.09164772	      7.89456658	      5.43787233	      6.46297702	      3.02907387	      3.08960904	      3.28864427	     10.92558894	      5.23492608	     10.36062569	     11.44634197	      3.60390696	     10.06257210	      6.94727482	      6.06788364	      3.46317175	      4.24095381	      3.54651769	      3.49627983	      2.57548109	      5.04097390	     10.77968466	     11.74004557	     23.04148319	     29.77433738	     21.17296326	      4.16650141	      7.41427834	     43.98550119	     11.23542646	     11.29008449	     15.52392570	     20.13435405	      9.12226495	     24.54446725	     15.61855946	      8.70783365	      7.85343864	     12.66152332	      5.63899618	     10.81745302	      2.79581456	      6.06282950	      2.09164882	     25.40965957	     25.40966066	     17.85712786	     17.85712767	     27.97968628	     27.97968590
      2.03000000	      8.57595407	      6.73650479	     10.78681501	      3.70843371	      3.92782722	      4.51780447	     13.94036245	      7.12941153	     14.65396998	     19.12185393	      5.18729941	     10.90285674	      8.18580378	      6.59273809	      4.60802957	      5.47929253	      4.89780680	      4.83736187	      3.65043052	      7.53649638	     15.77869393	     11.50795714	     33.25164046	     40.25215334	     21.56746872	      4.80248561	     10.38001974	     45.64133702	     15.36476974	     15.41889389	     20.96503800	     25.06223616	     12.25195364	     28.23309183	     20.48727133	      9.95669208	      9.08191512	     21.73374293	      8.93640627	     17.69655521	      4.30983675	      7.73056676	      2.95877260	      8.57595411	      6.73650493	     10.78681560	      3.70843374	      3.92782723	      4.51780457	     13.94036247	      7.12941153	     14.65397150	     19.12185354	      5.18729804	     10.90285550	      8.18580333	      6.59273749	      4.60802967	      5.47929312	      4.89780668	      4.83736177	      3.65043149	      7.53649717	     15.77869644	     11.50795327	     33.25163719	     40.25216281	     21.56747172	      4.80248451	     10.38001633	     45.64133588	     15.36477060	     15.41889454	     20.96503910	     25.06223607	     12.25195361	     28.23309232	     20.48727125	      9.95669185	      9.08191544	     21.73374322	      8.93640520	     17.69655651	      4.30983690	      7.73056681	      2.95877262	     39.60729336	     39.60729822	     24.12652174	     24.12652090	     29.96688975	     29.96688801
      2.04000000	      7.69182586	      5.16930415	      5.54428175	      2.89431671	      2.91890688	      3.02464257	     10.63874715	      4.86423190	      9.22642657	     10.47668066	      3.09272600	     10.08727479	      6.11323483	      5.27395671	      2.86713223	      3.82648524	      3.31224688	      2.97004720	      2.22800507	      4.40496393	      8.38192313	      9.47203640	     22.60901220	     31.14381073	     21.83553807	      3.45552439	      6.33985888	     33.96240713	      9.14838054	      9.23563312	     12.76845017	     19.96984870	      8.07711207	     21.73802766	     14.03777114	      9.02823766	      7.20804377	     10.58955137	      4.72351883	      9.18180059	      2.37257715	      5.88010612	      1.93451927	      7.69189663	      5.16923491	      5.53887232	      2.89438110	      2.91892502	      3.02449919	     10.63489412	      4.86190602	      9.21003777	     10.27012269	      3.04133611	     10.37064081	      6.17827995	      5.28084773	      2.87625531	      3.82868276	      3.31175553	      2.97397861	      2.22273514	      4.40461041	      8.38718203	      9.57322659	     22.11898889	     30.23723348	     21.59502734	      3.60392525	      6.30805687	     35.06353221	      9.18694940	      9.27562928	     12.82909306	     23.48526036	      7.73789088	     18.65413040	     14.04106582	      9.03579314	      7.20157341	     10.84774659	      4.71662111	      9.13602818	      2.37543161	      5.88118441	      1.93532991	     23.28072053	     23.28072047	     16.61034767	     16.61034735	     28.39434586	     28.39434550
      2.05000000	      7.85302974	      5.51557685	      7.20116104	      3.08925109	      3.16022642	      3.39481998	     11.65851236	      5.54104545	     10.82926990	     13.72044996	      3.72467415	      8.78730904	      6.55068119	      5.10055784	      3.43804933	      4.27339613	      3.70293704	      3.69397943	      2.75385129	      5.21466510	     10.39808251	      8.66307368	     28.13316879	     34.25356503	     18.67021320	      3.65952261	      7.29517360	     37.31135941	     10.97801369	     11.07684209	     15.12656736	     16.19294334	      8.51322370	     20.21140828	     13.63508686	      7.87437916	      6.96381344	     13.66457699	      5.95492166	     10.61949632	      3.07155157	      6.33137713	      2.22083473	      7.85302986	      5.51557699	      7.20115908	      3.08925111	      3.16022640	      3.39481978	     11.65850838	      5.54104320	     10.82926649	     13.72040344	      3.72470353	      8.78735704	      6.55069520	      5.10057516	      3.43805253	      4.27339704	      3.70293675	      3.69398157	      2.75385089	      5.21466557	     10.39810428	      8.66313293	     28.13313344	     34.25343174	     18.67014628	      3.65953149	      7.29521651	     37.31152363	     10.97803569	     11.07686528	     15.12660417	     16.19329984	      8.51348312	     20.21199839	     13.63521775	      7.87298816	      6.96531086	     13.66594271	      5.95484751	     10.62048089	      3.07153767	      6.33134283	      2.22081712	     27.26156538	     27.26156633	     19.00547715	     19.00547778	     20.86444545	     20.86444603
      2.06000000	      8.75233893	      7.23715864	     12.33858710	      3.95182197	      4.22525708	      4.92514784	     15.74254788	      7.95483569	     16.30100152	     23.63584837	      5.58654858	     11.80543357	      8.55399337	      6.61801611	      4.74691511	      5.70168727	      5.39589686	      5.24318775	      4.02118063	      8.11167964	     16.15540235	     11.11451303	     38.10990719	     45.62192236	     19.73966468	      5.02304278	     11.17754934	     39.81791360	     14.68914098	     14.76205744	     19.61318589	     26.64123777	     13.08836319	     28.64067918	     21.04265056	     10.40800337	      9.61135456	     25.13468122	      9.69298313	     19.46181532	      4.75796415	      8.20598183	      3.17699857	      8.74812181	      7.23188914	     12.33622996	      3.94896542	      4.22184037	      4.92133489	     15.73622260	      7.95480732	     16.28893632	     23.67071918	      5.58772099	     11.81044373	      8.55849435	      6.62599782	      4.74850746	      5.70035644	      5.39174830	      5.24465409	      4.02376638	      8.10869577	     16.18236085	     11.13647478	     38.06254805	     45.62179257	     19.70002502	      5.02790795	     11.18809259	     39.87355059	     14.67852213	     14.75038125	     19.59802288	     26.64894406	     13.09223490	     28.63292777	     21.04007405	     10.41563851	      9.60291947	     25.13638827	      9.69346155	     19.46132809	      4.75855813	      8.20612492	      3.17696386	     42.72712845	     42.77695452	     25.72469180	     25.71628866	     30.39127933	     30.37320002
      2.07000000	      7.86239555	      5.65611418	      7.91253388	      3.16003863	      3.24893249	      3.52439701	     12.53857273	      5.95614642	     12.12344023	     16.94881812	      3.95773625	     10.58249190	      6.89978797	      5.33558855	      3.50841169	      4.34730474	      3.85220443	      3.87226150	      2.98471132	      5.42661304	     10.88478611	      9.15661124	     29.84524494	     38.88823759	     19.77307706	      3.93294678	      8.07492178	     28.25800886	     10.38195336	     10.48866672	     14.11395614	     21.96333864	      9.97349791	     23.84985982	     15.90039536	      9.33342271	      8.40935501	     15.84157785	      6.37403362	     12.45144301	      3.23034188	      6.55248365	      2.30152043	      7.86268266	      5.65631425	      7.90116644	      3.16028340	      3.24915903	      3.52445640	     12.53926425	      5.95685563	     12.12650735	     16.90403573	      3.94785227	     10.63740193	      6.91862608	      5.36060305	      3.51102881	      4.34821898	      3.85228569	      3.87514836	      2.98708090	      5.42541716	     10.88268296	      8.88249085	     29.69975564	     38.68003344	     19.85006104	      3.94439698	      8.06035778	     28.21365001	     10.38497562	     10.49174315	     14.11811527	     21.96176846	      9.97345443	     23.85504963	     15.90207686	      9.44107851	      8.28915237	     15.82935012	      6.37391057	     12.45165262	      3.23009888	      6.55257153	      2.30156901	     28.16747301	     28.16747362	     20.17703424	     20.17703416	     27.65239026	     27.65239004
      2.08000000	      8.44844905	      6.87272352	     14.89134096	      3.74788001	      3.99700676	      4.69745138	     15.13271646	      7.57060550	     15.60262355	     25.73659770	      6.10985867	     11.22140615	      8.07147929	      6.11124587	      4.46268187	      5.29825007	      5.18195599	      5.21290256	      3.97222548	      7.93258516	     16.91049017	      9.93069421	     39.30465301	     43.21471802	      9.86223458	      4.87373954	     12.36107412	     44.13485561	     13.43672200	     13.53078900	     17.73657442	     22.57332423	     14.24534254	     28.69678804	     23.77360149	      7.02202288	      7.27281973	     44.32785577	      6.65032300	     37.93551529	      4.50795800	      7.80847295	      3.06577688	      8.44842991	      6.87304786	     14.91345698	      3.74787155	      3.99709043	      4.69788754	     15.13437269	      7.57096087	     15.60270446	     25.80955683	      6.12495810	     11.20544816	      8.06312449	      6.10425265	      4.46002660	      5.29677188	      5.18321706	      5.21114345	      3.97172708	      7.93369673	     16.91153332	      9.91518898	     39.38454513	     43.35533797	      9.87647927	      4.87755849	     12.38352942	     43.90411265	     13.42638979	     13.52036089	     17.72338039	     22.73987092	     13.32714286	     27.52866484	     22.29336673	      7.12122877	      7.19885973	     41.80058316	      8.34338992	     33.57914798	      4.69754439	      7.83961017	      3.06114198	     41.78376106	     41.78141683	     23.26204727	     23.25979722	     22.96501388	     22.96262673
      2.09000000	      8.75657834	      7.40611001	     12.43600058	      4.02175447	      4.30547891	      5.00016121	     16.82179210	      8.29579622	     16.88685779	     25.15653987	      5.27194351	     12.51719903	      8.60389543	      6.34778476	      4.64674446	      5.67299679	      5.49899838	      5.28759144	      4.07485688	      7.94932746	     14.83464784	     10.10780466	     40.18611418	     47.26807291	     18.63169031	      4.68155367	     10.53021043	     31.47789962	     13.57347406	     13.70960910	     17.97547956	     26.74335604	     13.09618577	     28.43314658	     20.63655471	     10.78836180	      9.81349770	     25.49118553	      9.49632271	     19.12499087	      4.77994362	      8.12393209	      3.13451972	      8.75658052	      7.40611556	     12.43589953	      4.02175559	      4.30548021	      5.00016427	     16.82187902	      8.29584051	     16.88712004	     25.15612186	      5.27186033	     12.51703947	      8.60382181	      6.34773868	      4.64672112	      5.67298529	      5.49900402	      5.28758267	      4.07487252	      7.94933301	     14.83453951	     10.10768259	     40.18619790	     47.26822304	     18.63187980	      4.68152766	     10.52996146	     31.47804752	     13.57332255	     13.70945682	     17.97528731	     26.74321672	     13.09569661	     28.43278747	     20.63615361	     10.78823648	      9.81368835	     25.48994911	      9.49725369	     19.12294100	      4.78008302	      8.12396538	      3.13453562	     42.69851567	     42.69853717	     25.33914459	     25.33914107	     29.42171041	     29.42170246
      2.10000000	      8.26666360	      6.63541440	     12.08995914	      3.61792135	      3.82842807	      4.38916210	     14.96491938	      7.18294493	     14.09376545	     22.10281083	      4.99385676	     10.02166604	      7.13491573	      5.17659709	      3.93950999	      4.94602389	      4.84199710	      4.58105399	      3.48508240	      6.95507892	     13.16509273	      7.97517454	     37.47294023	     44.58737095	     12.08640405	      4.16942143	     10.16087369	     32.22368604	     11.55578750	     11.70051821	     15.34268044	     18.64955860	     10.29255129	     23.52006419	     16.40595396	      7.42977528	      7.01230388	     29.43268108	      9.05712119	     20.45053402	      4.34796880	      7.51743489	      2.78366682	      8.26666357	      6.63541327	     12.08993619	      3.61792130	      3.82842779	      4.38916113	     14.96492496	      7.18294779	     14.09378654	     22.10285269	      4.99384716	     10.02166676	      7.13491776	      5.17659785	      3.93951145	      4.94602501	      4.84199485	      4.58105609	      3.48508405	      6.95507652	     13.16508760	      7.97517325	     37.47289362	     44.58727654	     12.08639935	      4.16941979	     10.16085653	     32.22383269	     11.55579713	     11.70052838	     15.34269685	     18.64977757	     10.29262022	     23.52022373	     16.40594334	      7.42977763	      7.01231067	     29.43308096	      9.05714068	     20.45077369	      4.34797585	      7.51744398	      2.78366769	     35.91767264	     35.91766812	     21.29675315	     21.29675399	     21.59889068	     21.59889248
      2.11000000	      7.65236175	      5.50561350	      7.23542989	      3.07807636	      3.15128460	      3.36927179	     12.99156751	      5.92726041	     12.09586423	     18.46884066	      3.27093808	     11.81555049	      6.57245315	      4.71565905	      3.19772996	      4.11302029	      3.68033379	      3.62697774	      2.84117469	      4.93290588	      8.76580150	      7.39152882	     30.44729557	     38.25217706	     19.23932400	      3.30883171	      6.64215130	     15.20354448	      9.01190006	      9.18725853	     12.27941695	     21.13442884	      9.69791111	     23.20370628	     14.98631443	     10.01965330	      8.81109557	     13.56744836	      5.63063372	     10.87343785	      2.96740616	      6.51956977	      2.22544595	      7.65236174	      5.50561355	      7.23543327	      3.07807636	      3.15128462	      3.36927187	     12.99156769	      5.92726068	     12.09586194	     18.46884743	      3.27094119	     11.81554499	      6.57245096	      4.71565703	      3.19772911	      4.11302004	      3.68033395	      3.62697747	      2.84117453	      4.93290529	      8.76579951	      7.39152397	     30.44733700	     38.25219113	     19.23932999	      3.30883275	      6.64215562	     15.20348898	      9.01189814	      9.18725658	     12.27941426	     21.13426229	      9.69791916	     23.20370799	     14.98633042	     10.01964581	      8.81110323	     13.56730977	      5.63061763	     10.87337966	      2.96740223	      6.51956915	      2.22544586	     26.59053943	     26.59053746	     18.11383946	     18.11383977	     25.56239215	     25.56239289
      2.12000000	      8.21213363	      6.66009166	     12.31754405	      3.61676026	      3.83151293	      4.38968942	     15.61671764	      7.38111069	     14.73962838	     25.24223484	      4.85323164	     10.21817830	      7.08250146	      5.01795118	      3.85962922	      4.88731073	      4.82484890	      4.56167171	      3.51163730	      6.80295144	     12.40175792	      7.36621958	     37.36929820	     42.72518037	      9.59426216	      3.96785247	      9.82186851	     32.30508853	     10.79179249	     10.96948529	     14.28716392	     19.44264058	      9.01191178	     21.37256590	     13.90744019	      6.93299477	      6.57802570	     30.30376185	      9.17599283	     19.14672459	      4.43712105	      7.40589885	      2.72268035	      8.21035374	      6.66048043	     12.39851606	      3.61555977	      3.83074226	      4.39116405	     15.61188314	      7.37726951	     14.73843579	     25.27838097	      4.86543715	     10.23494600	      7.07778149	      5.02358357	      3.85505976	      4.88446535	      4.82531968	      4.55675784	      3.50871625	      6.81322649	     12.43631638	      7.53738602	     37.47500387	     42.90349469	      9.50206597	      3.97377302	      9.84947804	     32.32101169	     10.78328421	     10.96058076	     14.27428962	     19.23029771	      9.14525498	     21.62968922	     13.94146599	      6.90898473	      6.59490654	     30.49151663	      9.20908738	     19.27140997	      4.42743126	      7.40076579	      2.71945114	     39.27284194	     39.27305088	     20.44648191	     20.44670290	     21.91858606	     21.91881087
      2.13000000	      8.34367568	      6.87895008	     11.27442603	      3.75567352	      3.98458711	      4.53963436	     17.20241249	      8.16943510	     17.08883513	     27.87616440	      4.94383562	     14.69737088	      8.83085664	      6.32012334	      4.34072957	      5.27440304	      4.88350384	      5.13092783	      4.01050216	      6.88931342	     12.59163557	      9.70826991	     45.53861958	     36.20135195	     14.34493400	      5.05372752	     11.04870082	     20.87481172	     11.25460824	     11.46077179	     14.84833213	     23.23179007	     12.46188025	     27.27089419	     19.30863845	     10.77532160	     10.47623334	     20.04754731	      8.02002891	     15.44545411	      4.26617995	      7.47110741	      2.79679457	      8.33930411	      6.87256622	     11.26396190	      3.75207005	      3.98033860	      4.53472960	     17.23588698	      8.18995576	     17.33147052	     29.62180256	      4.80755131	     14.67548478	      8.88803510	      6.38004922	      4.35514973	      5.27887335	      4.87066660	      5.13153228	      4.03551950	      6.89588015	     12.72773895	      9.96996598	     40.66098904	     40.40906463	     14.15793279	      4.91066373	     10.70969612	     22.43077768	     11.24995328	     11.45573252	     14.84020830	     23.23380091	     12.45872171	     27.26897530	     19.31150844	     10.93121250	     10.30277839	     20.02315907	      8.00640494	     15.45628252	      4.26648045	      7.47164946	      2.79704068	     38.98745827	     38.98745842	     23.08066337	     23.08066342	     25.46425862	     25.46425855
      2.14000000	      7.62057562	      5.63107851	      7.91691636	      3.12825328	      3.22208192	      3.47342825	     13.94111129	      6.27799003	     12.28706920	     17.98162595	      3.30581699	     10.69954823	      6.64174713	      4.56364272	      3.27470061	      4.20685197	      3.72944840	      3.80044458	      2.93571036	      5.03000335	      8.84019564	      6.68592397	     32.33366876	     39.92141676	     13.98982753	      3.25509245	      7.02955905	     14.34376919	      8.76637570	      8.98719759	     11.87226438	     19.50319718	      8.08886019	     20.51458140	     13.50855024	      8.55106127	      8.08624123	     17.84107522	      6.25521982	     12.38215322	      3.25524197	      6.65888986	      2.27151869	      7.62040536	      5.63115207	      7.92317425	      3.12814382	      3.22204475	      3.47365074	     13.97432156	      6.29138300	     12.34172807	     18.11138421	      3.31243919	     10.66437269	      6.63137963	      4.55707933	      3.27200898	      4.20497797	      3.72974262	      3.79956355	      2.93974597	      5.03021462	      8.83670081	      6.67270373	     32.44921596	     40.06984749	     14.00431033	      3.25738320	      7.03746324	     14.24355925	      8.75289438	      8.97339559	     11.85466448	     18.45847522	      8.29857181	     20.95227376	     13.67847253	      8.77957623	      7.82544918	     17.47245179	      6.22731507	     12.35189785	      3.24121860	      6.65522572	      2.27009501	     28.16789834	     28.16790473	     16.99293235	     16.99296257	     18.46596945	     18.46600333
      2.15000000	      8.95377702	      8.11497273	     13.71829955	      4.19876595	      4.53068372	      5.21729598	     18.33953134	      8.29968811	     16.18783087	     28.11500713	      4.75821056	     11.38716009	      7.43506190	      5.02579580	      3.97644308	      5.24840622	      6.10097222	      4.76929804	      3.63042036	      7.42210225	     11.55749858	      7.08964493	     40.61075038	     43.84395274	      9.59930858	      3.62067525	      8.91039793	     26.56959402	     10.85078665	     11.08668972	     14.22553796	     19.50589489	     10.49778814	     23.67802689	     16.81067504	      7.63599107	      7.28044501	     34.24243806	      9.54125020	     23.16794109	      4.69010815	      8.10815392	      3.02981780	      8.95377892	      8.11498021	     13.71835959	      4.19876684	      4.53068495	      5.21729932	     18.33949601	      8.29967393	     16.18788487	     28.11503001	      4.75821832	     11.38720286	      7.43506510	      5.02580432	      3.97644193	      5.24840284	      6.10098752	      4.76929748	      3.63042018	      7.42210572	     11.55750131	      7.08967752	     40.61076123	     43.84398127	      9.59927415	      3.62068320	      8.91040841	     26.56958615	     10.85080319	     11.08670750	     14.22556619	     19.50628965	     10.49750003	     23.67762271	     16.81045852	      7.63602128	      7.28043497	     34.24198368	      9.54144078	     23.16727510	      4.69018588	      8.10817063	      3.02982172	     46.48347759	     46.48347501	     21.81113455	     21.81113427	     23.27595096	     23.27595115
      2.16000000	      7.52536145	      5.55991312	      7.48890422	      3.08531953	      3.17410225	      3.39496362	     14.78158662	      6.50227031	     12.79263950	     20.66906192	      3.04254467	     10.91268528	      6.67144156	      4.43938843	      3.21321674	      4.14889376	      3.59442228	      3.74343643	      2.93694200	      4.79092707	      8.15822615	      6.21570237	     31.56493580	     38.34278412	     12.55394394	      3.00035354	      6.42653708	     11.75521192	      8.23504657	      8.48326564	     11.18017805	     14.73808897	      8.42029540	     21.42464790	     13.17790802	      8.79743505	      7.85859508	     15.51057304	      5.74383181	     11.33964061	      3.09683687	      6.62199300	      2.23101584	      7.52534163	      5.55981117	      7.48910450	      3.08528777	      3.17404010	      3.39482304	     14.76166647	      6.49585395	     12.76204284	     20.57444260	      3.04097082	     10.93091540	      6.67632504	      4.44300514	      3.21440066	      4.14970378	      3.59417507	      3.74382499	      2.93567126	      4.79110451	      8.16170062	      6.22455085	     31.48877688	     38.32447883	     12.53898628	      3.00464173	      6.43352273	     11.77055383	      8.23903855	      8.48735357	     11.18527442	     15.35430424	      8.16637500	     21.10421597	     13.16756616	      8.78722550	      7.87330434	     15.55057472	      5.75180649	     11.29990318	      3.09991730	      6.62357244	      2.23217132	     28.23787577	     28.23783610	     15.69180287	     15.69171928	     16.36983242	     16.36973759
      2.17000000	      9.35477056	      8.29997984	     12.00521833	      4.50350915	      4.80067052	      5.39932413	     21.97746800	      9.98788278	     20.68561669	     37.11223686	      4.55035035	     18.34497830	     10.41071628	      6.79536632	      5.05856224	      6.37544580	      5.66321841	      5.88054308	      4.44719867	      7.70286240	     12.74492025	      9.50541072	     38.81281485	     42.85572729	     13.37312652	      4.24545088	      9.23831032	     19.36072974	     12.26830763	     12.57935307	     15.96180977	     31.28488512	     13.16250692	     29.78354572	     21.51498000	     12.65065474	     11.99316023	     26.55061844	      9.41892026	     18.63169013	      5.08196029	      8.15492666	      3.14308245	      9.41007523	      8.37513397	     12.07997515	      4.52969068	      4.82922208	      5.42942815	     24.52703902	     10.28949532	     22.43917731	     30.69055928	      4.64153780	     17.34005119	     10.20257519	      6.66225465	      5.01018560	      6.34588909	      5.69885497	      5.85397391	      4.50477918	      7.72909554	     12.70703518	      9.24374534	     42.60646362	     46.16485493	     13.89618335	      4.24517688	      9.27152531	     19.11921032	     12.18108300	     12.49259953	     15.87108522	     31.68047905	     13.44127884	     30.05077361	     21.37213520	     12.95401731	     11.64889404	     27.38481679	      9.51475887	     18.99103995	      5.10108802	      8.15254609	      3.14059721	     51.46874354	     51.45563195	     23.61738787	     23.61931805	     24.37517611	     24.38032287
      2.18000000	      7.47560092	      5.55238351	      7.03912819	      3.07939142	      3.17008152	      3.37412252	     19.30596420	      7.60860569	     20.57262410	     25.07844415	      2.80416305	     17.20851667	      8.24648568	      5.16109739	      3.40992851	      4.25237679	      3.49929671	      3.89097887	      3.20987388	      4.66225309	      7.81311453	      7.17136235	     28.79252263	     33.68170261	     13.78533280	      2.93368304	      5.92147303	     10.63870383	      7.92942767	      8.20271639	     10.75996561	     28.31994200	     10.36462674	     24.11037092	     15.21587822	     11.72006412	     11.30038203	     15.18602922	      5.58282061	     10.90915551	      3.03700673	      6.62454229	      2.21910814	      7.47564068	      5.55245306	      7.03634936	      3.07941950	      3.17011325	      3.37416378	     19.27714689	      7.60051218	     19.98353824	     25.98061163	      2.80345450	     17.44395702	      8.22280365	      5.15672950	      3.40977368	      4.25233208	      3.49935255	      3.89030350	      3.20646707	      4.66243563	      7.81473042	      7.18000916	     28.46335513	     32.90079567	     13.79892283	      2.93287660	      5.92450702	     10.64004076	      7.92970211	      8.20296977	     10.76013761	     27.92452784	     10.34673822	     24.22099607	     15.29470087	     11.70942372	     11.31194406	     14.90592856	      5.56582591	     10.81842907	      3.03180113	      6.62408778	      2.21920511	     28.89091678	     28.89092061	     15.71900719	     15.71900664	     16.79773069	     16.79772917
      2.19000000	      7.67998752	      5.97572047	      8.13621088	      3.25947493	      3.39537183	      3.68786617	     18.41210388	      7.40145674	     18.92999863	     25.71410831	      3.13118288	     14.61931756	      7.08193892	      4.56478471	      3.34148903	      4.35520040	      3.78781061	      3.96772155	      3.11388871	      5.08586056	      8.31497100	      6.19232918	     31.88428464	     36.47514288	      9.92585320	      2.98871556	      6.50629172	     11.25448417	      8.16732888	      8.45506068	     10.99574310	     19.69605578	      9.21214280	     21.93448045	     13.96138619	      9.89506326	      8.92877376	     17.50914601	      6.71234493	     11.70790478	      3.46348806	      6.98972521	      2.40871377	      7.83254094	      6.10840253	      7.24781490	      3.36690634	      3.50141677	      3.75006578	     20.14393737	      7.64769131	     18.28634175	     25.03055593	      2.97921891	     14.12301529	      6.86516620	      4.31545609	      3.34044260	      4.48958613	      3.89934842	      3.92224025	      3.01746273	      5.02215192	      7.66277550	      5.49279523	     31.60694924	     34.96261832	     12.06776751	      2.64629859	      5.64542190	     10.88242921	      8.26782923	      8.55386531	     11.12126184	     19.59948713	      9.22926141	     22.46270854	     14.11331141	      8.26533123	     10.42830627	     18.09720392	      6.65008065	     11.86746222	      3.44396999	      6.58776900	      2.26443192	     34.18501681	     34.25596120	     16.07280892	     15.64997893	     16.46675180	     16.33085210
      2.20000000	     13.27795332	     12.02532701	     14.74707095	      6.54090764	      6.89508658	      7.48268777	     36.07285320	     14.25897727	     29.54641636	     36.90535955	      5.62670711	     21.60547242	     13.01248166	      8.22816926	      6.45151652	      8.62923008	      7.81045454	      7.57826450	      5.67619145	      9.83440827	     15.03129621	     10.69945612	     53.52681658	     56.43849384	     13.72959392	      5.01100686	     10.77677287	     22.32280803	     15.25215032	     15.70141868	     19.59801389	     36.13229561	     17.60031260	     36.53045509	     27.41796374	     15.45782092	     14.27296740	     36.79161557	     12.51194144	     25.46836801	      6.72936759	      9.88355893	      4.07407911	     13.14260132	     11.97049068	     14.98095758	      6.48479987	      6.85695899	      7.45511186	     35.92050864	     14.25743037	     29.36032372	     37.16892606	      5.65080383	     21.90756722	     13.02468458	      8.27215261	      6.45542617	      8.59549084	      7.77140446	      7.59337558	      5.68435919	      9.87935542	     15.18729805	     10.77885719	     53.07425684	     56.43298820	     13.24956158	      5.06015887	     10.97603515	     22.40005011	     15.22033655	     15.67960965	     19.54870223	     36.23338886	     17.61266872	     36.57518271	     27.42909867	     15.60547335	     14.08608047	     36.94828547	     12.53462495	     25.54634986	      6.72692970	      9.87161738	      4.06512777	     78.40450386	     78.35139855	     28.21658211	     28.22403341	     27.82127692	     27.84264850
      2.21000000	      7.53867471	      5.73592746	      7.06165042	      3.16350484	      3.27553752	      3.48971784	     18.55200224	      7.35209039	     18.58779862	     21.69049202	      2.75198354	     12.80076084	      6.47458970	      4.16299080	      3.23627197	      4.32452456	      3.53748142	      3.83636726	      2.93266915	      4.64984455	      7.35485871	      5.36866656	     30.17245220	     33.84168392	      7.76091780	      2.65155326	      5.58574869	     10.36437697	      7.70198868	      8.01194040	     10.40199623	     24.55381371	      7.82731456	     20.85053125	     12.37876120	      9.39253653	      7.45852820	     26.69185678	      6.74735858	     16.06449448	      3.46913549	      6.71710538	      2.24450556	      7.54035953	      5.75201343	      7.19422117	      3.16433263	      3.27923363	      3.50058267	     19.74099124	      7.56605300	     15.91042986	     23.25594986	      2.77064567	     13.89142092	      6.16802175	      4.05658305	      3.18785334	      4.30212522	      3.54101041	      3.78867928	      2.92728318	      4.68367141	      7.46521943	      5.36963271	     28.96901375	     32.35382232	      7.91375681	      2.67018557	      5.69110045	     10.28438540	      7.66087188	      7.96962803	     10.35125921	     23.34306222	      7.85993799	     20.96007711	     12.49950855	      9.34635477	      7.51149126	     25.59516851	      6.83800558	     15.42269521	      3.47587395	      6.71663588	      2.24432947	     38.06806873	     38.06678642	     14.35772308	     14.35742420	     14.60704397	     14.60707053
      2.22000000	      8.81759518	      7.37350876	      8.89939769	      4.13031963	      4.31830220	      4.62565592	     25.92268135	      9.67045233	     19.50462287	     26.13060342	      3.52795563	     12.51142749	      8.39644559	      5.24671250	      4.13020215	      5.59412406	      4.68892143	      4.85383304	      3.64080696	      5.94398478	      8.96441589	      6.56383896	     37.63031222	     39.85720166	      7.44967538	      3.11744280	      6.62534568	     12.40811959	      9.19301747	      9.53743477	     12.05752161	     21.03790431	     11.70697427	     25.59533257	     16.78113575	     10.06634160	      8.53774072	     29.75724709	      8.51383159	     19.24116522	      4.34542024	      7.23868709	      2.59787178	      8.82558399	      7.37275967	      8.86104768	      4.13234375	      4.31890469	      4.62321958	     25.81181331	      9.63576154	     19.41859653	     27.14646614	      3.51062101	     12.47207406	      8.43201844	      5.26262042	      4.14023200	      5.60666120	      4.68470572	      4.85795739	      3.63853957	      5.94228956	      8.96601691	      6.58196583	     37.44314801	     39.74156607	      7.46065448	      3.10963174	      6.59264747	     12.45855281	      9.22232531	      9.56797755	     12.09584844	     20.90528873	     11.02572225	     25.23291442	     16.64631599	      9.85174166	      8.78515124	     28.44787138	      8.55581855	     18.24782937	      4.38062766	      7.24515126	      2.59889246	     51.39707950	     51.39702148	     17.78026281	     17.78025546	     17.67712512	     17.67713086
      2.23000000	      9.01749474	      7.37402431	      8.55722384	      4.17896127	      4.34838417	      4.62741744	     37.23081192	     11.56712078	     28.45963386	     28.84969296	      3.43783809	     23.77872206	     11.04463465	      6.46367111	      4.80411739	      6.31498960	      4.57597751	      5.37621372	      4.12740371	      5.97254862	      9.21761883	      7.82760352	     35.51666927	     37.27589247	     10.09581408	      3.28628936	      6.56939407	     12.36185253	      9.44151364	      9.80925966	     12.32021438	     35.32504309	     13.94634257	     30.92941350	     20.55526113	     15.36819824	     13.60396827	     22.06923474	      7.72226532	     15.26130124	      4.24913648	      7.24424149	      2.62394852	      9.01510376	      7.37247176	      8.56180810	      4.17806104	      4.34757309	      4.62699346	     37.11030847	     11.57908875	     28.38895757	     28.82226391	      3.43895010	     23.77251268	     11.08145501	      6.47676862	      4.81161188	      6.31956986	      4.57544304	      5.37936486	      4.12959018	      5.97225420	      9.21737082	      7.83423778	     35.42483420	     37.14695915	     10.07229058	      3.28733421	      6.57374028	     12.35868526	      9.43957531	      9.80724608	     12.31771982	     35.62893801	     13.97027653	     30.89312895	     20.45831890	     15.36815129	     13.60363527	     22.34385834	      7.74544524	     15.33071939	      4.25249763	      7.24418034	      2.62366244	     59.36556760	     59.36556580	     17.98477912	     17.98477936	     17.72708967	     17.72709041
      2.24000000	     14.21134947	     10.72145335	     11.57852889	      6.20331274	      6.26853883	      6.28461502	     45.92936543	     13.92403061	     32.83676963	     36.06331956	      4.70247683	     26.60364414	     14.14503347	      7.86365526	      6.16888362	      8.53033985	      6.68937506	      6.94351297	      5.32313818	      8.20304507	     12.07099724	      9.82928618	     45.67544698	     49.32842586	     10.94170733	      4.29973950	      8.67986947	     16.61281176	     12.60303545	     13.00897587	     16.09038860	     37.24803901	     17.23699228	     34.72555926	     26.20236931	     16.82211299	     14.89572914	     28.67513649	     10.50795793	     20.28005983	      5.81830575	      7.81002590	      3.26866276	     14.27843919	     10.64719314	     10.75170286	      6.27490428	      6.33688440	      6.52952183	     44.92909512	     13.94273157	     32.08451468	     35.94818204	      4.61673685	     26.59822761	     13.60468127	      7.89108957	      6.24144900	      7.99701032	      6.27334776	      7.31154006	      5.42087766	      8.11570084	     12.07359344	      9.77607080	     46.52504072	     47.60372533	     11.02746640	      4.24997355	      8.49956872	     15.55795517	     12.74595941	     13.21547631	     16.22453027	     37.28783008	     17.15565653	     35.02516061	     26.40465451	     16.90689264	     15.01982717	     29.09652083	     10.56546061	     20.60979488	      5.71731996	      8.10323627	      3.37849846	     82.27141564	     81.98758600	     23.67431662	     23.94972544	     23.45769785	     23.08919618
      2.25000000	     18.58202103	     13.27818338	     13.22854889	      7.72538285	      7.82749840	      7.89218226	     38.97253606	     14.54503820	     25.95818680	     36.09358593	      5.35346699	     18.82474061	     12.16632471	      7.72718057	      6.42450149	      9.33116659	      8.18552487	      7.66636189	      5.44297868	      9.35311101	     13.26893822	      9.17902671	     53.74960159	     54.63663031	      9.18139003	      4.58763204	      9.55922314	     19.58363749	     14.62569842	     15.21252438	     18.62271654	     31.36285561	     15.69564093	     32.70451446	     24.50619783	     11.31873426	     12.11500470	     49.53409550	     13.80723874	     30.22023708	      7.32618362	      9.34501101	      3.92532365	     19.08987358	     13.96046640	     14.08038915	      7.82368388	      7.98005032	      8.11210781	     39.26782064	     14.32549567	     26.62221591	     37.35571441	      5.47784019	     22.20738722	     11.64015460	      7.44044299	      6.19298011	      9.01392484	      8.43951834	      7.48830835	      5.33225340	      9.64496925	     13.63497298	      9.03447401	     52.90653474	     54.31385185	      9.18347485	      4.63322242	      9.93401099	     19.65861659	     14.36411076	     14.92983966	     18.22098044	     26.43091854	     16.10177210	     31.78703956	     25.26815798	     11.79258673	     11.37400743	     44.18127451	     13.31818353	     28.22216946	      7.13380996	      9.20460081	      3.86243433	     91.27642287	     91.24773240	     26.77512786	     26.77919886	     25.71620150	     25.72886296
      2.26000000	     24.93445307	     18.81040591	     18.28151399	     10.82865339	     10.98135527	     11.06033424	     73.06493235	     21.07059763	     39.80553614	     53.54867825	      7.46591615	     37.65245868	     16.51931276	     10.70144054	      8.95509946	     13.03886866	     11.32965664	     10.75463111	      7.62806493	     12.94690376	     18.18807189	     12.68574349	     73.35444170	     74.48445233	     12.73359403	      6.42028736	     13.30543886	     26.20746703	     19.64309059	     20.42861316	     24.68716294	     22.93947821	     27.28134726	     47.87925737	     39.83656072	     24.07649614	     16.10847688	     30.44481710	     16.00853625	     26.87472658	      9.06487477	     12.44284558	      5.63454120	     24.68828900	     18.53319484	     18.53045995	     10.56311564	     10.87221149	     10.95563688	     72.78742477	     21.26877685	     40.50960586	     53.49335877	      7.48087751	     39.02747311	     15.21330156	     10.43750832	      8.88042661	     12.97705326	     11.18136551	     10.74575557	      7.66781496	     12.99793960	     18.35144632	     12.42644842	     73.03685764	     75.26014802	     12.33077516	      6.47258755	     13.45661828	     25.54555700	     19.28273085	     19.99941741	     24.01230633	     15.47510346	     29.07522163	     50.52618337	     42.73304502	     22.59434132	     16.98135321	     28.87793841	     15.77923202	     28.05178802	      8.94617730	     11.80446481	      5.58730488	    130.02902708	    130.03826343	     36.05654431	     35.94317293	     35.03294609	     35.01328020
      2.27000000	      9.16701787	      6.79649947	      6.93136321	      3.99951780	      4.11622401	      4.18771246	     53.81589575	     11.58964186	     28.67934880	     21.56395204	      2.84361078	     29.81374467	     12.31741347	      6.62745011	      4.73302241	      6.51963434	      4.01670657	      5.01632324	      3.78845446	      5.04270234	      7.48654886	      6.83180523	     29.51181628	     29.39223127	      6.79141271	      2.68526679	      5.21264101	     10.97355551	      8.40452294	      8.80537293	     11.04012002	     60.25940496	      8.95028824	     26.75528140	     15.22579750	     17.22402489	     15.42948012	     28.79023879	      7.11958346	     14.31499724	      3.98581901	      6.99515978	      2.43913985	      9.20392426	      6.84751484	      6.87893597	      4.12030826	      4.10001491	      4.11145825	     51.67707568	     12.11101735	     32.00769546	     28.22745435	      2.87068742	     29.42264024	     12.19470865	      6.58093202	      4.76682884	      6.27643888	      4.03991306	      4.99765761	      3.73573132	      5.02491624	      7.41605244	      6.60663226	     30.45567704	     30.98963348	      6.82267792	      2.68617914	      4.97518164	     10.86758440	      8.29978764	      8.69640725	     10.91202744	     42.50806579	     14.23427282	     29.96375514	     19.52722597	     16.95039992	     15.72272522	     20.47996255	      6.87158544	     13.51630608	      3.80730581	      6.98138598	      2.43983594	     70.52567456	     70.63454008	     15.57728708	     15.56388572	     15.27883247	     15.23228973
      2.28000000	     53.90311752	     30.62197721	     27.69683639	     18.33013229	     17.72112585	     17.71383994	     77.35985083	     28.80021926	     53.33869589	     66.44878716	     11.21305244	     39.38190308	     24.73194980	     16.11451207	     13.65514993	     18.94163960	     17.38577761	     15.82774653	     10.69831879	     19.52418233	     26.32070027	     18.18359573	    113.44742909	    105.01690375	     17.29089360	      9.04676023	     19.41793524	     44.61602605	     32.46996946	     34.24921246	     40.38684658	     53.80611590	     31.25386988	     56.10929059	     49.55340505	     21.35149548	     21.05345738	     99.89330130	     30.00301748	     61.55820726	     15.20010633	     21.45208371	      9.81954946	     52.33684628	     31.07885558	     28.49291200	     17.73422921	     18.01574792	     16.83267238	     72.05211697	     27.92623266	     50.84963979	     69.83046263	     11.11926516	     35.35390490	     24.89240529	     15.73262082	     12.14422021	     19.47799244	     18.73688722	     15.43084650	     10.77423464	     19.50393072	     25.40722285	     17.76103601	    113.06762635	    112.66746971	     17.62693716	      9.16824677	     20.17719831	     44.68993475	     31.20040998	     32.46444672	     39.58519548	     54.50662050	     31.53732247	     56.06657508	     49.00699471	     22.60973347	     21.72880510	     97.71149324	     29.40656123	     66.07124962	     15.37240186	     18.67822908	      8.47489859	    183.86410132	    189.05265446	     54.67958412	     55.97183345	     52.46263182	     53.19726649
      2.29000000	      8.26177466	      5.85594401	      5.81891622	      3.51497666	      3.50264292	      3.51078066	     63.61071992	     12.88322741	     29.00580415	     26.71387886	      2.33069952	     29.26035184	     12.68052532	      6.36375267	      4.47160965	      6.12750945	      3.38081467	      4.47428355	      3.48801226	      4.16328303	      6.12367641	      5.54295654	     29.42546955	     28.17628947	      4.99588627	      2.20326337	      4.23765437	      9.82327964	      7.23177520	      7.61607472	      9.69254347	     42.11161374	     14.01054411	     26.97737818	     17.77841659	     17.26802331	     16.33140600	     14.02525351	      5.40616721	      9.99409839	      3.05770809	      6.66190146	      2.22028506	      8.30495791	      5.85543274	      5.81071625	      3.52535276	      3.50748316	      3.51060612	     63.03960119	     12.90274984	     29.87209577	     26.92752638	      2.33185548	     28.79450412	     13.10132307	      6.32874058	      4.46723538	      6.12073130	      3.38621845	      4.47778480	      3.48261201	      4.15750182	      6.11048309	      5.52444463	     29.91073260	     28.52261731	      4.96752167	      2.19883893	      4.23015331	      9.82542842	      7.23281184	      7.61717351	      9.69390733	     42.02578567	     13.47235795	     25.86363029	     17.43625390	     17.11768989	     16.50097049	     12.03543967	      5.16857943	      8.80729469	      2.99632050	      6.66173093	      2.22175948	     72.47368866	     72.47368561	     13.49219908	     13.49219940	     13.35178265	     13.35178404
      2.30000000	      8.57460328	      5.61908955	      5.53187400	      3.44206200	      3.35832769	      3.31653644	     66.90627884	     12.73596060	     31.77290662	     25.17598115	      2.14984815	     30.84832951	     13.65528123	      5.64948076	      4.08261088	      5.83571713	      3.19638363	      4.12157401	      3.17390835	      3.88359494	      5.68057594	      4.75897115	     28.57857993	     26.69007063	      4.23959695	      1.99578745	      3.94129658	      9.54169782	      6.86511081	      7.24600534	      9.29072558	     46.25182715	     13.74040302	     27.08188599	     16.23983996	     17.88574584	     16.32348763	     16.31213255	      5.27184409	     10.29869248	      2.90853510	      6.57828284	      2.15850118	      8.55656601	      5.61873651	      5.53304719	      3.43858685	      3.35696955	      3.31652505	     67.06299862	     12.77650996	     31.26106389	     24.79814327	      2.15046430	     30.69248559	     13.87895305	      5.66969235	      4.08868476	      5.83588875	      3.19579346	      4.12186251	      3.17779780	      3.88420760	      5.68197528	      4.76589507	     28.27950070	     26.60856230	      4.24549699	      1.99691057	      3.94269612	      9.54097379	      6.86342377	      7.24425371	      9.28870017	     49.66525266	     11.21858066	     26.07009168	     16.71223341	     17.80556974	     16.41396010	     16.30765902	      5.25136946	     10.28723818	      2.90187358	      6.57852186	      2.15904040	     74.68767799	     74.68767895	     12.82946010	     12.82946000	     12.73969972	     12.73969930
      2.31000000	     59.29732396	     29.88431702	     23.24051611	     17.13212401	     18.16177126	     17.20625950	     82.42557388	     27.44302985	     48.54627883	     62.06228668	     10.54430379	     34.97180038	     24.10135934	     15.33915823	     12.55408217	     18.79372601	     17.63291963	     15.04357652	      9.99687725	     17.52093162	     23.35279349	     16.22219529	     98.82941713	    107.40749188	     15.40496473	      8.52899399	     17.54266480	     36.73896523	     28.73251950	     30.20909512	     36.67243114	     50.15310860	     30.27744449	     52.51131334	     46.06504648	     20.89164471	     20.27128126	     95.56635127	     27.48470267	     60.99209490	     14.98748542	     19.07558458	      8.98731293	     61.20263288	     29.40473747	     22.98677117	     18.09713544	     17.03433564	     15.94174344	     59.16379631	     28.63779482	     54.51123488	     72.01150143	     10.54727173	     36.27966121	     24.51598541	     14.77820523	     12.67057082	     18.65860626	     16.75852835	     15.41396446	     10.37647419	     17.63458800	     22.63653507	     16.55033382	    104.09205259	    101.86858244	     15.84223609	      8.68380637	     17.89585450	     38.38286740	     28.77448861	     30.49360893	     37.27732943	     52.20611728	     30.00355512	     54.42134782	     47.80491585	     19.71491194	     20.26168848	    102.19859852	     28.66505232	     63.49247888	     14.48018659	     18.52886708	      8.94094758	    170.75884218	    165.23923469	     47.23734932	     48.48447953	     46.12592905	     47.14391028
      2.32000000	     14.58386318	      6.68413294	      6.16639111	      4.80747134	      4.38607991	      4.07249195	     79.96603586	     15.45646255	     33.92021362	     29.49302660	      2.64971325	     33.34981823	     13.74346401	      6.57769536	      5.04786419	      7.62002119	      3.92146733	      5.19806436	      3.87568464	      4.49916897	      6.42312129	      5.49849434	     36.10668247	     33.37616137	      4.73340635	      2.38041482	      4.51588874	     10.51990811	      7.79131025	      8.19679253	     10.34491051	     49.49610978	     15.28010583	     30.42723667	     19.48105923	     19.10186300	     17.20023128	     21.88340365	      6.91038551	     13.72878205	      3.76095035	      6.84156786	      2.36768963	     14.59142327	      6.68409966	      6.16640442	      4.80792836	      4.38606689	      4.07241557	     79.92126344	     15.44086394	     33.86815942	     29.67251477	      2.64949832	     33.34207336	     13.76682856	      6.58607480	      5.05364405	      7.63575445	      3.92130209	      5.19860792	      3.87491244	      4.49910311	      6.42298455	      5.49926826	     36.04369817	     33.31129756	      4.73329054	      2.38032810	      4.51586617	     10.51922177	      7.79088470	      8.19631817	     10.34421746	     49.88799341	     14.83858587	     30.04462400	     19.79019457	     18.64263357	     17.71413341	     21.58267511	      6.88987193	     13.68675201	      3.75501133	      6.84172955	      2.36803419	     89.04937667	     89.04937672	     14.79775337	     14.79775338	     14.35421432	     14.35421431
      2.33000000	     23.57548044	      6.84017321	      6.17132289	      5.34891378	      4.66277075	      4.16304986	     47.20122433	     14.38868928	     64.36759305	     36.27298882	      2.72108585	     41.19329065	      6.64478847	      5.59378161	      4.46082024	      6.81727664	      4.04930064	      4.97728745	      3.66479891	      4.45573484	      6.28373770	      4.93572768	     34.78840221	     32.93736041	      4.56340049	      2.35148960	      4.49931266	     10.41707671	      7.45119923	      7.84627449	      9.97790000	     49.48493006	     12.08871071	     26.25309821	     17.79751313	     18.02519803	     15.52072628	     22.28884962	      6.89348340	     13.29083990	      3.80485170	      6.85283276	      2.37669329	     19.40180822	      6.77775432	      6.15740398	      5.21650863	      4.59593108	      4.13384588	     71.45364711	     10.33176784	     51.01796142	     26.18910761	      2.71238729	     35.84468818	      8.54437759	      5.86507040	      4.61532483	      6.99627638	      4.01055517	      5.06723532	      3.73848617	      4.44024366	      6.27382834	      5.00689570	     40.39405155	     36.21419841	      4.58948945	      2.35593068	      4.49347373	     10.42042239	      7.46926185	      7.86500729	      9.99961466	     49.97229826	     11.60341824	     26.15668205	     17.77952266	     18.19757627	     15.32880080	     22.12892268	      6.87209190	     13.16927121	      3.80178036	      6.85323960	      2.37701240	     89.68422712	     89.68422683	     14.52631434	     14.52631316	     14.07004720	     14.07004601
      2.34000000	     16.54840810	      5.75509131	      5.57253719	      4.46560036	      3.78743039	      3.46553947	     71.16644955	     13.94716881	     27.96745254	     33.23600636	      2.23829550	     16.67103325	     10.58420419	      5.82165708	      4.50599752	      6.74311118	      3.28463715	      4.70677084	      3.52117515	      3.84124323	      5.55780180	      4.46439274	     40.11932231	     36.82188492	      4.10627970	      2.02686484	      3.96402291	      9.89440106	      6.93229751	      7.32197733	      9.46307218	     28.51756854	     12.30481919	     26.07956997	     15.59702553	     13.50864885	     12.39187990	     21.94791594	      6.24709204	     14.87635549	      3.27186221	      6.58340233	      2.19542892	     17.09619685	      5.88976439	      5.64186936	      4.49074322	      3.85815626	      3.53236624	     69.52288858	     13.28155092	     28.33613725	     35.06085510	      2.27110142	     22.10177141	      7.56482273	      5.41327374	      4.24865858	      6.40095933	      3.33594767	      4.53170343	      3.40325079	      3.89899886	      5.62294859	      4.44236783	     35.69702946	     34.16421013	      4.13017553	      2.04576940	      4.01659967	      9.89433590	      6.90878495	      7.29777695	      9.43558420	     29.38828435	     12.55678384	     25.99654958	     15.22882378	     13.50389889	     12.39591138	     23.02728252	      6.26158045	     15.23013840	      3.27167612	      6.58347508	      2.19519813	     81.18391656	     81.18447905	     13.12830753	     13.12839919	     12.82543322	     12.82541886
      2.35000000	     17.20981461	     19.43401599	      6.53625586	      4.65870162	      4.47913088	      4.05738516	     47.98494603	      9.84198269	     18.30199697	     12.98519872	      2.43605654	      8.03721660	      5.08426703	      3.51870858	      2.91663384	      4.40078617	      3.66223189	      3.73035329	      2.78763948	      4.09886329	      5.70685704	      3.98797443	     37.89105121	     43.00918591	      4.04086075	      2.01284919	      4.31876996	      9.75157878	      6.58063338	      6.96558762	      9.12404276	     18.15640763	      8.61802608	     24.45403147	     12.99544222	      4.84018840	      5.54000995	     49.85460006	      7.30379711	     31.95915550	      3.43005427	      6.51413929	      2.14220221	     17.12699998	     20.85847489	      6.48321701	      4.59457151	      4.41450283	      4.01199018	     48.58828768	      9.97015089	     19.66553920	     10.66234223	      2.41113004	      8.33240283	      4.82823934	      3.48045671	      2.95219861	      4.35466278	      3.62439850	      3.76347248	      2.75566928	      4.07583097	      5.68912078	      3.99163674	     38.27299769	     46.07968734	      4.03446991	      2.00685833	      4.29049242	      9.75268950	      6.58528739	      6.97045050	      9.12922522	     18.00434195	      8.45420949	     24.40834967	     12.96832357	      4.86101095	      5.51762243	     49.35132472	      7.31019705	     31.60303019	      3.49358325	      6.51453814	      2.14233946	     59.73700589	     59.76066077	     12.51605232	     12.51363724	     12.26345944	     12.25265990
      2.36000000	     32.39237318	     10.52167690	      8.37377979	      8.63101801	      7.57449750	      6.58936876	    112.03489803	     22.30143252	     44.35462969	     47.02039273	      4.23235978	     36.69358699	     17.30530662	      9.04024398	      7.26495249	     11.27797019	      6.23848321	      7.88211459	      5.67898225	      6.55366830	      8.84569153	      7.43972459	     59.74723305	     56.00418904	      6.41193665	      3.61027422	      6.48714920	     13.63644790	     10.53027693	     10.97402975	     13.62980326	     55.15614167	     21.63120665	     38.22379885	     28.03733715	     21.78673716	     19.78363448	     37.79423253	     11.70199460	     23.90425809	      6.16687569	      8.22618221	      3.32339339	     32.52536205	     10.51854917	      8.37356890	      8.63829617	      7.57766585	      6.58761208	    111.24902080	     22.45224939	     44.81614685	     46.53397853	      4.23375588	     36.77344847	     17.33134248	      9.02461038	      7.26402549	     11.25951349	      6.24048948	      7.88396554	      5.67757176	      6.55053112	      8.84192800	      7.43140206	     59.55716546	     55.98388171	      6.41110294	      3.60973399	      6.48539282	     13.65346299	     10.54613062	     10.99172240	     13.65224000	     56.83221701	     20.99424749	     37.24435686	     28.09119175	     21.78618417	     19.79154975	     37.87363243	     11.66101511	     23.88883558	      6.17310026	      8.23043076	      3.32616507	    128.10330650	    128.10358241	     21.69823059	     21.69820258	     20.41253756	     20.41241080
      2.37000000	     54.11131823	     17.17497115	     12.79010575	     14.77195725	     13.16014056	     11.05966556	    119.34182447	     27.28978140	     46.92325758	     56.53501964	      6.77044729	     51.05530248	     24.67210129	     14.24005111	     10.98537942	     17.71158651	     10.58557665	     12.94346922	      8.49923535	     10.44830730	     13.73581991	     11.73028679	     95.89536313	     79.82857019	      9.72388157	      5.65441371	     10.09958605	     22.30585163	     18.35639380	     18.92910702	     23.14038823	     70.44573226	     30.12556087	     54.91216927	     47.80451659	     23.07719081	     23.23318741	     67.72400690	     18.19933890	     35.94698038	     10.34315853	     12.66772146	      5.71677940	     56.68275956	     18.32366643	     12.98517718	     14.03283739	     11.95484660	     10.09007176	    143.71672082	     30.20051222	     60.42981620	     57.54674351	      6.69546388	     50.36326763	     25.11239075	     15.47477171	     11.52351399	     19.00796894	      9.64132824	     12.36433301	      8.81092413	     10.44123828	     13.99032323	     12.20427689	     75.05213656	     77.16532546	      9.52008653	      4.89152438	      9.81491450	     21.23377946	     18.16207062	     18.86160074	     22.99453176	     56.91988192	     27.38196948	     49.92852432	     42.94542826	     24.77067167	     23.11445658	     65.51040716	     20.10002934	     44.17393743	     10.11049947	     12.67906511	      5.72795991	    188.42294881	    178.74977354	     38.55776078	     31.31893681	     32.40686765	     32.53719282
      2.38000000	     48.34187155	     16.01304142	     10.92853883	     12.40435745	     11.27466440	      9.83641986	     94.63654952	     26.10700701	     50.78133551	     56.55786950	      6.12861116	     27.96140429	     18.33133604	     10.65086199	      8.85151299	     13.38083291	      9.03001304	     10.14983070	      7.21516919	      9.07837116	     11.80301489	      9.27593351	     73.66638198	     74.52275812	      8.43357036	      5.01296006	      9.12288418	     15.84686681	     12.84872864	     13.24079531	     16.16879784	     41.24212917	     25.24318190	     41.49623446	     33.57711705	     17.25191673	     16.96495956	     60.49052158	     17.37365667	     37.66674980	      8.90873250	      8.87636014	      4.43266321	     46.94456731	     15.75182658	     10.72468831	     12.36172283	     11.04333465	      9.68314756	     92.46806142	     26.21613226	     51.28324799	     56.78638374	      6.03488384	     27.41686105	     19.19441654	     10.89479274	      9.07686432	     13.90380008	      9.02434495	     10.24904989	      7.30129166	      9.25974394	     11.81442347	      9.39708807	     74.02008038	     73.35405510	      8.45831525	      5.00326610	      9.08720418	     16.06609997	     12.97498739	     13.36269617	     16.36892866	     39.43655868	     24.75680658	     41.58929113	     33.80098881	     18.07969317	     17.62639955	     58.99384516	     17.32463727	     38.25978082	      8.84933771	     11.65382864	      4.07597851	    147.33617240	    146.33277840	     29.86052096	     28.37135791	     27.29754285	     27.46502623
      2.39000000	     63.57577868	     20.50379212	     14.36315190	     16.05831534	     14.49308746	     12.37454392	    151.09159490	     33.59175510	     62.24185157	     72.18447726	      7.71475542	     45.09493283	     24.29022582	     13.97001498	     11.68926420	     17.95387139	     11.41231295	     13.04083649	      9.12020169	     11.70145669	     15.03455197	     11.94501970	     96.56284065	     92.99791302	     10.42611204	      6.37582962	     11.47453141	     21.09204639	     16.97176809	     17.43419147	     21.37220199	     70.43984069	     30.84796986	     49.23944184	     42.82144820	     26.94452686	     25.02610224	     75.06941194	     22.10923509	     47.59388863	     11.22667221	     13.76198602	      6.18772856	     63.07708996	     20.04069567	     14.37976555	     15.84308969	     14.32668753	     12.51697558	    140.31325503	     31.90885890	     56.77258381	     71.50921737	      7.76670733	     45.18188973	     23.68061669	     13.79300032	     11.40822562	     17.58663724	     11.60128739	     13.13834705	      9.09521027	     11.61595476	     14.78548107	     11.60694764	    101.65155396	     99.16012839	     10.44163310	      6.43621537	     11.53110964	     21.86317364	     17.15669973	     17.67565766	     21.59957105	     70.22034147	     30.85060430	     49.73622805	     43.72112136	     26.84828322	     25.03417746	     75.64737344	     22.03457617	     46.91485138	     11.23606475	     13.72936022	      6.21491964	    188.69495650	    188.57473409	     37.50570420	     41.40389107	     37.29599247	     36.56991505
      2.40000000	     50.68292777	     13.53881315	      8.98030113	     12.97902819	     11.36973522	      9.16903501	     99.72448340	     28.92388698	     59.82755346	     62.28910182	      5.95044572	     25.64150137	     19.92916258	     11.69620269	      9.64625325	     15.07317675	      8.29224621	     10.69589852	      7.83788384	      8.10755465	     10.32978884	      9.18354412	     72.47529240	     73.29135583	      7.69454042	      4.76165236	      7.85704409	     11.82497398	     10.48923659	     10.76739087	     13.20227798	     48.76250984	     28.24845583	     41.25902821	     34.39154387	     18.10261112	     18.27455166	     63.88788749	     17.78526280	     38.55369438	      8.99871820	      7.98746577	      4.03562417	     49.86694189	     13.59449078	      9.14982350	     12.95031643	     11.22940182	      9.13274455	     94.61735408	     28.51956384	     58.31142340	     62.57530593	      5.98720797	     25.87700184	     19.83479619	     11.59369823	      9.60196993	     14.61565770	      8.39259901	     10.65338754	      7.86071083	      7.98455884	     10.25783985	      8.99257776	     74.71850986	     75.72691240	      7.82988640	      4.80040278	      7.96892898	     12.64468675	     10.45501981	     10.69928534	     13.12155703	     47.02859371	     28.68356638	     41.07441633	     34.40027168	     17.94309666	     18.03484141	     63.69626102	     17.69328474	     38.59128193	      8.97670321	      8.05431921	      4.07505656	    153.29404902	    152.97393918	     26.54856894	     27.88410060	     25.06287582	     24.60588876
      2.41000000	     79.57703652	     24.23162996	     16.55799766	     19.26728069	     17.30503342	     14.96944656	    164.54170683	     38.36572336	     68.93543506	     82.94618655	      9.07713890	     50.32883677	     27.52511679	     16.07650940	     13.49226457	     21.06617303	     13.44972358	     15.12614348	     10.54629218	     13.56411050	     17.03840167	     13.39033977	    117.29513408	    113.53794676	     11.85854236	      7.44746642	     13.43094882	     24.48386439	     19.57438624	     19.99077899	     24.48336257	     80.74489251	     36.11367149	     54.64552460	     50.24861165	     29.87917402	     28.06339629	     92.00661729	     26.43404844	     57.22201600	     13.12598937	     17.28532797	      7.57954515	     79.63682979	     24.22375348	     16.55524560	     19.26642406	     17.30497661	     14.95840092	    164.19621512	     38.37450976	     68.99281473	     83.17776781	      9.06888703	     50.38151144	     27.54002302	     16.08276149	     13.49543200	     21.06240404	     13.45533520	     15.12954279	     10.55751231	     13.55656714	     17.02583673	     13.38033795	    116.87724581	    113.55083493	     11.86197097	      7.44634075	     13.42948729	     24.46557723	     19.56246598	     19.97811552	     24.46309289	     80.76020192	     36.15247861	     54.67470569	     50.23191765	     29.84298096	     28.08495736	     92.12480935	     26.41377623	     57.29875871	     13.12338588	     17.26373974	      7.58142113	    222.77935702	    222.94860510	     46.07031451	     46.05492489	     43.37361429	     43.29321886
      2.42000000	     86.01552231	     26.81855819	     17.50938795	     20.65896777	     18.84631867	     16.46714097	    131.85484864	     37.11044561	     66.78280861	     81.81480947	      9.75001940	     43.46291287	     26.77723978	     16.38459683	     13.87029903	     21.80639467	     14.51873722	     15.64263003	     10.85849356	     14.71214873	     18.24785621	     14.16679981	    115.88017155	    114.60066375	     12.62747926	      8.02511817	     14.55816076	     22.63333870	     19.54139826	     19.76223970	     23.87981363	     64.26022920	     35.13100567	     54.91621727	     51.04639776	     25.71770942	     24.76399967	    100.98862342	     28.89611529	     63.46487003	     14.06645852	     17.99978835	      8.45304744	     85.81699550	     26.75653519	     17.49874390	     20.63994035	     18.82643773	     16.48198493	    132.17402913	     36.95583757	     66.55917188	     81.37510314	      9.74752808	     43.57821644	     26.80012135	     16.40941954	     13.91355036	     21.81588726	     14.50086045	     15.65580386	     10.87399607	     14.71540033	     18.28574252	     14.21276743	    115.55235668	    114.30721450	     12.65345646	      8.01960897	     14.58049808	     22.82826214	     19.66845489	     19.90967251	     24.06879733	     63.79801346	     34.95745814	     54.81968751	     51.00164527	     25.69173386	     24.74445919	    100.99936628	     28.89916563	     63.60932476	     14.08075358	     18.10889184	      8.46946036	    220.70576443	    221.14888950	     49.47276417	     49.03717896	     46.00963197	     46.21991443
      2.43000000	    139.97993113	     51.84930254	     33.64560759	     30.97758272	     29.98466557	     29.08369166	    115.16974385	     45.53601227	     78.44649945	    101.15705392	     15.40408982	     55.85244704	     34.70394411	     22.81108247	     19.59811531	     30.17113357	     24.56767896	     22.52538617	     15.21227304	     25.59749989	     31.02659144	     20.97705565	    160.51288655	    160.38065716	     19.59043469	     13.38341014	     25.94318686	     52.42378469	     37.07543469	     37.74041984	     46.40759171	     68.84911750	     44.21557339	     67.27588395	     66.77054068	     36.09744720	     35.39228272	    173.76307344	     48.00466455	    114.31528923	     22.41427331	     57.39648633	     12.94849021	    134.45520476	     54.84684529	     34.82562387	     32.23351971	     30.71649453	     28.24851819	    113.14639083	     43.70428780	     74.62803952	     99.90193214	     15.62905209	     55.17940814	     36.14410607	     22.04232395	     19.58485914	     29.73255018	     23.79989040	     22.53295373	     15.16972998	     25.26255569	     30.67068642	     20.53950268	    171.99064567	    173.21789528	     20.11938918	     12.89563621	     26.10493278	     53.27942407	     36.76074768	     37.35358185	     45.62641905	     68.08595775	     44.49337808	     70.42922376	     71.51671807	     35.30109403	     34.74578118	    168.23728623	     47.11499342	    109.89612822	     22.08088712	     55.84692735	     13.83597606	    280.76096303	    274.65625139	     82.10470555	     84.16943064	     79.17279965	     79.63519467
      2.44000000	     90.61325911	     25.70365270	     16.50556044	     21.68078065	     19.54101801	     16.59000091	    183.01106396	     36.73978538	     75.84436872	     78.19691241	     10.00162058	     52.54127952	     29.76657341	     17.78344894	     14.98680588	     23.27356442	     14.40246234	     16.40881202	     11.73824637	     14.14933418	     17.40451916	     14.12666931	    129.58810572	    125.84943865	     12.36903737	      8.00358821	     14.07890527	     21.23944514	     18.43155802	     18.56031209	     22.59950241	     90.25315234	     41.17464658	     57.95264705	     54.97176059	     31.68594130	     29.68077394	    109.62037866	     30.25994032	     66.47869578	     14.37175790	     18.25133526	      8.02924526	     91.17636035	     25.85471700	     16.55066605	     21.64355737	     19.74709303	     16.66409067	    177.45782330	     40.91198781	     77.49879506	     78.85753548	     10.04384275	     54.25697938	     28.75780515	     17.55133912	     14.77882171	     22.93829297	     14.57993925	     16.35496957	     11.57495259	     14.20544616	     17.43602736	     14.13215950	    129.59003665	    125.72058095	     12.39204057	      8.01153946	     14.12292441	     21.27238888	     18.44782666	     18.57343912	     22.63535801	     88.45649180	     41.35367556	     57.61150447	     54.86492233	     31.84608017	     29.52676598	    107.25064623	     30.01866019	     65.44965153	     14.26551382	     18.26734713	      8.03749761	    240.06093470	    240.06668471	     49.14389593	     49.14339530	     45.96118140	     45.95841574
      2.45000000	    159.12387009	     47.90997038	     63.27960121	     33.76718999	     27.66256085	     26.12785893	    382.56458436	     40.84895941	     62.01825720	    120.66745223	     14.43924190	    120.21308978	     42.30220154	     24.90484097	     21.65779053	     21.22249218	     24.52045698	     24.81579035	     11.78894105	     24.82941177	     31.78440425	     13.61204411	    222.64480493	    231.21053547	     19.83197260	     11.60106540	     29.83042833	     63.42627604	     56.28102888	     56.21144271	     66.86419930	    165.43430089	     31.54916762	     72.60657808	     45.94334852	     71.25107149	     56.32663368	    142.43378677	     41.70344962	     83.22495852	     18.62812329	     78.85567621	     14.82424416	    158.49389126	     45.73909052	     64.38226912	     25.91227079	     31.67720193	     25.45052504	    372.44261751	     49.28221449	     58.97427603	    124.97957650	     15.42116849	    122.40152490	     33.49805894	     23.96479207	     19.13922342	     28.50228974	     23.64881088	     23.91106197	     12.57839276	     27.28848824	     29.64401696	     15.55118745	    251.20822034	    207.39621372	     18.64967470	     11.46032063	     27.09629489	     63.38133055	     56.19546946	     55.95924022	     66.37957152	    117.32557082	     75.98616013	     48.00806702	     49.82488751	     70.69904170	     57.98303670	    111.09793338	     41.09841442	     72.48484772	     18.88766492	     79.67818326	     15.03303077	    359.76597336	    450.06529324	    108.39323041	    100.66245832	    128.66084109	     85.05890775
      2.46000000	     71.65600094	     16.78326913	     10.17777948	     16.83068963	     14.36745809	     11.64985493	    124.00554207	     35.83280150	     66.89317941	     73.98694906	      7.16518999	     37.75192051	     25.26219604	     14.74215757	     12.41251599	     19.73329531	     10.20598198	     12.71915176	      9.35608670	      9.96687748	     12.17459374	     11.15568277	     98.96033249	     99.26019243	      8.89175806	      5.89584154	      9.25126053	     11.75433374	     11.93518292	     12.03242351	     14.81682527	     65.22898957	     34.42500800	     48.42821061	     43.92905874	     24.81471031	     24.43424595	     78.09211033	     22.61974273	     49.35063668	     10.42719369	      8.19240804	      5.40297250	     68.97779053	     17.64517811	      9.83316459	     16.06074796	     14.39704063	     12.15745669	    127.69490381	     33.71630334	     65.51212650	     70.71486253	      7.51200031	     38.03743180	     23.72533661	     13.99824745	     11.95018608	     18.34023640	     10.44595124	     12.51448010	      9.17851346	      9.92843360	     11.97689879	     11.06473094	     93.96602613	     94.81928539	      9.41757012	      6.16546889	      9.95000406	     10.64906560	     10.91216935	     10.91317492	     13.48942555	     61.67928338	     33.85366831	     49.17797209	     43.66952322	     23.41089940	     23.13846265	     79.95923756	     22.66247377	     50.79925280	     10.53186655	      8.24253096	      5.71270836	    177.89608131	    189.56937823	     35.60143180	     33.97378563	     32.18635497	     32.80413661
      2.47000000	     91.33369902	     22.23497842	     15.06084692	     20.00923138	     17.46395268	     14.76796235	    209.39000709	     44.02409099	     76.15300726	     93.48207983	      8.83623213	     62.53785310	     30.67689159	     17.32284320	     14.52517627	     22.64660319	     12.68558064	     15.03426354	     10.73259498	     12.47867254	     15.43913964	     12.79594307	    133.47744416	    127.65133818	     11.18034067	      7.16020207	     12.70774429	     22.14137978	     17.84782238	     18.08257993	     22.46320416	     99.30945620	     39.89098344	     54.27163823	     52.74915448	     35.93611987	     33.24455224	     88.45910154	     26.28549357	     55.12024238	     12.08415619	     16.92593845	      7.56859977	     90.06676966	     21.59114929	     14.96529580	     20.32319456	     17.63054179	     14.70407070	    208.03806547	     46.70699587	     79.32747879	     83.66824056	      8.91643308	     63.04101350	     30.72202204	     15.86061298	     13.75898582	     21.26113204	     12.67570544	     14.84759860	     10.65832331	     12.38984189	     15.29295760	     12.73853201	    135.39267344	    128.87680961	     11.08251873	      7.13973043	     12.57168539	     22.02707652	     17.65588617	     17.90040300	     22.25712529	    100.19266828	     40.11317929	     53.86100673	     52.22967686	     35.91604390	     33.25385799	     88.92905264	     26.36090905	     54.74740725	     12.22793142	     17.07830228	      7.42674910	    236.63824861	    237.57113287	     45.26306043	     45.18465645	     42.99903296	     42.54640709
      2.48000000	     86.95864094	     18.85509657	     12.86992264	     19.04151388	     16.05951048	     13.02473733	    199.43359346	     43.66067571	     79.93014917	     87.68450005	      8.06349713	     62.89677670	     31.12323461	     17.13745369	     14.27655654	     22.32659044	     11.38828902	     14.37810613	     10.41988251	     10.84161865	     13.50358086	     11.72222911	    124.34318681	    119.70557744	      9.88706792	      6.38018145	     10.93798136	     19.30539421	     15.74195898	     15.97101813	     19.95989126	    107.62075251	     40.18788207	     52.02951018	     50.03119196	     35.62610783	     33.25858211	     88.12093308	     24.74470653	     52.19646070	     11.29127599	     14.15481367	      6.38447721	     86.95562629	     18.85911643	     12.86840870	     19.04653725	     16.05960636	     13.02995893	    199.45238400	     43.63083893	     79.94160270	     87.68407814	      8.06442373	     62.92175583	     31.12211088	     17.13993940	     14.27132202	     22.32120167	     11.38995748	     14.37917412	     10.41984841	     10.84373834	     13.49911814	     11.71826875	    124.26248500	    119.73887629	      9.88618485	      6.37833098	     10.94037195	     19.30655468	     15.74208907	     15.97114721	     19.95886711	    107.63447464	     40.18832467	     52.02895969	     50.03234179	     35.63057260	     33.25360985	     88.13607290	     24.74842481	     52.20074312	     11.29224883	     14.15586070	      6.38359807	    224.12655642	    224.15243371	     40.85477345	     40.85261311	     38.40900399	     38.39642739
      2.49000000	     65.94696682	      9.87651426	      8.06137809	     12.45901300	      9.09323782	      6.83966790	    182.35467884	     41.50180855	     79.75733476	     78.09711659	      4.49454315	     59.42489353	     27.08646030	     12.64928851	     10.22682687	     16.09579051	      6.09768358	      9.60458964	      7.30846742	      6.05639369	      8.12618573	      7.06778603	     99.51459596	     91.93323767	      5.86613827	      3.49257070	      6.28022707	     13.51423824	     10.29502389	     10.69609375	     13.84993529	    124.67835048	     20.17414623	     36.49979620	     29.39138981	     32.63479084	     30.83296771	     55.46237656	     13.76196190	     26.09877484	      6.62440419	      7.92979079	      3.40099364	     66.26790907	      9.88778047	      8.06126287	     12.50019548	      9.09774273	      6.84381590	    182.70154091	     40.60503550	     80.08755764	     76.29080194	      4.51191011	     60.47150572	     27.09664289	     12.57132668	     10.16241514	     15.47779607	      6.11539299	      9.61668418	      7.34475592	      6.04850241	      8.11221156	      6.99614604	     95.93003444	     93.34716867	      5.86457795	      3.49987245	      6.28972089	     13.49345172	     10.25596023	     10.65857485	     13.80707805	    115.14685228	     31.76977373	     38.65035786	     30.36869998	     32.74993543	     30.68592022	     61.45224096	     14.64365934	     30.37150977	      6.78483376	      7.94322112	      3.37342072	    173.59204382	    173.17147792	     22.62758762	     22.66250101	     20.96138021	     21.16607676
      2.50000000	     88.07159165	     16.69037963	     11.66261784	     18.78015632	     15.33001536	     11.91795972	    202.15921717	     44.02310648	     80.57915428	     83.79759338	      7.61856521	     71.41667761	     34.15059153	     18.15950237	     15.07109738	     23.81983813	     10.70055292	     14.45799965	     10.44184374	      9.86980373	     12.41908392	     11.26137170	    123.87881493	    115.59493020	      9.14873782	      5.93620416	      9.89052635	     18.59850967	     15.35145555	     15.58274950	     19.53964458	    117.62537960	     41.51593123	     52.88419853	     51.42065528	     38.48597344	     35.70329293	     84.43139134	     23.73249832	     49.43883659	     10.79169428	     12.64439974	      5.86978736	     87.72204911	     16.72684648	     11.66735119	     18.81494588	     15.26445013	     11.90516887	    204.22917920	     44.03250114	     79.04870487	     83.57273583	      7.62174355	     70.99101202	     34.15645847	     18.26606767	     15.02852775	     23.86459600	     10.69551998	     14.50546415	     10.50407266	      9.86976025	     12.42357954	     11.28915823	    122.56892303	    117.68127060	      9.15245595	      5.94049628	      9.88943422	     18.61679984	     15.35771478	     15.58953574	     19.54364675	    116.82424889	     41.45245875	     52.92762684	     51.62566259	     38.57787601	     35.60458255	     83.48563567	     23.75272397	     49.05156586	     10.78792376	     12.64701888	      5.87107865	    215.48279536	    214.48171359	     39.50723151	     39.58990779	     36.89607212	     37.38393292
