Static Optimization
version=1
nRows=251
nColumns=93
inDegrees=no
This file contains static optimization results.

endheader
time	glut_med1_r	glut_med2_r	glut_med3_r	glut_min1_r	glut_min2_r	glut_min3_r	semimem_r	semiten_r	bifemlh_r	bifemsh_r	sar_r	add_long_r	add_brev_r	add_mag1_r	add_mag2_r	add_mag3_r	tfl_r	pect_r	grac_r	glut_max1_r	glut_max2_r	glut_max3_r	iliacus_r	psoas_r	quad_fem_r	gem_r	peri_r	rect_fem_r	vas_med_r	vas_int_r	vas_lat_r	med_gas_r	lat_gas_r	soleus_r	tib_post_r	flex_dig_r	flex_hal_r	tib_ant_r	per_brev_r	per_long_r	per_tert_r	ext_dig_r	ext_hal_r	glut_med1_l	glut_med2_l	glut_med3_l	glut_min1_l	glut_min2_l	glut_min3_l	semimem_l	semiten_l	bifemlh_l	bifemsh_l	sar_l	add_long_l	add_brev_l	add_mag1_l	add_mag2_l	add_mag3_l	tfl_l	pect_l	grac_l	glut_max1_l	glut_max2_l	glut_max3_l	iliacus_l	psoas_l	quad_fem_l	gem_l	peri_l	rect_fem_l	vas_med_l	vas_int_l	vas_lat_l	med_gas_l	lat_gas_l	soleus_l	tib_post_l	flex_dig_l	flex_hal_l	tib_ant_l	per_brev_l	per_long_l	per_tert_l	ext_dig_l	ext_hal_l	ercspn_r	ercspn_l	intobl_r	intobl_l	extobl_r	extobl_l
      0.00000000	      0.09188437	      0.03202035	      0.01017756	      0.05989289	      0.05176599	      0.03611759	      0.16447289	      0.09905542	      0.08388713	      0.12014558	      0.04465851	      0.10483725	      0.05722387	      0.04497436	      0.04919071	      0.04275124	      0.04547386	      0.05032170	      0.04990891	      0.02611233	      0.02170003	      0.02423721	      0.10962490	      0.09996552	      0.02146901	      0.03275676	      0.02297089	      0.02067624	      0.02320360	      0.02206368	      0.02070015	      0.06133449	      0.04838473	      0.01540549	      0.02918782	      0.12050756	      0.10363203	      0.08224041	      0.04797076	      0.04921376	      0.05110676	      0.04160520	      0.03815669	      0.09227654	      0.03307826	      0.02012753	      0.05836659	      0.05236906	      0.03703748	      0.20536227	      0.08562112	      0.06287757	      0.10719536	      0.04618226	      0.11524739	      0.05874855	      0.04129854	      0.04543784	      0.04282597	      0.04849977	      0.04881416	      0.05235847	      0.02631046	      0.02161001	      0.02298369	      0.11548654	      0.10453647	      0.02265029	      0.03361680	      0.02465593	      0.02341704	      0.02452418	      0.02336630	      0.02191418	      0.05619663	      0.04961708	      0.01588813	      0.03029936	      0.11519625	      0.09995196	      0.07812306	      0.04782971	      0.04742162	      0.05306744	      0.03708642	      0.03683227	      0.07484728	      0.07554393	      0.04174269	      0.04131071	      0.04160779	      0.04103895
      0.01000000	      0.12797811	      0.03231395	      0.02088170	      0.07803136	      0.05931448	      0.04151339	      0.19585136	      0.11889965	      0.10421968	      0.12455056	      0.05502286	      0.13308121	      0.09151725	      0.06922381	      0.06793908	      0.06565135	      0.05326422	      0.06946626	      0.07276201	      0.02945472	      0.02418807	      0.02971394	      0.12512488	      0.11572041	      0.02754633	      0.04016025	      0.02649567	      0.01764585	      0.02053410	      0.01944599	      0.01819430	      0.08399425	      0.06750593	      0.01789801	      0.03811925	      0.13413944	      0.12355560	      0.10684252	      0.06056340	      0.05846790	      0.06518871	      0.02804494	      0.04048443	      0.12774087	      0.03224439	      0.02086188	      0.07823160	      0.05929054	      0.04147446	      0.19605139	      0.11907105	      0.10405699	      0.12456919	      0.05496220	      0.13248379	      0.09158233	      0.06933127	      0.06815267	      0.06574878	      0.05327986	      0.06953732	      0.07288034	      0.02942144	      0.02416217	      0.02969395	      0.12511371	      0.11609019	      0.02752325	      0.04012042	      0.02647083	      0.01765249	      0.02054844	      0.01945683	      0.01820319	      0.08400539	      0.06718401	      0.01790360	      0.03821454	      0.13336870	      0.12438066	      0.10669863	      0.06056829	      0.05846188	      0.06515123	      0.02803667	      0.04047858	      0.09329026	      0.09329816	      0.04776489	      0.04776308	      0.04645829	      0.04644731
      0.02000000	      0.09748925	      0.02098481	      0.01514555	      0.05807892	      0.04100904	      0.02666155	      0.19826457	      0.08617732	      0.09570923	      0.09567755	      0.03712859	      0.11914823	      0.07675070	      0.05476296	      0.05281562	      0.04927480	      0.03407759	      0.05290302	      0.05579356	      0.01954900	      0.01672601	      0.01958742	      0.10596259	      0.09663866	      0.01854869	      0.02606960	      0.01795431	      0.01306344	      0.01438786	      0.01396866	      0.01347574	      0.08066865	      0.05732940	      0.01384622	      0.02740516	      0.12010313	      0.11119793	      0.07725064	      0.04165116	      0.03867086	      0.04603523	      0.01858085	      0.02635798	      0.09718727	      0.02116020	      0.01532479	      0.05762250	      0.04071528	      0.02681366	      0.19956294	      0.09763659	      0.08189829	      0.09932280	      0.03680244	      0.11893685	      0.07736600	      0.05539877	      0.05360819	      0.05121225	      0.03383587	      0.05272113	      0.05656646	      0.01995831	      0.01722955	      0.02099775	      0.10334187	      0.09356578	      0.01903664	      0.02640052	      0.01821342	      0.01322406	      0.01456661	      0.01409731	      0.01355616	      0.08271471	      0.05779471	      0.01375626	      0.02619348	      0.12088058	      0.11063023	      0.08058044	      0.04189264	      0.03887968	      0.04650687	      0.01872077	      0.02646573	      0.07698711	      0.07687801	      0.03166462	      0.03168966	      0.03067080	      0.03082259
      0.03000000	      0.11401358	      0.02681931	      0.01808320	      0.06755644	      0.05020256	      0.03455502	      0.19840411	      0.11148521	      0.09715210	      0.11568184	      0.04657131	      0.12912333	      0.08400385	      0.06172996	      0.06018652	      0.05790011	      0.04462790	      0.06081448	      0.06417422	      0.02477325	      0.02070489	      0.02544597	      0.11573254	      0.10585487	      0.02347365	      0.03376822	      0.02243665	      0.01558109	      0.01780233	      0.01698297	      0.01604490	      0.08352803	      0.06164033	      0.01624554	      0.03313836	      0.12907922	      0.11744856	      0.09297356	      0.05140476	      0.04911593	      0.05573243	      0.02317124	      0.03354718	      0.11403981	      0.02680622	      0.01808510	      0.06754651	      0.05019960	      0.03453862	      0.19834073	      0.11146817	      0.09724053	      0.11568576	      0.04655851	      0.12906363	      0.08401251	      0.06174662	      0.06021091	      0.05795161	      0.04462735	      0.06082202	      0.06417766	      0.02477166	      0.02071078	      0.02543975	      0.11579946	      0.10586150	      0.02348308	      0.03376409	      0.02243913	      0.01558074	      0.01780458	      0.01698458	      0.01604757	      0.08354576	      0.06163349	      0.01624350	      0.03314735	      0.12908364	      0.11744131	      0.09300291	      0.05140111	      0.04914059	      0.05573710	      0.02316966	      0.03354726	      0.08595233	      0.08593115	      0.04008386	      0.04008872	      0.03880505	      0.03883453
      0.04000000	      0.09097805	      0.01656583	      0.01305742	      0.04867372	      0.03156302	      0.02063925	      0.19012744	      0.10349064	      0.09262911	      0.10165721	      0.02906243	      0.11737618	      0.07614299	      0.04896715	      0.04633627	      0.04416827	      0.02687298	      0.04455614	      0.04942975	      0.01590174	      0.01421358	      0.01672291	      0.09761188	      0.08758236	      0.01555168	      0.02066803	      0.01486649	      0.01202502	      0.01292634	      0.01260811	      0.01224811	      0.08600801	      0.05255489	      0.01273375	      0.02128647	      0.11762910	      0.10892289	      0.07239855	      0.03368480	      0.03186944	      0.03721178	      0.01476519	      0.01992640	      0.09273852	      0.01647325	      0.01301166	      0.04877828	      0.03150170	      0.02053922	      0.18374576	      0.10502073	      0.09601204	      0.10015430	      0.02888471	      0.11885380	      0.07664298	      0.04917169	      0.04657054	      0.04432554	      0.02680007	      0.04464342	      0.04933609	      0.01587783	      0.01421170	      0.01673912	      0.09549491	      0.08627298	      0.01550913	      0.02060947	      0.01479487	      0.01205953	      0.01298181	      0.01265812	      0.01229187	      0.09020996	      0.05288860	      0.01256615	      0.01978620	      0.11855404	      0.10815397	      0.07957447	      0.03479587	      0.03316545	      0.03807383	      0.01492276	      0.01991720	      0.07117685	      0.07085041	      0.02436904	      0.02444394	      0.02317236	      0.02362655
      0.05000000	      0.14749831	      0.03771847	      0.01968384	      0.11270105	      0.08665598	      0.05545162	      0.06090893	      0.11889256	      0.12713864	      0.12767816	      0.07955115	      0.07134880	      0.10777762	      0.10136176	      0.10118165	      0.10030557	      0.07417262	      0.10170141	      0.10773100	      0.03541494	      0.02764468	      0.04153075	      0.11477319	      0.11818719	      0.03431343	      0.05557673	      0.02970751	      0.01319146	      0.01965566	      0.01792834	      0.01638621	      0.05312579	      0.09279707	      0.02195931	      0.05323427	      0.10269736	      0.10748117	      0.15333686	      0.09132218	      0.08898122	      0.09827906	      0.02481656	      0.05144550	      0.14827612	      0.03793567	      0.01942395	      0.11269423	      0.08706027	      0.05561125	      0.06250787	      0.11939438	      0.12870761	      0.12781699	      0.07911445	      0.07165870	      0.10754720	      0.10149400	      0.10140128	      0.10061012	      0.07435487	      0.10169451	      0.10732976	      0.03585749	      0.02781507	      0.04159843	      0.11427504	      0.11791247	      0.03377267	      0.05566079	      0.02943152	      0.01254255	      0.01960506	      0.01789152	      0.01634667	      0.05358663	      0.09292484	      0.02205137	      0.05358911	      0.10231144	      0.10748676	      0.15345091	      0.09170497	      0.08878442	      0.09843318	      0.02506919	      0.05205813	      0.10004748	      0.10043491	      0.06848739	      0.06806005	      0.06588221	      0.06549439
      0.06000000	      0.14618455	      0.04097881	      0.02543921	      0.09102311	      0.07177344	      0.05187577	      0.20681745	      0.12563210	      0.10619742	      0.13482265	      0.06666727	      0.14266254	      0.09933604	      0.07802890	      0.07724085	      0.07457617	      0.06572264	      0.08031279	      0.08263277	      0.03669766	      0.02961724	      0.03590924	      0.14111247	      0.13101670	      0.03372682	      0.04947345	      0.03291245	      0.02127634	      0.02513498	      0.02361561	      0.02184794	      0.08350741	      0.07379258	      0.02029991	      0.04534444	      0.14364946	      0.13209946	      0.12197135	      0.07246645	      0.07048679	      0.07732592	      0.03626293	      0.05098797	      0.14619777	      0.04097726	      0.02543945	      0.09102874	      0.07179724	      0.05187261	      0.20678069	      0.12562738	      0.10620990	      0.13484157	      0.06666087	      0.14268794	      0.09932471	      0.07803479	      0.07725026	      0.07457854	      0.06571880	      0.08031667	      0.08264081	      0.03669973	      0.02961932	      0.03591212	      0.14106548	      0.13103148	      0.03372635	      0.04947318	      0.03291493	      0.02127468	      0.02513233	      0.02361237	      0.02184782	      0.08351074	      0.07380867	      0.02029873	      0.04534710	      0.14366040	      0.13209328	      0.12199114	      0.07246662	      0.07050193	      0.07731922	      0.03626661	      0.05098801	      0.10371642	      0.10374329	      0.05870939	      0.05870323	      0.05726749	      0.05723011
      0.07000000	      0.10612597	      0.01479717	      0.01354925	      0.08027223	      0.05261599	      0.02637922	      0.06758206	      0.12028558	      0.13958376	      0.12147485	      0.04720305	      0.06226975	      0.09055409	      0.08038548	      0.07786154	      0.07616847	      0.03953286	      0.07479014	      0.08428722	      0.01538179	      0.01293878	      0.02118373	      0.08535097	      0.08771040	      0.01629480	      0.02845606	      0.01341518	      0.01453353	      0.01043725	      0.01087375	      0.01142952	      0.07170608	      0.08660049	      0.01266168	      0.03181806	      0.09840732	      0.09893447	      0.11454922	      0.05855340	      0.05457934	      0.06553717	      0.01276859	      0.02344250	      0.10493727	      0.01475483	      0.01332352	      0.08036015	      0.05272894	      0.02633636	      0.06785085	      0.11764126	      0.13829889	      0.11930793	      0.04693048	      0.06186938	      0.08997413	      0.08032112	      0.07791617	      0.07693145	      0.03926177	      0.07471872	      0.08422932	      0.01543325	      0.01312783	      0.02163021	      0.08517861	      0.08733932	      0.01576718	      0.02814311	      0.01282150	      0.01398865	      0.01001780	      0.01050541	      0.01109874	      0.07160948	      0.08699308	      0.01226366	      0.03191065	      0.09827590	      0.09894907	      0.11311585	      0.05822687	      0.05406276	      0.06537503	      0.01275564	      0.02352208	      0.07637475	      0.07641659	      0.03792144	      0.03796222	      0.03578929	      0.03568061
      0.08000000	      0.13774286	      0.03576872	      0.02242210	      0.09057739	      0.07068392	      0.04827075	      0.13670698	      0.11887511	      0.11056400	      0.12459127	      0.06528992	      0.10939477	      0.09595675	      0.07998078	      0.07952606	      0.07760499	      0.06280852	      0.08109254	      0.08472828	      0.03301968	      0.02670424	      0.03469072	      0.12182697	      0.11636690	      0.03103523	      0.04718304	      0.02906469	      0.01811332	      0.02063851	      0.01956003	      0.01846266	      0.06607352	      0.07515987	      0.01956138	      0.04450765	      0.11903631	      0.11446234	      0.12236241	      0.07306414	      0.07087560	      0.07773069	      0.02939759	      0.04663398	      0.13869307	      0.03577640	      0.02242046	      0.09107954	      0.07091220	      0.04831761	      0.13410833	      0.12036516	      0.11285283	      0.12559226	      0.06543114	      0.10990625	      0.09685170	      0.08029701	      0.07963005	      0.07774660	      0.06217379	      0.08104738	      0.08500232	      0.03278963	      0.02652121	      0.03390774	      0.12141418	      0.11578296	      0.03104247	      0.04709289	      0.02915184	      0.01842678	      0.02059966	      0.01954554	      0.01839976	      0.06617096	      0.07563732	      0.01963829	      0.04444442	      0.11910955	      0.11442749	      0.12285089	      0.07281181	      0.07095972	      0.07780643	      0.02932210	      0.04661522	      0.09488265	      0.09499613	      0.05708494	      0.05708962	      0.05587915	      0.05533501
      0.09000000	      0.09327443	      0.01813082	      0.01380084	      0.05211735	      0.03487452	      0.02287238	      0.19613528	      0.10174513	      0.09109765	      0.10196449	      0.03216126	      0.11663269	      0.07781106	      0.05166923	      0.04925240	      0.04697363	      0.02993498	      0.04780141	      0.05202612	      0.01727113	      0.01521564	      0.01817688	      0.10042838	      0.09316140	      0.01679238	      0.02283343	      0.01601514	      0.01255064	      0.01368325	      0.01328710	      0.01283563	      0.08464543	      0.05401824	      0.01332709	      0.02363597	      0.11931813	      0.11037039	      0.07406790	      0.03658829	      0.03424441	      0.04060126	      0.01604952	      0.02217057	      0.09763411	      0.01812122	      0.01379587	      0.05215129	      0.03487326	      0.02286076	      0.17939895	      0.11099079	      0.10173413	      0.10936641	      0.03213342	      0.11877813	      0.07851776	      0.05186785	      0.04937460	      0.04727287	      0.02984321	      0.04777644	      0.05258232	      0.01726753	      0.01521310	      0.01817818	      0.10124850	      0.08933025	      0.01679191	      0.02283440	      0.01600989	      0.01254757	      0.01367269	      0.01327779	      0.01282708	      0.08606524	      0.05390753	      0.01331706	      0.02335366	      0.12008669	      0.10952576	      0.07664566	      0.03704936	      0.03496180	      0.04088611	      0.01605472	      0.02214683	      0.07366269	      0.07364829	      0.02716243	      0.02716575	      0.02612880	      0.02614883
      0.10000000	      0.07133126	      0.02424680	      0.01790831	      0.07502223	      0.05092701	      0.03000113	      0.33251259	      0.01817460	      0.05246525	      0.02417368	      0.04426522	      0.09593954	      0.07653549	      0.05763708	      0.06206415	      0.04812682	      0.04884874	      0.06401083	      0.06520266	      0.02179486	      0.01887887	      0.01959578	      0.12054192	      0.15502511	      0.02059892	      0.02807265	      0.02086799	      0.01692616	      0.01915265	      0.01825433	      0.01719909	      0.07278561	      0.06409224	      0.01628619	      0.03196029	      0.12789591	      0.11536752	      0.07252483	      0.04616594	      0.03970189	      0.05334105	      0.02337311	      0.02722101	      0.09748762	      0.02419262	      0.01799876	      0.07624499	      0.04778404	      0.02984984	      0.26284027	      0.04328428	      0.10058983	      0.04305190	      0.04866659	      0.11598347	      0.07586881	      0.06193379	      0.05674333	      0.05183609	      0.04654369	      0.06725956	      0.06674777	      0.02212391	      0.01921766	      0.02082161	      0.04829422	      0.20837683	      0.02054276	      0.02833277	      0.02082006	      0.01658496	      0.01849676	      0.01770061	      0.01674467	      0.08212997	      0.07071190	      0.01562125	      0.02841540	      0.13166410	      0.11165538	      0.09257753	      0.04960781	      0.04414919	      0.05692702	      0.02354291	      0.02745595	      0.07735371	      0.07410443	      0.02677896	      0.02752450	      0.02791183	      0.03243275
      0.11000000	      0.11360345	      0.02765898	      0.01855108	      0.06745356	      0.05036152	      0.03497234	      0.20659904	      0.10888619	      0.09254124	      0.11438137	      0.04687183	      0.13162487	      0.08298707	      0.06123668	      0.05973200	      0.05717913	      0.04521373	      0.06075568	      0.06366575	      0.02536065	      0.02122208	      0.02546339	      0.11696088	      0.10677224	      0.02384736	      0.03403450	      0.02308328	      0.01603137	      0.01854545	      0.01764915	      0.01661353	      0.08466776	      0.05994251	      0.01612272	      0.03309356	      0.13055916	      0.11776764	      0.09264471	      0.05136839	      0.04898077	      0.05575471	      0.02426013	      0.03399150	      0.11404963	      0.02765378	      0.01850777	      0.06754701	      0.05036603	      0.03493345	      0.20431793	      0.10978971	      0.09370314	      0.11500384	      0.04679580	      0.13177455	      0.08307575	      0.06131070	      0.05983255	      0.05738060	      0.04511031	      0.06076349	      0.06377489	      0.02535289	      0.02123900	      0.02550412	      0.11668582	      0.10641108	      0.02379161	      0.03398392	      0.02304125	      0.01589936	      0.01851723	      0.01762051	      0.01658302	      0.08505232	      0.05997649	      0.01605233	      0.03298454	      0.13058062	      0.11775669	      0.09308857	      0.05143424	      0.04902822	      0.05581609	      0.02426971	      0.03398722	      0.08594428	      0.08595250	      0.04007381	      0.04007192	      0.03883956	      0.03882812
      0.12000000	      0.11003145	      0.02593219	      0.01884190	      0.05513133	      0.04062020	      0.03060164	      0.21356649	      0.11487467	      0.09954704	      0.11676195	      0.03877162	      0.13457523	      0.07794062	      0.05096080	      0.04937120	      0.04632261	      0.03772868	      0.05007160	      0.05179456	      0.02369024	      0.02027392	      0.02222489	      0.12454806	      0.10832180	      0.02216950	      0.02944863	      0.02226557	      0.01798698	      0.01938120	      0.01857399	      0.01758199	      0.07993392	      0.05068559	      0.01582401	      0.02901882	      0.13371543	      0.11720433	      0.06991121	      0.04088822	      0.03889793	      0.04416830	      0.02701913	      0.03153472	      0.11198490	      0.02590529	      0.01880965	      0.05542033	      0.04111107	      0.03015551	      0.20487241	      0.11741945	      0.10671187	      0.11780474	      0.03813373	      0.13491222	      0.07793826	      0.05088745	      0.04951353	      0.04752336	      0.03725401	      0.05007603	      0.05213204	      0.02360694	      0.02021715	      0.02223265	      0.12472324	      0.10826349	      0.02196878	      0.02960517	      0.02215067	      0.01786915	      0.01929912	      0.01849441	      0.01750392	      0.08102336	      0.05128938	      0.01568432	      0.02841078	      0.13400474	      0.11715935	      0.07176562	      0.04109205	      0.03917298	      0.04380199	      0.02706429	      0.03188030	      0.08016839	      0.08012509	      0.03393455	      0.03394449	      0.03284272	      0.03290297
      0.13000000	      0.10104019	      0.02943196	      0.01353365	      0.05545530	      0.04451434	      0.03228957	      0.18704719	      0.09638062	      0.07757810	      0.10282769	      0.04119546	      0.11859892	      0.07552403	      0.04750896	      0.04736383	      0.04545274	      0.04058868	      0.04972936	      0.05132064	      0.02490918	      0.02140376	      0.02318920	      0.10633844	      0.09603366	      0.02265102	      0.03075695	      0.02391197	      0.01527725	      0.01866764	      0.01763071	      0.01643796	      0.07024906	      0.04766252	      0.01490919	      0.02760033	      0.11676169	      0.10416677	      0.07790737	      0.04396009	      0.04188282	      0.04803997	      0.02725267	      0.03262936	      0.09785015	      0.02933252	      0.01346995	      0.05514923	      0.04411652	      0.03231235	      0.18220721	      0.09340573	      0.07685556	      0.10053122	      0.04133998	      0.12081489	      0.07441021	      0.04758910	      0.04677327	      0.04430571	      0.04086368	      0.05048984	      0.05053026	      0.02509192	      0.02148428	      0.02342185	      0.10710727	      0.09763675	      0.02305913	      0.03107717	      0.02417767	      0.01661666	      0.01959882	      0.01853982	      0.01739484	      0.06603716	      0.04651308	      0.01492137	      0.02799566	      0.11287442	      0.10068319	      0.07644639	      0.04381997	      0.04220656	      0.04843156	      0.02948838	      0.03322333	      0.07465848	      0.07544740	      0.03740869	      0.03683878	      0.03642621	      0.03715190
      0.14000000	      0.16159685	      0.04760390	      0.02573956	      0.10697429	      0.08694864	      0.06241205	      0.14056519	      0.12198047	      0.10930489	      0.12744350	      0.08009467	      0.12513249	      0.10567288	      0.09056067	      0.09036429	      0.09120450	      0.07856645	      0.09315947	      0.09703279	      0.04334881	      0.03437541	      0.04523088	      0.13388614	      0.12854889	      0.03918725	      0.05965024	      0.03676741	      0.01589912	      0.02590003	      0.02367323	      0.02143929	      0.06632164	      0.07806040	      0.02319092	      0.05304402	      0.12780391	      0.12115522	      0.14708129	      0.08952769	      0.08890152	      0.09411339	      0.03789474	      0.06177377	      0.16129274	      0.04659007	      0.02551670	      0.10722099	      0.08661314	      0.06196803	      0.14273889	      0.12178553	      0.10664584	      0.13026835	      0.07985457	      0.12413826	      0.10651574	      0.09095045	      0.09071449	      0.08921468	      0.07993937	      0.09405555	      0.09544080	      0.04202045	      0.03306905	      0.04345738	      0.13935267	      0.13231925	      0.03846968	      0.05885308	      0.03605152	      0.01634323	      0.02553460	      0.02342652	      0.02082184	      0.06781607	      0.07934145	      0.02357758	      0.05465193	      0.12662491	      0.12179988	      0.14496672	      0.08773843	      0.08657363	      0.09390925	      0.03864387	      0.06193093	      0.10921443	      0.10620550	      0.06864089	      0.07331864	      0.07095397	      0.06793214
      0.15000000	      0.09924156	      0.02403512	      0.01674447	      0.05785567	      0.04293691	      0.03041351	      0.20850197	      0.10236478	      0.07941094	      0.10650470	      0.03941566	      0.13215944	      0.07752618	      0.05140182	      0.05107228	      0.03991398	      0.03880118	      0.04942777	      0.05182088	      0.02235480	      0.01892524	      0.01844609	      0.10651598	      0.09282338	      0.02080264	      0.02911932	      0.02036287	      0.01508758	      0.01630402	      0.01576761	      0.01502096	      0.07783404	      0.04697355	      0.01526462	      0.02964449	      0.12278335	      0.11065794	      0.07141485	      0.04230935	      0.03874606	      0.04546648	      0.02083439	      0.02998172	      0.09536656	      0.02395899	      0.01678874	      0.05807248	      0.04270320	      0.03039490	      0.21759038	      0.10466338	      0.06790802	      0.10759549	      0.03945066	      0.13349066	      0.07161539	      0.05050705	      0.04831839	      0.04572957	      0.03887898	      0.05102107	      0.04875347	      0.02223969	      0.01884828	      0.01908977	      0.10001212	      0.09951937	      0.02099741	      0.02902964	      0.02032648	      0.01519309	      0.01582381	      0.01529829	      0.01474932	      0.07214965	      0.05142265	      0.01530829	      0.03006127	      0.12280785	      0.11042336	      0.06421107	      0.04186397	      0.03620136	      0.04542536	      0.02060102	      0.03025198	      0.07836413	      0.07783936	      0.03411036	      0.03423078	      0.03193851	      0.03266872
      0.16000000	      0.13409660	      0.03561515	      0.02263471	      0.08259260	      0.06406877	      0.04554301	      0.20336794	      0.12051611	      0.10289206	      0.12781596	      0.05946005	      0.13737930	      0.09361419	      0.07204923	      0.07105038	      0.06863994	      0.05817619	      0.07340354	      0.07608143	      0.03223487	      0.02627453	      0.03209263	      0.13173546	      0.12154212	      0.02992126	      0.04378626	      0.02896976	      0.01904729	      0.02231908	      0.02105315	      0.01959645	      0.08306250	      0.06956040	      0.01886216	      0.04111428	      0.13801558	      0.12659291	      0.11108218	      0.06495302	      0.06266401	      0.06955435	      0.03115730	      0.04462527	      0.13431264	      0.03569127	      0.02262292	      0.08271742	      0.06403464	      0.04561016	      0.20313290	      0.12033790	      0.10298370	      0.12792252	      0.05941745	      0.13715462	      0.09393340	      0.07241142	      0.07132223	      0.06861796	      0.05811119	      0.07342591	      0.07602917	      0.03223907	      0.02629302	      0.03214533	      0.13156837	      0.12168079	      0.02996269	      0.04382081	      0.02899839	      0.01904126	      0.02231618	      0.02105305	      0.01959996	      0.08326272	      0.06957009	      0.01886743	      0.04110356	      0.13804553	      0.12662144	      0.11152512	      0.06489706	      0.06290303	      0.06959504	      0.03119372	      0.04463276	      0.09738045	      0.09753638	      0.05236586	      0.05233008	      0.05067258	      0.05045560
      0.17000000	      0.08505899	      0.01556716	      0.01253236	      0.03923360	      0.02402237	      0.01835334	      0.20674556	      0.09702807	      0.08273850	      0.09609370	      0.02331652	      0.13091212	      0.06639785	      0.03802386	      0.03595513	      0.03392363	      0.02251489	      0.03485728	      0.03888519	      0.01481595	      0.01346509	      0.01543779	      0.09467873	      0.08316500	      0.01454113	      0.01785870	      0.01396249	      0.01178960	      0.01249547	      0.01223490	      0.01193474	      0.08557756	      0.04161089	      0.01216877	      0.01797118	      0.11846453	      0.10598854	      0.05725596	      0.02584872	      0.02423787	      0.02866004	      0.01405044	      0.01831136	      0.08494464	      0.01563304	      0.01252757	      0.03829492	      0.02452968	      0.01892345	      0.20554266	      0.09916370	      0.08328139	      0.09639543	      0.02273110	      0.12935014	      0.06785097	      0.03884001	      0.03630834	      0.03487687	      0.02205491	      0.03532052	      0.03876286	      0.01502470	      0.01334567	      0.01328580	      0.09512257	      0.08278568	      0.01486637	      0.01818091	      0.01419780	      0.01176656	      0.01249288	      0.01223064	      0.01193309	      0.08509187	      0.04172537	      0.01225402	      0.01802346	      0.11823441	      0.10567578	      0.05681401	      0.02574349	      0.02396328	      0.02869658	      0.01417606	      0.01699985	      0.06647778	      0.06658272	      0.01944094	      0.01941686	      0.01906492	      0.01891889
      0.18000000	      0.10242391	      0.02234691	      0.01593906	      0.06424410	      0.04697825	      0.02988938	      0.18648626	      0.10205949	      0.09226531	      0.10609453	      0.04331806	      0.11698805	      0.07838692	      0.06084932	      0.05917123	      0.05740853	      0.03996344	      0.05897113	      0.06315317	      0.02089237	      0.01774056	      0.02207016	      0.10525801	      0.09667822	      0.02020389	      0.02970365	      0.01921709	      0.01366157	      0.01543312	      0.01480935	      0.01411415	      0.08137141	      0.06270395	      0.01453195	      0.03088111	      0.12138551	      0.11051512	      0.08960899	      0.04851989	      0.04554054	      0.05355760	      0.01917347	      0.02813583	      0.10313966	      0.02237758	      0.01595097	      0.06431632	      0.04696170	      0.02996774	      0.18534017	      0.10325453	      0.09345153	      0.10717417	      0.04335521	      0.11710853	      0.07882008	      0.06102372	      0.05929700	      0.05727742	      0.04014890	      0.05896862	      0.06315328	      0.02095214	      0.01782459	      0.02209578	      0.10546613	      0.09651065	      0.02027547	      0.02982685	      0.01922931	      0.01408596	      0.01542781	      0.01482960	      0.01415259	      0.08150763	      0.06229451	      0.01470925	      0.03094431	      0.12135522	      0.11036367	      0.09047355	      0.04869535	      0.04591505	      0.05365732	      0.01916083	      0.02813228	      0.08090900	      0.08093213	      0.03646646	      0.03644445	      0.03500129	      0.03502027
      0.19000000	      0.13018820	      0.03253095	      0.01495034	      0.10353300	      0.07704261	      0.04858757	      0.04443838	      0.11162575	      0.12387236	      0.11786662	      0.06937616	      0.04411137	      0.10770158	      0.09656445	      0.09428099	      0.09270796	      0.06574419	      0.09454238	      0.10050716	      0.03040805	      0.02478191	      0.03730537	      0.10164389	      0.11138210	      0.02998373	      0.04833119	      0.02492039	      0.01013110	      0.01685580	      0.01558355	      0.01405957	      0.03798941	      0.09081739	      0.02086075	      0.04799071	      0.08633706	      0.09784288	      0.13158383	      0.08117642	      0.07793737	      0.08739552	      0.01971130	      0.04493162	      0.12946174	      0.03155517	      0.01491031	      0.10218753	      0.07580704	      0.04776660	      0.04087721	      0.11055059	      0.12181278	      0.11797943	      0.07064995	      0.04473816	      0.10830794	      0.09687235	      0.09462632	      0.09060284	      0.06643781	      0.09481005	      0.09916634	      0.03005916	      0.02341852	      0.03701404	      0.10435131	      0.11285580	      0.03033934	      0.04861294	      0.02491445	      0.01114274	      0.01710609	      0.01572282	      0.01415218	      0.03713436	      0.09033386	      0.02068664	      0.04829629	      0.08686255	      0.09746947	      0.13082586	      0.08079386	      0.07791236	      0.08727669	      0.01989746	      0.04512545	      0.08721592	      0.08666619	      0.05760388	      0.05946458	      0.05601775	      0.05513284
      0.20000000	      0.08727622	      0.01534599	      0.01246270	      0.04454743	      0.02849801	      0.01870767	      0.19338720	      0.10068820	      0.08986812	      0.09945678	      0.02623572	      0.12074141	      0.07135956	      0.04511846	      0.04286483	      0.04090871	      0.02414850	      0.04085943	      0.04540146	      0.01478338	      0.01341849	      0.01551645	      0.09456855	      0.08496187	      0.01450989	      0.01880080	      0.01393906	      0.01164396	      0.01238337	      0.01212620	      0.01182904	      0.08626713	      0.04877788	      0.01225510	      0.01960916	      0.11807255	      0.10615310	      0.06666068	      0.03027351	      0.02846488	      0.03379452	      0.01388261	      0.01817878	      0.08727866	      0.01533591	      0.01245354	      0.04477083	      0.02848402	      0.01870858	      0.19328714	      0.10066956	      0.09008745	      0.09953871	      0.02623194	      0.12067870	      0.07132833	      0.04532147	      0.04295042	      0.04071154	      0.02419948	      0.04092510	      0.04541147	      0.01479312	      0.01340837	      0.01552016	      0.09442964	      0.08516102	      0.01449912	      0.01874946	      0.01394072	      0.01163870	      0.01238551	      0.01212198	      0.01182676	      0.08618904	      0.04872801	      0.01225614	      0.01961728	      0.11810187	      0.10612227	      0.06644406	      0.03035208	      0.02832531	      0.03379394	      0.01388206	      0.01818229	      0.06894837	      0.06888113	      0.02214140	      0.02215683	      0.02126422	      0.02135778
      0.21000000	      0.12487578	      0.03188150	      0.02105385	      0.07591911	      0.05739757	      0.04032175	      0.20679965	      0.11355572	      0.09521145	      0.12498013	      0.05303492	      0.14046318	      0.08683911	      0.06526848	      0.06424694	      0.06174179	      0.05138111	      0.06649452	      0.07014021	      0.02904583	      0.02396819	      0.02911750	      0.11922550	      0.11473350	      0.02717930	      0.03910080	      0.02636818	      0.01835020	      0.02045279	      0.01944777	      0.01828056	      0.08391697	      0.06544975	      0.01764528	      0.03765992	      0.13311371	      0.12525684	      0.10334149	      0.05873535	      0.05708192	      0.06292972	      0.02860032	      0.03975070	      0.12662108	      0.03185104	      0.02107670	      0.07300143	      0.05632631	      0.04034146	      0.20459418	      0.11947108	      0.09076469	      0.12717082	      0.05241082	      0.13824516	      0.08730308	      0.06613630	      0.06585377	      0.06474960	      0.04960768	      0.06624400	      0.07018460	      0.02935858	      0.02431597	      0.03006677	      0.11750498	      0.11629626	      0.02746144	      0.03935651	      0.02643034	      0.01828202	      0.02030843	      0.01931705	      0.01816243	      0.08449187	      0.06601882	      0.01765846	      0.03691580	      0.13712491	      0.12105959	      0.10436949	      0.05926268	      0.05670925	      0.06257760	      0.02871206	      0.03976284	      0.09308506	      0.09282387	      0.04793638	      0.04799631	      0.04547771	      0.04584107
      0.22000000	      0.11438067	      0.03356750	      0.02273600	      0.07335586	      0.05777935	      0.04164751	      0.11819227	      0.09529015	      0.08760546	      0.11514643	      0.05446562	      0.08105922	      0.07120592	      0.06102963	      0.06047872	      0.05687784	      0.05171835	      0.06477634	      0.06838230	      0.03006262	      0.02460319	      0.02795315	      0.11058239	      0.10603092	      0.02851651	      0.04020300	      0.02824906	      0.01788091	      0.01988836	      0.01893759	      0.01778688	      0.02440829	      0.06579551	      0.01907204	      0.03835438	      0.09246342	      0.08648164	      0.08263051	      0.05806957	      0.05758581	      0.06024088	      0.02951476	      0.03897092	      0.11212463	      0.03200385	      0.02236836	      0.07294452	      0.05661731	      0.04046919	      0.13143820	      0.08350110	      0.08372441	      0.10578828	      0.05418903	      0.07255171	      0.07271390	      0.06234526	      0.06151796	      0.05746675	      0.05059379	      0.06565696	      0.06916595	      0.02917705	      0.02401363	      0.02774404	      0.11727175	      0.11121268	      0.02863625	      0.03993670	      0.02790142	      0.01794880	      0.01961471	      0.01870380	      0.01763342	      0.02365514	      0.06637903	      0.01936293	      0.03953527	      0.09377767	      0.08833060	      0.08008616	      0.05770941	      0.05720509	      0.05973353	      0.02959051	      0.03893335	      0.07465855	      0.07317065	      0.04716804	      0.04852082	      0.04697975	      0.04658762
      0.23000000	      0.08139981	      0.01918874	      0.01529643	      0.05753765	      0.02948512	      0.02349097	      0.09015019	      0.06735150	      0.05537969	      0.12658402	      0.03226951	      0.02642792	      0.06768720	      0.05921764	      0.05609470	      0.05317496	      0.03345283	      0.05344337	      0.05738357	      0.01985245	      0.01709348	      0.02047841	      0.06168014	      0.10031299	      0.01908966	      0.02724042	      0.01783319	      0.01372498	      0.01547308	      0.01485860	      0.01416429	      0.01774830	      0.05005091	      0.01839749	      0.03075903	      0.07153948	      0.06308321	      0.07886856	      0.04659074	      0.05247921	      0.04383657	      0.01916888	      0.02889688	      0.08885236	      0.02429865	      0.01577629	      0.05307087	      0.03514620	      0.03102262	      0.10158450	      0.06787173	      0.07586080	      0.08023324	      0.03613884	      0.03879062	      0.05666518	      0.05267580	      0.05223218	      0.05029369	      0.03334248	      0.04959395	      0.05487265	      0.02226691	      0.01898020	      0.02419611	      0.09716390	      0.10597993	      0.02219433	      0.03101127	      0.02058140	      0.01405868	      0.01578610	      0.01502916	      0.01433465	      0.01638864	      0.04408095	      0.01509590	      0.02784531	      0.07194949	      0.06420964	      0.05310922	      0.03708404	      0.04034061	      0.04124197	      0.01967077	      0.03023127	      0.05961382	      0.06006086	      0.03641285	      0.03631075	      0.04051217	      0.03988969
      0.24000000	      0.11049868	      0.01858138	      0.04552657	      0.05773703	      0.03796206	      0.02365527	      0.16696099	      0.09682277	      0.10253852	      0.10261924	      0.03371212	      0.12199579	      0.07860578	      0.05304065	      0.05069446	      0.04993535	      0.03341885	      0.04986108	      0.05210969	      0.01631968	      0.01381986	      0.01731691	      0.11078891	      0.09587059	      0.01410790	      0.02222779	      0.01364119	      0.01341997	      0.01531541	      0.01477152	      0.01404607	      0.07486432	      0.04908961	      0.01388708	      0.02469709	      0.11468930	      0.10319511	      0.07393792	      0.03942876	      0.03796590	      0.04239332	      0.01757239	      0.02501275	      0.09535337	      0.02371004	      0.01199678	      0.05371280	      0.03810007	      0.02739139	      0.17913418	      0.09629641	      0.08579723	      0.09986214	      0.03515781	      0.11239114	      0.07068696	      0.04844825	      0.04701755	      0.04440366	      0.03389269	      0.04781436	      0.05023752	      0.02054747	      0.01721672	      0.01853845	      0.09696576	      0.08811695	      0.02002335	      0.02615530	      0.01812500	      0.01359416	      0.01506657	      0.01454736	      0.01394683	      0.07469639	      0.04851168	      0.01359682	      0.02463137	      0.11224528	      0.10054435	      0.07415289	      0.03876313	      0.03707760	      0.04142846	      0.01751662	      0.02533930	      0.07169739	      0.07178029	      0.03136390	      0.03005385	      0.02905673	      0.03015684
      0.25000000	      0.08617410	      0.01913017	      0.01461854	      0.04705505	      0.03445273	      0.02486234	      0.24398393	      0.07645989	      0.06579215	      0.08240208	      0.03270292	      0.13160978	      0.07086994	      0.04360037	      0.04124953	      0.03632267	      0.03241036	      0.04276417	      0.04410708	      0.01819484	      0.01595400	      0.01936287	      0.10376001	      0.09337618	      0.01766088	      0.02465146	      0.01677792	      0.01305222	      0.01437108	      0.01391032	      0.01337568	      0.08497676	      0.04185237	      0.01374068	      0.02541978	      0.12378879	      0.10760490	      0.06565863	      0.03454075	      0.03299197	      0.03735739	      0.01686501	      0.02352292	      0.07703452	      0.01911197	      0.01465490	      0.04628523	      0.03445434	      0.02493880	      0.27844738	      0.05771835	      0.04216972	      0.06818534	      0.03327524	      0.12954760	      0.06807469	      0.04248316	      0.04014770	      0.03511701	      0.03250161	      0.04249616	      0.04322380	      0.01821588	      0.01587990	      0.01948933	      0.10585825	      0.09446945	      0.01768340	      0.02472221	      0.01680382	      0.01293104	      0.01438884	      0.01391407	      0.01336836	      0.08262057	      0.04154463	      0.01374579	      0.02588799	      0.12361664	      0.10786204	      0.06080412	      0.03342762	      0.03169630	      0.03667947	      0.01688756	      0.02358147	      0.07424545	      0.07455770	      0.02775194	      0.02768035	      0.02736166	      0.02692744
      0.26000000	      0.17512198	      0.04282035	      0.02124376	      0.11874376	      0.10123150	      0.06475490	      0.02507921	      0.13962912	      0.13875467	      0.14748726	      0.08979951	      0.10151034	      0.11076494	      0.10494320	      0.10226411	      0.10478351	      0.08357617	      0.10521715	      0.10936947	      0.03971125	      0.03305513	      0.04078826	      0.11534285	      0.11268367	      0.04521610	      0.06769492	      0.03409415	      0.01171636	      0.02323528	      0.02077325	      0.01824346	      0.05317624	      0.08482334	      0.02510280	      0.05804465	      0.09810424	      0.10209423	      0.17655516	      0.09892256	      0.09871952	      0.11007264	      0.04106992	      0.07866299	      0.16231362	      0.04430020	      0.02856173	      0.11423399	      0.10090378	      0.06533947	      0.06898569	      0.11184562	      0.11414092	      0.11775471	      0.08696397	      0.10004861	      0.10417265	      0.10060473	      0.09925301	      0.10817856	      0.09233422	      0.10385314	      0.10383285	      0.04173773	      0.03630944	      0.05635413	      0.12801366	      0.12141524	      0.02943538	      0.06719036	      0.04224856	      0.01022900	      0.02695254	      0.02233965	      0.02007807	      0.04665052	      0.08983135	      0.02449683	      0.05609275	      0.10400674	      0.11286064	      0.15944463	      0.11116859	      0.09360054	      0.10575844	      0.02635166	      0.06183533	      0.10398013	      0.11201677	      0.08436590	      0.07388017	      0.07899090	      0.07565548
      0.27000000	      0.11224965	      0.02564045	      0.01751103	      0.06644547	      0.04854820	      0.03308054	      0.19357945	      0.11188228	      0.09866147	      0.11521478	      0.04486576	      0.12718401	      0.08308854	      0.06097143	      0.05958375	      0.05748695	      0.04275677	      0.05979783	      0.06318387	      0.02378955	      0.02002974	      0.02457117	      0.11331850	      0.10351377	      0.02261364	      0.03247097	      0.02158152	      0.01511767	      0.01721516	      0.01648258	      0.01559503	      0.08455941	      0.06092865	      0.01586028	      0.03189124	      0.12769750	      0.11640084	      0.09275077	      0.05022256	      0.04792067	      0.05433407	      0.02219353	      0.03211604	      0.11203566	      0.02564742	      0.01754015	      0.06598828	      0.04841050	      0.03313528	      0.19548320	      0.11057566	      0.09798628	      0.11482990	      0.04502499	      0.12692751	      0.08357941	      0.06086016	      0.05919847	      0.05711407	      0.04294143	      0.05984605	      0.06318862	      0.02377406	      0.01999037	      0.02447605	      0.11407065	      0.10320310	      0.02267720	      0.03252253	      0.02163123	      0.01518425	      0.01724941	      0.01651246	      0.01562437	      0.08409991	      0.06107221	      0.01588869	      0.03200126	      0.12748566	      0.11654081	      0.09216860	      0.05021286	      0.04777336	      0.05421872	      0.02214950	      0.03207730	      0.08447920	      0.08436349	      0.03846568	      0.03849221	      0.03712010	      0.03728102
      0.28000000	      0.09597299	      0.01905271	      0.01424459	      0.05283914	      0.03641832	      0.02416239	      0.19464230	      0.10386211	      0.09247565	      0.10504927	      0.03365477	      0.12255171	      0.07521704	      0.05113697	      0.04906186	      0.04694093	      0.03148996	      0.04819525	      0.05226955	      0.01807154	      0.01578842	      0.01895264	      0.10175403	      0.09162247	      0.01751017	      0.02403467	      0.01669403	      0.01284632	      0.01407828	      0.01365607	      0.01314467	      0.08489766	      0.05345638	      0.01363872	      0.02463901	      0.12139798	      0.10952609	      0.07586708	      0.03799121	      0.03580386	      0.04189325	      0.01675374	      0.02336563	      0.09596826	      0.01905754	      0.01424502	      0.05284723	      0.03642162	      0.02416598	      0.19464336	      0.10388882	      0.09245102	      0.10504722	      0.03365360	      0.12260538	      0.07518551	      0.05111885	      0.04904330	      0.04693619	      0.03149098	      0.04819384	      0.05226567	      0.01807298	      0.01578821	      0.01895443	      0.10173758	      0.09160141	      0.01751082	      0.02403683	      0.01669516	      0.01284583	      0.01407822	      0.01365502	      0.01314508	      0.08489887	      0.05346269	      0.01363788	      0.02463615	      0.12139822	      0.10952556	      0.07586951	      0.03799358	      0.03580075	      0.04189525	      0.01675359	      0.02336553	      0.07495413	      0.07494891	      0.02844378	      0.02844495	      0.02744055	      0.02744783
      0.29000000	      0.08619251	      0.01920099	      0.01444832	      0.05413697	      0.03738068	      0.02422805	      0.19750575	      0.08144035	      0.07099246	      0.08932756	      0.03408105	      0.11776749	      0.06672994	      0.04762533	      0.04626437	      0.04361566	      0.03162768	      0.04765737	      0.05140798	      0.01817778	      0.01595955	      0.01885289	      0.09147348	      0.08764667	      0.01737543	      0.02347188	      0.01679914	      0.01239677	      0.01399510	      0.01356717	      0.01305755	      0.07717233	      0.05252465	      0.01314571	      0.02320510	      0.11108960	      0.10338484	      0.07752685	      0.03877623	      0.03676360	      0.04291664	      0.01745180	      0.02377603	      0.09231900	      0.01890234	      0.01435834	      0.05572205	      0.03722569	      0.02400151	      0.18009655	      0.09716211	      0.08923862	      0.10933262	      0.03375368	      0.11507329	      0.06723092	      0.04855034	      0.04726986	      0.04440955	      0.03151077	      0.04844450	      0.05325379	      0.01816897	      0.01591846	      0.01887691	      0.09668345	      0.09063164	      0.01752977	      0.02379823	      0.01681141	      0.01307129	      0.01457819	      0.01411019	      0.01351872	      0.07968182	      0.03610260	      0.01357359	      0.02480423	      0.11072702	      0.10497809	      0.06603352	      0.03598986	      0.03212458	      0.04110224	      0.01727341	      0.02391397	      0.07088825	      0.07039578	      0.02790351	      0.02809160	      0.02760373	      0.02736388
      0.30000000	      0.09454116	      0.01968094	      0.01457511	      0.05258258	      0.03438780	      0.02391737	      0.20053686	      0.10095716	      0.08886923	      0.10259898	      0.03250885	      0.12496874	      0.07417132	      0.04942713	      0.04711419	      0.04528195	      0.03054728	      0.04780551	      0.05061666	      0.01882086	      0.01596887	      0.01844000	      0.10714499	      0.08625989	      0.01747480	      0.02296374	      0.01712713	      0.01254126	      0.01390991	      0.01346853	      0.01297450	      0.08329055	      0.05372405	      0.01386662	      0.02409221	      0.12035871	      0.10826736	      0.07453488	      0.03630363	      0.03546309	      0.03951567	      0.01579749	      0.02233755	      0.09312607	      0.01987315	      0.01388748	      0.05151494	      0.03425008	      0.02404045	      0.20318554	      0.10136158	      0.08487209	      0.10575229	      0.03275167	      0.12457109	      0.07432901	      0.05094756	      0.04788581	      0.04073786	      0.03110607	      0.04732992	      0.05046021	      0.01792634	      0.01511404	      0.01743162	      0.10750174	      0.08117704	      0.01795979	      0.02333228	      0.01716550	      0.01208846	      0.01309234	      0.01294870	      0.01241119	      0.07792750	      0.05509446	      0.01428530	      0.02552168	      0.11908089	      0.10736825	      0.06796523	      0.03619395	      0.03386019	      0.03919381	      0.01438363	      0.02218768	      0.07354891	      0.06996117	      0.02617585	      0.02699923	      0.02016741	      0.02516165
      0.31000000	      0.07803526	      0.01294046	      0.01238672	      0.05258987	      0.03180716	      0.02250962	      0.12289356	      0.08682473	      0.08593553	      0.09179979	      0.02899827	      0.07158555	      0.06212019	      0.05098513	      0.04954901	      0.04729957	      0.02430283	      0.04936620	      0.05407817	      0.01242372	      0.01157748	      0.01349442	      0.08047843	      0.07694894	      0.01754095	      0.01500916	      0.01199539	      0.01180444	      0.01216102	      0.01194756	      0.01171160	      0.06323329	      0.05342807	      0.01196581	      0.01869532	      0.08940973	      0.08381073	      0.07934117	      0.03699357	      0.03456036	      0.04221124	      0.01331318	      0.01638789	      0.08953266	      0.01312200	      0.01079751	      0.05590825	      0.03292799	      0.02432293	      0.12605274	      0.08794394	      0.08474393	      0.09171537	      0.02810104	      0.07289884	      0.06267431	      0.05051389	      0.04984762	      0.04910234	      0.02436024	      0.04982907	      0.05353124	      0.01097678	      0.01065403	      0.01443845	      0.08117655	      0.07655751	      0.03724769	      0.01209047	      0.01006747	      0.01164987	      0.01216550	      0.01196065	      0.01170002	      0.06291831	      0.05311557	      0.01209124	      0.01892680	      0.08954331	      0.08391814	      0.07868980	      0.03696864	      0.03447003	      0.04211160	      0.01306116	      0.01646578	      0.05819374	      0.05824859	      0.02363725	      0.02320233	      0.02209579	      0.02228018
      0.32000000	      0.13092168	      0.02920048	      0.01631857	      0.09414007	      0.07153267	      0.04667466	      0.07567161	      0.11897750	      0.12532213	      0.12036505	      0.06667189	      0.07455007	      0.10021126	      0.08846112	      0.08780185	      0.08933254	      0.06093155	      0.08508301	      0.09076491	      0.02844031	      0.02279908	      0.03210569	      0.10630644	      0.10490499	      0.02854987	      0.04755154	      0.02435678	      0.01393023	      0.01615097	      0.01537248	      0.01452212	      0.06007851	      0.08561154	      0.01427107	      0.04985418	      0.10223055	      0.10449058	      0.11997251	      0.07544445	      0.07316155	      0.07986217	      0.02162650	      0.04282217	      0.12201130	      0.02701618	      0.01711175	      0.09128452	      0.06924261	      0.04497418	      0.06831681	      0.12488886	      0.13628031	      0.11232528	      0.06669098	      0.06999956	      0.09636816	      0.09095423	      0.08943897	      0.09006858	      0.05964451	      0.08552663	      0.09348480	      0.02534267	      0.02191540	      0.01076893	      0.10152462	      0.09947884	      0.02788432	      0.04670800	      0.02289391	      0.01394596	      0.01648556	      0.01560904	      0.01468376	      0.06403990	      0.07900729	      0.02017637	      0.03329866	      0.10268088	      0.10357848	      0.13535874	      0.07285012	      0.06469093	      0.08063011	      0.02115754	      0.04335860	      0.09186465	      0.09198855	      0.05880857	      0.05878008	      0.05418790	      0.05401523
      0.33000000	      0.13599147	      0.03715030	      0.02351958	      0.08370011	      0.06539401	      0.04699138	      0.21079954	      0.11977039	      0.10039823	      0.12849614	      0.06082688	      0.14030729	      0.09367343	      0.07249858	      0.07156681	      0.06885957	      0.05978637	      0.07418417	      0.07649927	      0.03343388	      0.02718892	      0.03285585	      0.13461422	      0.12423636	      0.03093303	      0.04502557	      0.03011795	      0.01988590	      0.02319716	      0.02185498	      0.02030928	      0.08492773	      0.06813445	      0.01886954	      0.04144658	      0.14014877	      0.12758653	      0.11342028	      0.06607176	      0.06391893	      0.07080572	      0.03305988	      0.04628921	      0.13621107	      0.03714081	      0.02351334	      0.08371616	      0.06536715	      0.04698463	      0.20981978	      0.12013236	      0.10098317	      0.12876379	      0.06081005	      0.14038246	      0.09369044	      0.07252657	      0.07157851	      0.06892012	      0.05971528	      0.07418157	      0.07656453	      0.03342455	      0.02718623	      0.03285610	      0.13448412	      0.12416975	      0.03091414	      0.04501630	      0.03010212	      0.01981202	      0.02316931	      0.02183172	      0.02029075	      0.08486344	      0.06837078	      0.01886284	      0.04143067	      0.14013439	      0.12758534	      0.11347768	      0.06607769	      0.06393705	      0.07082963	      0.03305546	      0.04627191	      0.09863107	      0.09864441	      0.05312303	      0.05311996	      0.05175975	      0.05174114
      0.34000000	      0.18142307	      0.05702801	      0.03187400	      0.12780354	      0.10482612	      0.07483615	      0.10223704	      0.12831962	      0.11806354	      0.13962238	      0.09718269	      0.11040342	      0.11664776	      0.10583028	      0.10669040	      0.10526552	      0.09517143	      0.11151210	      0.11316445	      0.05111450	      0.04008083	      0.05169336	      0.14522811	      0.14320281	      0.04653584	      0.07123309	      0.04440819	      0.02127350	      0.03016950	      0.02778715	      0.02493760	      0.05972277	      0.08914028	      0.02510741	      0.06072728	      0.12354343	      0.12335790	      0.17840651	      0.10806693	      0.10748161	      0.11392098	      0.04611111	      0.07350014	      0.18216458	      0.05642171	      0.03026159	      0.12793168	      0.10485823	      0.07458013	      0.10175710	      0.12835981	      0.11868024	      0.13887227	      0.09645872	      0.11176511	      0.11697591	      0.10651869	      0.10715600	      0.10585853	      0.09524560	      0.11152531	      0.11415586	      0.05025494	      0.03925987	      0.05137556	      0.14581787	      0.14363794	      0.04594402	      0.07137469	      0.04326507	      0.02141545	      0.03050431	      0.02810694	      0.02523484	      0.05979018	      0.08916290	      0.02556736	      0.06162457	      0.12418169	      0.12369708	      0.17793784	      0.10777420	      0.10685298	      0.11384614	      0.04549004	      0.07260845	      0.11745596	      0.11616811	      0.08594823	      0.08646444	      0.08506749	      0.08324291
      0.35000000	      0.11029591	      0.02682671	      0.01808895	      0.06669806	      0.05013360	      0.03459407	      0.21396814	      0.10400717	      0.08844379	      0.11042239	      0.04663010	      0.13111590	      0.08093592	      0.06069915	      0.05929113	      0.05692493	      0.04469996	      0.06021555	      0.06324777	      0.02477481	      0.02069601	      0.02539268	      0.11714338	      0.10668943	      0.02354440	      0.03384146	      0.02245783	      0.01554934	      0.01771749	      0.01690230	      0.01597653	      0.08263522	      0.06122078	      0.01619407	      0.03335264	      0.13012722	      0.11679766	      0.09017985	      0.05080753	      0.04820601	      0.05528945	      0.02323619	      0.03364706	      0.11001039	      0.02682551	      0.01808860	      0.06663181	      0.05012344	      0.03459170	      0.21500155	      0.10315002	      0.08794205	      0.10969256	      0.04662537	      0.13072901	      0.08106480	      0.06073292	      0.05931627	      0.05695184	      0.04469738	      0.06022360	      0.06323522	      0.02477506	      0.02069680	      0.02539650	      0.11824367	      0.10595759	      0.02354444	      0.03384112	      0.02245716	      0.01554732	      0.01771606	      0.01690096	      0.01597532	      0.08271865	      0.06115870	      0.01619306	      0.03334554	      0.13014211	      0.11677917	      0.09028577	      0.05082579	      0.04823657	      0.05529221	      0.02323551	      0.03364501	      0.08609064	      0.08609115	      0.04003655	      0.04003644	      0.03878987	      0.03878917
      0.36000000	      0.09378282	      0.01452179	      0.01208363	      0.04472300	      0.02679000	      0.01753081	      0.16379881	      0.11564668	      0.10890280	      0.10803268	      0.02462674	      0.11809564	      0.07985287	      0.04676482	      0.04341962	      0.04083683	      0.02253380	      0.04090628	      0.04657634	      0.01409067	      0.01291360	      0.01482366	      0.08910460	      0.08504406	      0.01388736	      0.01768200	      0.01334550	      0.01136078	      0.01199523	      0.01177573	      0.01152966	      0.09170255	      0.04878785	      0.01186231	      0.01695919	      0.11747191	      0.10643378	      0.07378565	      0.03019972	      0.02869178	      0.03315513	      0.01339661	      0.01704696	      0.08839577	      0.01455080	      0.01209891	      0.04481426	      0.02681783	      0.01756662	      0.18488368	      0.10295689	      0.09744424	      0.09822966	      0.02465137	      0.11447444	      0.07864932	      0.04671204	      0.04350070	      0.04105829	      0.02263924	      0.04084159	      0.04633939	      0.01410592	      0.01292148	      0.01482777	      0.09042767	      0.09003895	      0.01390247	      0.01770239	      0.01336858	      0.01139629	      0.01202807	      0.01180529	      0.01155549	      0.08883846	      0.04993858	      0.01194394	      0.01795336	      0.11630824	      0.10770695	      0.07006332	      0.02969078	      0.02831376	      0.03285898	      0.01337586	      0.01710871	      0.06783879	      0.06783759	      0.02081436	      0.02081464	      0.02009204	      0.02009372
      0.37000000	      0.08839964	      0.01485748	      0.01151162	      0.05777881	      0.03610500	      0.02240350	      0.13883459	      0.09533472	      0.09667188	      0.09912846	      0.03059822	      0.09800332	      0.06451830	      0.05467041	      0.05268070	      0.05140935	      0.02779467	      0.05061515	      0.05813410	      0.01519685	      0.01330146	      0.01843429	      0.08692013	      0.07965605	      0.01597242	      0.02255559	      0.01374136	      0.01243976	      0.01182156	      0.01158790	      0.01133572	      0.07221848	      0.06175462	      0.01245059	      0.01979541	      0.10476654	      0.09551872	      0.08069028	      0.03745256	      0.03514539	      0.04345615	      0.01377679	      0.02186025	      0.09243446	      0.01797631	      0.01286331	      0.05970633	      0.03739701	      0.02534664	      0.13842863	      0.09596078	      0.09594815	      0.10186991	      0.03107842	      0.10686471	      0.05738698	      0.05752043	      0.05641144	      0.05694824	      0.02955501	      0.05294511	      0.05985772	      0.01715122	      0.01466461	      0.01863533	      0.09076635	      0.07756498	      0.01668904	      0.02392881	      0.01532532	      0.01284196	      0.01167866	      0.01145469	      0.01121535	      0.07131902	      0.06290971	      0.01227042	      0.01934614	      0.10433652	      0.09607770	      0.07878638	      0.03708846	      0.03395493	      0.04320780	      0.01381694	      0.02190061	      0.06478251	      0.06441312	      0.02403756	      0.02412248	      0.02425166	      0.02476640
      0.38000000	      0.06249012	      0.01768591	      0.01179553	      0.04160932	      0.03417619	      0.02308524	      0.08781085	      0.05177536	      0.05354688	      0.07425497	      0.03187190	      0.04841278	      0.04139008	      0.03102806	      0.03188737	      0.03135704	      0.03098492	      0.03690922	      0.03855496	      0.01675688	      0.01460311	      0.01786699	      0.06907976	      0.07168650	      0.01588332	      0.02276877	      0.01490082	      0.01360253	      0.01496521	      0.01445124	      0.01385621	      0.02102747	      0.03204469	      0.01247227	      0.02008950	      0.05475434	      0.05939026	      0.05664211	      0.03501004	      0.03360147	      0.04168234	      0.01862996	      0.02404764	      0.06517600	      0.01778203	      0.01460856	      0.04211427	      0.03570601	      0.02327033	      0.08155602	      0.06358112	      0.05877404	      0.06848671	      0.03250506	      0.05107459	      0.04267279	      0.03039353	      0.03136832	      0.03029857	      0.03138050	      0.03232503	      0.03850112	      0.01676641	      0.01455308	      0.01779617	      0.07301147	      0.07280035	      0.01573094	      0.02275351	      0.01475910	      0.01358429	      0.01493143	      0.01442041	      0.01382908	      0.02038784	      0.03205076	      0.01252187	      0.02014338	      0.05465587	      0.05946708	      0.05566366	      0.03484609	      0.03333971	      0.04105366	      0.01861047	      0.02404789	      0.04431794	      0.04431631	      0.02747102	      0.02747151	      0.02664837	      0.02665084
      0.39000000	      0.08745234	      0.02579003	      0.01451828	      0.05857594	      0.04465238	      0.02983379	      0.09445130	      0.08203887	      0.07983275	      0.09423825	      0.04119532	      0.06113666	      0.06714122	      0.05231620	      0.05083180	      0.04739079	      0.04031581	      0.05274267	      0.05657423	      0.02185746	      0.01863682	      0.02117448	      0.09013631	      0.08499006	      0.01884137	      0.02808273	      0.02006163	      0.01634619	      0.01823479	      0.01744102	      0.01650097	      0.04230787	      0.04999116	      0.01392006	      0.02533007	      0.08033314	      0.07999779	      0.08504979	      0.04727121	      0.04661947	      0.05051493	      0.02522653	      0.03143146	      0.09542790	      0.02452337	      0.02565363	      0.05948697	      0.04419832	      0.02845908	      0.09185913	      0.08312438	      0.07987835	      0.09174042	      0.04021147	      0.06296882	      0.07446003	      0.05540210	      0.05350957	      0.05173861	      0.03983695	      0.05397283	      0.05692293	      0.02095124	      0.01806193	      0.02102795	      0.08507818	      0.09023251	      0.01788001	      0.02690762	      0.01898234	      0.01646830	      0.01870270	      0.01787875	      0.01689659	      0.05051793	      0.04684946	      0.01310559	      0.02373927	      0.08198152	      0.07929282	      0.09304223	      0.04835070	      0.04750920	      0.05586329	      0.02556682	      0.03167317	      0.05997491	      0.06039602	      0.03644593	      0.03633069	      0.03598780	      0.03599616
      0.40000000	      0.11063809	      0.02529198	      0.01720750	      0.07172520	      0.05316797	      0.03441361	      0.16480408	      0.10538262	      0.09401144	      0.10887244	      0.04926080	      0.11077023	      0.08445963	      0.06764336	      0.06620495	      0.06468330	      0.04620432	      0.06596509	      0.06956753	      0.02382332	      0.01982023	      0.02571460	      0.10763958	      0.10065394	      0.02306668	      0.03439705	      0.02143174	      0.01513383	      0.01698279	      0.01624490	      0.01542464	      0.07255991	      0.06606129	      0.01655681	      0.03593342	      0.11773587	      0.11010708	      0.09619305	      0.05541952	      0.05261749	      0.06017141	      0.02058287	      0.03259097	      0.11358528	      0.02522322	      0.01719065	      0.07210535	      0.05328767	      0.03436087	      0.15304053	      0.11173791	      0.10119277	      0.11408819	      0.04907530	      0.11155703	      0.08528057	      0.06791334	      0.06627485	      0.06515794	      0.04584462	      0.06595888	      0.06992794	      0.02378333	      0.01978325	      0.02578267	      0.10719461	      0.09870598	      0.02299156	      0.03432919	      0.02138118	      0.01509164	      0.01689415	      0.01618003	      0.01537096	      0.07420345	      0.06629580	      0.01644765	      0.03539031	      0.11824753	      0.11033450	      0.09832251	      0.05567505	      0.05301862	      0.06045726	      0.02056042	      0.03254805	      0.08220132	      0.08222700	      0.04187991	      0.04192062	      0.04028251	      0.04021958
      0.41000000	      0.12953354	      0.03105226	      0.01530092	      0.12393257	      0.08660075	      0.04613252	      0.03479611	      0.10471343	      0.11630610	      0.12228322	      0.07961286	      0.02906411	      0.10018562	      0.11653317	      0.11856670	      0.11670828	      0.06887795	      0.11840123	      0.12213522	      0.03031237	      0.02359359	      0.03554221	      0.09325904	      0.11555987	      0.03163312	      0.05309419	      0.02494964	      0.01042515	      0.01668470	      0.01588262	      0.01361403	      0.04018739	      0.11017130	      0.01995833	      0.05538343	      0.08779340	      0.09728622	      0.14922732	      0.09269771	      0.08737974	      0.10472286	      0.01824991	      0.04320018	      0.12343266	      0.03442290	      0.01274483	      0.12330800	      0.08704299	      0.04658699	      0.03489662	      0.10137860	      0.12562483	      0.11555051	      0.07774951	      0.02858079	      0.09085804	      0.11770061	      0.11489703	      0.11305297	      0.07340059	      0.11677052	      0.12279356	      0.02946981	      0.02307157	      0.03915056	      0.09924506	      0.11826825	      0.02898773	      0.04879517	      0.02097164	      0.01009797	      0.01855634	      0.01938810	      0.01162486	      0.03959382	      0.11442214	      0.02208289	      0.05242572	      0.08722213	      0.09774036	      0.15919630	      0.09586321	      0.08838029	      0.10543003	      0.01797304	      0.04365582	      0.09406984	      0.08622170	      0.05119940	      0.05298797	      0.06306436	      0.07390002
      0.42000000	      0.09534129	      0.01798298	      0.01372912	      0.05163065	      0.03442383	      0.02262478	      0.18885801	      0.10456359	      0.09418793	      0.10283978	      0.03153078	      0.11887470	      0.07980190	      0.05224030	      0.04982311	      0.04846557	      0.02954035	      0.04748285	      0.05165086	      0.01720601	      0.01519787	      0.01833831	      0.10083339	      0.09072263	      0.01665771	      0.02259448	      0.01589705	      0.01262300	      0.01385318	      0.01344283	      0.01296805	      0.08245687	      0.05557777	      0.01362182	      0.02462349	      0.12160299	      0.11167316	      0.06863826	      0.03566864	      0.03316450	      0.03960253	      0.01579009	      0.02183764	      0.09405557	      0.01800441	      0.01373853	      0.05137453	      0.03441515	      0.02265714	      0.19355188	      0.10267873	      0.08973953	      0.10114480	      0.03157805	      0.11977635	      0.07873017	      0.05198454	      0.04957671	      0.04814620	      0.02963376	      0.04737721	      0.05128160	      0.01722316	      0.01520946	      0.01835073	      0.10018368	      0.09014844	      0.01667118	      0.02262343	      0.01591129	      0.01262979	      0.01386361	      0.01345222	      0.01297622	      0.08319898	      0.05444922	      0.01360838	      0.02456859	      0.12175915	      0.11150301	      0.06898263	      0.03568204	      0.03318702	      0.03958963	      0.01578938	      0.02184030	      0.07261754	      0.07261316	      0.02700952	      0.02701051	      0.02605980	      0.02606582
      0.43000000	      0.09067325	      0.01385623	      0.01244823	      0.06284367	      0.03965656	      0.01876783	      0.09061752	      0.11211902	      0.11414942	      0.10503317	      0.03477412	      0.04346221	      0.08921538	      0.07703949	      0.07112259	      0.06921531	      0.03010355	      0.06391216	      0.06872477	      0.01262078	      0.01301728	      0.01720047	      0.09043335	      0.08875180	      0.01460048	      0.01748017	      0.01265307	      0.01212618	      0.01272211	      0.01254554	      0.01229851	      0.06645869	      0.07653298	      0.01246321	      0.02404067	      0.09960820	      0.09751901	      0.09156696	      0.04963088	      0.04150197	      0.04984367	      0.01510326	      0.02190106	      0.10042183	      0.01096287	      0.01156630	      0.06710330	      0.04086914	      0.01758623	      0.04429184	      0.12396348	      0.14341730	      0.11848950	      0.03217891	      0.04439950	      0.09064781	      0.07776339	      0.07336888	      0.07584392	      0.02702664	      0.06491099	      0.07419572	      0.01297450	      0.01264658	      0.01931597	      0.08571477	      0.08259082	      0.01168237	      0.01797303	      0.01091799	      0.01174485	      0.01097050	      0.01108560	      0.01120426	      0.07292039	      0.08058770	      0.01010840	      0.02432229	      0.10006261	      0.09745648	      0.09833195	      0.04659125	      0.04523556	      0.05350464	      0.01567142	      0.01969452	      0.06767592	      0.06733331	      0.02980158	      0.03030943	      0.02946672	      0.02935895
      0.44000000	      0.18556372	      0.05447511	      0.02967242	      0.14931006	      0.11755405	      0.07650048	      0.02248132	      0.13287926	      0.14102440	      0.14399504	      0.10711684	      0.05847209	      0.12954461	      0.12905710	      0.12940306	      0.12852148	      0.10253237	      0.13308336	      0.13749155	      0.04941562	      0.03827783	      0.05308642	      0.13416133	      0.14339241	      0.04585890	      0.07410556	      0.04247144	      0.02240286	      0.02976757	      0.02774208	      0.02489551	      0.04516552	      0.11266298	      0.02739961	      0.06895190	      0.10378042	      0.11562035	      0.20535016	      0.12462689	      0.12346733	      0.13213508	      0.04005793	      0.07097897	      0.18447462	      0.05440505	      0.02940175	      0.14940699	      0.11753467	      0.07641063	      0.02540159	      0.13366926	      0.14100120	      0.14688341	      0.10692465	      0.05735111	      0.12861959	      0.12885516	      0.12935030	      0.12858288	      0.10243053	      0.13290239	      0.13748108	      0.04949633	      0.03849339	      0.05355558	      0.13588544	      0.14515727	      0.04561685	      0.07400982	      0.04221304	      0.02200262	      0.02994378	      0.02791081	      0.02500651	      0.03904470	      0.11322298	      0.02719435	      0.06978037	      0.10314141	      0.11519949	      0.19414801	      0.12256665	      0.11965143	      0.13094535	      0.04057340	      0.07140786	      0.11718351	      0.11738255	      0.09269192	      0.09225633	      0.08911643	      0.08916672
      0.45000000	      0.15967216	      0.04264711	      0.01828040	      0.11430898	      0.09231744	      0.06258035	      0.04813550	      0.12988143	      0.13068228	      0.13379303	      0.08493486	      0.08448625	      0.10319913	      0.09917619	      0.09920701	      0.09886893	      0.08169451	      0.10185161	      0.10461447	      0.03991722	      0.03053027	      0.04674300	      0.11532744	      0.11614108	      0.03893386	      0.06108943	      0.03311438	      0.01050632	      0.02209105	      0.02004053	      0.01712406	      0.04711857	      0.08434198	      0.02501723	      0.05777087	      0.10053606	      0.10263061	      0.15459374	      0.09594402	      0.09431085	      0.10177370	      0.02401772	      0.05793360	      0.15675981	      0.04251711	      0.01833297	      0.11401732	      0.09213918	      0.06224670	      0.05218585	      0.12488439	      0.12406715	      0.13103682	      0.08457825	      0.08396079	      0.10337424	      0.09920408	      0.09964831	      0.09926483	      0.08134512	      0.10168680	      0.10492896	      0.03984604	      0.03043004	      0.04715038	      0.11557637	      0.11620492	      0.03921364	      0.06124440	      0.03302666	      0.01007776	      0.02183509	      0.01968538	      0.01680519	      0.04700419	      0.08472415	      0.02481083	      0.05752577	      0.10064401	      0.10269733	      0.15459793	      0.09620373	      0.09448803	      0.10210970	      0.02379954	      0.05775520	      0.10390062	      0.10324494	      0.07213006	      0.07241009	      0.06957833	      0.06969535
      0.46000000	      0.15624129	      0.04265437	      0.02369699	      0.10543118	      0.08221373	      0.05891635	      0.12573637	      0.12069090	      0.11048104	      0.12541606	      0.07664593	      0.11249622	      0.10449268	      0.09110635	      0.08856280	      0.08814350	      0.07494472	      0.09204063	      0.09502178	      0.03758198	      0.03115702	      0.04295895	      0.12682978	      0.12269154	      0.03654457	      0.05629341	      0.03223616	      0.01518575	      0.02539922	      0.02349171	      0.02113450	      0.06352427	      0.07745735	      0.02273914	      0.05183629	      0.11944304	      0.11434053	      0.14554023	      0.08609044	      0.08457551	      0.09177789	      0.03375725	      0.05735910	      0.15291493	      0.04624252	      0.02632353	      0.10445512	      0.08437634	      0.06157156	      0.12026138	      0.11980893	      0.10860610	      0.12835037	      0.07839314	      0.10789495	      0.10016441	      0.08665386	      0.08687603	      0.08506313	      0.07575595	      0.09064317	      0.09330862	      0.04170595	      0.03190907	      0.04258480	      0.12717019	      0.12417722	      0.03671356	      0.05828758	      0.03693662	      0.01731282	      0.02409953	      0.02238608	      0.01991374	      0.06348553	      0.07829751	      0.02199740	      0.04936070	      0.11910031	      0.11574700	      0.14540173	      0.08689230	      0.08714354	      0.09200972	      0.03328849	      0.05743003	      0.10129478	      0.10631101	      0.06798224	      0.06844471	      0.06374536	      0.06683357
      0.47000000	      0.20568884	      0.06703160	      0.03712612	      0.13772331	      0.11330081	      0.08411511	      0.09403018	      0.14237697	      0.12408671	      0.15613051	      0.10432395	      0.12204941	      0.12149144	      0.10774629	      0.10819235	      0.10673924	      0.10449252	      0.11761229	      0.11830880	      0.05859805	      0.04581429	      0.05423651	      0.15260507	      0.15682907	      0.05135616	      0.07817061	      0.05105621	      0.02825582	      0.03587177	      0.03346960	      0.03037223	      0.06091079	      0.09039754	      0.02597378	      0.06228508	      0.12877202	      0.13001712	      0.19733728	      0.11621276	      0.11698208	      0.12220312	      0.06201097	      0.08565531	      0.20642031	      0.07041785	      0.03960624	      0.13639456	      0.11550001	      0.08709923	      0.10179614	      0.14378084	      0.12897351	      0.15780698	      0.10568260	      0.12200924	      0.11837870	      0.10556608	      0.10680751	      0.10485006	      0.10514278	      0.11506553	      0.11812784	      0.06074716	      0.04649196	      0.05429826	      0.15168622	      0.15079691	      0.05321796	      0.07963287	      0.05299068	      0.02679762	      0.03366955	      0.03132555	      0.02825449	      0.06297407	      0.09160043	      0.02549545	      0.06127354	      0.12837741	      0.12833590	      0.19773928	      0.11734880	      0.11839025	      0.12340933	      0.06287952	      0.08476516	      0.12492566	      0.12699543	      0.09501984	      0.09233629	      0.08986157	      0.09246269
      0.48000000	      0.14951487	      0.04878461	      0.02240519	      0.11228728	      0.09672847	      0.06644753	      0.10484948	      0.10008780	      0.09837127	      0.10071362	      0.08679474	      0.08395400	      0.10513471	      0.09230802	      0.09182703	      0.08945030	      0.08453915	      0.09785094	      0.09941679	      0.04285873	      0.03073014	      0.04229912	      0.11995453	      0.11812539	      0.03944016	      0.06184101	      0.03808799	      0.01083409	      0.01979605	      0.01848914	      0.01670307	      0.05091138	      0.08152390	      0.02160244	      0.05184235	      0.09168563	      0.10109943	      0.16337725	      0.09634836	      0.09130882	      0.10345567	      0.03326616	      0.06309789	      0.15880810	      0.04780908	      0.02590535	      0.11335984	      0.09605335	      0.06554099	      0.06646725	      0.12236616	      0.11796380	      0.12100256	      0.08590560	      0.08186918	      0.10428654	      0.09021888	      0.09306122	      0.09467527	      0.08517019	      0.09890729	      0.10630745	      0.04195754	      0.03412562	      0.04242981	      0.10811945	      0.12259977	      0.04143902	      0.06058943	      0.03661199	      0.01011394	      0.01699251	      0.01563516	      0.01395112	      0.05564366	      0.08302610	      0.02095652	      0.05118480	      0.09136501	      0.10023085	      0.16950231	      0.09905644	      0.09639140	      0.10522627	      0.03542645	      0.06495909	      0.10322272	      0.10150175	      0.06612873	      0.06757107	      0.06290317	      0.06729349
      0.49000000	      0.17142462	      0.05372083	      0.02999528	      0.11247495	      0.09399247	      0.06870465	      0.09057403	      0.13703975	      0.12713065	      0.14412226	      0.08722471	      0.10199241	      0.09875946	      0.08977240	      0.09011079	      0.08424836	      0.08346086	      0.09755387	      0.10282599	      0.04579823	      0.03605507	      0.04281254	      0.13380526	      0.13061108	      0.04327301	      0.06501426	      0.04147627	      0.01784748	      0.02257299	      0.02107176	      0.01926652	      0.05874437	      0.08027908	      0.01946924	      0.04660568	      0.10442047	      0.10837918	      0.16566241	      0.09409457	      0.09153225	      0.10237249	      0.04379946	      0.06888268	      0.17189255	      0.05116019	      0.02950385	      0.11180242	      0.09381605	      0.06838598	      0.08321994	      0.13690590	      0.13094183	      0.14759997	      0.08768293	      0.09658148	      0.10446162	      0.09033219	      0.09004032	      0.08443511	      0.08293269	      0.09773292	      0.10337406	      0.04602417	      0.03539798	      0.04245734	      0.14073669	      0.11986488	      0.04297540	      0.06487178	      0.04129198	      0.01779416	      0.02228233	      0.02087018	      0.01907462	      0.06029082	      0.08136732	      0.01959367	      0.04706278	      0.10426807	      0.10886671	      0.17102677	      0.09629850	      0.09368757	      0.10243558	      0.04407810	      0.06870990	      0.11042186	      0.10969360	      0.07316718	      0.07333906	      0.07161569	      0.07266198
      0.50000000	      0.09101931	      0.02154187	      0.01526045	      0.05120385	      0.03745208	      0.02630998	      0.19561960	      0.11682958	      0.11321525	      0.12868031	      0.03615278	      0.09671971	      0.05577409	      0.03896892	      0.03726236	      0.03172798	      0.03254258	      0.04420869	      0.05056691	      0.01918637	      0.01625635	      0.01793611	      0.11323419	      0.10533693	      0.01876051	      0.02521682	      0.01827833	      0.01306744	      0.01354975	      0.01316133	      0.01276359	      0.08129751	      0.04683357	      0.01231055	      0.01919769	      0.09912411	      0.09330835	      0.09787181	      0.04140426	      0.04195678	      0.04447972	      0.01994545	      0.02554453	      0.08413576	      0.02169904	      0.01553753	      0.04971307	      0.03720841	      0.02664670	      0.22792864	      0.10079037	      0.08879325	      0.12243314	      0.03653679	      0.09541788	      0.05489385	      0.03873623	      0.03667968	      0.03017186	      0.03263570	      0.04407205	      0.04969121	      0.01932578	      0.01633709	      0.01797750	      0.11096423	      0.10800778	      0.01906228	      0.02577234	      0.01853034	      0.01312737	      0.01362698	      0.01322341	      0.01281541	      0.07632542	      0.04946043	      0.01237911	      0.01942606	      0.09829133	      0.09388847	      0.09038664	      0.03980619	      0.03974106	      0.04343444	      0.01974253	      0.02548978	      0.08060957	      0.08098136	      0.02726843	      0.02717785	      0.02662124	      0.02607364
      0.51000000	      0.15400163	      0.05070352	      0.02838742	      0.10574868	      0.08981741	      0.06596229	      0.12268469	      0.12691399	      0.12399912	      0.14205850	      0.08554922	      0.09954908	      0.09261064	      0.08056439	      0.07992421	      0.07072289	      0.07971394	      0.09145527	      0.09810714	      0.04233172	      0.03193766	      0.03653663	      0.13131722	      0.13106742	      0.04182047	      0.06175500	      0.04018570	      0.01569219	      0.01830450	      0.01721535	      0.01613515	      0.06440146	      0.08066508	      0.01693859	      0.04070951	      0.10413253	      0.10243080	      0.17650401	      0.09122662	      0.08965785	      0.09856070	      0.05187720	      0.06709090	      0.15341641	      0.05051672	      0.02845717	      0.10595692	      0.08936060	      0.06601743	      0.12106045	      0.12662467	      0.12250003	      0.14164109	      0.08585258	      0.09976555	      0.09241936	      0.08025570	      0.07981081	      0.07052478	      0.08009795	      0.09167917	      0.09835346	      0.04199397	      0.03171743	      0.03625077	      0.13199944	      0.13182911	      0.04198308	      0.06230546	      0.04004035	      0.01601443	      0.01837981	      0.01725236	      0.01618872	      0.06427023	      0.07987964	      0.01697022	      0.04063019	      0.10492466	      0.10304809	      0.17597541	      0.09123592	      0.08963130	      0.09863714	      0.05103667	      0.06674542	      0.10686530	      0.10676717	      0.06766797	      0.06827207	      0.06566636	      0.06533312
      0.52000000	      0.10943577	      0.02517591	      0.01162804	      0.07425883	      0.05410576	      0.03665457	      0.05267067	      0.14657736	      0.17253150	      0.12600718	      0.05616004	      0.06116025	      0.06430454	      0.05118231	      0.04936337	      0.03549020	      0.04323220	      0.05720562	      0.07489779	      0.02649289	      0.01658264	      0.01867407	      0.09282148	      0.10764422	      0.02326261	      0.03487103	      0.01933784	      0.01012170	      0.01080903	      0.01065204	      0.01050028	      0.06799357	      0.07152965	      0.01163809	      0.01908375	      0.06724632	      0.07579615	      0.16045566	      0.05955624	      0.06349997	      0.06750827	      0.01603889	      0.03616965	      0.10984735	      0.02266005	      0.01484089	      0.07614310	      0.05421462	      0.03523772	      0.05697926	      0.13741414	      0.16918645	      0.12398687	      0.05324808	      0.06312432	      0.06261386	      0.04872726	      0.04529901	      0.03704826	      0.04418980	      0.06709093	      0.07514558	      0.02832974	      0.01706110	      0.01898850	      0.08806248	      0.11612408	      0.02372104	      0.03503929	      0.02124900	      0.01007631	      0.01077391	      0.01061635	      0.01046691	      0.06812705	      0.06753253	      0.01163953	      0.01925394	      0.06592462	      0.07537865	      0.16085130	      0.06212644	      0.06372212	      0.06796019	      0.01625353	      0.03625402	      0.07792254	      0.07880000	      0.03542041	      0.03594881	      0.03321062	      0.03375834
      0.53000000	      0.12132901	      0.04719481	      0.02663651	      0.08522104	      0.07282888	      0.05675016	      0.11760169	      0.11037258	      0.10766260	      0.14088108	      0.07221413	      0.07617163	      0.06454285	      0.05575509	      0.05451655	      0.04411763	      0.06481489	      0.07045440	      0.07892694	      0.03572963	      0.02664638	      0.02649027	      0.11649192	      0.11947777	      0.03656342	      0.05108887	      0.03744648	      0.01572363	      0.01609594	      0.01540022	      0.01465413	      0.05622564	      0.05982721	      0.01380593	      0.02738475	      0.08666725	      0.08341885	      0.17699549	      0.07820366	      0.08063679	      0.08355073	      0.06999766	      0.05494189	      0.12130527	      0.04721629	      0.02661149	      0.08522273	      0.07284860	      0.05676082	      0.11759634	      0.11035381	      0.10765912	      0.14092131	      0.07222584	      0.07615821	      0.06455469	      0.05576321	      0.05452463	      0.04412516	      0.06482353	      0.07044474	      0.07890758	      0.03572899	      0.02664429	      0.02648976	      0.11648325	      0.11946150	      0.03655938	      0.05108646	      0.03744957	      0.01572409	      0.01609679	      0.01540097	      0.01465478	      0.05622927	      0.05983248	      0.01380635	      0.02738673	      0.08666253	      0.08341527	      0.17701750	      0.07820744	      0.08064638	      0.08355087	      0.06999082	      0.05494198	      0.08549697	      0.08549694	      0.05430518	      0.05430518	      0.05295476	      0.05295480
      0.54000000	      0.09377861	      0.02944913	      0.01978642	      0.06213150	      0.05113675	      0.03799766	      0.21696532	      0.11792004	      0.11290626	      0.15888621	      0.05260714	      0.09525317	      0.05952766	      0.04709457	      0.04496442	      0.03484841	      0.04617065	      0.05570943	      0.06364117	      0.02469372	      0.01951517	      0.02036905	      0.13128635	      0.12715413	      0.02699388	      0.03713932	      0.02522307	      0.01339252	      0.01361096	      0.01321024	      0.01274645	      0.07246752	      0.05504657	      0.01249485	      0.02251880	      0.09893409	      0.08781559	      0.12228012	      0.05326357	      0.05121591	      0.05861133	      0.03801830	      0.04023960	      0.09377860	      0.02944913	      0.01978642	      0.06213150	      0.05113675	      0.03799766	      0.21696541	      0.11791998	      0.11290620	      0.15888615	      0.05260714	      0.09525316	      0.05952765	      0.04709457	      0.04496442	      0.03484841	      0.04617065	      0.05570943	      0.06364117	      0.02469372	      0.01951517	      0.02036905	      0.13128636	      0.12715414	      0.02699388	      0.03713932	      0.02522307	      0.01339252	      0.01361096	      0.01321024	      0.01274645	      0.07246751	      0.05504657	      0.01249485	      0.02251880	      0.09893409	      0.08781559	      0.12228011	      0.05326357	      0.05121591	      0.05861133	      0.03801830	      0.04023960	      0.09008292	      0.09008292	      0.03893293	      0.03893293	      0.03767627	      0.03767627
      0.55000000	      0.09406315	      0.02922472	      0.01979446	      0.06342583	      0.05192664	      0.03822944	      0.19756970	      0.12384441	      0.12419195	      0.16440887	      0.05448988	      0.09626972	      0.06261928	      0.04880137	      0.04615321	      0.03477175	      0.04701878	      0.05768422	      0.06695964	      0.02464622	      0.01945034	      0.02035589	      0.12976456	      0.12776955	      0.02775101	      0.03800005	      0.02535542	      0.01339984	      0.01354746	      0.01316966	      0.01268668	      0.07360530	      0.05594275	      0.01243495	      0.02241902	      0.09469306	      0.08604488	      0.13429084	      0.05527235	      0.05324246	      0.06069104	      0.03774064	      0.04181674	      0.09406314	      0.02922472	      0.01979446	      0.06342583	      0.05192664	      0.03822944	      0.19756972	      0.12384440	      0.12419193	      0.16440886	      0.05448988	      0.09626972	      0.06261928	      0.04880137	      0.04615321	      0.03477175	      0.04701878	      0.05768422	      0.06695964	      0.02464622	      0.01945034	      0.02035589	      0.12976457	      0.12776956	      0.02775101	      0.03800005	      0.02535542	      0.01339984	      0.01354746	      0.01316966	      0.01268668	      0.07360530	      0.05594275	      0.01243495	      0.02241902	      0.09469306	      0.08604488	      0.13429083	      0.05527235	      0.05324246	      0.06069104	      0.03774064	      0.04181674	      0.08902021	      0.08902021	      0.04022774	      0.04022774	      0.03894721	      0.03894721
      0.56000000	      0.05116016	      0.01220760	      0.01100196	      0.02850293	      0.01932760	      0.01545895	      0.20776755	      0.10533415	      0.11225409	      0.15271471	      0.02234683	      0.07551601	      0.03770277	      0.01937109	      0.01836474	      0.01316873	      0.01680487	      0.02597476	      0.03887179	      0.01155580	      0.01094676	      0.01106951	      0.10775520	      0.10429679	      0.01222138	      0.01428789	      0.01180450	      0.01029979	      0.01030996	      0.01027817	      0.01023268	      0.06874635	      0.03184679	      0.01023166	      0.01114206	      0.07663449	      0.06439562	      0.08835153	      0.02693586	      0.02948472	      0.02854949	      0.01339274	      0.01815372	      0.05116056	      0.01220784	      0.01100188	      0.02850302	      0.01932742	      0.01546052	      0.20776692	      0.10533427	      0.11225454	      0.15271505	      0.02234656	      0.07551739	      0.03770333	      0.01937052	      0.01836458	      0.01316870	      0.01680481	      0.02597489	      0.03887187	      0.01155578	      0.01094675	      0.01106951	      0.10775487	      0.10429658	      0.01222134	      0.01428786	      0.01180495	      0.01029979	      0.01030996	      0.01027817	      0.01023268	      0.06874646	      0.03184665	      0.01023166	      0.01114207	      0.07663302	      0.06439521	      0.08835222	      0.02693571	      0.02948451	      0.02854943	      0.01339252	      0.01814948	      0.06782635	      0.06782636	      0.01449934	      0.01449934	      0.01407633	      0.01407632
      0.57000000	      0.04112144	      0.01548868	      0.01238345	      0.02432441	      0.02170769	      0.01895176	      0.25405844	      0.08634231	      0.07364048	      0.15201974	      0.02045707	      0.07124325	      0.03082198	      0.02271310	      0.02137202	      0.01706013	      0.02106234	      0.02426904	      0.02386029	      0.01345679	      0.01210350	      0.01244931	      0.12221529	      0.11411830	      0.01550257	      0.01868446	      0.01461380	      0.01065318	      0.01071581	      0.01064420	      0.01052930	      0.05075477	      0.01055059	      0.01053265	      0.01288681	      0.08122253	      0.05888455	      0.03030165	      0.02142553	      0.01290768	      0.02432305	      0.02108458	      0.02059116	      0.04044922	      0.01546613	      0.01238467	      0.02435535	      0.02175420	      0.01896614	      0.25732488	      0.08465516	      0.07143340	      0.15069239	      0.02064686	      0.07086598	      0.03082789	      0.02264130	      0.02128669	      0.01698917	      0.02105471	      0.02430890	      0.02404071	      0.01342872	      0.01209176	      0.01243524	      0.12221280	      0.11421374	      0.01549918	      0.01867776	      0.01461561	      0.01062889	      0.01073284	      0.01066026	      0.01054333	      0.05060736	      0.01077476	      0.01054537	      0.01294894	      0.08120879	      0.05893433	      0.03032217	      0.02147850	      0.01297526	      0.02445706	      0.02110927	      0.02061412	      0.06651741	      0.06651745	      0.01889976	      0.01889975	      0.01849235	      0.01849229
      0.58000000	      0.04786314	      0.01751790	      0.01265289	      0.03389709	      0.02771304	      0.02190321	      0.16663829	      0.09541510	      0.09893257	      0.13245466	      0.03118350	      0.06475754	      0.03043079	      0.02422511	      0.02217631	      0.01601902	      0.02587283	      0.03059333	      0.03858924	      0.01506442	      0.01301407	      0.01292409	      0.10599765	      0.10372922	      0.01717229	      0.02117127	      0.01489538	      0.01097343	      0.01090057	      0.01081863	      0.01066508	      0.04979479	      0.02740798	      0.01060157	      0.01312207	      0.05664436	      0.04742262	      0.10030524	      0.03234399	      0.03390407	      0.03386680	      0.01007623	      0.02287191	      0.04788158	      0.01751480	      0.01265103	      0.03389428	      0.02770724	      0.02189692	      0.16653849	      0.09537894	      0.09888689	      0.13226062	      0.03116344	      0.06478393	      0.03046754	      0.02424880	      0.02219825	      0.01603212	      0.02586563	      0.03059427	      0.03857608	      0.01506494	      0.01301530	      0.01292735	      0.10589684	      0.10361502	      0.01717020	      0.02116799	      0.01489097	      0.01097424	      0.01090158	      0.01081956	      0.01066583	      0.05001544	      0.02746179	      0.01060284	      0.01312337	      0.05783708	      0.04849608	      0.10003596	      0.03237815	      0.03400446	      0.03385278	      0.01243215	      0.02274460	      0.05904721	      0.05904721	      0.02165118	      0.02165118	      0.02105342	      0.02105342
      0.59000000	      0.05063893	      0.01802671	      0.01417230	      0.04037493	      0.03267440	      0.02371222	      0.20552548	      0.09108581	      0.09578341	      0.14036136	      0.03855383	      0.10094270	      0.04853057	      0.03919626	      0.03532246	      0.02395150	      0.03113081	      0.04140875	      0.04978360	      0.01645824	      0.01412197	      0.01510649	      0.10726862	      0.10581511	      0.02011053	      0.02593278	      0.01700546	      0.01154857	      0.01150083	      0.01137196	      0.01109464	      0.06342991	      0.04279918	      0.01111565	      0.01682010	      0.08556234	      0.07122658	      0.08766577	      0.03460344	      0.03026296	      0.04011293	      0.02513308	      0.02843101	      0.05065257	      0.01802270	      0.01416955	      0.04037506	      0.03267299	      0.02370921	      0.20523083	      0.09105693	      0.09570259	      0.14107247	      0.03855574	      0.10091149	      0.04864627	      0.03929342	      0.03538377	      0.02396618	      0.03112943	      0.04141731	      0.04978240	      0.01645726	      0.01412166	      0.01510714	      0.10815163	      0.10444990	      0.02011095	      0.02593212	      0.01700215	      0.01154859	      0.01150092	      0.01137204	      0.01109470	      0.06345316	      0.04279865	      0.01111572	      0.01681978	      0.08556360	      0.07122422	      0.08772931	      0.03461241	      0.03027917	      0.04011659	      0.02513227	      0.02843036	      0.06878517	      0.06878517	      0.02751827	      0.02751827	      0.02656297	      0.02656297
      0.60000000	      0.08284866	      0.03229267	      0.02108509	      0.14674605	      0.10244385	      0.05137809	      0.11138748	      0.09642203	      0.12695481	      0.16615491	      0.14418307	      0.01087588	      0.05621508	      0.17348882	      0.15594039	      0.08262232	      0.09770483	      0.16431659	      0.19001020	      0.02860552	      0.02202603	      0.02703944	      0.13552541	      0.14191075	      0.04096440	      0.06552802	      0.02895638	      0.01495938	      0.01485720	      0.01445780	      0.01348164	      0.06430491	      0.14588738	      0.01384154	      0.03697320	      0.11036412	      0.10509418	      0.22236415	      0.10355521	      0.07291326	      0.14308258	      0.06507634	      0.08784023	      0.09076430	      0.03285486	      0.02142897	      0.14511271	      0.10372323	      0.05261538	      0.09146139	      0.09323553	      0.12912685	      0.17299044	      0.15021571	      0.02761000	      0.07917747	      0.17070581	      0.14948204	      0.07486046	      0.09900892	      0.16088779	      0.18946839	      0.02893658	      0.02217195	      0.02691683	      0.10156568	      0.13395538	      0.04201561	      0.06704223	      0.02963756	      0.01494243	      0.01480255	      0.01440757	      0.01344225	      0.07871089	      0.14741223	      0.01377004	      0.03461702	      0.11181746	      0.10346253	      0.26054825	      0.10796221	      0.08035766	      0.14492800	      0.06523171	      0.08717292	      0.10042287	      0.10042009	      0.08219989	      0.08220107	      0.07616914	      0.07617463
      0.61000000	      0.03407973	      0.01257901	      0.01131230	      0.03161269	      0.02447725	      0.01686419	      0.17594781	      0.08532726	      0.09577681	      0.12802675	      0.03070917	      0.09346935	      0.05302867	      0.03776608	      0.03303750	      0.02194231	      0.02443477	      0.03658829	      0.04567446	      0.01296192	      0.01204366	      0.01394022	      0.09613793	      0.09252178	      0.01666601	      0.02090984	      0.01216371	      0.01092208	      0.01091988	      0.01084633	      0.01064583	      0.06342918	      0.03827241	      0.01092203	      0.01624710	      0.07950011	      0.06817499	      0.07153646	      0.02753256	      0.02361355	      0.03207001	      0.01450735	      0.02179296	      0.03407988	      0.01257923	      0.01131248	      0.03161270	      0.02447727	      0.01686432	      0.17594777	      0.08532841	      0.09577633	      0.12802734	      0.03070914	      0.09346827	      0.05302962	      0.03776661	      0.03303785	      0.02194261	      0.02443484	      0.03658849	      0.04567480	      0.01296199	      0.01204369	      0.01394019	      0.09613836	      0.09252253	      0.01666599	      0.02090981	      0.01216392	      0.01092206	      0.01091988	      0.01084633	      0.01064583	      0.06342835	      0.03827311	      0.01092206	      0.01624722	      0.07950003	      0.06817496	      0.07153554	      0.02753257	      0.02361345	      0.03206989	      0.01450722	      0.02179295	      0.05818880	      0.05818878	      0.02197636	      0.02197637	      0.02091742	      0.02091746
      0.62000000	      0.07813205	      0.03664842	      0.02564800	      0.07480578	      0.06547010	      0.05118372	      0.10948036	      0.09756988	      0.09477239	      0.14532338	      0.07837228	      0.08077660	      0.07068845	      0.06998708	      0.06522240	      0.04657264	      0.06852723	      0.07810192	      0.08593019	      0.03227619	      0.02468361	      0.02827764	      0.13959857	      0.14285806	      0.04568475	      0.05728589	      0.03558694	      0.01672860	      0.01580164	      0.01535751	      0.01402951	      0.04260788	      0.05968563	      0.01391084	      0.03383687	      0.08029431	      0.07645607	      0.15389059	      0.06957817	      0.06078440	      0.07820223	      0.06405490	      0.06452876	      0.07858948	      0.03684943	      0.02583293	      0.07486332	      0.06545848	      0.05120519	      0.10788429	      0.09551632	      0.08970614	      0.15829395	      0.07809834	      0.08477553	      0.07138002	      0.07035667	      0.06557739	      0.04695315	      0.06829755	      0.07816243	      0.08608440	      0.03246822	      0.02486619	      0.02847617	      0.13599472	      0.13493774	      0.04564041	      0.05721951	      0.03568343	      0.01660953	      0.01576686	      0.01532510	      0.01400455	      0.04241796	      0.05939846	      0.01390297	      0.03382348	      0.08035002	      0.07645940	      0.15285821	      0.06940444	      0.06052454	      0.07820329	      0.06410248	      0.06457146	      0.07302346	      0.07302345	      0.06360916	      0.06360904	      0.06262618	      0.06262607
      0.63000000	      0.05519843	      0.02874469	      0.02138425	      0.05657639	      0.04903006	      0.03889526	      0.14676062	      0.09466087	      0.09620590	      0.13834752	      0.05941878	      0.11830696	      0.08122165	      0.06470063	      0.05794688	      0.03953945	      0.05190156	      0.06315553	      0.07121039	      0.02607373	      0.02076373	      0.02406106	      0.12160883	      0.11915681	      0.03651935	      0.04441287	      0.02843288	      0.01518624	      0.01435749	      0.01402959	      0.01298656	      0.06498849	      0.05693283	      0.01319352	      0.03122630	      0.09632078	      0.08711258	      0.10675063	      0.05077722	      0.04322677	      0.05852928	      0.04469120	      0.04832021	      0.05519842	      0.02874468	      0.02138424	      0.05657639	      0.04903004	      0.03889524	      0.14676059	      0.09466085	      0.09620588	      0.13834759	      0.05941876	      0.11830683	      0.08122169	      0.06470066	      0.05794690	      0.03953946	      0.05190154	      0.06315556	      0.07121042	      0.02607373	      0.02076372	      0.02406106	      0.12160878	      0.11915681	      0.03651934	      0.04441286	      0.02843286	      0.01518624	      0.01435749	      0.01402959	      0.01298656	      0.06498853	      0.05693281	      0.01319352	      0.03122630	      0.09632079	      0.08711258	      0.10675069	      0.05077723	      0.04322678	      0.05852928	      0.04469120	      0.04832020	      0.06870700	      0.06870700	      0.04859826	      0.04859826	      0.04769929	      0.04769929
      0.64000000	      0.03150605	      0.01877119	      0.01537081	      0.03722865	      0.03153207	      0.02484097	      0.13372785	      0.08057692	      0.08991993	      0.11824390	      0.04125683	      0.10301504	      0.06791006	      0.05194224	      0.04449564	      0.02797922	      0.03396296	      0.04591353	      0.05491570	      0.01783068	      0.01523638	      0.01767884	      0.09628880	      0.09397027	      0.02540278	      0.02991974	      0.01914487	      0.01224785	      0.01192901	      0.01178359	      0.01130422	      0.06510936	      0.04639432	      0.01167275	      0.02209246	      0.08548490	      0.07653990	      0.07890289	      0.03411027	      0.02849794	      0.04022899	      0.02670361	      0.03117743	      0.03150335	      0.01877112	      0.01537088	      0.03722758	      0.03153158	      0.02484090	      0.13375670	      0.08056663	      0.08991199	      0.11822509	      0.04125700	      0.10300237	      0.06791056	      0.05194473	      0.04449638	      0.02797894	      0.03396277	      0.04591378	      0.05491565	      0.01783072	      0.01523643	      0.01767897	      0.09630071	      0.09398323	      0.02540356	      0.02992014	      0.01914505	      0.01224787	      0.01192902	      0.01178361	      0.01130423	      0.06510354	      0.04639472	      0.01167277	      0.02209360	      0.08547592	      0.07654884	      0.07889002	      0.03410853	      0.02849609	      0.04022880	      0.02670296	      0.03117755	      0.05450131	      0.05450130	      0.03207737	      0.03207737	      0.03120621	      0.03120622
      0.65000000	      0.02745361	      0.01972643	      0.01653917	      0.03464318	      0.03078223	      0.02574983	      0.13140869	      0.07421305	      0.08683411	      0.11752560	      0.04097091	      0.11813501	      0.06467350	      0.04697024	      0.03875263	      0.02399974	      0.03385605	      0.04262545	      0.05069522	      0.01854168	      0.01564963	      0.01732045	      0.09055697	      0.09136244	      0.02725596	      0.03056074	      0.02098446	      0.01258839	      0.01199640	      0.01184623	      0.01133987	      0.06260810	      0.04383970	      0.01163516	      0.02237219	      0.08620747	      0.07547935	      0.06784529	      0.03165709	      0.02618862	      0.03792624	      0.02784167	      0.03134233	      0.02731276	      0.01972116	      0.01654434	      0.03460874	      0.03076336	      0.02574772	      0.13265871	      0.07408320	      0.08667938	      0.11492585	      0.04112039	      0.11776159	      0.06455328	      0.04690414	      0.03865374	      0.02391639	      0.03389263	      0.04267161	      0.05082055	      0.01853928	      0.01564809	      0.01730432	      0.09182150	      0.09140291	      0.02730723	      0.03058879	      0.02099952	      0.01259512	      0.01199821	      0.01184794	      0.01134117	      0.06249520	      0.04490794	      0.01165195	      0.02241630	      0.08589894	      0.07557250	      0.06932785	      0.03188574	      0.02659964	      0.03778439	      0.02760299	      0.03124158	      0.05144181	      0.05144181	      0.03149838	      0.03149838	      0.03077919	      0.03077919
      0.66000000	      0.02610674	      0.02001662	      0.01695953	      0.03660840	      0.03233958	      0.02690623	      0.11450682	      0.07818451	      0.08300974	      0.11562980	      0.04508647	      0.09707680	      0.07051492	      0.05524627	      0.04558918	      0.02706873	      0.03638599	      0.04817328	      0.05687357	      0.01931016	      0.01629402	      0.01909945	      0.09765719	      0.09568603	      0.03167157	      0.03389997	      0.02209609	      0.01279249	      0.01218212	      0.01201683	      0.01145694	      0.06464946	      0.04718442	      0.01200369	      0.02434168	      0.08429270	      0.07771811	      0.08390581	      0.03631651	      0.03033521	      0.04221170	      0.02911513	      0.03352360	      0.02606385	      0.02002111	      0.01696948	      0.03657164	      0.03232475	      0.02691029	      0.11532207	      0.07834959	      0.08335947	      0.11739679	      0.04511511	      0.09659424	      0.07024091	      0.05517067	      0.04556423	      0.02710471	      0.03637923	      0.04815948	      0.05688175	      0.01932256	      0.01630558	      0.01912630	      0.09865678	      0.09679020	      0.03174350	      0.03392832	      0.02211522	      0.01279901	      0.01218752	      0.01202183	      0.01146059	      0.06233996	      0.04786950	      0.01200836	      0.02482229	      0.08416858	      0.07780618	      0.07894124	      0.03577957	      0.02977772	      0.04197035	      0.02904438	      0.03357489	      0.05070642	      0.05070640	      0.03512805	      0.03512806	      0.03436651	      0.03436656
      0.67000000	      0.03522408	      0.02856882	      0.02401075	      0.04799907	      0.04429245	      0.03873161	      0.11454664	      0.07987393	      0.08123752	      0.12640615	      0.06024395	      0.11974904	      0.07684605	      0.06108312	      0.05066623	      0.03064034	      0.05067479	      0.05936765	      0.06632501	      0.02648054	      0.02098189	      0.02311947	      0.11318515	      0.11490769	      0.04449568	      0.04671864	      0.03319924	      0.01585623	      0.01392512	      0.01362472	      0.01261731	      0.05920128	      0.05459114	      0.01326001	      0.03311942	      0.09359879	      0.08377207	      0.09124288	      0.04653784	      0.03903903	      0.05418895	      0.04557995	      0.04731406	      0.03518875	      0.02856600	      0.02401756	      0.04799072	      0.04429068	      0.03873823	      0.11462844	      0.07994642	      0.08133111	      0.12684743	      0.06028595	      0.11964724	      0.07685267	      0.06106411	      0.05062743	      0.03058496	      0.05068625	      0.05937727	      0.06635939	      0.02647004	      0.02096874	      0.02309009	      0.11451029	      0.11384826	      0.04451373	      0.04673155	      0.03322101	      0.01583728	      0.01391150	      0.01361210	      0.01260809	      0.05831070	      0.05527186	      0.01331312	      0.03331058	      0.09351467	      0.08371751	      0.09041813	      0.04651178	      0.03907809	      0.05409507	      0.04541863	      0.04727450	      0.05607390	      0.05607390	      0.04819118	      0.04819119	      0.04777971	      0.04777972
      0.68000000	      0.02493735	      0.02276995	      0.02023779	      0.03850055	      0.03543672	      0.03124739	      0.10064522	      0.07316997	      0.07507364	      0.11989640	      0.05241436	      0.10266247	      0.06870431	      0.05553761	      0.04638176	      0.02679227	      0.04173097	      0.05238649	      0.06009230	      0.02222216	      0.01831818	      0.02121041	      0.10389498	      0.10393018	      0.04284152	      0.04088157	      0.02816799	      0.01407266	      0.01278072	      0.01256202	      0.01184968	      0.05482678	      0.05228996	      0.01285374	      0.02997465	      0.08566141	      0.07773864	      0.07842040	      0.03962544	      0.03311656	      0.04607892	      0.03363391	      0.03843568	      0.02489287	      0.02275267	      0.02023350	      0.03853917	      0.03544968	      0.03120517	      0.10112113	      0.07297616	      0.07564155	      0.11818356	      0.05262426	      0.10204035	      0.06856556	      0.05632243	      0.04588695	      0.02679311	      0.04184011	      0.05212771	      0.05973494	      0.02221330	      0.01831891	      0.02121862	      0.10498098	      0.10442398	      0.04278899	      0.04090871	      0.02812749	      0.01407372	      0.01278154	      0.01256276	      0.01185020	      0.05514343	      0.05185672	      0.01285333	      0.03008828	      0.08577443	      0.07766171	      0.07884480	      0.03967315	      0.03330283	      0.04619216	      0.03367738	      0.03845843	      0.04802975	      0.04802869	      0.04103615	      0.04103681	      0.04058290	      0.04058511
      0.69000000	      0.01098126	      0.01124307	      0.01126253	      0.01348146	      0.01305065	      0.01257653	      0.07862858	      0.04963295	      0.05477240	      0.11138521	      0.02745364	      0.05484101	      0.02570080	      0.01613475	      0.01488842	      0.01201914	      0.01535656	      0.02487403	      0.03437160	      0.01144145	      0.01101069	      0.01167251	      0.08612935	      0.08775463	      0.03015019	      0.01914109	      0.01308422	      0.01039149	      0.01026910	      0.01024715	      0.01017858	      0.02381762	      0.01988460	      0.01030874	      0.01104086	      0.04578793	      0.03984040	      0.04505282	      0.01745949	      0.01480512	      0.02010266	      0.01290243	      0.01452698	      0.01098199	      0.01124447	      0.01126450	      0.01348375	      0.01305350	      0.01257972	      0.07869439	      0.04978109	      0.05503743	      0.11078195	      0.02743823	      0.05567786	      0.02526623	      0.01554101	      0.01468057	      0.01201040	      0.01536304	      0.02486055	      0.03445309	      0.01144261	      0.01101110	      0.01166602	      0.08622088	      0.08778602	      0.03026243	      0.01914900	      0.01309055	      0.01039144	      0.01026894	      0.01024700	      0.01017847	      0.02362435	      0.02016605	      0.01030841	      0.01102570	      0.04577025	      0.03986309	      0.04485187	      0.01740981	      0.01477768	      0.02008190	      0.01290504	      0.01453381	      0.01867412	      0.01867411	      0.01595858	      0.01595857	      0.01560808	      0.01560809
      0.70000000	      0.02414148	      0.02474459	      0.02338445	      0.03993506	      0.03771225	      0.03445376	      0.08368122	      0.06897575	      0.06564152	      0.11513952	      0.05852945	      0.10001349	      0.06957111	      0.05804953	      0.04635996	      0.02657116	      0.04626665	      0.05566560	      0.06258095	      0.02460947	      0.02007676	      0.02285957	      0.11036032	      0.11064673	      0.05411649	      0.04684074	      0.03395265	      0.01595068	      0.01345725	      0.01317069	      0.01230797	      0.05392185	      0.04951078	      0.01330560	      0.03335978	      0.08599114	      0.07877031	      0.08309118	      0.04275803	      0.03561693	      0.04988942	      0.03910021	      0.04281094	      0.02414148	      0.02474456	      0.02338442	      0.03993505	      0.03771223	      0.03445373	      0.08368068	      0.06897566	      0.06564122	      0.11513804	      0.05852947	      0.10001340	      0.06957084	      0.05805031	      0.04636001	      0.02657114	      0.04626664	      0.05566564	      0.06258098	      0.02460944	      0.02007674	      0.02285955	      0.11035973	      0.11064605	      0.05411632	      0.04684072	      0.03395259	      0.01595067	      0.01345724	      0.01317069	      0.01230797	      0.05392366	      0.04951025	      0.01330561	      0.03335938	      0.08599137	      0.07876995	      0.08309553	      0.04275843	      0.03561743	      0.04988954	      0.03910008	      0.04281089	      0.04488544	      0.04488544	      0.04628839	      0.04628839	      0.04640138	      0.04640138
      0.71000000	      0.01016309	      0.01024093	      0.01028778	      0.01062647	      0.01057345	      0.01051859	      0.06582650	      0.04494399	      0.05670938	      0.08245215	      0.02065975	      0.07599709	      0.04748624	      0.03954691	      0.01751363	      0.01039738	      0.01125001	      0.02013358	      0.03240167	      0.01030540	      0.01022235	      0.01042700	      0.06734685	      0.06840099	      0.05330617	      0.01523486	      0.01088465	      0.01009517	      0.01005864	      0.01005359	      0.01003909	      0.05243931	      0.02609417	      0.01007854	      0.01094100	      0.06502897	      0.05811255	      0.03964913	      0.01140669	      0.01078463	      0.01299073	      0.01063764	      0.01112034	      0.01016316	      0.01024095	      0.01028762	      0.01062658	      0.01057342	      0.01051840	      0.06558788	      0.04481992	      0.05657841	      0.08200966	      0.02053969	      0.07601232	      0.04759926	      0.03970358	      0.01751751	      0.01039844	      0.01124802	      0.02013020	      0.03234834	      0.01030554	      0.01022256	      0.01042821	      0.06705322	      0.06809239	      0.05324074	      0.01521648	      0.01088246	      0.01009530	      0.01005874	      0.01005369	      0.01003916	      0.05289110	      0.02657916	      0.01007904	      0.01062947	      0.06511782	      0.05803352	      0.04158777	      0.01000011	      0.01165703	      0.01284942	      0.01064290	      0.01113589	      0.01626077	      0.01626042	      0.01127490	      0.01127507	      0.01101936	      0.01101998
      0.72000000	      0.01181010	      0.01261616	      0.01305238	      0.01613766	      0.01570365	      0.01520942	      0.06010853	      0.04611657	      0.05102754	      0.08370990	      0.03132580	      0.07677694	      0.05343853	      0.04639527	      0.02936045	      0.01426497	      0.01990432	      0.03132532	      0.03973563	      0.01328702	      0.01245544	      0.01460536	      0.07450593	      0.07558231	      0.05860681	      0.02708276	      0.01758531	      0.01127480	      0.01073014	      0.01066616	      0.01048905	      0.05024086	      0.03527820	      0.01101126	      0.02001092	      0.07089099	      0.06567404	      0.03919303	      0.01932328	      0.01614952	      0.02375278	      0.01573995	      0.01892717	      0.01180933	      0.01261511	      0.01305126	      0.01613650	      0.01570252	      0.01520829	      0.05983117	      0.04601203	      0.05087496	      0.08315286	      0.03129576	      0.07672561	      0.05354247	      0.04670108	      0.02934879	      0.01425867	      0.01990501	      0.03132608	      0.03970441	      0.01328520	      0.01245357	      0.01459717	      0.07417712	      0.07523681	      0.05850653	      0.02707960	      0.01758429	      0.01127350	      0.01072930	      0.01066539	      0.01048849	      0.05154935	      0.03410644	      0.01101661	      0.01978549	      0.07111032	      0.06544857	      0.04137068	      0.01950616	      0.01632857	      0.02384812	      0.01574868	      0.01891511	      0.02199961	      0.02199962	      0.02244240	      0.02244240	      0.02248173	      0.02248172
      0.73000000	      0.02125397	      0.02448121	      0.02554691	      0.03744515	      0.03628196	      0.03454794	      0.06240115	      0.05780944	      0.04922431	      0.10358083	      0.06098787	      0.09382610	      0.06678926	      0.05652796	      0.04315911	      0.02440781	      0.04758204	      0.05531229	      0.06032032	      0.02545060	      0.02097760	      0.02343388	      0.10849098	      0.11045058	      0.06885576	      0.05086465	      0.03899913	      0.01957201	      0.01407263	      0.01371303	      0.01274841	      0.04852074	      0.04726605	      0.01401108	      0.03676370	      0.08327014	      0.07675262	      0.07774577	      0.04272435	      0.03568251	      0.04963851	      0.04012243	      0.04358033	      0.02126519	      0.02451470	      0.02560481	      0.03745971	      0.03631345	      0.03460194	      0.06234911	      0.05776068	      0.04917476	      0.10339713	      0.06113341	      0.09544395	      0.06597756	      0.05608048	      0.04312678	      0.02438615	      0.04766221	      0.05528315	      0.06026756	      0.02545748	      0.02097556	      0.02341662	      0.10855482	      0.10942807	      0.06892480	      0.05089469	      0.03910658	      0.01956258	      0.01406779	      0.01370863	      0.01274519	      0.04857549	      0.04751908	      0.01401321	      0.03674897	      0.08327232	      0.07672795	      0.07831733	      0.04279636	      0.03579645	      0.04964870	      0.04009890	      0.04356462	      0.03759019	      0.03759021	      0.04937230	      0.04937228	      0.05069097	      0.05069092
      0.74000000	      0.01917644	      0.02258938	      0.02435793	      0.03374808	      0.03293135	      0.03174229	      0.05444177	      0.05218822	      0.04339338	      0.09487039	      0.05797598	      0.08906296	      0.06294135	      0.05405852	      0.04059752	      0.02273866	      0.04426597	      0.05219871	      0.05666311	      0.02397869	      0.02012299	      0.02275896	      0.10331429	      0.10461119	      0.07220477	      0.04927993	      0.03771035	      0.02008522	      0.01385446	      0.01350854	      0.01261377	      0.04678182	      0.04535815	      0.01405259	      0.03623732	      0.08016013	      0.07444468	      0.07036755	      0.03975332	      0.03332210	      0.04616803	      0.03617292	      0.04030478	      0.01917653	      0.02258944	      0.02435796	      0.03374791	      0.03293113	      0.03174204	      0.05446410	      0.05219802	      0.04340119	      0.09479012	      0.05797558	      0.08901947	      0.06294910	      0.05406287	      0.04059995	      0.02273926	      0.04426504	      0.05219967	      0.05666778	      0.02397889	      0.02012319	      0.02275961	      0.10334892	      0.10465659	      0.07220951	      0.04927965	      0.03770887	      0.02008337	      0.01385427	      0.01350836	      0.01261364	      0.04678479	      0.04536040	      0.01405243	      0.03623580	      0.08016074	      0.07444397	      0.07037735	      0.03975400	      0.03332293	      0.04616826	      0.03617284	      0.04030470	      0.03334484	      0.03334483	      0.04722770	      0.04722771	      0.04899382	      0.04899384
      0.75000000	      0.01807510	      0.02160807	      0.02392840	      0.03172784	      0.03114705	      0.03028481	      0.04808300	      0.04790219	      0.03887787	      0.08949690	      0.05714626	      0.08549942	      0.06100157	      0.05219172	      0.03902421	      0.02171112	      0.04286062	      0.05082674	      0.05459571	      0.02332510	      0.01980819	      0.02244447	      0.10008152	      0.10125782	      0.07590571	      0.04928248	      0.03776376	      0.02173240	      0.01388971	      0.01353526	      0.01265272	      0.04340509	      0.04406161	      0.01425206	      0.03674669	      0.07818612	      0.07278077	      0.06381238	      0.03830430	      0.03209182	      0.04456153	      0.03361955	      0.03879262	      0.01808484	      0.02162749	      0.02397376	      0.03174953	      0.03113380	      0.03031192	      0.04843379	      0.04810740	      0.03861404	      0.08846776	      0.05695866	      0.08495723	      0.06118147	      0.05197428	      0.03916799	      0.02176783	      0.04286539	      0.05074530	      0.05455681	      0.02335258	      0.01985718	      0.02256737	      0.10159843	      0.10085419	      0.07611977	      0.04930593	      0.03762883	      0.02165044	      0.01389577	      0.01354106	      0.01265706	      0.04368500	      0.04399694	      0.01427078	      0.03671309	      0.07810655	      0.07283493	      0.06481912	      0.03838168	      0.03228089	      0.04455469	      0.03358213	      0.03879175	      0.03055303	      0.03062943	      0.04692243	      0.04686450	      0.04917426	      0.04902175
      0.76000000	      0.01633008	      0.01953323	      0.02204128	      0.02798207	      0.02760062	      0.02705243	      0.04033407	      0.04160100	      0.03319835	      0.07759814	      0.05187459	      0.08029492	      0.05744000	      0.05047749	      0.03621036	      0.02017832	      0.03854075	      0.04652135	      0.04946369	      0.02150679	      0.01872866	      0.02175126	      0.09160316	      0.09306154	      0.07879110	      0.04618952	      0.03493008	      0.02299715	      0.01367247	      0.01333424	      0.01252257	      0.04429650	      0.04181155	      0.01436439	      0.03543386	      0.07539600	      0.07069838	      0.05738711	      0.03477313	      0.02941709	      0.04020239	      0.02996288	      0.03476484	      0.01633001	      0.01953355	      0.02204129	      0.02798188	      0.02760090	      0.02705246	      0.04033197	      0.04159664	      0.03319628	      0.07760885	      0.05188488	      0.08030250	      0.05742680	      0.05049499	      0.03620912	      0.02017802	      0.03854282	      0.04652185	      0.04945787	      0.02150658	      0.01872803	      0.02175184	      0.09158264	      0.09306522	      0.07878563	      0.04619336	      0.03493013	      0.02299816	      0.01367237	      0.01333417	      0.01252253	      0.04429872	      0.04181279	      0.01436403	      0.03543306	      0.07539839	      0.07069596	      0.05739181	      0.03477337	      0.02941748	      0.04020295	      0.02996293	      0.03476494	      0.02632882	      0.02633003	      0.04390496	      0.04390402	      0.04682680	      0.04682442
      0.77000000	      0.02790990	      0.03485466	      0.03951028	      0.05051611	      0.05016210	      0.04935481	      0.05842604	      0.06120291	      0.04587527	      0.11247396	      0.08413643	      0.09963051	      0.07396910	      0.06355374	      0.05019142	      0.02950006	      0.06795383	      0.07145617	      0.07343838	      0.03662066	      0.02947203	      0.03041122	      0.13390322	      0.13576753	      0.09506400	      0.07178109	      0.06039156	      0.04926572	      0.01882140	      0.01800830	      0.01612120	      0.04871604	      0.05649234	      0.01729149	      0.05190151	      0.09099521	      0.08529223	      0.09934502	      0.05839340	      0.04931891	      0.06697817	      0.06163055	      0.06213884	      0.02790994	      0.03485469	      0.03951025	      0.05051620	      0.05016211	      0.04935484	      0.05842560	      0.06120340	      0.04587546	      0.11247353	      0.08413550	      0.09963005	      0.07396889	      0.06355422	      0.05019172	      0.02950045	      0.06795357	      0.07145611	      0.07343803	      0.03662064	      0.02947240	      0.03041083	      0.13388902	      0.13578409	      0.09506381	      0.07178085	      0.06039161	      0.04926532	      0.01882144	      0.01800834	      0.01612123	      0.04871585	      0.05649217	      0.01729149	      0.05190171	      0.09099513	      0.08529228	      0.09934439	      0.05839336	      0.04931893	      0.06697806	      0.06163052	      0.06213878	      0.04432935	      0.04432961	      0.07058056	      0.07058035	      0.07465598	      0.07465547
      0.78000000	      0.01130337	      0.01237303	      0.01346403	      0.01496204	      0.01486544	      0.01474542	      0.02008573	      0.02314570	      0.01885937	      0.04781312	      0.03291664	      0.05960856	      0.04390498	      0.04109770	      0.02715991	      0.01420770	      0.02050016	      0.03152368	      0.03292897	      0.01359672	      0.01316195	      0.01797169	      0.06403921	      0.06601858	      0.07633409	      0.03361985	      0.02045663	      0.02087750	      0.01169959	      0.01154162	      0.01118875	      0.03749562	      0.03146675	      0.01405546	      0.02664393	      0.06207991	      0.05822962	      0.02886783	      0.02006951	      0.01734595	      0.02339350	      0.01489439	      0.01847138	      0.01130080	      0.01237563	      0.01348489	      0.01496018	      0.01486989	      0.01476089	      0.02012805	      0.02318421	      0.01890573	      0.04733603	      0.03292913	      0.05961611	      0.04381954	      0.04102167	      0.02721035	      0.01419368	      0.02049288	      0.03150766	      0.03296908	      0.01360478	      0.01316571	      0.01795526	      0.06440833	      0.06606820	      0.07636797	      0.03363911	      0.02050810	      0.02078750	      0.01168988	      0.01153346	      0.01118255	      0.03732092	      0.03156834	      0.01408160	      0.02669429	      0.06172484	      0.05858814	      0.02878943	      0.02007335	      0.01737253	      0.02338968	      0.01488317	      0.01846946	      0.01349345	      0.01350384	      0.03203745	      0.03202916	      0.03694126	      0.03692120
      0.79000000	      0.01841280	      0.02058830	      0.02100612	      0.02797311	      0.02732467	      0.02625647	      0.03543907	      0.04183560	      0.02769361	      0.06990186	      0.06144857	      0.07884310	      0.04650440	      0.05330309	      0.04311756	      0.02075561	      0.04521524	      0.05845691	      0.05900562	      0.02041230	      0.01708692	      0.02285736	      0.07416641	      0.06407267	      0.08760853	      0.05724179	      0.03773929	      0.05296035	      0.01474180	      0.01426275	      0.01326377	      0.04730983	      0.04775847	      0.01550543	      0.04416300	      0.07944052	      0.06893293	      0.05949699	      0.04069901	      0.03386571	      0.04802038	      0.03352030	      0.04062391	      0.01851278	      0.02200885	      0.02492565	      0.02914610	      0.02902852	      0.02883376	      0.03805500	      0.04320046	      0.03264823	      0.07704583	      0.06070448	      0.07581233	      0.06464883	      0.03501747	      0.04364031	      0.02371520	      0.04499323	      0.05604976	      0.05712502	      0.02436503	      0.02173536	      0.02774507	      0.08885715	      0.09606390	      0.08901546	      0.05694677	      0.04207856	      0.04947472	      0.01673633	      0.01610987	      0.01476209	      0.04370118	      0.04674117	      0.01689913	      0.04489371	      0.07814812	      0.07026358	      0.05931342	      0.04099134	      0.03456829	      0.04784404	      0.03357340	      0.04046096	      0.02947773	      0.02953444	      0.05470712	      0.05466144	      0.05765216	      0.05754422
      0.80000000	      0.01376157	      0.01620026	      0.01888804	      0.02131782	      0.02131822	      0.02123570	      0.02484389	      0.02798864	      0.02266542	      0.04904423	      0.04071341	      0.06486179	      0.05078513	      0.04845618	      0.03281189	      0.01812509	      0.02913676	      0.03800878	      0.03810512	      0.01868706	      0.01754078	      0.02325156	      0.06777990	      0.06877833	      0.08646400	      0.04117861	      0.02931549	      0.04390662	      0.01458242	      0.01416647	      0.01329793	      0.04158758	      0.03567256	      0.01771623	      0.03556401	      0.06894760	      0.06643738	      0.03874220	      0.02762438	      0.02400860	      0.03149987	      0.02189083	      0.02665122	      0.01374209	      0.01617617	      0.01887610	      0.02128123	      0.02128728	      0.02121321	      0.02487274	      0.02799797	      0.02269892	      0.04936791	      0.04076043	      0.06513347	      0.05090261	      0.04853956	      0.03285368	      0.01806978	      0.02912735	      0.03797123	      0.03803984	      0.01865875	      0.01751536	      0.02333795	      0.06726130	      0.06811513	      0.08616633	      0.04118767	      0.02936092	      0.04434498	      0.01453229	      0.01412134	      0.01326280	      0.04191908	      0.03571203	      0.01756523	      0.03561969	      0.06865678	      0.06674091	      0.03868762	      0.02764957	      0.02399112	      0.03150495	      0.02188804	      0.02666935	      0.01885468	      0.01885465	      0.03994534	      0.03994536	      0.04604049	      0.04604054
      0.81000000	      0.01661186	      0.02069438	      0.02507843	      0.02823955	      0.02837702	      0.02837811	      0.03141323	      0.03518372	      0.02751415	      0.05886330	      0.05169125	      0.06947430	      0.05472585	      0.05141749	      0.03726605	      0.02193620	      0.03959911	      0.04673012	      0.04642342	      0.02431056	      0.02230966	      0.02724534	      0.07903225	      0.08106123	      0.09221147	      0.05038777	      0.03925572	      0.05988380	      0.01758674	      0.01690605	      0.01553091	      0.04295214	      0.04177991	      0.01891712	      0.04278565	      0.07360512	      0.07041296	      0.05196128	      0.03614525	      0.03115011	      0.04124840	      0.03056455	      0.03622505	      0.01661186	      0.02069441	      0.02507842	      0.02823961	      0.02837707	      0.02837814	      0.03141320	      0.03518366	      0.02751423	      0.05886288	      0.05169122	      0.06947406	      0.05472623	      0.05141705	      0.03726611	      0.02193623	      0.03959912	      0.04673015	      0.04642342	      0.02431060	      0.02230970	      0.02724536	      0.07903336	      0.08106062	      0.09221168	      0.05038767	      0.03925561	      0.05988372	      0.01758675	      0.01690606	      0.01553091	      0.04295221	      0.04177992	      0.01891708	      0.04278573	      0.07360524	      0.07041280	      0.05196128	      0.03614528	      0.03115015	      0.04124839	      0.03056451	      0.03622504	      0.02525355	      0.02525356	      0.04859407	      0.04859406	      0.05422786	      0.05422784
      0.82000000	      0.02073051	      0.02695633	      0.03346925	      0.03683526	      0.03723398	      0.03746953	      0.03916609	      0.04334934	      0.03289210	      0.07295119	      0.06541341	      0.07458467	      0.05966355	      0.05481227	      0.04206343	      0.02578859	      0.05154140	      0.05679037	      0.05620976	      0.03151389	      0.02817897	      0.03115573	      0.09408331	      0.09685059	      0.09954877	      0.06181526	      0.05117660	      0.07760773	      0.02082136	      0.01985077	      0.01796227	      0.04312067	      0.04739043	      0.02024217	      0.04956553	      0.07836585	      0.07407671	      0.06821542	      0.04581858	      0.03927186	      0.05239681	      0.04264530	      0.04773487	      0.02075492	      0.02699206	      0.03351534	      0.03685524	      0.03725394	      0.03749215	      0.03914809	      0.04334253	      0.03288574	      0.07240308	      0.06504996	      0.07408277	      0.05970639	      0.05482596	      0.04215513	      0.02581170	      0.05147358	      0.05673364	      0.05613386	      0.03155302	      0.02820257	      0.03112892	      0.09753531	      0.09433753	      0.09983956	      0.06173502	      0.05117855	      0.07743130	      0.02084455	      0.01987096	      0.01797757	      0.04335332	      0.04732385	      0.02012408	      0.04963512	      0.07869291	      0.07374723	      0.06795766	      0.04579683	      0.03924497	      0.05238081	      0.04265537	      0.04773516	      0.03372554	      0.03372539	      0.05885423	      0.05885435	      0.06441027	      0.06441054
      0.83000000	      0.02281275	      0.03030468	      0.03835971	      0.04091842	      0.04156262	      0.04207253	      0.04228755	      0.04678593	      0.03545092	      0.07768580	      0.07160845	      0.07661292	      0.06290202	      0.05822769	      0.04530094	      0.02822765	      0.05699345	      0.06168201	      0.06060547	      0.03568492	      0.03210453	      0.03473257	      0.09931770	      0.10178420	      0.10720297	      0.06803983	      0.05754227	      0.09074783	      0.02367557	      0.02248516	      0.02023294	      0.04699209	      0.05144293	      0.02135987	      0.05433788	      0.08283677	      0.07873304	      0.07629001	      0.05097885	      0.04397396	      0.05781718	      0.04947166	      0.05323274	      0.02281306	      0.03030493	      0.03836159	      0.04091816	      0.04156250	      0.04207275	      0.04228853	      0.04678669	      0.03545280	      0.07769818	      0.07161094	      0.07660052	      0.06289635	      0.05823476	      0.04530285	      0.02822917	      0.05699258	      0.06168079	      0.06060543	      0.03568680	      0.03210695	      0.03473541	      0.09943459	      0.10169857	      0.10720413	      0.06804204	      0.05754489	      0.09074607	      0.02367736	      0.02248667	      0.02023404	      0.04698997	      0.05144201	      0.02136093	      0.05433865	      0.08283688	      0.07873220	      0.07629140	      0.05097927	      0.04397486	      0.05781694	      0.04947087	      0.05323239	      0.03886036	      0.03886047	      0.06355273	      0.06355263	      0.06880920	      0.06880900
      0.84000000	      0.02169164	      0.02892410	      0.03672745	      0.03848668	      0.03906434	      0.03984365	      0.03914257	      0.04368620	      0.03352550	      0.07098187	      0.06789462	      0.07181454	      0.05938210	      0.05679377	      0.04305247	      0.02767447	      0.05384318	      0.05864903	      0.05746397	      0.03489303	      0.03193271	      0.03487464	      0.09238121	      0.09470589	      0.10709373	      0.06562137	      0.05610191	      0.09374403	      0.02469815	      0.02335364	      0.02121020	      0.04480538	      0.04943972	      0.02225404	      0.05334006	      0.08013225	      0.07654332	      0.07162231	      0.04863199	      0.04230691	      0.05521223	      0.04636429	      0.05051945	      0.02180238	      0.02886412	      0.03697215	      0.03850978	      0.03933126	      0.04003515	      0.03924889	      0.04377623	      0.03377746	      0.07117037	      0.06804309	      0.07269421	      0.05869124	      0.05645931	      0.04348662	      0.02752455	      0.05381499	      0.05885941	      0.05717795	      0.03451592	      0.03221638	      0.03512119	      0.09274788	      0.09402586	      0.10711826	      0.06600256	      0.05564070	      0.09423140	      0.02462272	      0.02341378	      0.02116134	      0.04515295	      0.04932333	      0.02207594	      0.05324198	      0.07996227	      0.07659763	      0.07119315	      0.04872146	      0.04199091	      0.05535639	      0.04627235	      0.05036362	      0.03781746	      0.03715158	      0.05986291	      0.06040914	      0.06492088	      0.06607943
      0.85000000	      0.01598993	      0.02011759	      0.02555350	      0.02599728	      0.02653179	      0.02694087	      0.02648584	      0.03014207	      0.02458790	      0.04596020	      0.04735185	      0.05743422	      0.04863492	      0.04805974	      0.03518907	      0.02212633	      0.03632646	      0.04292752	      0.04122783	      0.02476895	      0.02445098	      0.03116361	      0.06522273	      0.06624878	      0.09628813	      0.04958666	      0.03911367	      0.08096856	      0.02248932	      0.02178512	      0.01996323	      0.03747872	      0.03811863	      0.02291926	      0.04325748	      0.06989244	      0.06591340	      0.04622877	      0.03395824	      0.02976587	      0.03922086	      0.02944290	      0.03448368	      0.01600421	      0.02015703	      0.02556500	      0.02599217	      0.02655973	      0.02694758	      0.02649880	      0.03021880	      0.02455112	      0.04599346	      0.04741428	      0.05717457	      0.04848197	      0.04859434	      0.03536734	      0.02217966	      0.03651380	      0.04302253	      0.04124053	      0.02483914	      0.02452473	      0.03097587	      0.06506469	      0.06665236	      0.09631026	      0.04963454	      0.03916678	      0.08098318	      0.02250426	      0.02176879	      0.01995895	      0.03745594	      0.03807308	      0.02298507	      0.04310873	      0.06908989	      0.06621530	      0.04685023	      0.03401783	      0.02971171	      0.03904884	      0.02888140	      0.03427409	      0.02580267	      0.02593565	      0.04510840	      0.04499954	      0.05088875	      0.05066209
      0.86000000	      0.01735206	      0.02249491	      0.02936279	      0.02903380	      0.02972606	      0.03042403	      0.02893501	      0.03295987	      0.02653955	      0.05090585	      0.05276628	      0.05747079	      0.04932801	      0.04872353	      0.03679145	      0.02355968	      0.04090253	      0.04674072	      0.04457700	      0.02801956	      0.02767784	      0.03294461	      0.06961585	      0.07170218	      0.10014778	      0.05419420	      0.04440815	      0.08961751	      0.02449644	      0.02390958	      0.02159111	      0.03817441	      0.04052204	      0.02308241	      0.04604742	      0.06955702	      0.06710553	      0.05277722	      0.03796092	      0.03303701	      0.04318013	      0.03306318	      0.03850788	      0.01735206	      0.02249491	      0.02936278	      0.02903381	      0.02972606	      0.03042403	      0.02893500	      0.03295987	      0.02653953	      0.05090585	      0.05276629	      0.05747077	      0.04932800	      0.04872354	      0.03679144	      0.02355965	      0.04090252	      0.04674072	      0.04457700	      0.02801957	      0.02767784	      0.03294462	      0.06961585	      0.07170217	      0.10014777	      0.05419421	      0.04440810	      0.08961748	      0.02449644	      0.02390958	      0.02159112	      0.03817440	      0.04052203	      0.02308241	      0.04604742	      0.06955702	      0.06710553	      0.05277719	      0.03796092	      0.03303700	      0.04318012	      0.03306318	      0.03850788	      0.03008300	      0.03008298	      0.04841863	      0.04841865	      0.05322141	      0.05322144
      0.87000000	      0.01465593	      0.01798236	      0.02244892	      0.02231969	      0.02277457	      0.02323622	      0.02172602	      0.02468415	      0.02062486	      0.03507949	      0.03845273	      0.04944991	      0.04221281	      0.04383507	      0.03044861	      0.01948057	      0.03030324	      0.03600997	      0.03361324	      0.02183197	      0.02198739	      0.02910648	      0.05132969	      0.05275985	      0.09590877	      0.04171320	      0.03242028	      0.08101010	      0.02295173	      0.02270704	      0.02088692	      0.03248237	      0.03325182	      0.02304168	      0.03995850	      0.06235269	      0.06068418	      0.03473215	      0.02841852	      0.02503942	      0.03218397	      0.02499019	      0.02877014	      0.01465992	      0.01798733	      0.02244956	      0.02232848	      0.02278348	      0.02324379	      0.02171612	      0.02467462	      0.02060961	      0.03508146	      0.03847094	      0.04947346	      0.04220126	      0.04378028	      0.03043551	      0.01948122	      0.03031563	      0.03600725	      0.03360810	      0.02183288	      0.02197965	      0.02904417	      0.05129759	      0.05285447	      0.09601319	      0.04165194	      0.03239449	      0.08090509	      0.02297376	      0.02272921	      0.02090733	      0.03250514	      0.03324588	      0.02304479	      0.03993927	      0.06233021	      0.06070154	      0.03479692	      0.02842121	      0.02504204	      0.03218718	      0.02498316	      0.02877065	      0.02254518	      0.02255594	      0.03808206	      0.03807331	      0.04372982	      0.04371222
      0.88000000	      0.01716915	      0.02246542	      0.03014567	      0.02836588	      0.02921004	      0.03023045	      0.02756965	      0.03145985	      0.02561450	      0.04872685	      0.05258845	      0.05171923	      0.04555691	      0.04571021	      0.03488993	      0.02304917	      0.04037994	      0.04546124	      0.04285237	      0.02849615	      0.02894712	      0.03314663	      0.06604543	      0.06839144	      0.10108262	      0.05439726	      0.04528051	      0.09427405	      0.02607495	      0.02594044	      0.02314666	      0.03579640	      0.03901039	      0.02310476	      0.04501639	      0.06567290	      0.06339722	      0.05251726	      0.03768982	      0.03292670	      0.04279511	      0.03357718	      0.03849246	      0.01716947	      0.02246586	      0.03014526	      0.02836624	      0.02921042	      0.03023071	      0.02756938	      0.03145944	      0.02561345	      0.04871284	      0.05259184	      0.05172322	      0.04555674	      0.04570650	      0.03488886	      0.02304867	      0.04038364	      0.04546178	      0.04285099	      0.02849574	      0.02894612	      0.03314359	      0.06601323	      0.06841510	      0.10108904	      0.05438983	      0.04527319	      0.09427117	      0.02607434	      0.02593999	      0.02314589	      0.03579664	      0.03901055	      0.02310351	      0.04501764	      0.06567250	      0.06339797	      0.05251143	      0.03768907	      0.03292599	      0.04279540	      0.03357757	      0.03849248	      0.03166990	      0.03167112	      0.04671168	      0.04671068	      0.05073541	      0.05073345
      0.89000000	      0.01631761	      0.02115346	      0.02853722	      0.02637307	      0.02720174	      0.02826452	      0.02542996	      0.02910940	      0.02405840	      0.04477025	      0.04961514	      0.04780672	      0.04257475	      0.04333295	      0.03286898	      0.02196515	      0.03769074	      0.04272188	      0.03998993	      0.02705245	      0.02807272	      0.03237557	      0.06081734	      0.06306371	      0.09943203	      0.05191929	      0.04300465	      0.09335668	      0.02640165	      0.02647653	      0.02370798	      0.03357009	      0.03666703	      0.02307510	      0.04293449	      0.06231132	      0.06026556	      0.04912576	      0.03546442	      0.03100902	      0.04032739	      0.03138338	      0.03617584	      0.01631932	      0.02115896	      0.02856249	      0.02638274	      0.02721373	      0.02828000	      0.02541423	      0.02908759	      0.02405685	      0.04466075	      0.04950800	      0.04770357	      0.04252986	      0.04328712	      0.03286385	      0.02195827	      0.03770977	      0.04272761	      0.03995991	      0.02706482	      0.02808168	      0.03235813	      0.06085832	      0.06358268	      0.09954023	      0.05188583	      0.04303741	      0.09311042	      0.02643906	      0.02651429	      0.02374173	      0.03356446	      0.03667989	      0.02304508	      0.04298617	      0.06224048	      0.06033545	      0.04900151	      0.03545741	      0.03100393	      0.04031998	      0.03138135	      0.03617148	      0.03043450	      0.03042953	      0.04378725	      0.04379126	      0.04747084	      0.04747866
      0.90000000	      0.01713631	      0.02267158	      0.03126948	      0.02812209	      0.02911405	      0.03045037	      0.02664312	      0.03050083	      0.02511353	      0.04734596	      0.05319461	      0.04746353	      0.04292134	      0.04371088	      0.03371339	      0.02287181	      0.04050690	      0.04494369	      0.04184559	      0.02932435	      0.03063609	      0.03368394	      0.06345209	      0.06625766	      0.10315661	      0.05537291	      0.04667316	      0.09941158	      0.02837814	      0.02866742	      0.02546700	      0.03379600	      0.03793044	      0.02306686	      0.04444757	      0.06287208	      0.06072163	      0.05308245	      0.03811999	      0.03344598	      0.04310561	      0.03477415	      0.03918333	      0.01713631	      0.02267158	      0.03126948	      0.02812209	      0.02911405	      0.03045038	      0.02664312	      0.03050083	      0.02511353	      0.04734596	      0.05319460	      0.04746353	      0.04292134	      0.04371088	      0.03371339	      0.02287181	      0.04050690	      0.04494369	      0.04184559	      0.02932435	      0.03063609	      0.03368394	      0.06345201	      0.06625778	      0.10315662	      0.05537290	      0.04667316	      0.09941156	      0.02837814	      0.02866742	      0.02546700	      0.03379600	      0.03793044	      0.02306686	      0.04444757	      0.06287207	      0.06072163	      0.05308245	      0.03811999	      0.03344598	      0.04310561	      0.03477415	      0.03918333	      0.03403617	      0.03403618	      0.04565649	      0.04565648	      0.04876503	      0.04876502
      0.91000000	      0.01898293	      0.02601232	      0.03689790	      0.03209959	      0.03338054	      0.03520371	      0.02977073	      0.03413714	      0.02783087	      0.05376140	      0.06087683	      0.04989329	      0.04580059	      0.04654612	      0.03660144	      0.02513972	      0.04664987	      0.05024721	      0.04672150	      0.03409772	      0.03575053	      0.03694255	      0.07006842	      0.07340975	      0.11127651	      0.06256455	      0.05410080	      0.11187862	      0.03213042	      0.03267332	      0.02872735	      0.03547480	      0.04123285	      0.02377830	      0.04823083	      0.06652148	      0.06442333	      0.06190323	      0.04398246	      0.03883151	      0.04926415	      0.04177471	      0.04555854	      0.01899872	      0.02602733	      0.03689910	      0.03211499	      0.03340058	      0.03520702	      0.02974913	      0.03408295	      0.02779701	      0.05378146	      0.06094283	      0.05004705	      0.04574474	      0.04650900	      0.03665716	      0.02514104	      0.04669432	      0.05021657	      0.04668893	      0.03407972	      0.03573619	      0.03694466	      0.07001915	      0.07341249	      0.11131793	      0.06260107	      0.05423147	      0.11180924	      0.03213366	      0.03270256	      0.02872193	      0.03549885	      0.04124932	      0.02374437	      0.04826677	      0.06668118	      0.06426939	      0.06180637	      0.04398778	      0.03882293	      0.04924851	      0.04178565	      0.04556137	      0.04119263	      0.04120166	      0.05041889	      0.05041168	      0.05280520	      0.05279152
      0.92000000	      0.02407336	      0.03833812	      0.05735434	      0.04859947	      0.04828236	      0.05491799	      0.04326544	      0.04837536	      0.03828562	      0.08620321	      0.09670467	      0.06140351	      0.05887348	      0.05816230	      0.04973234	      0.03457881	      0.07113619	      0.07449956	      0.06796951	      0.05227568	      0.05527395	      0.04886242	      0.10498925	      0.10694865	      0.13602743	      0.09112864	      0.08486850	      0.14891142	      0.04203780	      0.04295420	      0.03630769	      0.04375011	      0.05931766	      0.02633854	      0.05827794	      0.08623154	      0.07902323	      0.10251000	      0.06890730	      0.06068008	      0.07463007	      0.07318672	      0.07126696	      0.01843836	      0.03423974	      0.05898125	      0.04784143	      0.05106988	      0.05268551	      0.04461842	      0.05013160	      0.03851429	      0.08539152	      0.09589264	      0.06316583	      0.05923305	      0.05914724	      0.04868378	      0.03423907	      0.07363859	      0.07309059	      0.06729718	      0.05364324	      0.05555185	      0.04924707	      0.10148617	      0.10882119	      0.12181013	      0.08882860	      0.08473032	      0.14722786	      0.04176743	      0.04264884	      0.03596197	      0.04451581	      0.05412426	      0.02656744	      0.06338859	      0.08590409	      0.08158345	      0.10642562	      0.06941913	      0.06265647	      0.07498413	      0.07121694	      0.07149909	      0.07060316	      0.07003153	      0.07070642	      0.07308340	      0.07300847	      0.07240055
      0.93000000	      0.01864261	      0.02581417	      0.03754271	      0.03142770	      0.03280399	      0.03489571	      0.02819144	      0.03291271	      0.02804327	      0.04909281	      0.05972191	      0.04883905	      0.04640512	      0.04905887	      0.03828631	      0.02642911	      0.04561550	      0.05053359	      0.04583203	      0.03511664	      0.03918369	      0.04203815	      0.06544347	      0.06892985	      0.12136811	      0.06413227	      0.05479453	      0.12128972	      0.04476331	      0.04484005	      0.04351035	      0.03564203	      0.04192813	      0.02770556	      0.05142407	      0.06986587	      0.06776380	      0.05915853	      0.04406218	      0.03903312	      0.04938802	      0.03993914	      0.04503182	      0.01864165	      0.02581249	      0.03751381	      0.03142739	      0.03280357	      0.03488527	      0.02818964	      0.03291507	      0.02805071	      0.04910481	      0.05974387	      0.04878157	      0.04642339	      0.04905568	      0.03821780	      0.02642518	      0.04559280	      0.05054617	      0.04581399	      0.03511175	      0.03912501	      0.04202158	      0.06547616	      0.06901640	      0.12138006	      0.06414154	      0.05488721	      0.12117192	      0.04471769	      0.04490940	      0.04354757	      0.03561814	      0.04194583	      0.02772843	      0.05138647	      0.06985898	      0.06777657	      0.05920608	      0.04407570	      0.03902382	      0.04939188	      0.03994234	      0.04503964	      0.04699464	      0.04691983	      0.04871214	      0.04877065	      0.04898268	      0.04909082
      0.94000000	      0.01062125	      0.01119357	      0.01236681	      0.01188955	      0.01201610	      0.01223814	      0.01186603	      0.01282209	      0.01279386	      0.01459445	      0.01978662	      0.03171790	      0.02967210	      0.03968428	      0.02105744	      0.01291031	      0.01385156	      0.02067407	      0.01721906	      0.01250745	      0.01448620	      0.03522664	      0.02504322	      0.02714725	      0.10439073	      0.03003479	      0.01737231	      0.07149238	      0.04736607	      0.04545738	      0.06375809	      0.01639010	      0.01782701	      0.04174727	      0.03160875	      0.05685304	      0.05492454	      0.01880065	      0.01408816	      0.01274559	      0.01719771	      0.01218769	      0.01403894	      0.01062121	      0.01119342	      0.01236671	      0.01188952	      0.01201613	      0.01223812	      0.01186602	      0.01282122	      0.01279436	      0.01459561	      0.01979188	      0.03169822	      0.02965662	      0.03965207	      0.02105412	      0.01290969	      0.01385159	      0.02067582	      0.01721903	      0.01250738	      0.01448518	      0.03527584	      0.02508722	      0.02719767	      0.10438519	      0.03004074	      0.01737117	      0.07146894	      0.04736587	      0.04544194	      0.06379194	      0.01641117	      0.01786030	      0.04166530	      0.03175609	      0.05654328	      0.05523936	      0.01862386	      0.01410137	      0.01275844	      0.01718861	      0.01218356	      0.01403398	      0.01724804	      0.01724495	      0.01708489	      0.01708726	      0.01705521	      0.01705954
      0.95000000	      0.01478118	      0.01938011	      0.02828142	      0.02300454	      0.02397732	      0.02569394	      0.02170538	      0.02585676	      0.02518159	      0.03361023	      0.04537882	      0.04354949	      0.04360782	      0.05139102	      0.03708828	      0.02469313	      0.03235994	      0.04216344	      0.03689775	      0.02776604	      0.03603906	      0.05143087	      0.04732403	      0.05006904	      0.13040344	      0.05624976	      0.04370153	      0.11306582	      0.06963990	      0.06820178	      0.08490899	      0.03145830	      0.03643566	      0.04394614	      0.04989761	      0.07454238	      0.07280027	      0.04372733	      0.03331404	      0.02878665	      0.03945773	      0.02578031	      0.03275606	      0.01479001	      0.01939808	      0.02828203	      0.02301526	      0.02397782	      0.02572247	      0.02173939	      0.02579150	      0.02530093	      0.03358003	      0.04534849	      0.04348802	      0.04359671	      0.05148796	      0.03696886	      0.02463517	      0.03240021	      0.04218872	      0.03681674	      0.02777951	      0.03596375	      0.05165121	      0.04721698	      0.05038722	      0.13033342	      0.05617343	      0.04378367	      0.11312989	      0.06990099	      0.06815431	      0.08474493	      0.03146582	      0.03646458	      0.04394989	      0.04980907	      0.07471652	      0.07269366	      0.04371841	      0.03324964	      0.02878240	      0.03942559	      0.02584633	      0.03277478	      0.04760020	      0.04767064	      0.03603115	      0.03597863	      0.03374898	      0.03365499
      0.96000000	      0.02496694	      0.03948337	      0.06311935	      0.04641393	      0.04907047	      0.05439811	      0.04198475	      0.05068507	      0.04710213	      0.07037374	      0.08890776	      0.06828807	      0.07065570	      0.08057105	      0.06242755	      0.04442461	      0.06695262	      0.07654778	      0.06919199	      0.05921665	      0.07584668	      0.07974204	      0.08304506	      0.08972041	      0.18915328	      0.09749799	      0.08800896	      0.19499467	      0.10126148	      0.09850869	      0.10974058	      0.05143201	      0.06341455	      0.05055117	      0.07990048	      0.11217812	      0.10502917	      0.09114361	      0.06995070	      0.06370161	      0.07716834	      0.05893907	      0.06902530	      0.02500734	      0.03955050	      0.06307876	      0.04663101	      0.04911485	      0.05468848	      0.04182290	      0.05018237	      0.04679060	      0.06974799	      0.08954616	      0.07108375	      0.06981971	      0.07542735	      0.06148352	      0.04416411	      0.06748471	      0.07643198	      0.06902206	      0.05980548	      0.07429071	      0.08161356	      0.08329862	      0.09277897	      0.19065213	      0.09898483	      0.08980010	      0.19130581	      0.10149050	      0.10099127	      0.10916790	      0.05117558	      0.06337498	      0.05090998	      0.07935035	      0.11285078	      0.10403049	      0.09192438	      0.06983730	      0.06362380	      0.07567366	      0.05890155	      0.06836749	      0.09912519	      0.09741516	      0.06752628	      0.06874724	      0.05987104	      0.06201205
      0.97000000	      0.03574329	      0.05905496	      0.09596152	      0.06759034	      0.07218955	      0.08198873	      0.06475410	      0.07621188	      0.07043467	      0.10421251	      0.13287461	      0.09503709	      0.09881408	      0.11298389	      0.09154338	      0.06521947	      0.09753123	      0.11189972	      0.10165811	      0.09152081	      0.11380584	      0.12161354	      0.12904170	      0.13367970	      0.26058317	      0.14701591	      0.13386131	      0.26208288	      0.14035833	      0.13842874	      0.15102751	      0.06964179	      0.08708069	      0.06382079	      0.10785596	      0.14781865	      0.14281877	      0.13899807	      0.10855985	      0.09855597	      0.11567452	      0.08729892	      0.10260625	      0.03614344	      0.05912654	      0.09758667	      0.06644698	      0.07138852	      0.08121147	      0.06419019	      0.07684766	      0.07405814	      0.10565952	      0.13178115	      0.09685158	      0.09972875	      0.11294802	      0.09167405	      0.06769112	      0.09740721	      0.11189038	      0.10062551	      0.09133755	      0.11484335	      0.11422095	      0.12884812	      0.13363659	      0.26268077	      0.14782117	      0.13418565	      0.26368684	      0.14253843	      0.13837316	      0.14903681	      0.06738511	      0.08775948	      0.06454289	      0.10904959	      0.14824390	      0.14321059	      0.13791521	      0.10673013	      0.10021702	      0.11485446	      0.08811997	      0.10232021	      0.14531960	      0.14595326	      0.09511218	      0.09468731	      0.07984655	      0.07911969
      0.98000000	      0.02635391	      0.04512358	      0.07990304	      0.05063989	      0.05458371	      0.06297412	      0.04748847	      0.05941689	      0.06810019	      0.07260957	      0.10398791	      0.08153332	      0.08916133	      0.10686472	      0.08600421	      0.06355583	      0.07105362	      0.09457896	      0.08272990	      0.07610499	      0.10869137	      0.12420213	      0.09031081	      0.09545142	      0.24131504	      0.12601321	      0.11001579	      0.23421078	      0.16972131	      0.16607698	      0.20536229	      0.05847269	      0.07616186	      0.07501095	      0.09804407	      0.13518826	      0.12997631	      0.10622093	      0.08583941	      0.07903798	      0.09399959	      0.06390569	      0.08009335	      0.02635605	      0.04512487	      0.07989869	      0.05064240	      0.05458674	      0.06297673	      0.04751048	      0.05943256	      0.06810588	      0.07262884	      0.10397693	      0.08154388	      0.08916898	      0.10687073	      0.08599812	      0.06353908	      0.07105740	      0.09458212	      0.08273812	      0.07610247	      0.10870777	      0.12423749	      0.09030113	      0.09544165	      0.24129006	      0.12602657	      0.11001377	      0.23426667	      0.16969256	      0.16610853	      0.20534568	      0.05846877	      0.07614992	      0.07502771	      0.09802957	      0.13519063	      0.12997685	      0.10624331	      0.08584355	      0.07904006	      0.09400320	      0.06390694	      0.08009637	      0.13329214	      0.13329256	      0.07662515	      0.07662489	      0.06427747	      0.06427704
      0.99000000	      0.01602532	      0.02444859	      0.04351071	      0.02631398	      0.02822831	      0.03287999	      0.02440165	      0.03168998	      0.04641934	      0.02955251	      0.04870063	      0.05571990	      0.06572550	      0.08573350	      0.06599142	      0.05065280	      0.03110068	      0.05691618	      0.04555382	      0.04399167	      0.07908603	      0.11751196	      0.03590125	      0.03993601	      0.17699403	      0.07775596	      0.06205932	      0.18082676	      0.20062735	      0.19470838	      0.26461020	      0.03131376	      0.04348497	      0.08739816	      0.06927204	      0.10127067	      0.09580978	      0.05186112	      0.04513281	      0.04043092	      0.05282440	      0.02933802	      0.03963481	      0.01602483	      0.02444716	      0.04350458	      0.02631283	      0.02822699	      0.03287819	      0.02440014	      0.03168778	      0.04640777	      0.02955296	      0.04870936	      0.05572778	      0.06574491	      0.08573664	      0.06598275	      0.05063016	      0.03110075	      0.05690014	      0.04555405	      0.04398423	      0.07909743	      0.11736388	      0.03590664	      0.03994419	      0.17705384	      0.07780676	      0.06206376	      0.18072615	      0.20060812	      0.19473621	      0.26467219	      0.03131469	      0.04348671	      0.08739696	      0.06927160	      0.10127063	      0.09580984	      0.05186131	      0.04513269	      0.04043078	      0.05282441	      0.02933803	      0.03963480	      0.08210457	      0.08210455	      0.04182883	      0.04182884	      0.03357539	      0.03357540
      1.00000000	      0.02599949	      0.04791042	      0.08802574	      0.04696942	      0.05202904	      0.06288179	      0.04419136	      0.05545179	      0.08020969	      0.04827016	      0.08740737	      0.06982597	      0.08779734	      0.11250042	      0.09442271	      0.07865915	      0.06161450	      0.08903135	      0.07443539	      0.08499348	      0.13558526	      0.15226694	      0.05883084	      0.06550347	      0.23687078	      0.12302282	      0.10869329	      0.26663147	      0.24372631	      0.24133130	      0.33621466	      0.04794186	      0.06859371	      0.09577372	      0.09384690	      0.13780514	      0.13024379	      0.08791032	      0.08633971	      0.08456385	      0.08871950	      0.05712273	      0.07127379	      0.02605116	      0.04804059	      0.08756804	      0.04719584	      0.05229332	      0.06315579	      0.04426978	      0.05547521	      0.07847916	      0.05159812	      0.09032181	      0.06900568	      0.08601345	      0.11217990	      0.09269831	      0.07701328	      0.06073732	      0.08874422	      0.07451477	      0.08446999	      0.13215092	      0.14969934	      0.05980234	      0.06641083	      0.24017167	      0.12492889	      0.10872875	      0.25992282	      0.24777303	      0.24195270	      0.34006531	      0.04887998	      0.06931957	      0.09497296	      0.09355883	      0.13806345	      0.13000538	      0.08829776	      0.08659906	      0.08446813	      0.08876905	      0.05712432	      0.07135313	      0.12652985	      0.12653121	      0.07005079	      0.07005015	      0.05515574	      0.05515474
      1.01000000	      0.01307762	      0.01849628	      0.02838291	      0.01811359	      0.01921813	      0.02172239	      0.01536624	      0.02043290	      0.03862609	      0.01523898	      0.02534098	      0.04281733	      0.05752445	      0.08871267	      0.05936943	      0.05744509	      0.01878044	      0.03417722	      0.02753933	      0.03133852	      0.07806611	      0.14344463	      0.01849117	      0.01969550	      0.14651780	      0.05062683	      0.03620297	      0.19528433	      0.28631428	      0.27866479	      0.38670307	      0.01869137	      0.02608103	      0.10706795	      0.05736294	      0.09846733	      0.08206392	      0.02768414	      0.02624942	      0.02455703	      0.03046089	      0.01767454	      0.02211079	      0.01306164	      0.01823998	      0.02703954	      0.01831333	      0.01935424	      0.02197131	      0.01563881	      0.02094768	      0.03678254	      0.01534672	      0.02550860	      0.04247690	      0.05783150	      0.08772384	      0.05698803	      0.06303841	      0.01854763	      0.03359307	      0.02837857	      0.02770086	      0.08203003	      0.14358628	      0.01878683	      0.01940817	      0.14615776	      0.05035039	      0.03697376	      0.19667449	      0.28578621	      0.27743933	      0.38669475	      0.01895380	      0.02588548	      0.10720234	      0.05749677	      0.09806197	      0.08244777	      0.02818745	      0.02670491	      0.02470429	      0.03028876	      0.01766575	      0.02202002	      0.03199124	      0.01026242	      0.02272627	      0.03186212	      0.01143291	      0.02565466
      1.02000000	      0.01172730	      0.01517437	      0.02805235	      0.01449435	      0.01534117	      0.01788710	      0.01240208	      0.01473522	      0.03159027	      0.01201211	      0.01545883	      0.05034565	      0.07517871	      0.09287161	      0.07821811	      0.08360985	      0.01350855	      0.03501631	      0.01953384	      0.03424549	      0.10216885	      0.15676929	      0.01290052	      0.01300203	      0.13491459	      0.04927825	      0.03596073	      0.24091970	      0.31379145	      0.30753619	      0.42109605	      0.01416595	      0.01979253	      0.12628024	      0.06496183	      0.10119084	      0.08928016	      0.01731759	      0.02149408	      0.01944673	      0.02646282	      0.01266199	      0.01606780	      0.01172731	      0.01517433	      0.02805725	      0.01449424	      0.01534104	      0.01788687	      0.01240239	      0.01473575	      0.03159114	      0.01201210	      0.01545854	      0.05032540	      0.07526663	      0.09287774	      0.07817369	      0.08360773	      0.01350831	      0.03501085	      0.01953390	      0.03425281	      0.10219299	      0.15672585	      0.01289998	      0.01300146	      0.13491842	      0.04928641	      0.03596303	      0.24091716	      0.31378467	      0.30754605	      0.42109773	      0.01416599	      0.01979259	      0.12628016	      0.06496184	      0.10119099	      0.08927995	      0.01731758	      0.02149410	      0.01944672	      0.02646283	      0.01266198	      0.01606779	      0.02648497	      0.02645370	      0.03436902	      0.03438079	      0.03992486	      0.03994345
      1.03000000	      0.01017288	      0.01056615	      0.01395635	      0.01044995	      0.01055389	      0.01091062	      0.01022491	      0.01047346	      0.01598880	      0.01018086	      0.01052952	      0.05378684	      0.08638652	      0.10060270	      0.08068214	      0.08764823	      0.01033381	      0.02187821	      0.01113354	      0.02069156	      0.10989071	      0.17425995	      0.01026282	      0.01027197	      0.14053887	      0.03983900	      0.02098904	      0.27464617	      0.32104324	      0.31573360	      0.43066308	      0.01054313	      0.01147454	      0.14238248	      0.06173137	      0.10632853	      0.09112722	      0.01054165	      0.01170510	      0.01142967	      0.01233755	      0.01021831	      0.01055989	      0.01017301	      0.01056680	      0.01399114	      0.01045027	      0.01055430	      0.01091156	      0.01022502	      0.01047374	      0.01601396	      0.01018084	      0.01052922	      0.05388574	      0.08696302	      0.10078120	      0.07971820	      0.08840892	      0.01033384	      0.02196863	      0.01113353	      0.02097675	      0.11061829	      0.17405047	      0.01026263	      0.01027175	      0.14059236	      0.03937835	      0.02108280	      0.27503940	      0.32058513	      0.31535935	      0.43079233	      0.01054303	      0.01147414	      0.14238033	      0.06173372	      0.10628630	      0.09117932	      0.01054152	      0.01170509	      0.01143002	      0.01233820	      0.01021831	      0.01055988	      0.01173607	      0.01173445	      0.03187356	      0.03187407	      0.05948792	      0.05948883
      1.04000000	      0.01403071	      0.02257554	      0.05068319	      0.01995524	      0.02243822	      0.02966291	      0.01462275	      0.01953264	      0.03689664	      0.01486888	      0.02689527	      0.08461665	      0.10766442	      0.11781317	      0.09580837	      0.08739904	      0.01899686	      0.06175296	      0.03382845	      0.05483956	      0.12807526	      0.17358682	      0.01797459	      0.01846610	      0.18002365	      0.08282065	      0.06389216	      0.37443161	      0.29715168	      0.29589939	      0.38946640	      0.02641974	      0.04035692	      0.14037499	      0.09657906	      0.12911668	      0.11053907	      0.02533390	      0.03808596	      0.03441267	      0.04412465	      0.01607967	      0.02380363	      0.01307564	      0.02382763	      0.05199295	      0.02086783	      0.02377340	      0.03144268	      0.01538438	      0.02065155	      0.03850049	      0.01471749	      0.02476674	      0.08474395	      0.10674118	      0.11443744	      0.09315307	      0.09296496	      0.01979477	      0.06132029	      0.03362142	      0.05750401	      0.13062095	      0.16783620	      0.01682982	      0.01660699	      0.18113912	      0.08124344	      0.06355177	      0.35932901	      0.29810333	      0.29947365	      0.39462152	      0.02640701	      0.04066277	      0.14059148	      0.09744605	      0.12894142	      0.11081600	      0.02502508	      0.03830206	      0.03469778	      0.04400312	      0.01609740	      0.02353114	      0.04290936	      0.04212625	      0.06786954	      0.06697189	      0.08475249	      0.08599099
      1.05000000	      0.02513154	      0.05518791	      0.12135378	      0.04409721	      0.05317897	      0.07398442	      0.03178254	      0.04950294	      0.08281347	      0.03852805	      0.09913660	      0.10089971	      0.13397615	      0.15667879	      0.13222374	      0.11281205	      0.05187434	      0.12129318	      0.08637463	      0.11466675	      0.18554608	      0.20829033	      0.05271162	      0.05964008	      0.27769512	      0.15775563	      0.14074374	      0.48519092	      0.27592361	      0.27820289	      0.35065599	      0.08098962	      0.10087199	      0.16726827	      0.14566494	      0.19496415	      0.17655372	      0.07608034	      0.09955555	      0.09533012	      0.10425069	      0.03545420	      0.06261857	      0.02509796	      0.05509060	      0.12135941	      0.04401996	      0.05308866	      0.07390427	      0.03177681	      0.04948355	      0.08278624	      0.03852208	      0.09920947	      0.10086932	      0.13395611	      0.15667596	      0.13220238	      0.11274882	      0.05180369	      0.12130268	      0.08637039	      0.11464039	      0.18558697	      0.20907144	      0.05268164	      0.05962498	      0.27663624	      0.15788274	      0.14077108	      0.48538119	      0.27590984	      0.27818095	      0.35031483	      0.08097801	      0.10086467	      0.16727685	      0.14566819	      0.19496320	      0.17655335	      0.07607532	      0.09955375	      0.09532800	      0.10424935	      0.03545396	      0.06261818	      0.10954440	      0.10954451	      0.11947680	      0.11947677	      0.12205847	      0.12205842
      1.06000000	      0.01378041	      0.02249067	      0.05470694	      0.01902382	      0.02225713	      0.03119716	      0.01481877	      0.01949414	      0.02741315	      0.01770643	      0.05410428	      0.09401891	      0.09507440	      0.10109138	      0.07087303	      0.04937511	      0.02286553	      0.07349554	      0.04012640	      0.04831815	      0.09637348	      0.12838345	      0.03340760	      0.04196691	      0.22934300	      0.11029932	      0.07990729	      0.40783349	      0.16906121	      0.17030814	      0.21827390	      0.04640032	      0.05478662	      0.11292510	      0.09906109	      0.13394743	      0.11471375	      0.02920554	      0.04124759	      0.03773873	      0.04488482	      0.01594943	      0.02485374	      0.01378035	      0.02249064	      0.05471128	      0.01902366	      0.02225701	      0.03119708	      0.01481883	      0.01949428	      0.02741463	      0.01770659	      0.05410413	      0.09395603	      0.09527630	      0.10117591	      0.07086417	      0.04937442	      0.02286624	      0.07348328	      0.04012676	      0.04832007	      0.09647853	      0.12815558	      0.03340451	      0.04195978	      0.22935174	      0.11028264	      0.07992106	      0.40785069	      0.16903164	      0.17028512	      0.21825991	      0.04637024	      0.05477442	      0.11293584	      0.09907462	      0.13408443	      0.11449255	      0.02919191	      0.04124051	      0.03773502	      0.04488520	      0.01594012	      0.02485361	      0.04070614	      0.04070615	      0.08845559	      0.08845559	      0.12870064	      0.12870064
      1.07000000	      0.01066270	      0.01234798	      0.03005345	      0.01156715	      0.01225359	      0.01460137	      0.01093140	      0.01189828	      0.01342728	      0.01217440	      0.05965171	      0.07721962	      0.06269795	      0.06936896	      0.03399498	      0.01803768	      0.01275695	      0.05093140	      0.02146253	      0.02083740	      0.05971370	      0.08468225	      0.03576891	      0.07758171	      0.23083083	      0.10231244	      0.06311477	      0.32446334	      0.08744442	      0.08778986	      0.11578007	      0.03040833	      0.03328053	      0.07076231	      0.07071390	      0.10232547	      0.08459937	      0.01353034	      0.01832196	      0.01684927	      0.01940332	      0.01103434	      0.01295385	      0.01066274	      0.01234801	      0.03005396	      0.01156723	      0.01225362	      0.01460108	      0.01093075	      0.01189702	      0.01342469	      0.01217084	      0.05970370	      0.07745664	      0.06286346	      0.06953796	      0.03401076	      0.01804268	      0.01275625	      0.05097298	      0.02145814	      0.02083796	      0.05986115	      0.08550687	      0.03567219	      0.07716965	      0.22952030	      0.10322732	      0.06321608	      0.32550954	      0.08731656	      0.08714855	      0.11396070	      0.02997020	      0.03298847	      0.07180528	      0.07044439	      0.10242129	      0.08451226	      0.01352493	      0.01823987	      0.01677573	      0.01944404	      0.01103704	      0.01296429	      0.01667837	      0.01667838	      0.07996022	      0.07996022	      0.13536813	      0.13536813
      1.08000000	      0.01006059	      0.01022787	      0.02586720	      0.01013856	      0.01020803	      0.01047478	      0.01010218	      0.01021394	      0.01042486	      0.01044383	      0.08178162	      0.05127414	      0.03734532	      0.04994700	      0.01384911	      0.01064987	      0.01027207	      0.03744432	      0.01424270	      0.01152100	      0.04992957	      0.06161134	      0.05907641	      0.11223608	      0.22553055	      0.10107647	      0.06445607	      0.20435586	      0.02975902	      0.02954961	      0.03821527	      0.02605519	      0.01848029	      0.03115399	      0.04798610	      0.07665139	      0.06079126	      0.01101690	      0.01086619	      0.01065644	      0.01113799	      0.01010381	      0.01030210	      0.01006057	      0.01022780	      0.02587717	      0.01013851	      0.01020796	      0.01047468	      0.01010237	      0.01021434	      0.01042652	      0.01044722	      0.08177458	      0.05127820	      0.03734083	      0.04994401	      0.01384213	      0.01064932	      0.01027200	      0.03744346	      0.01427844	      0.01152088	      0.04992780	      0.06160775	      0.05907066	      0.11223195	      0.22552118	      0.10107226	      0.06445340	      0.20438144	      0.02974127	      0.02953033	      0.03825100	      0.02589537	      0.01891374	      0.03438279	      0.04638464	      0.07649669	      0.06096585	      0.01165262	      0.01089092	      0.01068371	      0.01109993	      0.01010205	      0.01029584	      0.01058758	      0.01058758	      0.07818190	      0.07818188	      0.13360965	      0.13360963
      1.09000000	      0.01029016	      0.01115063	      0.04484580	      0.01063940	      0.01099335	      0.01240516	      0.01063858	      0.01134817	      0.01333406	      0.05262339	      0.09318782	      0.02599948	      0.02141931	      0.03449662	      0.01631409	      0.01226749	      0.01141030	      0.03051668	      0.03026698	      0.01691680	      0.04567243	      0.04189765	      0.07896705	      0.12556582	      0.18365918	      0.08847040	      0.06538016	      0.09667789	      0.01557715	      0.01560128	      0.01501956	      0.02690814	      0.02184340	      0.01954094	      0.02312439	      0.04046684	      0.04778853	      0.02094024	      0.01580473	      0.01529633	      0.01661614	      0.01058396	      0.01153680	      0.01029016	      0.01115062	      0.04484474	      0.01063939	      0.01099334	      0.01240514	      0.01063866	      0.01134834	      0.01333494	      0.05261973	      0.09318387	      0.02599925	      0.02141885	      0.03449721	      0.01631389	      0.01226743	      0.01141028	      0.03051710	      0.03026946	      0.01691681	      0.04567187	      0.04189825	      0.07896681	      0.12556429	      0.18365824	      0.08846954	      0.06537891	      0.09668580	      0.01557592	      0.01560005	      0.01501821	      0.02693623	      0.02184552	      0.01954537	      0.02311158	      0.04630364	      0.04066089	      0.02084499	      0.01580401	      0.01528721	      0.01661269	      0.01061141	      0.01160781	      0.01214187	      0.01214187	      0.07564685	      0.07564686	      0.12126677	      0.12126677
      1.10000000	      0.01749124	      0.03910297	      0.09034525	      0.02464723	      0.03225290	      0.04774568	      0.02150419	      0.02827608	      0.03461220	      0.12087343	      0.11279742	      0.02236549	      0.02808034	      0.04045494	      0.03700890	      0.03135319	      0.05047276	      0.04350210	      0.04564270	      0.05945294	      0.06939242	      0.04807672	      0.09218112	      0.12425551	      0.13444640	      0.08834172	      0.08620687	      0.07609434	      0.04091793	      0.04101128	      0.03881399	      0.05839544	      0.05374050	      0.04896530	      0.04604763	      0.06641992	      0.06242334	      0.04716278	      0.05432321	      0.05648869	      0.05301660	      0.01975805	      0.02945704	      0.01749085	      0.03909906	      0.09035420	      0.02464653	      0.03225145	      0.04774313	      0.02150547	      0.02827820	      0.03461730	      0.12083254	      0.11291173	      0.02236751	      0.02808282	      0.04045907	      0.03701106	      0.03135408	      0.05046288	      0.04350696	      0.04564828	      0.05945087	      0.06937239	      0.04808124	      0.09216736	      0.12426344	      0.13441287	      0.08834615	      0.08620566	      0.07606321	      0.04091720	      0.04101028	      0.03881334	      0.05839819	      0.05374093	      0.04896578	      0.04604903	      0.06642035	      0.06242221	      0.04716412	      0.05432355	      0.05649121	      0.05301685	      0.01975800	      0.02945698	      0.03611582	      0.03610999	      0.07941467	      0.07941571	      0.10199039	      0.10199288
      1.11000000	      0.01330598	      0.03260946	      0.07119262	      0.01618830	      0.02131655	      0.03148686	      0.02586610	      0.02018020	      0.02849102	      0.17812876	      0.08548155	      0.01160670	      0.01251719	      0.01502779	      0.01528050	      0.01459576	      0.04833022	      0.01674131	      0.02001844	      0.03671005	      0.03700427	      0.01772419	      0.06435088	      0.08868295	      0.06379809	      0.04707570	      0.05541160	      0.01762022	      0.01591067	      0.01593717	      0.01503447	      0.02753781	      0.02456448	      0.01939641	      0.01635427	      0.02529234	      0.02476838	      0.03785569	      0.03774309	      0.04605222	      0.03928713	      0.02182527	      0.01878409	      0.01330616	      0.03260978	      0.07119955	      0.01618892	      0.02131849	      0.03144323	      0.02586578	      0.02017910	      0.02849217	      0.17812939	      0.08548771	      0.01160667	      0.01251714	      0.01502756	      0.01528033	      0.01459571	      0.04833340	      0.01674072	      0.02001704	      0.03670981	      0.03700429	      0.01772348	      0.06435028	      0.08868104	      0.06379108	      0.04707612	      0.05541329	      0.01762020	      0.01591062	      0.01593712	      0.01503445	      0.02753689	      0.02456405	      0.01939636	      0.01635421	      0.02529231	      0.02476837	      0.03785530	      0.03774284	      0.04605183	      0.03928683	      0.02182528	      0.01878405	      0.01646909	      0.01646909	      0.05002480	      0.05002480	      0.06887550	      0.06887550
      1.12000000	      0.03466933	      0.06789369	      0.09075328	      0.03423881	      0.04353313	      0.04941047	      0.04540013	      0.02873761	      0.03554060	      0.22029314	      0.08593153	      0.01245920	      0.01391833	      0.01733277	      0.01875916	      0.01894081	      0.08386699	      0.02002666	      0.02290406	      0.05035359	      0.04532057	      0.02164206	      0.04924719	      0.06462762	      0.04071195	      0.04464312	      0.06032729	      0.02162623	      0.02130836	      0.02128927	      0.01988269	      0.03258077	      0.03100307	      0.02483643	      0.02010420	      0.03326340	      0.03269587	      0.04822231	      0.05195972	      0.06717499	      0.05689538	      0.03057966	      0.02416144	      0.03464464	      0.06792236	      0.09078532	      0.03424542	      0.04352701	      0.04940583	      0.04540300	      0.02875635	      0.03558284	      0.22024136	      0.08596330	      0.01245897	      0.01391802	      0.01733256	      0.01875935	      0.01894025	      0.08392668	      0.02002651	      0.02290272	      0.05034398	      0.04528179	      0.02164245	      0.04920723	      0.06468962	      0.04070505	      0.04463779	      0.06028764	      0.02163716	      0.02130803	      0.02129129	      0.01988346	      0.03259793	      0.03099053	      0.02483289	      0.02010232	      0.03324510	      0.03268503	      0.04823282	      0.05193199	      0.06721533	      0.05686990	      0.03057605	      0.02416039	      0.02997188	      0.02994393	      0.03451495	      0.03451937	      0.03614804	      0.03616088
      1.13000000	      0.05434205	      0.08162678	      0.09969250	      0.04200775	      0.05255643	      0.05685532	      0.09852383	      0.02842076	      0.04566042	      0.21775129	      0.08494315	      0.01132239	      0.01213139	      0.01392903	      0.01509396	      0.01563948	      0.08580396	      0.01591320	      0.01785394	      0.05654638	      0.04826042	      0.01714100	      0.04111359	      0.05938749	      0.02973613	      0.04240747	      0.06677728	      0.01632187	      0.01717573	      0.01710483	      0.01608077	      0.03299017	      0.02844239	      0.01936958	      0.01603628	      0.02935338	      0.02880130	      0.04075795	      0.04814609	      0.05675001	      0.05117086	      0.02666082	      0.02101833	      0.05433937	      0.08162585	      0.09967694	      0.04200967	      0.05256654	      0.05685525	      0.09854873	      0.02837057	      0.04567028	      0.21773875	      0.08496288	      0.01132219	      0.01213118	      0.01392825	      0.01509438	      0.01563864	      0.08579790	      0.01591315	      0.01785332	      0.05654018	      0.04826047	      0.01714114	      0.04108183	      0.05942581	      0.02973238	      0.04241152	      0.06678341	      0.01632424	      0.01717617	      0.01710506	      0.01608180	      0.03298553	      0.02844091	      0.01936975	      0.01603709	      0.02935604	      0.02880163	      0.04075467	      0.04815121	      0.05674111	      0.05117422	      0.02666112	      0.02101872	      0.07320290	      0.07320813	      0.01645344	      0.01645265	      0.01502360	      0.01502104
      1.14000000	      0.07771367	      0.09662200	      0.11060872	      0.04740705	      0.05599818	      0.05799716	      0.13491680	      0.01832648	      0.06922832	      0.21562194	      0.07433048	      0.01017834	      0.01028733	      0.01050755	      0.01069553	      0.01080965	      0.08778273	      0.01086022	      0.01120523	      0.05721342	      0.04874716	      0.01102174	      0.04998942	      0.03815256	      0.01356436	      0.04529399	      0.06503772	      0.01081811	      0.01100973	      0.01098807	      0.01081181	      0.05834135	      0.01754393	      0.01126268	      0.01083047	      0.01614112	      0.01584291	      0.04562243	      0.04487924	      0.05760145	      0.05186843	      0.02340618	      0.01272412	      0.07780560	      0.09657329	      0.11073767	      0.04745985	      0.05601603	      0.05792864	      0.13472241	      0.01819013	      0.06957005	      0.21560690	      0.07438278	      0.01017812	      0.01028719	      0.01050850	      0.01069527	      0.01080801	      0.08771058	      0.01085902	      0.01120214	      0.05713646	      0.04850247	      0.01101850	      0.04996764	      0.03812784	      0.01354463	      0.04530546	      0.06496053	      0.01081847	      0.01101165	      0.01098883	      0.01081225	      0.05854589	      0.01756244	      0.01126382	      0.01083000	      0.01617608	      0.01584195	      0.04573892	      0.04500730	      0.05771390	      0.05183531	      0.02341468	      0.01271091	      0.13648599	      0.13648070	      0.01058928	      0.01058869	      0.01044815	      0.01045156
      1.15000000	      0.15776199	      0.15000678	      0.15199484	      0.09158907	      0.09846817	      0.09532030	      0.14116072	      0.05484769	      0.06581828	      0.22325983	      0.09751805	      0.01481817	      0.01765490	      0.02200505	      0.02605359	      0.02905689	      0.12800245	      0.02925282	      0.03309586	      0.09009161	      0.07553068	      0.03030388	      0.05011927	      0.05803648	      0.03465067	      0.05755565	      0.09417456	      0.02816269	      0.03131074	      0.03090248	      0.02793182	      0.04904288	      0.04776435	      0.03071041	      0.02604903	      0.05610879	      0.05463322	      0.07733972	      0.08418684	      0.10808527	      0.09569594	      0.04390346	      0.03653651	      0.15776403	      0.15000471	      0.15199789	      0.09159155	      0.09846951	      0.09532009	      0.14115210	      0.05485419	      0.06582436	      0.22326302	      0.09751973	      0.01481831	      0.01765501	      0.02200513	      0.02605351	      0.02905691	      0.12800091	      0.02925306	      0.03309549	      0.09008571	      0.07552954	      0.03030374	      0.05011321	      0.05804000	      0.03465030	      0.05755502	      0.09417185	      0.02816292	      0.03131041	      0.03090252	      0.02793180	      0.04904421	      0.04776525	      0.03071003	      0.02604962	      0.05611240	      0.05463575	      0.07734052	      0.08418731	      0.10808770	      0.09569655	      0.04390339	      0.03653935	      0.18257573	      0.18257681	      0.02165688	      0.02165672	      0.01941409	      0.01941347
      1.16000000	      0.18851723	      0.16520362	      0.15938992	      0.09710920	      0.11178273	      0.10061513	      0.20022047	      0.06808829	      0.08037802	      0.25068353	      0.09119825	      0.01679506	      0.02078600	      0.02580574	      0.03069924	      0.03375489	      0.11678164	      0.03597380	      0.03983648	      0.09284953	      0.07342198	      0.03305470	      0.06237284	      0.08456085	      0.03474367	      0.05761299	      0.09635161	      0.02785849	      0.03247473	      0.03192224	      0.02835897	      0.05247748	      0.04996097	      0.03328957	      0.02993030	      0.05633626	      0.05247836	      0.07662118	      0.08121679	      0.10382206	      0.09100244	      0.03619029	      0.03807673	      0.18475017	      0.16181391	      0.15549039	      0.09798712	      0.10498642	      0.09987372	      0.19670679	      0.06731938	      0.07527598	      0.26203578	      0.09502937	      0.01674269	      0.02074707	      0.02582895	      0.03081127	      0.03408419	      0.12129958	      0.03591589	      0.03958840	      0.08919458	      0.07077447	      0.03333875	      0.06241712	      0.07157112	      0.03433112	      0.05513550	      0.09641744	      0.02793256	      0.03275974	      0.03218528	      0.02854201	      0.05667879	      0.05082321	      0.03381157	      0.03021380	      0.04837480	      0.05970511	      0.07988102	      0.08353994	      0.10614948	      0.09324053	      0.03577640	      0.03815779	      0.21968909	      0.21968947	      0.02440960	      0.02440954	      0.02194691	      0.02194666
      1.17000000	      0.19331711	      0.15209069	      0.14308187	      0.10337573	      0.10630191	      0.10185095	      0.26860258	      0.10490630	      0.11071003	      0.27414959	      0.09308320	      0.01710463	      0.02022191	      0.02394612	      0.02804956	      0.02987178	      0.10823597	      0.03579629	      0.04306144	      0.08513490	      0.06400071	      0.02785647	      0.09150457	      0.09952681	      0.03130826	      0.05621141	      0.09184784	      0.01998111	      0.02391555	      0.02340921	      0.02085955	      0.09082394	      0.06715213	      0.02994626	      0.02769891	      0.07309687	      0.06889419	      0.08957119	      0.08234094	      0.09986162	      0.09119664	      0.03074191	      0.03600219	      0.19262121	      0.15133160	      0.14165791	      0.10276633	      0.10725757	      0.10219186	      0.26625128	      0.10443888	      0.11121388	      0.27942225	      0.09372829	      0.01710877	      0.02023529	      0.02401562	      0.02804392	      0.02973633	      0.10800160	      0.03570521	      0.04285612	      0.08558108	      0.06431848	      0.02800661	      0.09003645	      0.09824203	      0.03099369	      0.05605721	      0.08988283	      0.01996590	      0.02384437	      0.02343845	      0.02088875	      0.08963919	      0.06669834	      0.02976112	      0.02774648	      0.07280774	      0.06867734	      0.08866191	      0.08113492	      0.09973361	      0.09032044	      0.03058721	      0.03613449	      0.23960922	      0.23962595	      0.02281061	      0.02280815	      0.02072505	      0.02071316
      1.18000000	      0.14372021	      0.12882660	      0.13528214	      0.06124225	      0.06960860	      0.07083669	      0.36740960	      0.13339868	      0.15264743	      0.32700016	      0.06078038	      0.01002153	      0.01002952	      0.01003867	      0.01004913	      0.01004778	      0.05566443	      0.01010450	      0.01029667	      0.04182163	      0.01057101	      0.01004307	      0.10876233	      0.12166804	      0.01009185	      0.01126244	      0.07013263	      0.01001472	      0.01002110	      0.01001983	      0.01001582	      0.12892194	      0.05390602	      0.01004887	      0.01004857	      0.05919469	      0.04708978	      0.06911440	      0.03476759	      0.05676587	      0.04760220	      0.01003189	      0.01006138	      0.14374224	      0.12898168	      0.13520911	      0.06110399	      0.06959377	      0.07081299	      0.36715624	      0.13332027	      0.15292489	      0.32722915	      0.06084495	      0.01002153	      0.01002952	      0.01003867	      0.01004913	      0.01004778	      0.05565677	      0.01010450	      0.01029680	      0.04179488	      0.01057167	      0.01004307	      0.10867250	      0.12166753	      0.01009188	      0.01125794	      0.06991009	      0.01001472	      0.01002110	      0.01001983	      0.01001582	      0.12901509	      0.05376875	      0.01004886	      0.01004857	      0.05920435	      0.04707829	      0.06911089	      0.03490386	      0.05664981	      0.04769757	      0.01003189	      0.01006138	      0.23863509	      0.23863512	      0.01003398	      0.01003398	      0.01002890	      0.01002888
      1.19000000	      0.17029870	      0.12988850	      0.11077493	      0.12838246	      0.11229296	      0.10189136	      0.52211198	      0.14059784	      0.18940464	      0.27741004	      0.10676105	      0.02805432	      0.01831527	      0.02379442	      0.03905631	      0.03393566	      0.08889744	      0.07007398	      0.05837067	      0.04435821	      0.03987454	      0.02067434	      0.27518380	      0.10962414	      0.02259922	      0.07633695	      0.10137070	      0.01589911	      0.01767780	      0.01770566	      0.01669516	      0.18002413	      0.13369922	      0.02943532	      0.03286160	      0.13145134	      0.11362152	      0.13865611	      0.09609339	      0.09934729	      0.11834891	      0.02530852	      0.03873631	      0.17715260	      0.14325181	      0.11962434	      0.12516179	      0.11677171	      0.11856592	      0.50361995	      0.37756347	      0.09441255	      0.20072978	      0.11378408	      0.04331143	      0.02919306	      0.02010098	      0.02908817	      0.02593925	      0.09128672	      0.05523293	      0.04640703	      0.08844653	      0.04945745	      0.02638482	      0.15745415	      0.24387541	      0.02467595	      0.07963965	      0.08336714	      0.01628627	      0.01774575	      0.01837676	      0.01687232	      0.20189581	      0.14226396	      0.02525433	      0.04263022	      0.13069722	      0.11248581	      0.16381379	      0.10038862	      0.13198983	      0.12147363	      0.02442800	      0.03964299	      0.25596141	      0.27268400	      0.04175559	      0.03910824	      0.02552950	      0.01042109
      1.20000000	      0.14557658	      0.09499402	      0.08292515	      0.06639098	      0.06884213	      0.06650769	      0.53847884	      0.23614371	      0.27247889	      0.42172218	      0.06802970	      0.01207186	      0.01183414	      0.01194460	      0.01210206	      0.01146316	      0.03906859	      0.01798289	      0.04108701	      0.01845237	      0.01239793	      0.01103922	      0.21853724	      0.22734906	      0.01363879	      0.02185170	      0.05505224	      0.01027405	      0.01031909	      0.01028588	      0.01024127	      0.23901392	      0.10647451	      0.01109123	      0.01129515	      0.11579544	      0.09322069	      0.13111199	      0.04859771	      0.06829901	      0.06346546	      0.01115162	      0.01227383	      0.14612065	      0.09505465	      0.08334874	      0.06679817	      0.06923534	      0.06684586	      0.53818694	      0.23607389	      0.27240627	      0.42183763	      0.06807340	      0.01209570	      0.01184412	      0.01195409	      0.01211125	      0.01146573	      0.03852178	      0.01805357	      0.04514104	      0.01838684	      0.01239284	      0.01104085	      0.21823165	      0.22752919	      0.01367637	      0.02196906	      0.05486005	      0.01027404	      0.01031913	      0.01028592	      0.01024130	      0.23877197	      0.10641345	      0.01109174	      0.01129599	      0.11579818	      0.09321692	      0.13088007	      0.04811428	      0.06835923	      0.06337874	      0.01115140	      0.01227395	      0.23633547	      0.23633548	      0.01193701	      0.01193701	      0.01169328	      0.01169327
      1.21000000	      0.23643429	      0.10802350	      0.06514764	      0.14232552	      0.13223817	      0.11597468	      0.61575149	      0.29840539	      0.33180616	      0.55365939	      0.13443417	      0.09512923	      0.07012984	      0.06549939	      0.06422922	      0.04785776	      0.11444369	      0.10289245	      0.12456538	      0.06311430	      0.04052740	      0.03218441	      0.32311898	      0.34879243	      0.06142724	      0.08802256	      0.08171237	      0.01754924	      0.01750097	      0.01662095	      0.01570918	      0.29361850	      0.16055519	      0.03548236	      0.04243314	      0.19738166	      0.17269954	      0.21855869	      0.12065582	      0.12851983	      0.13187015	      0.04752686	      0.06578380	      0.23408016	      0.11092612	      0.06756310	      0.14093363	      0.13576631	      0.11715047	      0.63429067	      0.29391921	      0.32177412	      0.53494446	      0.13596161	      0.09573561	      0.07111022	      0.06525255	      0.06450293	      0.04775206	      0.11620443	      0.10325584	      0.12619750	      0.06281723	      0.04077518	      0.03236914	      0.33860150	      0.34296015	      0.06160481	      0.08785076	      0.08196274	      0.01753987	      0.01750828	      0.01662046	      0.01570647	      0.29351392	      0.15927151	      0.03576337	      0.04280380	      0.19750994	      0.17282779	      0.21867810	      0.11849998	      0.13008334	      0.13191711	      0.04767946	      0.06567015	      0.28924368	      0.28715188	      0.06305800	      0.06344553	      0.05811354	      0.06051329
      1.22000000	      0.21084360	      0.09861158	      0.06558376	      0.12479322	      0.11704554	      0.10010617	      0.46297995	      0.22169086	      0.19383562	      0.47500443	      0.12400166	      0.04564938	      0.09671751	      0.08922439	      0.09178932	      0.05950672	      0.16421231	      0.09819648	      0.08556988	      0.11011155	      0.07290318	      0.05036865	      0.35427630	      0.36448790	      0.05577851	      0.06772747	      0.06463576	      0.02108682	      0.02050545	      0.01932740	      0.01804549	      0.17801789	      0.08489283	      0.04245936	      0.04539977	      0.15523800	      0.12647934	      0.23574396	      0.13315046	      0.15556252	      0.13208163	      0.08757778	      0.08957807	      0.20994382	      0.10175620	      0.07141448	      0.12414160	      0.11697024	      0.10118743	      0.46361210	      0.22162138	      0.19711795	      0.47231891	      0.12327590	      0.04281818	      0.09595417	      0.09288750	      0.08821686	      0.06487546	      0.16377510	      0.09881997	      0.08502582	      0.08785754	      0.06962447	      0.04460162	      0.34908383	      0.35908262	      0.06064448	      0.06855297	      0.06762408	      0.02162424	      0.02051144	      0.01954208	      0.01795494	      0.17724676	      0.08454308	      0.04221603	      0.04533190	      0.15388980	      0.12567189	      0.23457948	      0.13265758	      0.15483147	      0.13147158	      0.08645938	      0.08951805	      0.26202211	      0.27310667	      0.09610817	      0.09385637	      0.13679119	      0.12261806
      1.23000000	      0.11474984	      0.03685191	      0.02418974	      0.08188959	      0.07529312	      0.05953677	      0.66045081	      0.32334603	      0.39004001	      0.56279211	      0.10907381	      0.07570195	      0.02988563	      0.02445160	      0.02161571	      0.01520561	      0.05856003	      0.05855248	      0.10080596	      0.01942197	      0.01439026	      0.01311650	      0.33823286	      0.34803840	      0.02884578	      0.04405282	      0.03856129	      0.01091382	      0.01085031	      0.01076591	      0.01063363	      0.36931124	      0.17679207	      0.01482564	      0.01840006	      0.17037640	      0.14005897	      0.16936829	      0.05494610	      0.05020237	      0.06873927	      0.02013677	      0.02855773	      0.11514601	      0.03678604	      0.02415308	      0.08195771	      0.07544930	      0.05980316	      0.65982242	      0.32316023	      0.38978908	      0.56351850	      0.10946467	      0.07563313	      0.02999552	      0.02451854	      0.02165244	      0.01520756	      0.05859604	      0.05849662	      0.10532149	      0.01938351	      0.01437760	      0.01311636	      0.33754555	      0.34740641	      0.02890997	      0.04410826	      0.03873569	      0.01091205	      0.01084886	      0.01076461	      0.01063255	      0.36956281	      0.17670786	      0.01481143	      0.01837071	      0.17037729	      0.14006505	      0.16952342	      0.05495899	      0.05023475	      0.06875290	      0.02014173	      0.02855527	      0.22410797	      0.22410797	      0.02693134	      0.02693134	      0.02538540	      0.02538540
      1.24000000	      0.08071756	      0.02188555	      0.01634728	      0.04397932	      0.03524028	      0.02675406	      0.61334402	      0.30231767	      0.36833713	      0.54236920	      0.05536809	      0.06212866	      0.02949793	      0.02494314	      0.02235904	      0.01531219	      0.03317963	      0.02341259	      0.03442762	      0.01675458	      0.01347057	      0.01284070	      0.33069861	      0.33820656	      0.02179977	      0.02606246	      0.02036341	      0.01082710	      0.01075741	      0.01069030	      0.01055222	      0.36790712	      0.13997577	      0.01450618	      0.01766280	      0.16840032	      0.11874998	      0.11807646	      0.03160204	      0.03043453	      0.03419437	      0.01810188	      0.02594859	      0.07959551	      0.02195360	      0.01641741	      0.04394915	      0.03616550	      0.02765182	      0.61087933	      0.29800500	      0.36727907	      0.55363134	      0.01089031	      0.05748249	      0.02957224	      0.02492178	      0.02232124	      0.01529299	      0.03299254	      0.02340415	      0.03550962	      0.01673576	      0.01345235	      0.01282550	      0.33132092	      0.34125090	      0.02184438	      0.02615076	      0.02061964	      0.01082587	      0.01075538	      0.01068844	      0.01055074	      0.36881763	      0.14100704	      0.01455740	      0.01775989	      0.16707204	      0.11939738	      0.11996671	      0.03204872	      0.03115711	      0.03459622	      0.01777121	      0.02529601	      0.19416853	      0.19416859	      0.02401644	      0.02401661	      0.02316240	      0.02316239
      1.25000000	      0.03579397	      0.01383086	      0.01199885	      0.04076507	      0.06356235	      0.08666569	      0.23199149	      0.10825262	      0.15060044	      0.26732221	      0.08111580	      0.02217454	      0.01265651	      0.01158925	      0.01119452	      0.01050090	      0.06421052	      0.02866452	      0.03526303	      0.01103827	      0.01046567	      0.01032366	      0.13941992	      0.14980675	      0.01309767	      0.02201278	      0.02005729	      0.01010637	      0.01008819	      0.01008108	      0.01006233	      0.16626323	      0.08406076	      0.01079273	      0.01157822	      0.02726146	      0.02098901	      0.11857619	      0.02307787	      0.01660152	      0.29332656	      0.01158327	      0.01340937	      0.03544394	      0.01380648	      0.01198537	      0.04060233	      0.06661543	      0.08905541	      0.23020426	      0.10609064	      0.15112378	      0.26828316	      0.08322627	      0.02807291	      0.01259249	      0.01157732	      0.01118861	      0.01049980	      0.06637209	      0.02624631	      0.03280655	      0.01104050	      0.01046641	      0.01032359	      0.13555626	      0.14667502	      0.01310627	      0.02205499	      0.01945286	      0.01010637	      0.01008816	      0.01008106	      0.01006231	      0.17060516	      0.08659551	      0.01079096	      0.01155785	      0.02721014	      0.02103337	      0.12178393	      0.02312798	      0.01662512	      0.30319437	      0.01158330	      0.01340766	      0.08663426	      0.08663431	      0.01296634	      0.01296650	      0.01263811	      0.01263817
      1.26000000	      0.10406967	      0.06621737	      0.04531855	      0.14286026	      0.12483232	      0.09842660	      0.42653705	      0.28116936	      0.25113495	      0.36456933	      0.01222963	      0.18969561	      0.12432499	      0.08815823	      0.07026231	      0.03540492	      0.12735294	      0.13710368	      0.11259822	      0.04611843	      0.02959502	      0.02636723	      0.35982711	      0.35169728	      0.07954798	      0.10146983	      0.06557481	      0.01637289	      0.01481552	      0.01444602	      0.01330135	      0.32014446	      0.12166059	      0.03625560	      0.05242726	      0.15592326	      0.14164670	      0.18786798	      0.11444030	      0.09084154	      0.12902473	      0.05275195	      0.09743001	      0.10407268	      0.06622452	      0.04531989	      0.14285735	      0.12482629	      0.09841954	      0.42652568	      0.28115607	      0.25117305	      0.36452658	      0.01220045	      0.18970959	      0.12431344	      0.08814633	      0.07025138	      0.03540044	      0.12734290	      0.13710762	      0.11261436	      0.04612283	      0.02959699	      0.02636678	      0.35984920	      0.35172319	      0.07954938	      0.10146705	      0.06556776	      0.01637290	      0.01481534	      0.01444586	      0.01330123	      0.32016342	      0.12162039	      0.03625710	      0.05242855	      0.15592728	      0.14164269	      0.18787340	      0.11444195	      0.09084446	      0.12902541	      0.05275245	      0.09742982	      0.17865245	      0.17865246	      0.09966999	      0.09966999	      0.09653280	      0.09653278
      1.27000000	      0.03253260	      0.01507749	      0.01336679	      0.04614733	      0.05762344	      0.02833116	      0.15556753	      0.07974970	      0.02524602	      0.14095298	      0.04499816	      0.06192381	      0.02736578	      0.01599076	      0.01422303	      0.01162481	      0.04637568	      0.03648539	      0.03864343	      0.01253306	      0.01127116	      0.01102055	      0.14516833	      0.12931895	      0.01873293	      0.03330101	      0.06515834	      0.01045964	      0.01031759	      0.01029349	      0.01021315	      0.04060929	      0.03734551	      0.01266593	      0.01654866	      0.03018255	      0.02755611	      0.07316918	      0.04048675	      0.03811627	      0.05767028	      0.03076748	      0.02464345	      0.03253409	      0.01507758	      0.01336686	      0.04614813	      0.05762321	      0.02833119	      0.15554950	      0.07973965	      0.02527080	      0.14095239	      0.04500062	      0.06192067	      0.02736607	      0.01599089	      0.01422313	      0.01162486	      0.04637879	      0.03648529	      0.03864197	      0.01253312	      0.01127119	      0.01102058	      0.14517494	      0.12932437	      0.01873297	      0.03330124	      0.06515427	      0.01045961	      0.01031758	      0.01029348	      0.01021315	      0.04060767	      0.03734506	      0.01266595	      0.01654891	      0.03018262	      0.02755620	      0.07316807	      0.04048699	      0.03811593	      0.05767046	      0.03076767	      0.02464324	      0.03415393	      0.03415418	      0.02517987	      0.02517981	      0.02435321	      0.02435285
      1.28000000	      0.05699409	      0.03901722	      0.03107318	      0.07154504	      0.06687338	      0.05752667	      0.05851332	      0.06330613	      0.04363062	      0.10874585	      0.09605721	      0.10067046	      0.06796478	      0.05227548	      0.04409623	      0.02596405	      0.08468189	      0.07549960	      0.07589389	      0.03031949	      0.02171530	      0.02048170	      0.17912691	      0.18253043	      0.05023956	      0.06248391	      0.04725969	      0.02130625	      0.01506213	      0.01468212	      0.01338542	      0.06614024	      0.06645888	      0.02180473	      0.02839089	      0.07224145	      0.06873515	      0.13502454	      0.07576780	      0.08031215	      0.08018752	      0.07055703	      0.06220708	      0.05697827	      0.03904142	      0.03108977	      0.07154643	      0.06686135	      0.05751736	      0.05904486	      0.06315112	      0.04376193	      0.10900192	      0.09579880	      0.10034623	      0.06798930	      0.05230910	      0.04415767	      0.02603518	      0.08484037	      0.07552878	      0.07562535	      0.03036128	      0.02175218	      0.02052660	      0.17974254	      0.18307515	      0.05024551	      0.06247742	      0.04725692	      0.02138552	      0.01509637	      0.01471367	      0.01340799	      0.06599993	      0.06624338	      0.02181125	      0.02839813	      0.07244857	      0.06857846	      0.13484327	      0.07573942	      0.08025006	      0.08016660	      0.07061999	      0.06218510	      0.05282820	      0.05282820	      0.07337730	      0.07337735	      0.07468178	      0.07468183
      1.29000000	      0.01719414	      0.01299644	      0.01160694	      0.02297146	      0.02067604	      0.01706635	      0.01258001	      0.01400883	      0.01163220	      0.03950707	      0.03340822	      0.04938596	      0.02396324	      0.01657699	      0.01436331	      0.01157320	      0.03129531	      0.02581234	      0.02223160	      0.01185712	      0.01101198	      0.01095500	      0.09207804	      0.09461189	      0.01452320	      0.01908231	      0.01360329	      0.06738642	      0.01101322	      0.01093673	      0.01068182	      0.01211635	      0.01393426	      0.01044114	      0.01061009	      0.02023487	      0.01797870	      0.08796139	      0.03843323	      0.04804313	      0.04094714	      0.03836238	      0.02018487	      0.01717329	      0.01299643	      0.01160475	      0.02293884	      0.02066200	      0.01706905	      0.01258036	      0.01400961	      0.01163317	      0.03863548	      0.03338491	      0.04915523	      0.02392179	      0.01657660	      0.01436505	      0.01157429	      0.03122794	      0.02580822	      0.02223105	      0.01185836	      0.01101288	      0.01095623	      0.09219384	      0.09510887	      0.01453016	      0.01910178	      0.01359757	      0.06723778	      0.01101442	      0.01093785	      0.01068265	      0.01211505	      0.01393285	      0.01044112	      0.01061002	      0.02023472	      0.01797867	      0.08795898	      0.03842677	      0.04804378	      0.04095313	      0.03836205	      0.02018548	      0.01095228	      0.01095228	      0.06680801	      0.06680801	      0.07384655	      0.07384655
      1.30000000	      0.08004163	      0.05139043	      0.03927931	      0.08091979	      0.07696782	      0.06835230	      0.03959055	      0.04908963	      0.03162987	      0.10141353	      0.09635250	      0.10482721	      0.07110546	      0.05500561	      0.04839791	      0.03020556	      0.09510677	      0.08055200	      0.07272833	      0.03782959	      0.02623405	      0.02370470	      0.17494790	      0.17574062	      0.05154330	      0.06821296	      0.05549540	      0.18894003	      0.02539544	      0.02427198	      0.02060109	      0.03607859	      0.04780482	      0.01680086	      0.02004709	      0.06802548	      0.06257837	      0.20612385	      0.10207040	      0.11989439	      0.11010140	      0.12222050	      0.07419736	      0.08004134	      0.05139118	      0.03927950	      0.08091958	      0.07696808	      0.06835194	      0.03959081	      0.04908975	      0.03162969	      0.10141416	      0.09635239	      0.10482831	      0.07110552	      0.05500610	      0.04839688	      0.03020579	      0.09510774	      0.08055177	      0.07272838	      0.03782944	      0.02623409	      0.02370468	      0.17493295	      0.17575664	      0.05154268	      0.06821261	      0.05549558	      0.18893950	      0.02539564	      0.02427220	      0.02060123	      0.03607844	      0.04780480	      0.01680085	      0.02004708	      0.06802595	      0.06257821	      0.20612275	      0.10207340	      0.11989198	      0.11010426	      0.12222064	      0.07419756	      0.03037440	      0.03037523	      0.12587363	      0.12587343	      0.13638856	      0.13638738
      1.31000000	      0.10863582	      0.08061534	      0.06311730	      0.11023613	      0.10816593	      0.10059332	      0.04437599	      0.06050072	      0.03480772	      0.11037371	      0.13719024	      0.12167246	      0.09059038	      0.07258500	      0.06617889	      0.04115126	      0.13708247	      0.10843115	      0.09412025	      0.05749749	      0.03720932	      0.03086962	      0.25651234	      0.24802023	      0.07214422	      0.09751295	      0.08685371	      0.22525457	      0.04584531	      0.04355840	      0.03594973	      0.03518938	      0.06074495	      0.01137848	      0.01356662	      0.08861392	      0.08089608	      0.22912280	      0.07530877	      0.15702775	      0.11217088	      0.15002787	      0.12002814	      0.10914209	      0.08083903	      0.06342718	      0.11030528	      0.10809048	      0.10145638	      0.04386065	      0.06042005	      0.03463358	      0.11020227	      0.13781513	      0.12266054	      0.09030638	      0.07323506	      0.06611156	      0.04108876	      0.13694339	      0.10840210	      0.09399519	      0.05759309	      0.03728904	      0.03102761	      0.25684622	      0.24927694	      0.07255996	      0.09777871	      0.08742311	      0.22376001	      0.04597649	      0.04366129	      0.03604103	      0.03500834	      0.06034376	      0.01144490	      0.01354346	      0.08856590	      0.08091315	      0.22846537	      0.07635825	      0.15587880	      0.11320892	      0.15005420	      0.11957336	      0.02535524	      0.02536930	      0.14734889	      0.14738373	      0.15282508	      0.15269988
      1.32000000	      0.06285489	      0.01397841	      0.01077483	      0.02463103	      0.02334667	      0.01805645	      0.01019031	      0.01030212	      0.01015150	      0.01162026	      0.02981775	      0.01269154	      0.01064619	      0.01041392	      0.01037786	      0.01020556	      0.04197177	      0.01267757	      0.01095430	      0.01050573	      0.01022316	      0.01013959	      0.08907689	      0.08983242	      0.01043585	      0.01152819	      0.01143136	      0.28614946	      0.03211885	      0.03489622	      0.04685240	      0.01009747	      0.01017817	      0.01003021	      0.01004230	      0.01097286	      0.01060548	      0.25958293	      0.09380137	      0.14955007	      0.10467774	      0.12483687	      0.01241186	      0.06347904	      0.01168505	      0.01080112	      0.02469986	      0.02456830	      0.01932053	      0.01018998	      0.01030008	      0.01015192	      0.01162456	      0.03084022	      0.01465829	      0.01079368	      0.01037775	      0.01035417	      0.01020020	      0.04272264	      0.01230001	      0.01091141	      0.01052628	      0.01023045	      0.01013956	      0.08581073	      0.08700414	      0.01044568	      0.01158593	      0.01148844	      0.28781657	      0.03175807	      0.03450002	      0.04631077	      0.01009748	      0.01017819	      0.01003021	      0.01004230	      0.01097286	      0.01060548	      0.25958295	      0.09380131	      0.14955011	      0.10467773	      0.12483687	      0.01241186	      0.01009486	      0.01009486	      0.13517563	      0.13517563	      0.15656117	      0.15656117
      1.33000000	      0.12917018	      0.08949008	      0.07172915	      0.10779351	      0.10525641	      0.09944066	      0.04343329	      0.05648257	      0.03775761	      0.10292218	      0.11924461	      0.10268330	      0.07832801	      0.06588283	      0.06175439	      0.04352342	      0.12782195	      0.09771617	      0.08501529	      0.06428091	      0.04381054	      0.03472155	      0.20472336	      0.20493184	      0.06653327	      0.08954709	      0.08554082	      0.35271707	      0.06654256	      0.06439088	      0.05674571	      0.03191287	      0.04588161	      0.01730129	      0.01640531	      0.08319413	      0.07639130	      0.30992749	      0.14579794	      0.18488598	      0.15772048	      0.18494157	      0.09695019	      0.12891399	      0.08953538	      0.07175000	      0.10789468	      0.10530089	      0.09935423	      0.04326444	      0.05628464	      0.03758377	      0.10300504	      0.11925506	      0.10292476	      0.07810767	      0.06569738	      0.06203941	      0.04350191	      0.12808158	      0.09767333	      0.08492755	      0.06420465	      0.04374250	      0.03471266	      0.20473298	      0.20485174	      0.06639615	      0.08957650	      0.08566869	      0.35212614	      0.06656737	      0.06434762	      0.05671842	      0.03179240	      0.04578780	      0.01728147	      0.01693459	      0.08329162	      0.07629255	      0.31034087	      0.14618546	      0.18566491	      0.15797244	      0.18507817	      0.09688461	      0.03598435	      0.03615054	      0.17319486	      0.17324443	      0.18971775	      0.18931891
      1.34000000	      0.07506994	      0.06864827	      0.06332165	      0.09520412	      0.09187300	      0.08559172	      0.05465775	      0.06454243	      0.04656190	      0.06477643	      0.10379358	      0.07364131	      0.07266424	      0.06913977	      0.06696826	      0.05842048	      0.10657821	      0.06062375	      0.05860968	      0.05176198	      0.05314694	      0.04437547	      0.19257539	      0.19378763	      0.05320269	      0.07105444	      0.07793429	      0.29786364	      0.07925893	      0.07713278	      0.05733594	      0.05019544	      0.06443435	      0.03216144	      0.03746952	      0.07097892	      0.07561654	      0.27783421	      0.13421342	      0.17121694	      0.14153375	      0.09581522	      0.06635684	      0.07616535	      0.06823977	      0.06385440	      0.09518305	      0.09086679	      0.08562372	      0.05262384	      0.06454179	      0.04537510	      0.06493994	      0.10586739	      0.07318915	      0.07272278	      0.06904412	      0.06685997	      0.05671804	      0.10655330	      0.06052647	      0.05860160	      0.05166305	      0.05182494	      0.04666742	      0.19236087	      0.19471048	      0.05371902	      0.07071093	      0.07805113	      0.29504388	      0.07902357	      0.07641828	      0.05885409	      0.05033482	      0.06439845	      0.03282540	      0.03680783	      0.07113100	      0.07569833	      0.27888101	      0.13377170	      0.17127116	      0.14134067	      0.09590111	      0.06651760	      0.05926417	      0.05996971	      0.18641838	      0.18625891	      0.21119510	      0.21022462
      1.35000000	      0.15521414	      0.15794777	      0.16627312	      0.15915001	      0.16064826	      0.16120231	      0.05273355	      0.06635131	      0.04604707	      0.12746893	      0.17614300	      0.09447384	      0.10707811	      0.09832827	      0.08312192	      0.08184612	      0.21664521	      0.13786171	      0.11664247	      0.13222238	      0.08713880	      0.05598411	      0.28757991	      0.29486184	      0.12053033	      0.14597175	      0.15154768	      0.37110874	      0.12432760	      0.15739704	      0.17623389	      0.03931640	      0.05589934	      0.01989067	      0.02765126	      0.13038026	      0.12458294	      0.35350459	      0.19373532	      0.21417766	      0.21876681	      0.23383259	      0.14327748	      0.17727075	      0.09080272	      0.12472252	      0.15266983	      0.16369069	      0.15088117	      0.05229793	      0.06402537	      0.05370103	      0.13620149	      0.18592604	      0.09516698	      0.10893163	      0.09370869	      0.09311603	      0.06693238	      0.20223620	      0.13658270	      0.12291972	      0.13408555	      0.04458568	      0.05672112	      0.08113667	      0.31169029	      0.11607708	      0.14286118	      0.13495834	      0.47383116	      0.13098151	      0.15118319	      0.10800714	      0.03741633	      0.05412668	      0.02031140	      0.02905045	      0.13043851	      0.12241905	      0.35711832	      0.17893373	      0.22728208	      0.20787145	      0.23149153	      0.14638702	      0.06263914	      0.03940328	      0.25438310	      0.25968627	      0.16148620	      0.19341118
      1.36000000	      0.02197357	      0.02106113	      0.01934625	      0.05237303	      0.04230309	      0.03514606	      0.01228227	      0.01364895	      0.01272411	      0.01603785	      0.04700360	      0.09051812	      0.01937735	      0.01872070	      0.01828604	      0.01548254	      0.05847973	      0.04057332	      0.01942621	      0.11313340	      0.02154142	      0.01517584	      0.09328013	      0.08778983	      0.03088963	      0.10014370	      0.02963598	      0.26427336	      0.11229182	      0.11892269	      0.15054167	      0.01148041	      0.01234237	      0.01088710	      0.01120313	      0.03874014	      0.02514164	      0.14476063	      0.06929016	      0.08201889	      0.07461605	      0.05396379	      0.04252639	      0.02170490	      0.02106510	      0.01962358	      0.05233376	      0.04108348	      0.03511794	      0.01232654	      0.01367401	      0.01271742	      0.01602385	      0.04913589	      0.08479196	      0.01963477	      0.01888904	      0.01841788	      0.01559217	      0.05732943	      0.04139336	      0.01949936	      0.09960772	      0.02161398	      0.01533145	      0.09837353	      0.08293835	      0.03144373	      0.10085950	      0.03062025	      0.26201972	      0.11112658	      0.11895490	      0.15340033	      0.01146278	      0.01232825	      0.01087675	      0.01121051	      0.03875481	      0.02515079	      0.14479482	      0.06870623	      0.08236260	      0.07437283	      0.05398593	      0.04250601	      0.01278557	      0.01279293	      0.14782587	      0.14782446	      0.14703474	      0.14702490
      1.37000000	      0.10486131	      0.12310446	      0.13419968	      0.11870974	      0.12231095	      0.12096813	      0.03269653	      0.05000003	      0.03897252	      0.06212805	      0.13560421	      0.07467875	      0.07838047	      0.08474409	      0.08598595	      0.07410834	      0.14765177	      0.11261649	      0.08498231	      0.11663414	      0.10119518	      0.07315983	      0.18160105	      0.18180924	      0.11727191	      0.12335078	      0.13202885	      0.28146602	      0.19888743	      0.19424341	      0.21061257	      0.02400580	      0.03523919	      0.01987603	      0.02302678	      0.11506842	      0.10315466	      0.21320086	      0.14590409	      0.12106726	      0.15806080	      0.14587484	      0.11664568	      0.10526626	      0.12255832	      0.13392370	      0.11798673	      0.12198050	      0.12231919	      0.03289526	      0.05043101	      0.03917259	      0.06286852	      0.13843525	      0.07512424	      0.07915610	      0.08528853	      0.08655944	      0.07475081	      0.15052354	      0.11286130	      0.08575268	      0.11675353	      0.10086328	      0.07389579	      0.18015787	      0.18000663	      0.11788766	      0.12268374	      0.12977816	      0.28551225	      0.18819189	      0.19400818	      0.21507881	      0.02358191	      0.03471293	      0.01959368	      0.02330527	      0.11415774	      0.10198376	      0.21326288	      0.13958387	      0.12460621	      0.15245811	      0.14604435	      0.11282136	      0.04309773	      0.04312276	      0.18091601	      0.18091438	      0.18630688	      0.18622662
      1.38000000	      0.06340154	      0.06210930	      0.06710598	      0.05329367	      0.05622134	      0.05695434	      0.01124821	      0.01275278	      0.01173654	      0.01352083	      0.05910701	      0.01711301	      0.01970432	      0.02288498	      0.02441078	      0.02190863	      0.09984098	      0.03545535	      0.02071323	      0.04826770	      0.03748874	      0.02100081	      0.10325569	      0.10283039	      0.03550921	      0.04709008	      0.05834179	      0.36813892	      0.17908789	      0.17446127	      0.23858024	      0.01082771	      0.01152687	      0.01064867	      0.01085281	      0.03563798	      0.02920194	      0.24982211	      0.10198174	      0.14622190	      0.11700871	      0.12853535	      0.04414396	      0.05761583	      0.06893040	      0.07356374	      0.05263119	      0.05677998	      0.05911849	      0.01122379	      0.01270489	      0.01171262	      0.01356618	      0.06210592	      0.01675250	      0.01846448	      0.02181894	      0.02321752	      0.02083399	      0.09599876	      0.03383027	      0.02038340	      0.05078527	      0.04133370	      0.02084574	      0.09972381	      0.10029749	      0.03801572	      0.04990321	      0.01025865	      0.37932588	      0.18858008	      0.19359487	      0.20536243	      0.01083275	      0.01153499	      0.01065094	      0.01085866	      0.03562471	      0.02921376	      0.24950221	      0.10565412	      0.14425777	      0.11747367	      0.12852386	      0.04417081	      0.01294546	      0.01294546	      0.13859819	      0.13859825	      0.15747987	      0.15747989
      1.39000000	      0.09988718	      0.10491949	      0.11401815	      0.09473821	      0.09995139	      0.09985594	      0.01010095	      0.02007534	      0.01318912	      0.02085636	      0.10353465	      0.04940603	      0.05760528	      0.06851309	      0.07326561	      0.06682645	      0.12930189	      0.08260039	      0.05450632	      0.09642466	      0.08817673	      0.06665701	      0.11812298	      0.12074056	      0.08692027	      0.09543966	      0.10528014	      0.28074241	      0.17738834	      0.18772636	      0.20992659	      0.01252555	      0.01842837	      0.01397424	      0.01423316	      0.07692083	      0.07508724	      0.19526914	      0.11847054	      0.11032615	      0.12866546	      0.13266696	      0.09396017	      0.09865643	      0.10876658	      0.11877685	      0.09759957	      0.09913821	      0.10029730	      0.01048593	      0.02132092	      0.01286663	      0.02173731	      0.10175523	      0.05559917	      0.05556319	      0.06702818	      0.07077568	      0.06612520	      0.12609106	      0.08110601	      0.06054823	      0.09485639	      0.09004952	      0.06595210	      0.11654345	      0.11814273	      0.08510923	      0.09410238	      0.10555808	      0.27962506	      0.17759448	      0.17960867	      0.20863484	      0.01209588	      0.01825969	      0.01373174	      0.01455737	      0.08068184	      0.07181620	      0.19243035	      0.11838252	      0.10925498	      0.12607446	      0.13104190	      0.09289641	      0.02065202	      0.02168993	      0.13943691	      0.13894060	      0.14275196	      0.14123421
      1.40000000	      0.07558704	      0.07759090	      0.08138435	      0.06919207	      0.07118746	      0.07234437	      0.01340752	      0.02068579	      0.01601704	      0.02145318	      0.07159247	      0.03741053	      0.04264032	      0.04818489	      0.05124418	      0.04944076	      0.09777391	      0.05736706	      0.04171869	      0.06929797	      0.06437430	      0.04987902	      0.08329745	      0.08706266	      0.06110634	      0.06641518	      0.07400297	      0.26402353	      0.13633485	      0.14019005	      0.16989068	      0.01367869	      0.01771584	      0.01464194	      0.01549004	      0.06035406	      0.05567565	      0.17581459	      0.09086912	      0.10485537	      0.09828552	      0.10125778	      0.06371177	      0.07607784	      0.07835541	      0.08114369	      0.06953992	      0.07143959	      0.07283902	      0.01395883	      0.02169642	      0.01639043	      0.02141507	      0.07091263	      0.03715264	      0.04284540	      0.04889982	      0.05081956	      0.05007138	      0.09739475	      0.05745657	      0.04192540	      0.06952881	      0.06454304	      0.04997900	      0.08285157	      0.08567340	      0.06063724	      0.06660183	      0.07356691	      0.26204112	      0.13609016	      0.14022206	      0.16997591	      0.01379370	      0.01783945	      0.01456979	      0.01556864	      0.06068719	      0.05570835	      0.17536169	      0.09047706	      0.10455141	      0.09781213	      0.10064790	      0.06360089	      0.02173934	      0.02155407	      0.10600069	      0.10556698	      0.11294805	      0.11364579
      1.41000000	      0.02846818	      0.03069497	      0.03267528	      0.02809373	      0.02892454	      0.02944756	      0.01174371	      0.01357037	      0.01249319	      0.01344814	      0.02973373	      0.01929436	      0.02040925	      0.02210905	      0.02262295	      0.02178915	      0.04330141	      0.02520365	      0.01904149	      0.02794114	      0.02603189	      0.02208699	      0.04205028	      0.04395671	      0.02711410	      0.02831846	      0.03064158	      0.15383216	      0.06882110	      0.07122938	      0.08921421	      0.01110813	      0.01198638	      0.01122099	      0.01167287	      0.02804868	      0.02486485	      0.11025734	      0.04780486	      0.06503442	      0.05246606	      0.04672928	      0.02494321	      0.02846817	      0.03069496	      0.03267531	      0.02809371	      0.02892454	      0.02944756	      0.01174371	      0.01357037	      0.01249319	      0.01344814	      0.02973374	      0.01929436	      0.02040924	      0.02210904	      0.02262294	      0.02178915	      0.04330140	      0.02520364	      0.01904149	      0.02794110	      0.02603183	      0.02208698	      0.04205028	      0.04395671	      0.02711409	      0.02831847	      0.03064159	      0.15383213	      0.06882110	      0.07122948	      0.08921418	      0.01110813	      0.01198638	      0.01122099	      0.01167287	      0.02804868	      0.02486485	      0.11025733	      0.04780492	      0.06503439	      0.05246607	      0.04672928	      0.02494321	      0.01351209	      0.01351179	      0.06251910	      0.06251917	      0.06990237	      0.06990278
      1.42000000	      0.09239414	      0.08297896	      0.07829917	      0.08027339	      0.07912364	      0.07748140	      0.05317782	      0.06157661	      0.05578627	      0.06443977	      0.07548969	      0.05330145	      0.05991662	      0.06437333	      0.06666035	      0.06865044	      0.08337962	      0.06817001	      0.06588724	      0.07628617	      0.07398670	      0.06686885	      0.07201186	      0.07279693	      0.06499762	      0.07117436	      0.07440277	      0.08859193	      0.07732148	      0.07804274	      0.07937544	      0.02581361	      0.03569858	      0.02544002	      0.03219261	      0.09082987	      0.08456326	      0.13226556	      0.08299987	      0.08614743	      0.08735025	      0.06429333	      0.06434646	      0.09092153	      0.08243747	      0.07859893	      0.08012674	      0.07915543	      0.07757255	      0.05109936	      0.06048080	      0.05410843	      0.06482947	      0.07642773	      0.05350997	      0.05971175	      0.06387911	      0.06620290	      0.06811676	      0.08374129	      0.06847498	      0.06539976	      0.07579991	      0.07344586	      0.06587358	      0.07460818	      0.07478621	      0.06519303	      0.07184889	      0.07502440	      0.09001241	      0.07737489	      0.07764432	      0.07932378	      0.02596075	      0.03586260	      0.02547018	      0.03223051	      0.09058704	      0.08488408	      0.13203994	      0.08246661	      0.08589704	      0.08843269	      0.06318336	      0.06444959	      0.06487671	      0.06409559	      0.07607164	      0.07815849	      0.07874321	      0.07776992
      1.43000000	      0.05701527	      0.04792019	      0.04383697	      0.05072710	      0.04911408	      0.04718789	      0.11511651	      0.06750223	      0.07676850	      0.09563827	      0.04934859	      0.04264750	      0.04213483	      0.04230653	      0.04337507	      0.04339304	      0.04821909	      0.04549439	      0.04979034	      0.04435872	      0.04179760	      0.04052496	      0.05748351	      0.05652377	      0.03897649	      0.04388942	      0.04433390	      0.02774960	      0.03401395	      0.03361135	      0.03114301	      0.03336427	      0.03802405	      0.02188775	      0.02826993	      0.08378957	      0.07544711	      0.07411836	      0.04772137	      0.04632761	      0.05126566	      0.02544994	      0.03416730	      0.05711059	      0.04791436	      0.04383029	      0.05054498	      0.04913212	      0.04721668	      0.11560544	      0.06737991	      0.07657476	      0.09513911	      0.04945957	      0.04261097	      0.04198832	      0.04236325	      0.04336233	      0.04336895	      0.04818510	      0.04542533	      0.04973466	      0.04428530	      0.04189409	      0.04052803	      0.05753577	      0.05683424	      0.03916429	      0.04396776	      0.04434373	      0.02775474	      0.03399117	      0.03364251	      0.03111526	      0.03331746	      0.03802802	      0.02187537	      0.02827072	      0.08382666	      0.07544102	      0.07397364	      0.04767379	      0.04626701	      0.05127441	      0.02546574	      0.03417771	      0.06848192	      0.06861142	      0.03929957	      0.03927106	      0.03801601	      0.03784214
      1.44000000	      0.04564980	      0.05609455	      0.03330915	      0.04081401	      0.04290777	      0.03724614	      0.07895323	      0.03167645	      0.05030780	      0.08963963	      0.04312147	      0.02427725	      0.01876691	      0.01728119	      0.01832596	      0.01780730	      0.04504658	      0.02367145	      0.02484422	      0.02551695	      0.01908231	      0.01649666	      0.02303547	      0.02738760	      0.01797721	      0.02415125	      0.02958424	      0.01218553	      0.01348900	      0.01330509	      0.01270936	      0.01832042	      0.03383974	      0.01206487	      0.01391455	      0.02397843	      0.02314059	      0.09247866	      0.02841881	      0.05721490	      0.03609681	      0.01380619	      0.01680017	      0.05503065	      0.05988647	      0.03546652	      0.04281598	      0.04290130	      0.03779109	      0.06436797	      0.04096409	      0.08246933	      0.07124405	      0.03985162	      0.01718243	      0.01980574	      0.01718313	      0.01818523	      0.01783803	      0.04577185	      0.02350701	      0.03941762	      0.02584078	      0.01910010	      0.01662172	      0.03125962	      0.04182501	      0.01823033	      0.02475128	      0.03078273	      0.01217458	      0.01347118	      0.01330322	      0.01269746	      0.02164253	      0.02744438	      0.01209257	      0.01408458	      0.02409892	      0.02301460	      0.09279749	      0.02786364	      0.05728792	      0.03596861	      0.01380570	      0.01681700	      0.06030051	      0.06004783	      0.01551072	      0.01556603	      0.01490891	      0.01524766
      1.45000000	      0.21606364	      0.13012183	      0.10208599	      0.15678145	      0.14046743	      0.12615031	      0.34335013	      0.17481453	      0.18385374	      0.23712569	      0.12726547	      0.10247313	      0.10312327	      0.10187135	      0.10914469	      0.11862781	      0.13351849	      0.11853095	      0.12498771	      0.11153409	      0.10080103	      0.09533294	      0.15341081	      0.14713275	      0.07568702	      0.10419487	      0.10320783	      0.06988269	      0.08302247	      0.08225455	      0.07345214	      0.08221858	      0.09764639	      0.05005478	      0.06838323	      0.21099462	      0.19103664	      0.19551750	      0.12846386	      0.12359123	      0.13681186	      0.06254317	      0.08975724	      0.21483826	      0.12990029	      0.09894361	      0.15188717	      0.14234069	      0.12437755	      0.33399769	      0.17879228	      0.19069782	      0.23420786	      0.12704266	      0.09864656	      0.10322230	      0.10287384	      0.11053281	      0.11439261	      0.13418578	      0.11741996	      0.12537021	      0.10890883	      0.10010037	      0.09330906	      0.16385797	      0.13687840	      0.07493005	      0.10352721	      0.10273505	      0.06184040	      0.08352268	      0.08211287	      0.07429273	      0.08276800	      0.09744566	      0.04990956	      0.06872377	      0.20971119	      0.19297538	      0.19719950	      0.12513769	      0.12675941	      0.13623833	      0.06261145	      0.09020881	      0.21260346	      0.21404249	      0.09349710	      0.09318267	      0.08961110	      0.08767824
      1.46000000	      0.20205802	      0.10361743	      0.07136268	      0.14316079	      0.12670697	      0.10151091	      0.45784208	      0.21126510	      0.20953227	      0.31527580	      0.11315576	      0.08085946	      0.09416028	      0.08998330	      0.09658406	      0.10015666	      0.11000236	      0.10387804	      0.11722254	      0.08723271	      0.07662928	      0.07506093	      0.17615738	      0.15288022	      0.05904174	      0.08683002	      0.08218990	      0.05103952	      0.06158663	      0.06039318	      0.05391496	      0.11059426	      0.09936199	      0.04149171	      0.06278173	      0.23203459	      0.20176405	      0.18049455	      0.10851250	      0.10396992	      0.11858470	      0.05273076	      0.07744650	      0.20969511	      0.10199458	      0.07751782	      0.13993110	      0.12405438	      0.10723811	      0.46917457	      0.19204463	      0.21782054	      0.30686856	      0.11344360	      0.08616078	      0.09007438	      0.09009908	      0.09667318	      0.10082343	      0.11382864	      0.10649360	      0.11730453	      0.09021034	      0.07801900	      0.07622728	      0.17613558	      0.16484128	      0.05939888	      0.08783594	      0.08423484	      0.05020445	      0.06251376	      0.05985965	      0.05333184	      0.10271828	      0.10352255	      0.04232150	      0.06318091	      0.23237997	      0.20225020	      0.16757464	      0.10766321	      0.09812043	      0.11785518	      0.05328859	      0.07724333	      0.21305121	      0.23295469	      0.06891073	      0.06452131	      0.06866421	      0.04159271
      1.47000000	      0.44801425	      0.22907481	      0.15932328	      0.28421199	      0.26456658	      0.23065682	      0.37138998	      0.26867505	      0.26689360	      0.25969931	      0.23091830	      0.21150243	      0.15567762	      0.16965087	      0.20143600	      0.21434923	      0.25674837	      0.20097338	      0.20601051	      0.19138766	      0.13736198	      0.09807092	      0.26010700	      0.22653318	      0.10934757	      0.18556864	      0.17951912	      0.03830679	      0.06342014	      0.05857431	      0.05211449	      0.07598373	      0.17998695	      0.06407404	      0.10348275	      0.23304565	      0.23489626	      0.33307576	      0.21927855	      0.19942089	      0.25738840	      0.05711163	      0.16273358	      0.46258113	      0.22358650	      0.13870935	      0.27339745	      0.27115173	      0.22969931	      0.40577266	      0.28195245	      0.29326223	      0.26833761	      0.22576303	      0.17426454	      0.18644211	      0.17486552	      0.17411127	      0.21055768	      0.23034737	      0.21428438	      0.23936647	      0.18857352	      0.15234881	      0.13628809	      0.22482574	      0.21697368	      0.10041722	      0.17167326	      0.16175277	      0.01069183	      0.07815253	      0.07154094	      0.04971638	      0.07836366	      0.17840283	      0.06505312	      0.10850696	      0.24494532	      0.24842173	      0.33649469	      0.22113983	      0.21277652	      0.24249065	      0.06571585	      0.15560365	      0.34011493	      0.31988418	      0.15962698	      0.13639889	      0.11212188	      0.15711934
      1.48000000	      0.47015066	      0.22999054	      0.13269414	      0.30945985	      0.27481530	      0.22882234	      0.43375408	      0.31493758	      0.29508057	      0.29263446	      0.23751628	      0.20192068	      0.18655748	      0.17777996	      0.19009320	      0.19279715	      0.23231903	      0.22278731	      0.24929440	      0.17088097	      0.13122894	      0.12330071	      0.25753291	      0.23977520	      0.10333984	      0.17499885	      0.15626436	      0.01045819	      0.04740383	      0.04239083	      0.02887905	      0.09498754	      0.20011794	      0.04900471	      0.09454168	      0.24040747	      0.24403523	      0.37762584	      0.23355895	      0.20686436	      0.26351975	      0.10399548	      0.16610822	      0.46601004	      0.22733410	      0.13318886	      0.30840952	      0.27386177	      0.22846595	      0.43001371	      0.31414380	      0.28754969	      0.29331591	      0.23637727	      0.20547974	      0.18884841	      0.17641765	      0.19119353	      0.19298772	      0.23396585	      0.22386950	      0.25018647	      0.17115504	      0.13226985	      0.12330350	      0.25761819	      0.24200128	      0.10389855	      0.17585170	      0.15548630	      0.01252257	      0.04872428	      0.04369843	      0.02973953	      0.09450998	      0.20011614	      0.04943933	      0.09496184	      0.23954416	      0.24725608	      0.38019699	      0.23243139	      0.20783755	      0.26301639	      0.10408543	      0.16736395	      0.33030451	      0.32904314	      0.14530784	      0.14551081	      0.13779029	      0.13576339
      1.49000000	      0.17752629	      0.06745743	      0.04175837	      0.09772959	      0.08437413	      0.06927052	      0.73649938	      0.24893120	      0.24377362	      0.49956250	      0.07547315	      0.06717962	      0.05777609	      0.05365086	      0.05693177	      0.05535252	      0.07287573	      0.06940221	      0.07862251	      0.05050976	      0.03946343	      0.03642239	      0.23399871	      0.22174555	      0.03610478	      0.05483724	      0.04810047	      0.01773714	      0.02159715	      0.02068577	      0.01881185	      0.17026162	      0.08186700	      0.01974893	      0.03130615	      0.23192399	      0.15763987	      0.18150605	      0.06769404	      0.05953423	      0.07897299	      0.04535475	      0.05591411	      0.17662581	      0.06753121	      0.04200392	      0.09723727	      0.08436748	      0.06923887	      0.74202641	      0.24612960	      0.24297165	      0.49321961	      0.07543119	      0.06595346	      0.05737727	      0.05348014	      0.05673240	      0.05509039	      0.07277615	      0.06938022	      0.07845737	      0.05093578	      0.03950143	      0.03630936	      0.23721298	      0.22321446	      0.03626353	      0.05500101	      0.04847779	      0.01773891	      0.02159241	      0.02067220	      0.01880268	      0.16910871	      0.08245643	      0.01976713	      0.03141035	      0.23194285	      0.15769554	      0.17929377	      0.06724610	      0.05893588	      0.07871783	      0.04535357	      0.05605950	      0.26407277	      0.26409464	      0.05010416	      0.05009872	      0.04762857	      0.04759527
      1.50000000	      0.16312782	      0.05409502	      0.03042731	      0.09231798	      0.07854017	      0.06012029	      0.66182728	      0.30631001	      0.34358613	      0.44965136	      0.07662879	      0.05729133	      0.03746093	      0.03387910	      0.03470140	      0.02790162	      0.05467158	      0.05845534	      0.09058207	      0.03209107	      0.02264231	      0.01991415	      0.25228356	      0.25080723	      0.02708913	      0.04334461	      0.03756296	      0.01230718	      0.01304242	      0.01274303	      0.01230365	      0.18585209	      0.09371372	      0.01294324	      0.01579021	      0.17830536	      0.14032733	      0.24255150	      0.06659832	      0.05757852	      0.08730794	      0.02988273	      0.03769881	      0.16309894	      0.05409797	      0.03041511	      0.09233422	      0.07862540	      0.06008853	      0.66175447	      0.30639620	      0.34368401	      0.44952150	      0.07661596	      0.05725405	      0.03746489	      0.03389248	      0.03468091	      0.02790986	      0.05472580	      0.05845291	      0.09057669	      0.03210452	      0.02263854	      0.01991481	      0.25230699	      0.25085049	      0.02708366	      0.04334550	      0.03754694	      0.01230779	      0.01304276	      0.01274339	      0.01230403	      0.18588755	      0.09371537	      0.01294507	      0.01578897	      0.17828914	      0.14033081	      0.24265385	      0.06652726	      0.05763672	      0.08741342	      0.02987385	      0.03769138	      0.23820301	      0.23816125	      0.03236167	      0.03237286	      0.03036262	      0.03043011
      1.51000000	      0.17957572	      0.06508173	      0.03795051	      0.10871915	      0.09544882	      0.07577567	      0.62140741	      0.30063746	      0.33032165	      0.45174654	      0.09771259	      0.08179302	      0.05095337	      0.04501965	      0.04446077	      0.03270181	      0.07368140	      0.07640063	      0.10639048	      0.03883611	      0.02617151	      0.02245809	      0.28320666	      0.28381998	      0.03774718	      0.05826708	      0.04889693	      0.01325622	      0.01359086	      0.01316515	      0.01273058	      0.16477726	      0.09559574	      0.01402849	      0.01838010	      0.16392449	      0.12910918	      0.27267134	      0.08253941	      0.07003380	      0.10460840	      0.05437442	      0.05732792	      0.17957572	      0.06508174	      0.03795051	      0.10871915	      0.09544882	      0.07577567	      0.62140741	      0.30063748	      0.33032165	      0.45174653	      0.09771259	      0.08179302	      0.05095338	      0.04501965	      0.04446076	      0.03270181	      0.07368140	      0.07640062	      0.10639048	      0.03883611	      0.02617151	      0.02245809	      0.28320666	      0.28381997	      0.03774718	      0.05826708	      0.04889693	      0.01325622	      0.01359086	      0.01316515	      0.01273058	      0.16477726	      0.09559574	      0.01402849	      0.01838010	      0.16392450	      0.12910918	      0.27267135	      0.08253941	      0.07003380	      0.10460840	      0.05437443	      0.05732792	      0.22485034	      0.22485034	      0.04759750	      0.04759750	      0.04497189	      0.04497189
      1.52000000	      0.11751348	      0.04484588	      0.02750226	      0.06873583	      0.06404526	      0.05363835	      0.52816914	      0.25187173	      0.28735092	      0.41690877	      0.07568078	      0.04051514	      0.02172281	      0.02066189	      0.01987068	      0.01533187	      0.04492479	      0.04187647	      0.07261904	      0.02115435	      0.01519710	      0.01330500	      0.25385560	      0.26037850	      0.02366993	      0.03493031	      0.03557120	      0.01088480	      0.01088027	      0.01077582	      0.01066704	      0.13433379	      0.05598789	      0.01107473	      0.01209521	      0.11084724	      0.07611502	      0.23494206	      0.05817610	      0.05278615	      0.07514569	      0.02602912	      0.03322780	      0.11751349	      0.04484589	      0.02750227	      0.06873584	      0.06404528	      0.05363838	      0.52816929	      0.25187172	      0.28735113	      0.41690891	      0.07568083	      0.04051506	      0.02172278	      0.02066187	      0.01987067	      0.01533186	      0.04492481	      0.04187648	      0.07261907	      0.02115434	      0.01519710	      0.01330499	      0.25385585	      0.26037875	      0.02366993	      0.03493032	      0.03557123	      0.01088480	      0.01088027	      0.01077582	      0.01066704	      0.13433345	      0.05598784	      0.01107473	      0.01209522	      0.11084485	      0.07611312	      0.23494226	      0.05817601	      0.05278593	      0.07514570	      0.02602419	      0.03322885	      0.17562235	      0.17562235	      0.02573162	      0.02573162	      0.02435841	      0.02435841
      1.53000000	      0.11819124	      0.05296445	      0.03427852	      0.07584805	      0.07262803	      0.06378161	      0.42928100	      0.20559044	      0.23003473	      0.37224681	      0.08444065	      0.05197959	      0.03148741	      0.02825338	      0.02627350	      0.01859459	      0.05925885	      0.05389179	      0.07608697	      0.02607987	      0.01769833	      0.01518566	      0.23531876	      0.24362394	      0.03232539	      0.04637096	      0.04623390	      0.01155651	      0.01148487	      0.01132080	      0.01112026	      0.07793396	      0.05769663	      0.01174220	      0.01402760	      0.08864386	      0.06762586	      0.19838468	      0.06119346	      0.04967450	      0.07583516	      0.05951825	      0.04589695	      0.11763635	      0.05082113	      0.03255894	      0.07552621	      0.07164883	      0.06208197	      0.41796541	      0.20208017	      0.22684489	      0.40744558	      0.08260928	      0.05314272	      0.03184487	      0.02847856	      0.02646479	      0.01867315	      0.05858197	      0.05411207	      0.07613119	      0.02592499	      0.01767203	      0.01520856	      0.22356337	      0.23011070	      0.03214446	      0.04602468	      0.04426026	      0.01155945	      0.01148994	      0.01132531	      0.01112409	      0.07751866	      0.05763344	      0.01174603	      0.01403997	      0.08831311	      0.06737655	      0.19719380	      0.06084271	      0.04950934	      0.07507026	      0.05874557	      0.04612637	      0.14784414	      0.14781300	      0.03694033	      0.03695158	      0.03509509	      0.03515689
      1.54000000	      0.08471503	      0.04351605	      0.03280207	      0.05812776	      0.05866732	      0.05445756	      0.32892808	      0.13833947	      0.16193950	      0.33094613	      0.07605827	      0.02843340	      0.01824623	      0.01697214	      0.01601549	      0.01302922	      0.04814825	      0.03477021	      0.05586320	      0.01778311	      0.01327583	      0.01196717	      0.17849342	      0.19165652	      0.02226170	      0.03264373	      0.04386373	      0.01068105	      0.01060054	      0.01054007	      0.01044870	      0.04694958	      0.03034138	      0.01062074	      0.01146097	      0.05401694	      0.03589375	      0.18069617	      0.05196104	      0.04481086	      0.06154216	      0.05615935	      0.03323266	      0.08461004	      0.04326302	      0.03254226	      0.05812758	      0.05863181	      0.05433661	      0.32796299	      0.13774730	      0.16172061	      0.33170342	      0.07600263	      0.02843825	      0.01824952	      0.01697381	      0.01601654	      0.01302928	      0.04813921	      0.03477367	      0.05585252	      0.01777511	      0.01327383	      0.01196686	      0.17686782	      0.19079562	      0.02225764	      0.03263844	      0.04369849	      0.01068094	      0.01060045	      0.01053999	      0.01044863	      0.04784368	      0.03045580	      0.01062139	      0.01145905	      0.05411508	      0.03597527	      0.18454882	      0.05230014	      0.04575685	      0.06156610	      0.05641422	      0.03318324	      0.10685133	      0.10685133	      0.02474501	      0.02474501	      0.02364133	      0.02364133
      1.55000000	      0.07636013	      0.04595983	      0.04250087	      0.04448592	      0.04836908	      0.05024502	      0.24059132	      0.11321023	      0.12236830	      0.26128615	      0.06607805	      0.01799293	      0.01357397	      0.01298897	      0.01255850	      0.01128948	      0.04281568	      0.02406118	      0.03909041	      0.01417035	      0.01158798	      0.01087854	      0.16797511	      0.17517612	      0.01679755	      0.02468103	      0.04732102	      0.01036072	      0.01029073	      0.01026435	      0.01021379	      0.01436107	      0.01516347	      0.01025147	      0.01063116	      0.02535908	      0.01850897	      0.15316851	      0.04422190	      0.04087884	      0.04776162	      0.06094040	      0.02672770	      0.07636012	      0.04595977	      0.04250095	      0.04448592	      0.04836909	      0.05024504	      0.24059140	      0.11321025	      0.12236820	      0.26128614	      0.06607802	      0.01799294	      0.01357397	      0.01298897	      0.01255850	      0.01128948	      0.04281569	      0.02406118	      0.03909041	      0.01417035	      0.01158798	      0.01087854	      0.16797513	      0.17517609	      0.01679755	      0.02468103	      0.04732093	      0.01036072	      0.01029073	      0.01026435	      0.01021379	      0.01436107	      0.01516347	      0.01025147	      0.01063116	      0.02535908	      0.01850897	      0.15316851	      0.04422191	      0.04087884	      0.04776163	      0.06094040	      0.02672770	      0.07518158	      0.07518158	      0.01889611	      0.01889611	      0.01821756	      0.01821756
      1.56000000	      0.08033624	      0.04933784	      0.04147548	      0.05749314	      0.05909246	      0.05767712	      0.17113288	      0.09236150	      0.09001532	      0.21665096	      0.07583506	      0.03379079	      0.02187354	      0.01950817	      0.01813136	      0.01412481	      0.05954540	      0.04070419	      0.05242841	      0.02150544	      0.01487531	      0.01282244	      0.15231256	      0.15794314	      0.02760560	      0.03941416	      0.05136093	      0.01140734	      0.01102680	      0.01094198	      0.01073724	      0.01150895	      0.01283461	      0.01043313	      0.01119039	      0.02961359	      0.02240363	      0.21545176	      0.06337018	      0.04891768	      0.07265141	      0.10994627	      0.05087934	      0.08033628	      0.04933790	      0.04147554	      0.05749315	      0.05909246	      0.05767713	      0.17113299	      0.09236161	      0.09001544	      0.21665043	      0.07583500	      0.03379085	      0.02187353	      0.01950817	      0.01813136	      0.01412481	      0.05954538	      0.04070418	      0.05242832	      0.02150544	      0.01487531	      0.01282244	      0.15231279	      0.15794343	      0.02760560	      0.03941417	      0.05136097	      0.01140734	      0.01102680	      0.01094198	      0.01073724	      0.01150895	      0.01283461	      0.01043313	      0.01119039	      0.02961359	      0.02240363	      0.21545176	      0.06337018	      0.04891768	      0.07265141	      0.10994627	      0.05087934	      0.06403551	      0.06403551	      0.03513427	      0.03513427	      0.03427353	      0.03427353
      1.57000000	      0.07585453	      0.04959588	      0.04400394	      0.05266770	      0.05583603	      0.05657853	      0.15091727	      0.07039789	      0.05565093	      0.16906760	      0.07469506	      0.01031932	      0.02364524	      0.02089396	      0.01943544	      0.01487694	      0.06014189	      0.03885318	      0.04476072	      0.02342213	      0.01586477	      0.01339982	      0.16303407	      0.16346685	      0.02926564	      0.03885859	      0.05258542	      0.01193974	      0.01129459	      0.01119352	      0.01090153	      0.01137727	      0.01264021	      0.01042236	      0.01137667	      0.02458446	      0.02086973	      0.30382463	      0.06993694	      0.06176509	      0.09790170	      0.14887282	      0.05371892	      0.07581156	      0.04960481	      0.04392738	      0.05265784	      0.05582923	      0.05657642	      0.15097299	      0.07042417	      0.05565783	      0.16891842	      0.07467386	      0.01011773	      0.02364297	      0.02089387	      0.01943549	      0.01487699	      0.06013516	      0.03885088	      0.04476193	      0.02342143	      0.01586455	      0.01339996	      0.16312672	      0.16353115	      0.02927331	      0.03886649	      0.05260450	      0.01193971	      0.01129458	      0.01119352	      0.01090152	      0.01137729	      0.01264023	      0.01042236	      0.01137667	      0.02458448	      0.02086973	      0.30382424	      0.06993706	      0.06176482	      0.09790391	      0.14887287	      0.05371892	      0.04703151	      0.04703151	      0.03744467	      0.03744467	      0.03718081	      0.03718081
      1.58000000	      0.05002365	      0.03301097	      0.03483367	      0.05182220	      0.05004653	      0.04597303	      0.15875790	      0.08163690	      0.08176379	      0.20993881	      0.07391629	      0.02656841	      0.01702466	      0.01527199	      0.01452838	      0.01245816	      0.05706543	      0.03370644	      0.06152947	      0.01594337	      0.01237634	      0.01169826	      0.15820961	      0.16211714	      0.02061717	      0.03142188	      0.03967665	      0.01110465	      0.01069335	      0.01064142	      0.01047328	      0.01061527	      0.01117303	      0.01019300	      0.01069708	      0.02510731	      0.01634362	      0.23291300	      0.06072766	      0.03912435	      0.07294763	      0.09266887	      0.05614725	      0.05002438	      0.03300891	      0.03483792	      0.05182270	      0.05004632	      0.04597176	      0.15875929	      0.08163744	      0.08176255	      0.20993779	      0.07391568	      0.02656943	      0.01702480	      0.01527205	      0.01452843	      0.01245818	      0.05706515	      0.03370667	      0.06152995	      0.01594332	      0.01237632	      0.01169825	      0.15821029	      0.16211790	      0.02061700	      0.03142157	      0.03967373	      0.01110465	      0.01069335	      0.01064142	      0.01047328	      0.01061527	      0.01117303	      0.01019300	      0.01069708	      0.02510727	      0.01634361	      0.23291304	      0.06072765	      0.03912436	      0.07294763	      0.09266876	      0.05614728	      0.04360092	      0.04360091	      0.02971818	      0.02971819	      0.02911488	      0.02911491
      1.59000000	      0.05107130	      0.03129980	      0.03607189	      0.03124067	      0.03773728	      0.04336520	      0.12657915	      0.05337715	      0.05167347	      0.21408901	      0.07298353	      0.01327509	      0.01222587	      0.01126389	      0.01099783	      0.01043252	      0.04801221	      0.01826931	      0.02528040	      0.01192625	      0.01059565	      0.01031637	      0.14763034	      0.15394641	      0.01625674	      0.01921961	      0.05030004	      0.01012203	      0.01008985	      0.01008297	      0.01005990	      0.01013279	      0.01025863	      0.01003640	      0.01014315	      0.01721543	      0.01303766	      0.33559122	      0.08217488	      0.04499004	      0.08035814	      0.14022184	      0.02913146	      0.05135963	      0.03163145	      0.03690497	      0.03134068	      0.03784894	      0.04345221	      0.12659910	      0.05338185	      0.05166829	      0.21407679	      0.07297122	      0.01528826	      0.01230287	      0.01129987	      0.01101963	      0.01043752	      0.04804518	      0.01829668	      0.02521687	      0.01188928	      0.01057966	      0.01031609	      0.14761836	      0.15392941	      0.01617797	      0.01916057	      0.05026178	      0.01012177	      0.01008994	      0.01008306	      0.01005997	      0.01013279	      0.01025863	      0.01003640	      0.01014315	      0.01721543	      0.01303766	      0.33559127	      0.08217489	      0.04499004	      0.08035817	      0.14022185	      0.02913149	      0.01938446	      0.01938446	      0.01848715	      0.01848715	      0.01845365	      0.01845365
      1.60000000	      0.03644805	      0.02581514	      0.02612825	      0.03629942	      0.04047555	      0.04298859	      0.13596054	      0.06770531	      0.06212867	      0.23413711	      0.08414010	      0.02245238	      0.01401051	      0.01261645	      0.01216811	      0.01104087	      0.05456835	      0.02637257	      0.03747231	      0.01323883	      0.01134137	      0.01078338	      0.16613851	      0.17245662	      0.01676855	      0.02774066	      0.04937262	      0.01047817	      0.01027331	      0.01025221	      0.01018123	      0.01025571	      0.01050448	      0.01007364	      0.01032661	      0.02738601	      0.01497298	      0.29795730	      0.07318173	      0.03628264	      0.07362412	      0.12761265	      0.03895383	      0.03640221	      0.02585562	      0.02636349	      0.03631034	      0.04048046	      0.04295372	      0.13596882	      0.06772641	      0.06208141	      0.23419030	      0.08408939	      0.02247600	      0.01401048	      0.01261674	      0.01216820	      0.01104087	      0.05456366	      0.02638047	      0.03747346	      0.01323947	      0.01134094	      0.01078332	      0.16617708	      0.17247075	      0.01679420	      0.02775467	      0.04898889	      0.01047813	      0.01027328	      0.01025219	      0.01018121	      0.01025574	      0.01050453	      0.01007364	      0.01032662	      0.02738891	      0.01497306	      0.29795464	      0.07318323	      0.03628197	      0.07362496	      0.12761840	      0.03895653	      0.01869105	      0.01869104	      0.02680577	      0.02680577	      0.02745324	      0.02745325
      1.61000000	      0.02114259	      0.01971239	      0.01967567	      0.03490358	      0.03640141	      0.03589797	      0.14763287	      0.08409181	      0.07685028	      0.25265381	      0.09194159	      0.03986611	      0.01762153	      0.01444572	      0.01346187	      0.01154307	      0.05529707	      0.03418021	      0.05031727	      0.01393867	      0.01180754	      0.01118354	      0.18456352	      0.19056098	      0.02179441	      0.03372634	      0.04221604	      0.01069821	      0.01038696	      0.01035591	      0.01025596	      0.01064451	      0.01126321	      0.01014664	      0.01073903	      0.03725370	      0.02044828	      0.22162911	      0.05342894	      0.02679894	      0.05942227	      0.09694680	      0.03980518	      0.02113924	      0.01971174	      0.01967627	      0.03490488	      0.03640293	      0.03590107	      0.14765921	      0.08415386	      0.07678775	      0.25265758	      0.09193131	      0.03986333	      0.01762161	      0.01444581	      0.01346189	      0.01154306	      0.05526980	      0.03417896	      0.05031190	      0.01393870	      0.01180756	      0.01118355	      0.18453709	      0.19057015	      0.02179738	      0.03372679	      0.04222045	      0.01069821	      0.01038696	      0.01035591	      0.01025596	      0.01064451	      0.01126322	      0.01014665	      0.01073903	      0.03725377	      0.02044831	      0.22162909	      0.05342774	      0.02679944	      0.05942331	      0.09694694	      0.03980541	      0.01940323	      0.01940323	      0.03339144	      0.03339144	      0.03476131	      0.03476131
      1.62000000	      0.01832519	      0.01968308	      0.02016533	      0.03667156	      0.03591300	      0.03381880	      0.15035052	      0.10041518	      0.09029494	      0.26229626	      0.10048233	      0.08245733	      0.03344912	      0.02230758	      0.01838298	      0.01328857	      0.05855463	      0.05063479	      0.07087072	      0.01651674	      0.01339465	      0.01262754	      0.20326648	      0.20876371	      0.04351927	      0.04774512	      0.04179011	      0.01151416	      0.01079757	      0.01073053	      0.01052884	      0.01376538	      0.01704284	      0.01047203	      0.01314119	      0.05084198	      0.03492778	      0.15573021	      0.03735888	      0.02203781	      0.05419413	      0.07624752	      0.04822044	      0.01833015	      0.01968021	      0.02015505	      0.03668189	      0.03590679	      0.03380551	      0.15042252	      0.10041436	      0.09029781	      0.26217417	      0.10050012	      0.08241674	      0.03350203	      0.02231866	      0.01838596	      0.01328927	      0.05853037	      0.05062763	      0.07088270	      0.01651582	      0.01339451	      0.01262785	      0.20331219	      0.20886158	      0.04347303	      0.04777479	      0.04188842	      0.01151425	      0.01079766	      0.01073061	      0.01052890	      0.01376171	      0.01703773	      0.01047194	      0.01314090	      0.05082927	      0.03493105	      0.15569371	      0.03735212	      0.02203429	      0.05418009	      0.07622598	      0.04821300	      0.02459759	      0.02460155	      0.04634955	      0.04634611	      0.04855861	      0.04854765
      1.63000000	      0.01006021	      0.02172906	      0.02273632	      0.05501832	      0.05240941	      0.04722151	      0.14044967	      0.11805378	      0.06545086	      0.19766039	      0.15220747	      0.09126872	      0.06952298	      0.04326099	      0.02916502	      0.01590732	      0.09668075	      0.08191743	      0.09156954	      0.01981895	      0.01525690	      0.01488407	      0.21245477	      0.21276193	      0.04714844	      0.07924682	      0.05995754	      0.01134009	      0.01104302	      0.01095068	      0.01069206	      0.02013103	      0.03007831	      0.01104114	      0.01864426	      0.06410605	      0.05584013	      0.21294027	      0.05645758	      0.02728461	      0.08132466	      0.11533029	      0.07641541	      0.01003449	      0.02172020	      0.02272389	      0.05501177	      0.05240302	      0.04720696	      0.14051860	      0.11812374	      0.06535180	      0.19764368	      0.15220546	      0.09129449	      0.06925537	      0.04330312	      0.02917368	      0.01590839	      0.09654807	      0.08194879	      0.09163446	      0.01981704	      0.01525654	      0.01488440	      0.21246979	      0.21270630	      0.04715019	      0.07926769	      0.05987856	      0.01134144	      0.01104339	      0.01095102	      0.01069231	      0.02012944	      0.03007603	      0.01104105	      0.01864406	      0.06410027	      0.05584362	      0.21292020	      0.05645460	      0.02728264	      0.08132188	      0.11532383	      0.07641516	      0.03617259	      0.03617145	      0.07970775	      0.07970879	      0.08407607	      0.08407921
      1.64000000	      0.01202487	      0.01308863	      0.01387637	      0.02050020	      0.01941715	      0.01829726	      0.12363455	      0.09124235	      0.07545955	      0.22314946	      0.09335445	      0.11106142	      0.05507939	      0.03548625	      0.02001427	      0.01245904	      0.04258028	      0.05533734	      0.07734362	      0.01338450	      0.01211533	      0.01235295	      0.18524980	      0.18951350	      0.09071477	      0.05498501	      0.02835332	      0.01105854	      0.01053284	      0.01048450	      0.01035665	      0.02637305	      0.03014671	      0.01052429	      0.01533612	      0.07085528	      0.05561163	      0.11323962	      0.02527941	      0.01639657	      0.04363486	      0.04603518	      0.03810076	      0.01202475	      0.01308847	      0.01387618	      0.02050010	      0.01941705	      0.01829714	      0.12363269	      0.09124203	      0.07545937	      0.22314090	      0.09335458	      0.11106422	      0.05507808	      0.03548642	      0.02001397	      0.01245889	      0.04257984	      0.05533642	      0.07734329	      0.01338432	      0.01211520	      0.01235281	      0.18524734	      0.18951024	      0.09071400	      0.05498607	      0.02835349	      0.01105844	      0.01053280	      0.01048447	      0.01035662	      0.02641058	      0.03007480	      0.01052442	      0.01533786	      0.07086758	      0.05560683	      0.11326247	      0.02527395	      0.01639882	      0.04363950	      0.04605439	      0.03810510	      0.01797323	      0.01797323	      0.04761234	      0.04761234	      0.05300164	      0.05300164
      1.65000000	      0.02018839	      0.02514807	      0.02822366	      0.04926271	      0.04672540	      0.04344061	      0.11750456	      0.10068676	      0.07315479	      0.21823526	      0.11963060	      0.16053968	      0.09893296	      0.07165375	      0.04665519	      0.02212714	      0.07985773	      0.08929375	      0.10468965	      0.02640845	      0.02065418	      0.02181621	      0.21981827	      0.22393787	      0.13399514	      0.08724636	      0.05946462	      0.01843550	      0.01323496	      0.01293382	      0.01218406	      0.03356559	      0.04962462	      0.01256976	      0.04108145	      0.10373608	      0.08645151	      0.12807469	      0.05281764	      0.03376891	      0.07736714	      0.08454349	      0.07571639	      0.02018839	      0.02514815	      0.02822394	      0.04926268	      0.04672549	      0.04344087	      0.11749110	      0.10068651	      0.07315368	      0.21827244	      0.11959560	      0.16054071	      0.09891805	      0.07165020	      0.04665459	      0.02212708	      0.07985567	      0.08929473	      0.10468915	      0.02640857	      0.02065425	      0.02181620	      0.22029275	      0.22345865	      0.13400972	      0.08724456	      0.05946591	      0.01843560	      0.01323497	      0.01293383	      0.01218407	      0.03356426	      0.04962263	      0.01256975	      0.04108226	      0.10373599	      0.08645114	      0.12805767	      0.05281637	      0.03376808	      0.07736680	      0.08454221	      0.07571666	      0.03868463	      0.03868470	      0.08364086	      0.08364079	      0.08909221	      0.08909202
      1.66000000	      0.01626527	      0.01947607	      0.02195359	      0.03338593	      0.03184986	      0.03001157	      0.08150236	      0.07677951	      0.05416787	      0.16392983	      0.09226790	      0.15495038	      0.10462237	      0.08446818	      0.04574503	      0.01958423	      0.05631981	      0.07397245	      0.08710543	      0.02135746	      0.01798833	      0.02076596	      0.17266640	      0.17587537	      0.16224432	      0.07565060	      0.04359673	      0.01880579	      0.01283355	      0.01256416	      0.01193405	      0.04622209	      0.05327202	      0.01238114	      0.04090781	      0.11111373	      0.09647225	      0.09478490	      0.04163401	      0.02816436	      0.05863459	      0.05512396	      0.05499327	      0.01626503	      0.01947595	      0.02195366	      0.03338612	      0.03185008	      0.03001180	      0.08150195	      0.07677953	      0.05416812	      0.16393141	      0.09226764	      0.15495341	      0.10462249	      0.08446653	      0.04574515	      0.01958397	      0.05631980	      0.07397217	      0.08710481	      0.02135743	      0.01798817	      0.02076577	      0.17266377	      0.17587365	      0.16224422	      0.07565058	      0.04359674	      0.01880610	      0.01283353	      0.01256414	      0.01193403	      0.04622210	      0.05327205	      0.01238112	      0.04090787	      0.11111359	      0.09647242	      0.09478498	      0.04163401	      0.02816444	      0.05863460	      0.05512400	      0.05499329	      0.02841893	      0.02841891	      0.06719612	      0.06719614	      0.07306683	      0.07306689
      1.67000000	      0.01862157	      0.02327507	      0.02665121	      0.04120510	      0.03944675	      0.03697065	      0.06378782	      0.06807135	      0.04351374	      0.14244937	      0.09751008	      0.15815599	      0.11080108	      0.09172559	      0.05531852	      0.02421748	      0.06646862	      0.08383600	      0.08988671	      0.02626420	      0.02187562	      0.02628174	      0.17072565	      0.17303121	      0.18056105	      0.08547551	      0.05072166	      0.03823894	      0.01545796	      0.01493326	      0.01377900	      0.04555247	      0.05770467	      0.01422185	      0.05598491	      0.11816669	      0.10365553	      0.09378819	      0.05186497	      0.03689256	      0.06791620	      0.06308840	      0.06448891	      0.01862156	      0.02327503	      0.02665111	      0.04120507	      0.03944670	      0.03697057	      0.06378782	      0.06807134	      0.04351370	      0.14244925	      0.09751012	      0.15815498	      0.11080123	      0.09172572	      0.05531865	      0.02421748	      0.06646859	      0.08383609	      0.08988682	      0.02626413	      0.02187557	      0.02628175	      0.17072403	      0.17303297	      0.18056105	      0.08547544	      0.05072138	      0.03823893	      0.01545796	      0.01493325	      0.01377899	      0.04555246	      0.05770470	      0.01422185	      0.05598489	      0.11816663	      0.10365560	      0.09378818	      0.05186496	      0.03689255	      0.06791621	      0.06308843	      0.06448891	      0.03197427	      0.03197426	      0.08086289	      0.08086290	      0.08906620	      0.08906623
      1.68000000	      0.01280464	      0.01643858	      0.02046371	      0.03001894	      0.02854167	      0.02653870	      0.04896499	      0.05871253	      0.04004347	      0.11949309	      0.09072509	      0.12222779	      0.09451599	      0.07475740	      0.06271541	      0.02679523	      0.05658676	      0.08373049	      0.08677648	      0.02251435	      0.02165770	      0.03771239	      0.15373407	      0.15658860	      0.15059322	      0.09308414	      0.04792521	      0.06973618	      0.01759824	      0.01687813	      0.01537866	      0.04649771	      0.04699828	      0.01404929	      0.05780958	      0.10664480	      0.09596900	      0.09036937	      0.04970137	      0.03546127	      0.06532832	      0.04586479	      0.05727279	      0.01280464	      0.01643858	      0.02046370	      0.03001893	      0.02854166	      0.02653870	      0.04896502	      0.05871257	      0.04004347	      0.11949321	      0.09072508	      0.12222778	      0.09451599	      0.07475737	      0.06271539	      0.02679521	      0.05658676	      0.08373051	      0.08677649	      0.02251434	      0.02165769	      0.03771238	      0.15373409	      0.15658869	      0.15059324	      0.09308414	      0.04792522	      0.06973613	      0.01759822	      0.01687812	      0.01537865	      0.04649728	      0.04699872	      0.01404938	      0.05780960	      0.10664477	      0.09596901	      0.09036934	      0.04970140	      0.03546133	      0.06532831	      0.04586476	      0.05727278	      0.02361028	      0.02361028	      0.08045688	      0.08045688	      0.08725971	      0.08725972
      1.69000000	      0.01731013	      0.02139274	      0.02516902	      0.03546147	      0.03464316	      0.03294483	      0.04274722	      0.04960310	      0.03469155	      0.08167876	      0.07422941	      0.12236155	      0.10446066	      0.13936791	      0.06459933	      0.02722468	      0.05454616	      0.07198556	      0.07109347	      0.02674411	      0.02469369	      0.03912376	      0.11370421	      0.11578108	      0.18616513	      0.07727893	      0.04788313	      0.10455530	      0.02072744	      0.01973598	      0.01777726	      0.05338667	      0.05861498	      0.01924923	      0.06782206	      0.12336663	      0.11557432	      0.06958904	      0.04846857	      0.03823413	      0.05872209	      0.04826715	      0.05415932	      0.01730937	      0.02139098	      0.02516435	      0.03545967	      0.03464025	      0.03294064	      0.04274731	      0.04961292	      0.03470197	      0.08164268	      0.07420526	      0.12262846	      0.10462190	      0.13879263	      0.06467530	      0.02723791	      0.05453507	      0.07199879	      0.07110734	      0.02674158	      0.02469169	      0.03916557	      0.11369222	      0.11575310	      0.18626219	      0.07727143	      0.04786426	      0.10452780	      0.02073300	      0.01974154	      0.01778181	      0.05337838	      0.05861059	      0.01925278	      0.06782714	      0.12336386	      0.11557623	      0.06957933	      0.04847019	      0.03823730	      0.05872117	      0.04826507	      0.05415841	      0.02698797	      0.02698808	      0.07593140	      0.07593128	      0.08686495	      0.08686467
      1.70000000	      0.01748573	      0.02183366	      0.02841325	      0.03647166	      0.03578160	      0.03406163	      0.04284008	      0.05198049	      0.03839512	      0.07876068	      0.07799030	      0.12384697	      0.10921736	      0.10046809	      0.07186271	      0.03488005	      0.05954695	      0.07787410	      0.07744585	      0.03013664	      0.03042759	      0.05491718	      0.11421390	      0.12166650	      0.18490248	      0.08749558	      0.05589026	      0.13707474	      0.03123486	      0.02959541	      0.02633208	      0.04810660	      0.05889608	      0.02484737	      0.08080537	      0.11439743	      0.10826551	      0.07713424	      0.05316074	      0.04099965	      0.06425249	      0.05243065	      0.05905727	      0.01745748	      0.02182980	      0.02821524	      0.03602272	      0.03548346	      0.03370793	      0.04437572	      0.05315184	      0.03997603	      0.08066995	      0.07909271	      0.12695050	      0.10820083	      0.10750653	      0.07323450	      0.03509448	      0.05929281	      0.07712188	      0.07576309	      0.03014440	      0.03066151	      0.05627183	      0.11927901	      0.11664388	      0.18844757	      0.08751527	      0.05585927	      0.13188676	      0.02995169	      0.02831306	      0.02514735	      0.05136014	      0.06060327	      0.02591802	      0.07688595	      0.12914648	      0.12230131	      0.07625839	      0.05471071	      0.04371012	      0.06603162	      0.04804199	      0.05679601	      0.03435928	      0.03051297	      0.07796872	      0.08300733	      0.09277313	      0.08218291
      1.71000000	      0.01045630	      0.03064372	      0.05042908	      0.06484914	      0.06467789	      0.06230412	      0.06348767	      0.07501188	      0.05496337	      0.13026482	      0.13496069	      0.11358376	      0.11643344	      0.12402908	      0.09044444	      0.05437842	      0.09665197	      0.11306859	      0.10761984	      0.05337845	      0.05320431	      0.07318583	      0.19256632	      0.20415358	      0.16760955	      0.14725679	      0.10075137	      0.18218348	      0.05442194	      0.05194275	      0.04500110	      0.05891463	      0.07873950	      0.02347797	      0.10630802	      0.13294829	      0.12709974	      0.14577825	      0.08341776	      0.06592882	      0.10298945	      0.08108608	      0.09576860	      0.01045807	      0.03064675	      0.05044727	      0.06484854	      0.06467737	      0.06229860	      0.06347731	      0.07502293	      0.05497303	      0.13044731	      0.13493817	      0.11379341	      0.11650696	      0.12402651	      0.09044174	      0.05438032	      0.09665843	      0.11305802	      0.10762981	      0.05338283	      0.05321563	      0.07318304	      0.19257946	      0.20402277	      0.16753880	      0.14721954	      0.10102920	      0.18223268	      0.05442646	      0.05194722	      0.04500515	      0.05893449	      0.07875044	      0.02348072	      0.10626337	      0.13294917	      0.12711287	      0.14589218	      0.08338578	      0.06592401	      0.10302947	      0.08111593	      0.09577316	      0.05861892	      0.05838782	      0.11189850	      0.11213719	      0.11837063	      0.11889553
      1.72000000	      0.01622833	      0.02042417	      0.02622147	      0.02960148	      0.02969260	      0.02906009	      0.03022083	      0.03675469	      0.02936226	      0.05081563	      0.05928126	      0.10372612	      0.09536008	      0.10506067	      0.06633153	      0.03147743	      0.04468828	      0.06255959	      0.05703732	      0.02733029	      0.02938396	      0.06662486	      0.08340488	      0.08521897	      0.19423718	      0.07400066	      0.04601585	      0.15762926	      0.05441172	      0.05451349	      0.05562107	      0.04368146	      0.04936747	      0.04412184	      0.07318889	      0.12597563	      0.12202973	      0.05659085	      0.04273041	      0.03463937	      0.05146488	      0.03654964	      0.04525126	      0.01622846	      0.02042432	      0.02622165	      0.02960185	      0.02969294	      0.02906004	      0.03022264	      0.03675788	      0.02936538	      0.05082052	      0.05921770	      0.10356722	      0.09550490	      0.10516948	      0.06635872	      0.03147597	      0.04468781	      0.06256769	      0.05706016	      0.02732999	      0.02938412	      0.06661179	      0.08361857	      0.08472208	      0.19421891	      0.07386822	      0.04602388	      0.15777472	      0.05441342	      0.05437775	      0.05564231	      0.04367178	      0.04936815	      0.04412591	      0.07319292	      0.12600544	      0.12199867	      0.05658049	      0.04273325	      0.03464135	      0.05146337	      0.03654940	      0.04525008	      0.02956112	      0.02953948	      0.06317165	      0.06319344	      0.07110894	      0.07115542
      1.73000000	      0.03303226	      0.04669995	      0.06359496	      0.06742218	      0.06844865	      0.06848282	      0.06157355	      0.07245259	      0.05413259	      0.10600356	      0.11865983	      0.13620409	      0.12217984	      0.12293722	      0.09100712	      0.05380030	      0.09641322	      0.11069707	      0.10261718	      0.06229967	      0.06268795	      0.08322751	      0.14802954	      0.15093196	      0.23461925	      0.12807588	      0.10012063	      0.24674671	      0.07804336	      0.07796899	      0.07154842	      0.05933899	      0.07889993	      0.04020192	      0.11688844	      0.14650816	      0.14066423	      0.12257764	      0.08545252	      0.06809304	      0.10249344	      0.09287335	      0.09788194	      0.03303055	      0.04669765	      0.06358919	      0.06742154	      0.06844771	      0.06848097	      0.06157455	      0.07245255	      0.05413531	      0.10601807	      0.11866461	      0.13610991	      0.12220364	      0.12298365	      0.09101754	      0.05380065	      0.09642162	      0.11071681	      0.10262490	      0.06229609	      0.06268211	      0.08328437	      0.14765108	      0.15126861	      0.23457282	      0.12803241	      0.10007681	      0.24681098	      0.07803190	      0.07795707	      0.07153603	      0.05933097	      0.07891481	      0.04020446	      0.11688331	      0.14649441	      0.14067916	      0.12259322	      0.08545211	      0.06809359	      0.10249419	      0.09287442	      0.09788330	      0.07627846	      0.07627820	      0.10931344	      0.10931370	      0.11556818	      0.11556871
      1.74000000	      0.01648859	      0.02378391	      0.03371095	      0.03432275	      0.03503000	      0.03534153	      0.03183520	      0.03944592	      0.03274904	      0.05401004	      0.06796664	      0.08372419	      0.07680123	      0.07767092	      0.06119704	      0.03559728	      0.05223729	      0.06783015	      0.06030152	      0.03471105	      0.03985072	      0.06384020	      0.08797755	      0.09216178	      0.16065447	      0.07851368	      0.05679264	      0.18249069	      0.08136411	      0.08206492	      0.08650875	      0.04577347	      0.05731850	      0.02681702	      0.08372748	      0.10021033	      0.09307842	      0.06116190	      0.04872503	      0.03993856	      0.05891097	      0.03829790	      0.05188166	      0.01663011	      0.02378552	      0.03389501	      0.03417095	      0.03489102	      0.03524472	      0.03198606	      0.03974575	      0.03331718	      0.05391676	      0.06670693	      0.08442018	      0.07936163	      0.08339567	      0.06269303	      0.03612849	      0.05156021	      0.06773109	      0.06069435	      0.03489109	      0.04077964	      0.06210347	      0.08212125	      0.08341637	      0.15695275	      0.08202660	      0.05759328	      0.19032335	      0.08281261	      0.08112639	      0.08281993	      0.04607856	      0.05765684	      0.02659086	      0.08368326	      0.09848651	      0.09491075	      0.06163321	      0.04873023	      0.03995278	      0.05890815	      0.03838861	      0.05189132	      0.04353601	      0.04399853	      0.06591711	      0.06548344	      0.07121710	      0.07034776
      1.75000000	      0.11328229	      0.16914141	      0.23566812	      0.21497482	      0.22261673	      0.23134877	      0.18288360	      0.20380742	      0.13903061	      0.33560973	      0.35811822	      0.26361069	      0.23238929	      0.21565245	      0.17631126	      0.12009130	      0.29879238	      0.28397031	      0.26896666	      0.20816022	      0.18700975	      0.14879391	      0.40625799	      0.42106380	      0.49344829	      0.32788423	      0.30979440	      0.57443660	      0.13133567	      0.13493439	      0.11520378	      0.10568827	      0.15798830	      0.05648080	      0.23049155	      0.25974916	      0.24963345	      0.42297433	      0.25550228	      0.20687610	      0.29697951	      0.35258505	      0.31318952	      0.11262812	      0.16736270	      0.22950275	      0.21495128	      0.22192025	      0.22939897	      0.18210886	      0.20459736	      0.13925332	      0.33447955	      0.35538622	      0.21617433	      0.23996023	      0.22327561	      0.18392385	      0.12157522	      0.29610341	      0.28692832	      0.27278927	      0.20453559	      0.18337405	      0.15548980	      0.41197147	      0.42824576	      0.48772178	      0.32236093	      0.29659380	      0.57813585	      0.13108545	      0.13452495	      0.11401858	      0.10588215	      0.15779824	      0.05643232	      0.23058660	      0.26000332	      0.25019517	      0.42251672	      0.25547675	      0.20700090	      0.29695369	      0.35390770	      0.31306617	      0.27152215	      0.27156818	      0.28072199	      0.28068113	      0.28237175	      0.28229201
      1.76000000	      0.01180160	      0.01338780	      0.01543864	      0.01559895	      0.01577043	      0.01593540	      0.01446638	      0.01579291	      0.01289025	      0.01870715	      0.02726341	      0.04998027	      0.05924150	      0.06180001	      0.04554056	      0.01475464	      0.01836005	      0.03396283	      0.02411555	      0.01539107	      0.01261278	      0.11553021	      0.04373327	      0.04960132	      0.16771416	      0.06929395	      0.01936457	      0.12624708	      0.10634137	      0.09783850	      0.13212394	      0.02310113	      0.02791942	      0.07908190	      0.05702298	      0.10571530	      0.11912127	      0.01614402	      0.01750796	      0.01575053	      0.02169045	      0.01682774	      0.01845555	      0.01176627	      0.01335935	      0.01542592	      0.01555717	      0.01571898	      0.01587824	      0.01459285	      0.01595871	      0.01370289	      0.01860017	      0.02663472	      0.04797159	      0.06088989	      0.06655883	      0.04638585	      0.01530048	      0.01815803	      0.03463934	      0.02445443	      0.01535575	      0.01267092	      0.10208263	      0.04192333	      0.04693525	      0.17292761	      0.06811204	      0.01860057	      0.12244879	      0.10725046	      0.10277033	      0.12993721	      0.02290811	      0.02804475	      0.07908790	      0.05714370	      0.10500944	      0.11984788	      0.01583121	      0.01753742	      0.01574496	      0.02165960	      0.01682866	      0.01847621	      0.03485586	      0.03464666	      0.01991332	      0.02008907	      0.01812357	      0.01845602
      1.77000000	      0.02537197	      0.03929338	      0.06577758	      0.05100574	      0.05297262	      0.05861776	      0.04419941	      0.05685150	      0.04996862	      0.07473334	      0.10176010	      0.09057090	      0.08887058	      0.10246600	      0.07706793	      0.05004348	      0.07647539	      0.09394784	      0.08289920	      0.06255575	      0.07605539	      0.09462560	      0.10737207	      0.10987096	      0.22571327	      0.11866443	      0.10134544	      0.22408795	      0.12800695	      0.12709035	      0.13673450	      0.05867470	      0.07502831	      0.06117642	      0.10591240	      0.13557415	      0.13594834	      0.10144767	      0.07602873	      0.06374980	      0.08902895	      0.06149351	      0.07860663	      0.02601088	      0.03755066	      0.06429758	      0.04977296	      0.05156371	      0.05757498	      0.04229230	      0.05656327	      0.05041162	      0.07563799	      0.10131338	      0.09386622	      0.08950770	      0.10393960	      0.07533530	      0.04925377	      0.07815432	      0.09280470	      0.08433451	      0.06270407	      0.08142998	      0.08787528	      0.10698466	      0.10908764	      0.22564604	      0.11955742	      0.10152057	      0.22026371	      0.12785837	      0.12611602	      0.13887535	      0.05868409	      0.07473635	      0.06144574	      0.10463661	      0.13823189	      0.13385435	      0.10056877	      0.07630613	      0.06276870	      0.09110120	      0.06237774	      0.07825676	      0.10909647	      0.10940202	      0.07867767	      0.07843620	      0.07434391	      0.07390044
      1.78000000	      0.01574881	      0.02148375	      0.03317237	      0.02619581	      0.02741495	      0.02966852	      0.02528599	      0.03132196	      0.03289574	      0.03884572	      0.05505587	      0.06069202	      0.06205322	      0.07795376	      0.05311915	      0.03252692	      0.03753635	      0.05467014	      0.04673607	      0.03332497	      0.04845612	      0.08359583	      0.05627387	      0.06030053	      0.19114652	      0.07471468	      0.05474593	      0.14749596	      0.11898670	      0.11518649	      0.15198555	      0.03738893	      0.04581789	      0.07439599	      0.07100480	      0.11419473	      0.11177816	      0.05393441	      0.04005747	      0.03322177	      0.04957550	      0.02895786	      0.03930082	      0.01574903	      0.02148411	      0.03317314	      0.02619416	      0.02741555	      0.02966858	      0.02528504	      0.03131951	      0.03290305	      0.03884393	      0.05505251	      0.06069044	      0.06205840	      0.07795688	      0.05312152	      0.03255323	      0.03753728	      0.05467149	      0.04673369	      0.03331440	      0.04845362	      0.08359481	      0.05626958	      0.06026999	      0.19113852	      0.07472396	      0.05475028	      0.14753309	      0.11899005	      0.11518632	      0.15196793	      0.03739251	      0.04582130	      0.07439189	      0.07100720	      0.11419746	      0.11177573	      0.05393090	      0.04005677	      0.03322218	      0.04957362	      0.02895786	      0.03930197	      0.07554773	      0.07553596	      0.04152399	      0.04153271	      0.03628708	      0.03630264
      1.79000000	      0.02826424	      0.08182928	      0.11572651	      0.09387678	      0.09919045	      0.10640078	      0.06779049	      0.08825027	      0.08021624	      0.12809607	      0.14770963	      0.11184243	      0.11456178	      0.12517984	      0.10202102	      0.07277046	      0.12005551	      0.13289151	      0.12004913	      0.10792585	      0.12658371	      0.11980985	      0.14664932	      0.13482610	      0.28172862	      0.18211483	      0.15563254	      0.31345768	      0.14294582	      0.15132161	      0.11199884	      0.07308952	      0.10199327	      0.05045082	      0.12865694	      0.16678379	      0.16155456	      0.15537864	      0.12305297	      0.11611395	      0.13409781	      0.12456139	      0.12402286	      0.02894547	      0.07898641	      0.11286375	      0.09091937	      0.09601633	      0.10325016	      0.07975075	      0.09558228	      0.08227270	      0.13244665	      0.16345308	      0.10904036	      0.11144030	      0.12708393	      0.09620116	      0.06452805	      0.11971590	      0.13298160	      0.12139674	      0.10509205	      0.12739942	      0.12844484	      0.14457890	      0.15115423	      0.27070460	      0.18097771	      0.16390606	      0.31379361	      0.14230823	      0.14166632	      0.12818355	      0.07368067	      0.10247920	      0.05023958	      0.12698153	      0.16730422	      0.16204767	      0.15541415	      0.12285904	      0.11544811	      0.13466664	      0.12546597	      0.12439501	      0.17730433	      0.17704254	      0.11214598	      0.11233100	      0.10115262	      0.10147111
      1.80000000	      0.01452614	      0.01999519	      0.03284820	      0.02284810	      0.02413670	      0.02702797	      0.02365911	      0.02923068	      0.03545786	      0.03427413	      0.05088621	      0.04989182	      0.05496280	      0.07332163	      0.04996115	      0.03177550	      0.03101754	      0.05001233	      0.04256673	      0.03260366	      0.05446374	      0.09199837	      0.04356104	      0.04780059	      0.17197982	      0.07436239	      0.05426637	      0.14089957	      0.11273824	      0.11019118	      0.13396672	      0.02438335	      0.03762155	      0.07380649	      0.06532962	      0.09707538	      0.09708112	      0.04099129	      0.03688143	      0.03124488	      0.04580570	      0.02600531	      0.03515761	      0.01453597	      0.02001562	      0.03287916	      0.02286825	      0.02415665	      0.02704790	      0.02360321	      0.02917878	      0.03543911	      0.03408280	      0.05071615	      0.04993703	      0.05504960	      0.07344940	      0.05011620	      0.03191660	      0.03100459	      0.05000649	      0.04250182	      0.03265244	      0.05461559	      0.09230782	      0.04341918	      0.04762574	      0.17178193	      0.07428086	      0.05423399	      0.14144033	      0.11423106	      0.11165805	      0.13559428	      0.03270565	      0.04143505	      0.06856985	      0.06451685	      0.09759226	      0.09649837	      0.04633946	      0.03742138	      0.03191824	      0.04586646	      0.02595898	      0.03519348	      0.07346227	      0.07346203	      0.03660885	      0.03660901	      0.03064296	      0.03064323
      1.81000000	      0.02890427	      0.05081130	      0.08904229	      0.05621609	      0.06083500	      0.07018099	      0.05559588	      0.06651090	      0.07070098	      0.09092522	      0.11853079	      0.07802608	      0.08464628	      0.09954260	      0.08115007	      0.06000009	      0.08151302	      0.09760991	      0.08881005	      0.08202286	      0.10976185	      0.11109530	      0.10520557	      0.10855197	      0.23774242	      0.13178794	      0.11917674	      0.22078418	      0.11762293	      0.11678116	      0.12577399	      0.05562658	      0.07444179	      0.05194420	      0.09110872	      0.12739237	      0.12265725	      0.12436963	      0.09615221	      0.09084229	      0.10059514	      0.07895356	      0.09164969	      0.02890806	      0.05084740	      0.08900230	      0.05621273	      0.06083916	      0.07016361	      0.05559086	      0.06650862	      0.07070590	      0.09091979	      0.11853723	      0.07801961	      0.08464951	      0.09953002	      0.08114885	      0.05999760	      0.08149666	      0.09761007	      0.08881127	      0.08199790	      0.10977824	      0.11110359	      0.10521822	      0.10854606	      0.23774673	      0.13179927	      0.11918885	      0.22078378	      0.11762075	      0.11677880	      0.12577658	      0.05563002	      0.07444099	      0.05194238	      0.09111001	      0.12739936	      0.12264458	      0.12437132	      0.09615237	      0.09084174	      0.10059477	      0.07894818	      0.09165287	      0.13443037	      0.13444164	      0.08271594	      0.08270906	      0.07081066	      0.07079921
      1.82000000	      0.04256469	      0.01299354	      0.06408772	      0.02352647	      0.02939225	      0.03909802	      0.02514328	      0.02870554	      0.03229596	      0.04609126	      0.03619240	      0.04276267	      0.05669630	      0.08589875	      0.05733283	      0.04932445	      0.03864710	      0.06170747	      0.04806797	      0.05215153	      0.14109400	      0.06616957	      0.10277705	      0.11227806	      0.20917947	      0.06767400	      0.09556224	      0.10932109	      0.05656988	      0.11169520	      0.13458351	      0.03702487	      0.05309809	      0.04163926	      0.05455021	      0.08316856	      0.08139723	      0.07397846	      0.07061563	      0.04463127	      0.06813936	      0.04326589	      0.05329137	      0.04247749	      0.01101654	      0.07148288	      0.02676856	      0.02381474	      0.04102125	      0.01687102	      0.04049007	      0.05914553	      0.04984542	      0.09652753	      0.05341885	      0.06534273	      0.07144511	      0.06510534	      0.04155285	      0.03829996	      0.05981530	      0.06267939	      0.06282728	      0.09780974	      0.13617082	      0.07181262	      0.09084991	      0.14136706	      0.13208080	      0.09971922	      0.16421677	      0.10320378	      0.10671036	      0.08033604	      0.03684151	      0.04614399	      0.03609624	      0.06312561	      0.07959453	      0.08638821	      0.05288644	      0.07126444	      0.03849489	      0.06668890	      0.04202642	      0.05889285	      0.06871825	      0.11191271	      0.04589020	      0.02107850	      0.07725674	      0.03698328
      1.83000000	      0.01603717	      0.02455561	      0.04396320	      0.02589031	      0.02799339	      0.03271653	      0.02669279	      0.03209985	      0.03866984	      0.03945513	      0.05685757	      0.03764945	      0.04320862	      0.05429302	      0.04319110	      0.03265745	      0.03450492	      0.04817699	      0.04291318	      0.04088220	      0.06242531	      0.06778083	      0.04130871	      0.04602845	      0.13758956	      0.06920086	      0.06058169	      0.12298116	      0.07596734	      0.07481461	      0.08872340	      0.02959748	      0.03829325	      0.03474749	      0.04736986	      0.06796785	      0.06507225	      0.05722785	      0.04663986	      0.04442548	      0.04897789	      0.03484856	      0.04245446	      0.01603716	      0.02455560	      0.04396328	      0.02589032	      0.02799339	      0.03271652	      0.02669284	      0.03209985	      0.03866985	      0.03945516	      0.05685795	      0.03764955	      0.04320868	      0.05429279	      0.04319096	      0.03265735	      0.03450494	      0.04817694	      0.04291318	      0.04088214	      0.06242439	      0.06778041	      0.04130883	      0.04602786	      0.13758992	      0.06920107	      0.06058197	      0.12298073	      0.07596825	      0.07481506	      0.08872269	      0.02959723	      0.03829351	      0.03474795	      0.04736986	      0.06796809	      0.06507192	      0.05722881	      0.04664009	      0.04442591	      0.04897785	      0.03484853	      0.04245444	      0.06410284	      0.06410276	      0.04089515	      0.04089519	      0.03500419	      0.03500426
      1.84000000	      0.01075805	      0.01184801	      0.01556218	      0.01222715	      0.01253408	      0.01338776	      0.01281271	      0.01465463	      0.02253746	      0.01481254	      0.02654959	      0.02513080	      0.02878251	      0.02974672	      0.03234252	      0.01810899	      0.01321742	      0.02984526	      0.02204190	      0.01568144	      0.04560669	      0.04156952	      0.01783783	      0.02045549	      0.07721415	      0.04968729	      0.03328280	      0.07904350	      0.05717821	      0.05643490	      0.06665923	      0.01669535	      0.02131324	      0.02133500	      0.02196044	      0.03446940	      0.03627875	      0.02381146	      0.01794077	      0.01558713	      0.02377830	      0.01364605	      0.01666630	      0.01075805	      0.01184801	      0.01556217	      0.01222715	      0.01253408	      0.01338776	      0.01281271	      0.01465463	      0.02253747	      0.01481254	      0.02654960	      0.02513080	      0.02878251	      0.02974672	      0.03234252	      0.01810899	      0.01321742	      0.02984526	      0.02204190	      0.01568144	      0.04560669	      0.04156951	      0.01783783	      0.02045550	      0.07721415	      0.04968730	      0.03328280	      0.07904350	      0.05717821	      0.05643490	      0.06665924	      0.01669535	      0.02131324	      0.02133500	      0.02196044	      0.03446940	      0.03627875	      0.02381146	      0.01794077	      0.01558713	      0.02377830	      0.01364605	      0.01666630	      0.03706126	      0.03706127	      0.01964313	      0.01964313	      0.01656897	      0.01656897
      1.85000000	      0.01044066	      0.01108909	      0.01320548	      0.01126475	      0.01144940	      0.01194499	      0.01160898	      0.01250369	      0.01517772	      0.01295122	      0.01808035	      0.01778991	      0.02052644	      0.02885621	      0.01853199	      0.01338330	      0.01187355	      0.01803390	      0.01544765	      0.01310238	      0.02266798	      0.04035681	      0.01412736	      0.01541824	      0.08224710	      0.02943450	      0.01971933	      0.06189884	      0.04337360	      0.04226585	      0.05710788	      0.01302785	      0.01473728	      0.01843289	      0.02023813	      0.03112124	      0.02908947	      0.01740671	      0.01437864	      0.01343990	      0.01626421	      0.01214171	      0.01362984	      0.01044060	      0.01108890	      0.01320369	      0.01126478	      0.01144945	      0.01194458	      0.01160894	      0.01250047	      0.01514963	      0.01295154	      0.01809239	      0.01777044	      0.02051417	      0.02884734	      0.01852245	      0.01338569	      0.01187405	      0.01804282	      0.01545286	      0.01310693	      0.02263723	      0.04048645	      0.01412637	      0.01541829	      0.08219932	      0.02943459	      0.01971236	      0.06191609	      0.04340965	      0.04225211	      0.05706983	      0.01302937	      0.01473774	      0.01843293	      0.02024627	      0.03112452	      0.02909007	      0.01741312	      0.01437535	      0.01345128	      0.01626290	      0.01214373	      0.01363189	      0.02113998	      0.02111501	      0.01328114	      0.01329381	      0.01056139	      0.01058139
      1.86000000	      0.01005353	      0.01013113	      0.01038391	      0.01015571	      0.01017840	      0.01024050	      0.01021921	      0.01035786	      0.01094134	      0.01044109	      0.01213822	      0.01592090	      0.01860102	      0.02917401	      0.01331700	      0.01048878	      0.01022960	      0.01253503	      0.01110747	      0.01037900	      0.01373115	      0.04007646	      0.01081357	      0.01138303	      0.08624213	      0.02588129	      0.01240699	      0.05385821	      0.03217653	      0.03120414	      0.04301636	      0.01061372	      0.01101069	      0.02124653	      0.01804400	      0.03074600	      0.02773586	      0.01193607	      0.01053548	      0.01037162	      0.01112871	      0.01028076	      0.01050464	      0.01005353	      0.01013109	      0.01038343	      0.01015571	      0.01017839	      0.01024045	      0.01021918	      0.01035786	      0.01094036	      0.01044109	      0.01213688	      0.01608580	      0.01884388	      0.02829026	      0.01333064	      0.01048901	      0.01022960	      0.01254178	      0.01110850	      0.01037864	      0.01369856	      0.04023824	      0.01081663	      0.01139064	      0.08640393	      0.02589649	      0.01239751	      0.05377952	      0.03219837	      0.03122861	      0.04304571	      0.01061922	      0.01101345	      0.02118690	      0.01815028	      0.03084913	      0.02761716	      0.01184398	      0.01054105	      0.01037638	      0.01112527	      0.01027899	      0.01050279	      0.01060146	      0.01062178	      0.01195646	      0.01194639	      0.01474090	      0.01472501
      1.87000000	      0.01106947	      0.01272156	      0.01817965	      0.01298786	      0.01347934	      0.01473156	      0.01390110	      0.01561143	      0.01905457	      0.01824991	      0.02719520	      0.01908429	      0.02181673	      0.02918340	      0.02078898	      0.01570589	      0.01470898	      0.02259220	      0.02021866	      0.01726880	      0.02909093	      0.03918510	      0.01888123	      0.02152888	      0.08627923	      0.03674404	      0.02792221	      0.06391977	      0.03107435	      0.03067977	      0.03534228	      0.01593212	      0.01847281	      0.01807103	      0.02162251	      0.03449019	      0.03243148	      0.02466342	      0.02052893	      0.01963612	      0.02168602	      0.01527280	      0.01815650	      0.01106947	      0.01272156	      0.01817963	      0.01298786	      0.01347934	      0.01473156	      0.01390108	      0.01561141	      0.01905455	      0.01824984	      0.02719522	      0.01908434	      0.02181680	      0.02918353	      0.02078903	      0.01570591	      0.01470897	      0.02259222	      0.02021864	      0.01726880	      0.02909097	      0.03918469	      0.01888120	      0.02152884	      0.08627908	      0.03674500	      0.02792224	      0.06391963	      0.03107409	      0.03067959	      0.03534215	      0.01593263	      0.01846919	      0.01807132	      0.02161703	      0.03449667	      0.03242548	      0.02465799	      0.02053829	      0.01962507	      0.02168831	      0.01527322	      0.01815743	      0.02221451	      0.02221449	      0.02079473	      0.02079473	      0.02022921	      0.02022922
      1.88000000	      0.01046901	      0.01118634	      0.01369086	      0.01133005	      0.01154887	      0.01212532	      0.01182523	      0.01276066	      0.01500743	      0.01409946	      0.02073858	      0.01665178	      0.01876098	      0.02610968	      0.01688748	      0.01293476	      0.01207178	      0.01793824	      0.01592943	      0.01332818	      0.02141433	      0.03530170	      0.01519184	      0.01737169	      0.08344690	      0.03009748	      0.02086311	      0.05503982	      0.02535704	      0.02494349	      0.03041624	      0.01356645	      0.01501632	      0.01633246	      0.01789005	      0.03037541	      0.02817559	      0.01808162	      0.01528192	      0.01454565	      0.01642866	      0.01232058	      0.01392046	      0.01046901	      0.01118634	      0.01369086	      0.01133005	      0.01154886	      0.01212532	      0.01182523	      0.01276067	      0.01500747	      0.01409948	      0.02073878	      0.01665179	      0.01876102	      0.02610939	      0.01688750	      0.01293476	      0.01207178	      0.01793824	      0.01592944	      0.01332818	      0.02141424	      0.03530311	      0.01519181	      0.01737165	      0.08344616	      0.03009744	      0.02086320	      0.05504039	      0.02535612	      0.02494271	      0.03041705	      0.01356642	      0.01501631	      0.01633249	      0.01789005	      0.03037542	      0.02817559	      0.01808163	      0.01528192	      0.01454565	      0.01642866	      0.01232058	      0.01392046	      0.01521797	      0.01521793	      0.01761136	      0.01761138	      0.01762731	      0.01762735
      1.89000000	      0.01041845	      0.01106291	      0.01337361	      0.01118587	      0.01138534	      0.01191208	      0.01164429	      0.01250819	      0.01458264	      0.01383998	      0.02042791	      0.01641428	      0.01836572	      0.02547070	      0.01638388	      0.01263675	      0.01185255	      0.01748603	      0.01557330	      0.01300580	      0.02065378	      0.03423823	      0.01498514	      0.01729076	      0.08248621	      0.02950058	      0.02043322	      0.05351328	      0.02343246	      0.02308113	      0.02772157	      0.01335722	      0.01471142	      0.01581183	      0.01751532	      0.02984692	      0.02766966	      0.01822496	      0.01432209	      0.01503327	      0.01591178	      0.01207654	      0.01354060	      0.01041845	      0.01106292	      0.01337361	      0.01118587	      0.01138534	      0.01191209	      0.01164429	      0.01250818	      0.01458260	      0.01383995	      0.02042776	      0.01641429	      0.01836570	      0.02547032	      0.01638388	      0.01263675	      0.01185255	      0.01748603	      0.01557329	      0.01300581	      0.02065340	      0.03423507	      0.01498517	      0.01729079	      0.08248868	      0.02949934	      0.02043297	      0.05351172	      0.02343265	      0.02308131	      0.02772169	      0.01335605	      0.01471084	      0.01581246	      0.01752723	      0.02984827	      0.02766847	      0.01823321	      0.01425398	      0.01508128	      0.01591319	      0.01207640	      0.01354149	      0.01464073	      0.01464073	      0.01685606	      0.01685606	      0.01828265	      0.01828265
      1.90000000	      0.01483372	      0.02260769	      0.04242797	      0.02241313	      0.02462922	      0.02948654	      0.02530414	      0.02911386	      0.03348865	      0.04395359	      0.05689408	      0.02718862	      0.03148175	      0.03895384	      0.03239958	      0.02538326	      0.03104955	      0.03911724	      0.03719616	      0.03668784	      0.05269993	      0.04673066	      0.03738875	      0.04350298	      0.10767235	      0.05928685	      0.05560715	      0.08674262	      0.03587296	      0.03600857	      0.03442924	      0.02480493	      0.03108602	      0.02192491	      0.03292087	      0.05279676	      0.05020507	      0.05641491	      0.04438870	      0.04563944	      0.04238396	      0.03214909	      0.03737852	      0.01482789	      0.02259370	      0.04244653	      0.02240171	      0.02461710	      0.02947672	      0.02528606	      0.02910183	      0.03348143	      0.04396579	      0.05688663	      0.02718300	      0.03147764	      0.03894801	      0.03239621	      0.02537620	      0.03104208	      0.03911568	      0.03719450	      0.03668229	      0.05270270	      0.04675411	      0.03737984	      0.04346775	      0.10771414	      0.05892264	      0.05557793	      0.08676403	      0.03586179	      0.03599740	      0.03441512	      0.02480720	      0.03108795	      0.02192445	      0.03292053	      0.05279675	      0.05020485	      0.05641964	      0.04439015	      0.04564119	      0.04238398	      0.03214898	      0.03737845	      0.04779549	      0.04777106	      0.03647054	      0.03648178	      0.03282472	      0.03284275
      1.91000000	      0.01329454	      0.01866846	      0.03389754	      0.01861776	      0.02019779	      0.02379721	      0.02042416	      0.02362427	      0.02757650	      0.03315129	      0.04525781	      0.02365984	      0.02718106	      0.03365491	      0.02768719	      0.02175596	      0.02443776	      0.03246175	      0.03045651	      0.02959019	      0.04382418	      0.04094526	      0.03013541	      0.03493286	      0.09011519	      0.04911625	      0.04540416	      0.07711270	      0.03292056	      0.03292812	      0.03283141	      0.01989441	      0.02495354	      0.01877103	      0.02714326	      0.04329235	      0.04115384	      0.04693010	      0.03607135	      0.03694436	      0.03464235	      0.02576681	      0.03021897	      0.01329454	      0.01866847	      0.03389755	      0.01861777	      0.02019781	      0.02379723	      0.02042416	      0.02362424	      0.02757648	      0.03315127	      0.04525767	      0.02365987	      0.02718109	      0.03365479	      0.02768721	      0.02175596	      0.02443779	      0.03246176	      0.03045649	      0.02959020	      0.04382460	      0.04094503	      0.03013546	      0.03493298	      0.09011551	      0.04911586	      0.04540386	      0.07711263	      0.03292063	      0.03292802	      0.03283143	      0.01989440	      0.02495354	      0.01877103	      0.02714327	      0.04329232	      0.04115387	      0.04693010	      0.03607134	      0.03694436	      0.03464235	      0.02576681	      0.03021897	      0.04057982	      0.04057983	      0.02868199	      0.02868199	      0.02467971	      0.02467970
      1.92000000	      0.01087703	      0.01228170	      0.01728430	      0.01242599	      0.01286840	      0.01399314	      0.01315096	      0.01468152	      0.01751323	      0.01739646	      0.02665179	      0.01847368	      0.02072911	      0.02752808	      0.01931903	      0.01472670	      0.01385293	      0.02123538	      0.01918082	      0.01618476	      0.02702109	      0.03701921	      0.01858849	      0.02180307	      0.08040015	      0.03630038	      0.02728552	      0.05889466	      0.02487570	      0.02469802	      0.02640274	      0.01475674	      0.01722589	      0.01544467	      0.01983605	      0.03319608	      0.03118902	      0.02082230	      0.01859360	      0.01743904	      0.01991600	      0.01392837	      0.01648715	      0.01087703	      0.01228170	      0.01728430	      0.01242599	      0.01286840	      0.01399313	      0.01315096	      0.01468152	      0.01751325	      0.01739647	      0.02665181	      0.01847368	      0.02072911	      0.02752807	      0.01931903	      0.01472670	      0.01385293	      0.02123538	      0.01918082	      0.01618476	      0.02702112	      0.03701957	      0.01858848	      0.02180306	      0.08039990	      0.03630043	      0.02728555	      0.05889484	      0.02487564	      0.02469797	      0.02640267	      0.01475674	      0.01722589	      0.01544467	      0.01983605	      0.03319608	      0.03118902	      0.02082230	      0.01859361	      0.01743905	      0.01991600	      0.01392837	      0.01648715	      0.01212476	      0.01212475	      0.01900823	      0.01900823	      0.01738930	      0.01738930
      1.93000000	      0.01220968	      0.01584737	      0.02725840	      0.01588179	      0.01699558	      0.01962848	      0.01715096	      0.01988473	      0.02358897	      0.02655799	      0.03778087	      0.02194716	      0.02492034	      0.03116710	      0.02465588	      0.01909592	      0.01968716	      0.02820765	      0.02619832	      0.02411163	      0.03675119	      0.03851610	      0.02603403	      0.03047100	      0.08948028	      0.04314452	      0.03816995	      0.06773637	      0.02973271	      0.02966648	      0.03046357	      0.01888744	      0.02270285	      0.01868347	      0.02502149	      0.04103719	      0.03871408	      0.03555422	      0.02868346	      0.02855378	      0.02870109	      0.01985778	      0.02401645	      0.01220971	      0.01584745	      0.02725857	      0.01588186	      0.01699567	      0.01962859	      0.01715092	      0.01988467	      0.02358868	      0.02655774	      0.03778066	      0.02194707	      0.02492020	      0.03116681	      0.02465577	      0.01909593	      0.01968732	      0.02820757	      0.02619817	      0.02411175	      0.03675067	      0.03851528	      0.02603417	      0.03047114	      0.08948209	      0.04314325	      0.03816966	      0.06773536	      0.02973296	      0.02966672	      0.03046368	      0.01888740	      0.02270281	      0.01868349	      0.02502151	      0.04103717	      0.03871408	      0.03555416	      0.02868345	      0.02855377	      0.02870108	      0.01985777	      0.02401644	      0.02907240	      0.02904510	      0.02696380	      0.02697571	      0.02601534	      0.02603485
      1.94000000	      0.01175916	      0.01464181	      0.02380453	      0.01468555	      0.01557865	      0.01770470	      0.01544653	      0.01777775	      0.02080941	      0.02266724	      0.03310173	      0.02072159	      0.02321329	      0.02890089	      0.02258700	      0.01759090	      0.01765371	      0.02549760	      0.02345076	      0.02132576	      0.03197224	      0.03560487	      0.02379411	      0.02791273	      0.08855000	      0.03892509	      0.03342811	      0.06212527	      0.02813548	      0.02808082	      0.02952008	      0.01726104	      0.02059342	      0.01771072	      0.02316238	      0.03896786	      0.03645986	      0.02973101	      0.02484692	      0.02438516	      0.02533989	      0.01759095	      0.02113595	      0.01175952	      0.01464309	      0.02381497	      0.01468661	      0.01558008	      0.01770668	      0.01544729	      0.01778072	      0.02080570	      0.02267549	      0.03305782	      0.02071664	      0.02321272	      0.02889095	      0.02257435	      0.01758985	      0.01765538	      0.02549432	      0.02344746	      0.02133465	      0.03196704	      0.03565818	      0.02379713	      0.02792538	      0.08856091	      0.03886708	      0.03342519	      0.06214439	      0.02812805	      0.02806786	      0.02952248	      0.01726416	      0.02060027	      0.01771438	      0.02316555	      0.03896339	      0.03646215	      0.02975128	      0.02485107	      0.02439761	      0.02534508	      0.01758970	      0.02113519	      0.02414423	      0.02413366	      0.02476949	      0.02477402	      0.02440874	      0.02441621
      1.95000000	      0.01664897	      0.02752460	      0.05244415	      0.02634206	      0.02942222	      0.03572970	      0.02867207	      0.03351834	      0.03814058	      0.05140112	      0.06528191	      0.03081285	      0.03579193	      0.04371609	      0.03728910	      0.02959114	      0.03728979	      0.04464709	      0.04281784	      0.04415828	      0.06027903	      0.05153019	      0.04471684	      0.05207188	      0.11183550	      0.06642536	      0.06499736	      0.09358873	      0.04092474	      0.04096855	      0.03915022	      0.02855751	      0.03595399	      0.02494873	      0.03747029	      0.06188880	      0.05877656	      0.06516437	      0.05129951	      0.05332182	      0.04889249	      0.03593862	      0.04191270	      0.01664745	      0.02751536	      0.05245406	      0.02633253	      0.02941334	      0.03573762	      0.02865988	      0.03351188	      0.03811647	      0.05138085	      0.06525218	      0.03079745	      0.03577481	      0.04368745	      0.03727954	      0.02958615	      0.03730045	      0.04463573	      0.04280610	      0.04418271	      0.06024325	      0.05147169	      0.04472488	      0.05206578	      0.11202985	      0.06599951	      0.06496647	      0.09352705	      0.04093330	      0.04097715	      0.03915432	      0.02856108	      0.03595330	      0.02494819	      0.03747039	      0.06188749	      0.05877633	      0.06516971	      0.05130044	      0.05332410	      0.04889195	      0.03593780	      0.04191237	      0.05571072	      0.05537207	      0.04237098	      0.04251322	      0.03807724	      0.03831422
      1.96000000	      0.01534482	      0.02477723	      0.05256130	      0.02335940	      0.02617987	      0.03234399	      0.02439902	      0.02918045	      0.03383020	      0.04787244	      0.06633580	      0.02804820	      0.03260953	      0.03980687	      0.03411018	      0.02664283	      0.03449961	      0.04113482	      0.03903017	      0.04127792	      0.05979482	      0.04650149	      0.04134503	      0.04932964	      0.06994812	      0.06611352	      0.06651808	      0.08749125	      0.03880270	      0.03878519	      0.03732828	      0.02383990	      0.03080819	      0.02161809	      0.03249986	      0.05279269	      0.05117813	      0.07214432	      0.05095832	      0.05735008	      0.04623569	      0.03829434	      0.03830091	      0.01535470	      0.02480343	      0.05259006	      0.02337245	      0.02619948	      0.03235906	      0.02441915	      0.02919836	      0.03386008	      0.04785952	      0.06630713	      0.02804351	      0.03261029	      0.03979490	      0.03411199	      0.02665107	      0.03450561	      0.04111912	      0.03903477	      0.04130084	      0.05981917	      0.04650317	      0.04129865	      0.04926042	      0.06986160	      0.06607796	      0.06649641	      0.08737320	      0.03879939	      0.03878804	      0.03733195	      0.02383937	      0.03080988	      0.02161677	      0.03249508	      0.05280035	      0.05118236	      0.07214224	      0.05096749	      0.05735999	      0.04625198	      0.03829331	      0.03829175	      0.06232997	      0.06234733	      0.03562610	      0.03560569	      0.03469173	      0.03471234
      1.97000000	      0.01224707	      0.01605668	      0.02822202	      0.01588459	      0.01709021	      0.01987612	      0.01685079	      0.01970328	      0.02309610	      0.02688563	      0.03714448	      0.02222021	      0.02484452	      0.03030344	      0.02446276	      0.01904581	      0.01979202	      0.02794157	      0.02623505	      0.02435663	      0.03545977	      0.03597901	      0.02731784	      0.03215314	      0.08648563	      0.04118148	      0.03793025	      0.06461367	      0.02795656	      0.02795910	      0.02813429	      0.01879300	      0.02259008	      0.01836212	      0.02451499	      0.04151872	      0.03925175	      0.03445367	      0.02812670	      0.02788135	      0.02830259	      0.01846972	      0.02289880	      0.01224536	      0.01605201	      0.02821058	      0.01588108	      0.01708624	      0.01987145	      0.01682801	      0.01967593	      0.02303233	      0.02682049	      0.03726399	      0.02221872	      0.02483600	      0.03026944	      0.02444771	      0.01903351	      0.01979694	      0.02794482	      0.02620856	      0.02434251	      0.03550032	      0.03569235	      0.02738601	      0.03237356	      0.08625344	      0.04268308	      0.03800767	      0.06407357	      0.02808343	      0.02809252	      0.02833177	      0.01878474	      0.02258085	      0.01836243	      0.02451766	      0.04167611	      0.03908235	      0.03442332	      0.02812102	      0.02787105	      0.02830177	      0.01847287	      0.02290128	      0.02462583	      0.02462583	      0.02728764	      0.02728764	      0.02574861	      0.02574861
      1.98000000	      0.01128457	      0.01346636	      0.02155354	      0.01343130	      0.01415336	      0.01589855	      0.01409275	      0.01613674	      0.01891144	      0.02088003	      0.02994153	      0.02013076	      0.02192700	      0.02697705	      0.02069479	      0.01598570	      0.01566212	      0.02327180	      0.02167467	      0.01894293	      0.02857639	      0.03264210	      0.02276184	      0.02716219	      0.08055440	      0.03491030	      0.03076776	      0.05720620	      0.02341621	      0.02345300	      0.02398670	      0.01654083	      0.01895392	      0.01665368	      0.02067954	      0.03709968	      0.03447317	      0.02716183	      0.02213373	      0.02178966	      0.02253021	      0.01480847	      0.01794902	      0.01128458	      0.01346637	      0.02155356	      0.01343130	      0.01415336	      0.01589857	      0.01409275	      0.01613674	      0.01891140	      0.02088003	      0.02994077	      0.02013067	      0.02192692	      0.02697682	      0.02069473	      0.01598569	      0.01566214	      0.02327179	      0.02167462	      0.01894294	      0.02857565	      0.03264218	      0.02276177	      0.02716192	      0.08055467	      0.03491067	      0.03076742	      0.05720634	      0.02341619	      0.02345299	      0.02398649	      0.01654083	      0.01895391	      0.01665367	      0.02067954	      0.03709952	      0.03447335	      0.02716180	      0.02213372	      0.02178964	      0.02253021	      0.01480847	      0.01794902	      0.02017010	      0.02016992	      0.02351314	      0.02351321	      0.02522340	      0.02522352
      1.99000000	      0.01842715	      0.03374270	      0.06387149	      0.03114091	      0.03524105	      0.04306967	      0.03241000	      0.03817755	      0.04272642	      0.06191917	      0.07394139	      0.03388600	      0.03933331	      0.04729907	      0.04160490	      0.03348793	      0.04444343	      0.04979227	      0.04853116	      0.05237615	      0.06694146	      0.05415364	      0.05355918	      0.06211035	      0.11237838	      0.07204645	      0.07394969	      0.09605093	      0.04399192	      0.04373592	      0.04141570	      0.03218799	      0.04048844	      0.02731862	      0.04113228	      0.07029507	      0.06679522	      0.07473081	      0.05879512	      0.06169590	      0.05583794	      0.03994847	      0.04661721	      0.01840756	      0.03376380	      0.06389261	      0.03115448	      0.03525498	      0.04307950	      0.03241692	      0.03818151	      0.04272417	      0.06193483	      0.07396393	      0.03388243	      0.03932813	      0.04728955	      0.04160150	      0.03349102	      0.04444185	      0.04978807	      0.04852839	      0.05238284	      0.06695429	      0.05414344	      0.05355730	      0.06210913	      0.11260411	      0.07129621	      0.07397169	      0.09608540	      0.04398692	      0.04373083	      0.04141002	      0.03218923	      0.04048976	      0.02731915	      0.04113163	      0.07029596	      0.06679567	      0.07473424	      0.05879730	      0.06169688	      0.05583814	      0.03994908	      0.04661761	      0.06187157	      0.06187180	      0.04692174	      0.04692165	      0.04237943	      0.04237928
      2.00000000	      0.01054043	      0.01146122	      0.01576565	      0.01146739	      0.01179098	      0.01260655	      0.01181756	      0.01293964	      0.01475145	      0.01581181	      0.02466115	      0.01839408	      0.01896090	      0.02394214	      0.01661769	      0.01295709	      0.01241765	      0.01865199	      0.01723260	      0.01416307	      0.02211266	      0.03063250	      0.01911009	      0.02469561	      0.07361311	      0.03211172	      0.02533559	      0.04797240	      0.01771372	      0.01776687	      0.01814042	      0.01420372	      0.01535083	      0.01464459	      0.01667514	      0.03309097	      0.03090287	      0.01973544	      0.01630594	      0.01595713	      0.01684795	      0.01184899	      0.01349567	      0.01054047	      0.01146132	      0.01576665	      0.01146749	      0.01179110	      0.01260672	      0.01181723	      0.01293912	      0.01474936	      0.01580949	      0.02465622	      0.01839241	      0.01895837	      0.02393512	      0.01661660	      0.01295706	      0.01241791	      0.01865085	      0.01723059	      0.01416325	      0.02210945	      0.03061187	      0.01911347	      0.02470481	      0.07362842	      0.03213087	      0.02533501	      0.04794768	      0.01771986	      0.01777345	      0.01815030	      0.01420315	      0.01535031	      0.01464486	      0.01667538	      0.03309135	      0.03090242	      0.01973469	      0.01630579	      0.01595690	      0.01684787	      0.01184899	      0.01349567	      0.01433091	      0.01433090	      0.01902129	      0.01902129	      0.02446625	      0.02446625
      2.01000000	      0.01320543	      0.01875568	      0.03471635	      0.01801139	      0.01975539	      0.02348427	      0.01893372	      0.02232501	      0.02556313	      0.03418283	      0.04289354	      0.02356847	      0.02613850	      0.03119262	      0.02618736	      0.02074574	      0.02374693	      0.03048682	      0.02947845	      0.02857910	      0.03871875	      0.03603793	      0.03323018	      0.03925531	      0.08267789	      0.04516714	      0.04359047	      0.06166961	      0.02710599	      0.02693920	      0.02606236	      0.02120522	      0.02508106	      0.01904091	      0.02580715	      0.04602207	      0.04319050	      0.04131356	      0.03258251	      0.03332500	      0.03196130	      0.02059726	      0.02534336	      0.01320551	      0.01875579	      0.03471951	      0.01801149	      0.01975548	      0.02348405	      0.01893369	      0.02232495	      0.02556316	      0.03418611	      0.04288086	      0.02356812	      0.02613801	      0.03119296	      0.02618692	      0.02074575	      0.02374676	      0.03048697	      0.02947830	      0.02857659	      0.03871077	      0.03602647	      0.03322784	      0.03925275	      0.08269034	      0.04515488	      0.04359133	      0.06166927	      0.02710673	      0.02693926	      0.02606282	      0.02120489	      0.02508050	      0.01904063	      0.02580678	      0.04602601	      0.04318940	      0.04131074	      0.03258289	      0.03332328	      0.03196248	      0.02059847	      0.02534459	      0.03062885	      0.03063065	      0.03032180	      0.03032113	      0.03025223	      0.03025103
      2.02000000	      0.01027098	      0.01073816	      0.01321314	      0.01073905	      0.01090887	      0.01134853	      0.01098317	      0.01165570	      0.01284478	      0.01401289	      0.02072585	      0.01810433	      0.01725541	      0.02208711	      0.01420960	      0.01158202	      0.01122302	      0.01593171	      0.01500779	      0.01220458	      0.01755196	      0.02838054	      0.01746245	      0.02282585	      0.07128948	      0.02914352	      0.02174285	      0.04301940	      0.01334729	      0.01329683	      0.01305053	      0.01322353	      0.01361037	      0.01313706	      0.01423347	      0.03228207	      0.02938119	      0.01564059	      0.01332502	      0.01291349	      0.01391690	      0.01083969	      0.01171241	      0.01027095	      0.01073810	      0.01321329	      0.01073899	      0.01090881	      0.01134846	      0.01098317	      0.01165570	      0.01284491	      0.01401286	      0.02072871	      0.01810344	      0.01725536	      0.02208940	      0.01420961	      0.01158195	      0.01122291	      0.01593176	      0.01500792	      0.01220458	      0.01755303	      0.02839716	      0.01746136	      0.02283076	      0.07127410	      0.02915620	      0.02174838	      0.04302319	      0.01334632	      0.01329574	      0.01304881	      0.01322376	      0.01361047	      0.01313699	      0.01423308	      0.03228183	      0.02938147	      0.01564080	      0.01332496	      0.01291339	      0.01391691	      0.01083970	      0.01171242	      0.01163479	      0.01163479	      0.01713621	      0.01713621	      0.02403992	      0.02403992
      2.03000000	      0.01120925	      0.01335022	      0.02212225	      0.01315593	      0.01389257	      0.01565106	      0.01381089	      0.01576186	      0.01808368	      0.02315302	      0.02971306	      0.01943940	      0.02031124	      0.02414601	      0.01906561	      0.01507621	      0.01548244	      0.02184568	      0.02114918	      0.01841564	      0.02594551	      0.02810728	      0.02499405	      0.03057682	      0.07272203	      0.03355384	      0.03057596	      0.04508964	      0.01849278	      0.01837163	      0.01786877	      0.01649730	      0.01827586	      0.01512897	      0.01869563	      0.03704700	      0.03410934	      0.02643919	      0.02114703	      0.02116624	      0.02126902	      0.01366676	      0.01639672	      0.01120925	      0.01335022	      0.02212225	      0.01315593	      0.01389257	      0.01565106	      0.01381089	      0.01576186	      0.01808368	      0.02315302	      0.02971305	      0.01943939	      0.02031123	      0.02414601	      0.01906561	      0.01507621	      0.01548244	      0.02184568	      0.02114918	      0.01841565	      0.02594552	      0.02810727	      0.02499404	      0.03057683	      0.07272204	      0.03355383	      0.03057595	      0.04508964	      0.01849278	      0.01837163	      0.01786877	      0.01649730	      0.01827586	      0.01512897	      0.01869563	      0.03704700	      0.03410934	      0.02643919	      0.02114703	      0.02116624	      0.02126902	      0.01366676	      0.01639672	      0.01817839	      0.01817840	      0.02296448	      0.02296448	      0.02558992	      0.02558992
      2.04000000	      0.01010187	      0.01027930	      0.01140152	      0.01027719	      0.01034308	      0.01051808	      0.01039063	      0.01068204	      0.01132797	      0.01255159	      0.01764976	      0.01782600	      0.01515060	      0.01942115	      0.01195604	      0.01060248	      0.01046676	      0.01329512	      0.01283774	      0.01086279	      0.01391638	      0.02335301	      0.01686474	      0.02344795	      0.07368343	      0.02409333	      0.01874475	      0.03388768	      0.01115301	      0.01112898	      0.01103162	      0.01317573	      0.01204417	      0.01165329	      0.01282339	      0.03371049	      0.02716943	      0.01269065	      0.01119375	      0.01100177	      0.01161263	      0.01028496	      0.01061520	      0.01010196	      0.01027916	      0.01139039	      0.01027742	      0.01034314	      0.01051758	      0.01038687	      0.01067694	      0.01130785	      0.01230412	      0.01735649	      0.01832676	      0.01531180	      0.01944652	      0.01199408	      0.01060857	      0.01046521	      0.01331272	      0.01280737	      0.01086191	      0.01392511	      0.02360249	      0.01649922	      0.02276539	      0.07287183	      0.02512804	      0.01865072	      0.03498638	      0.01120003	      0.01117717	      0.01108402	      0.01549513	      0.01153834	      0.01000008	      0.01282640	      0.03373870	      0.02714504	      0.01300008	      0.01117741	      0.01094692	      0.01162660	      0.01028685	      0.01061965	      0.01070811	      0.01070811	      0.01568777	      0.01568777	      0.02411250	      0.02411250
      2.05000000	      0.01036443	      0.01100331	      0.01484347	      0.01098224	      0.01121976	      0.01184875	      0.01122945	      0.01209201	      0.01322340	      0.01627140	      0.02118621	      0.01539305	      0.01621260	      0.01887332	      0.01444243	      0.01191858	      0.01170545	      0.01639337	      0.01578615	      0.01297715	      0.01742917	      0.02155391	      0.02083552	      0.02557224	      0.06299915	      0.02545186	      0.02164021	      0.03760044	      0.01355330	      0.01349440	      0.01324488	      0.01070994	      0.01268902	      0.01083185	      0.01246430	      0.02950104	      0.02633717	      0.01613784	      0.01413217	      0.01274560	      0.01491620	      0.01096261	      0.01207230	      0.01036443	      0.01100331	      0.01484347	      0.01098224	      0.01121976	      0.01184875	      0.01122944	      0.01209200	      0.01322339	      0.01627134	      0.02118638	      0.01539314	      0.01621263	      0.01887338	      0.01444245	      0.01191858	      0.01170544	      0.01639338	      0.01578614	      0.01297715	      0.01742920	      0.02155406	      0.02083549	      0.02557214	      0.06299893	      0.02545192	      0.02164034	      0.03760061	      0.01355333	      0.01349443	      0.01324491	      0.01071018	      0.01268940	      0.01083217	      0.01246442	      0.02949583	      0.02634283	      0.01613945	      0.01413199	      0.01274679	      0.01491614	      0.01096255	      0.01207221	      0.01256382	      0.01256382	      0.01781717	      0.01781717	      0.01762940	      0.01762940
      2.06000000	      0.01160960	      0.01448194	      0.02548353	      0.01406855	      0.01503092	      0.01725103	      0.01496001	      0.01725840	      0.01979053	      0.02775852	      0.03168430	      0.02050187	      0.02113837	      0.02459193	      0.02007802	      0.01599995	      0.01707420	      0.02307210	      0.02294016	      0.02037000	      0.02733599	      0.02789893	      0.02803613	      0.03378794	      0.06655240	      0.03483340	      0.03325226	      0.04052402	      0.01836250	      0.01817747	      0.01740223	      0.01766699	      0.01949933	      0.01533562	      0.01924332	      0.03911865	      0.03646410	      0.02926260	      0.02303617	      0.02339413	      0.02293364	      0.01407228	      0.01711616	      0.01160401	      0.01447139	      0.02547866	      0.01405838	      0.01501876	      0.01723767	      0.01495400	      0.01725834	      0.01977588	      0.02779948	      0.03169095	      0.02051057	      0.02114949	      0.02462159	      0.02008475	      0.01599622	      0.01706107	      0.02307856	      0.02295491	      0.02036251	      0.02738160	      0.02795406	      0.02800129	      0.03378784	      0.06641876	      0.03486714	      0.03328363	      0.04058064	      0.01834923	      0.01816309	      0.01738877	      0.01767210	      0.01950510	      0.01533146	      0.01924096	      0.03914734	      0.03643210	      0.02926459	      0.02303730	      0.02339355	      0.02293651	      0.01407252	      0.01711597	      0.01972656	      0.01974957	      0.02394634	      0.02393852	      0.02556397	      0.02554876
      2.07000000	      0.01048271	      0.01135088	      0.01636920	      0.01126824	      0.01158150	      0.01238700	      0.01176092	      0.01285302	      0.01463113	      0.01972077	      0.02238946	      0.01822212	      0.01702197	      0.01989902	      0.01493485	      0.01226967	      0.01220924	      0.01689850	      0.01695112	      0.01375027	      0.01859032	      0.02318330	      0.02181986	      0.02858399	      0.06656001	      0.02718429	      0.02408231	      0.02904198	      0.01314049	      0.01305282	      0.01268934	      0.01460739	      0.01485225	      0.01275213	      0.01454216	      0.03518774	      0.03199710	      0.01818757	      0.01516991	      0.01498852	      0.01545993	      0.01113434	      0.01229434	      0.01048310	      0.01135129	      0.01634568	      0.01126911	      0.01158231	      0.01238721	      0.01176157	      0.01285455	      0.01463483	      0.01966866	      0.02233354	      0.01831667	      0.01706844	      0.01999231	      0.01494599	      0.01227225	      0.01220949	      0.01691110	      0.01696458	      0.01374724	      0.01858673	      0.02248926	      0.02171350	      0.02843095	      0.06681915	      0.02726344	      0.02403887	      0.02899639	      0.01314432	      0.01305664	      0.01269308	      0.01460635	      0.01485218	      0.01275490	      0.01454370	      0.03559362	      0.03153973	      0.01817353	      0.01516962	      0.01498877	      0.01545876	      0.01113449	      0.01229460	      0.01302560	      0.01302560	      0.01865617	      0.01865617	      0.02316760	      0.02316760
      2.08000000	      0.01132279	      0.01382997	      0.03084814	      0.01338910	      0.01427811	      0.01656432	      0.01401700	      0.01625759	      0.01871525	      0.02968231	      0.03448953	      0.01916098	      0.01987645	      0.02286238	      0.01911056	      0.01503447	      0.01646154	      0.02256470	      0.02246642	      0.02028024	      0.02914955	      0.02535557	      0.02857038	      0.03153853	      0.03312241	      0.03356486	      0.03694447	      0.04579974	      0.01721961	      0.01701672	      0.01615830	      0.01507279	      0.02121340	      0.01531460	      0.02173882	      0.02655137	      0.02774804	      0.05020377	      0.01584973	      0.04572471	      0.02142878	      0.01315363	      0.01624464	      0.01132277	      0.01383062	      0.03089395	      0.01338907	      0.01427841	      0.01656586	      0.01401854	      0.01625835	      0.01871535	      0.02976646	      0.03457477	      0.01913374	      0.01985588	      0.02283622	      0.01909918	      0.01503028	      0.01646555	      0.02255708	      0.02246360	      0.02028308	      0.02915135	      0.02531598	      0.02862846	      0.03164115	      0.03317025	      0.03359116	      0.03701158	      0.04556029	      0.01720637	      0.01700360	      0.01614628	      0.01518400	      0.01984607	      0.01469121	      0.02038528	      0.02692648	      0.02746586	      0.04734149	      0.01988482	      0.04047386	      0.02232999	      0.01320608	      0.01622008	      0.01935030	      0.01934921	      0.02137145	      0.02136939	      0.01917337	      0.01917138
      2.09000000	      0.01179756	      0.01494140	      0.02578887	      0.01439685	      0.01541285	      0.01768753	      0.01539494	      0.01773737	      0.02013046	      0.02877267	      0.02970686	      0.02119833	      0.02114651	      0.02380782	      0.02000891	      0.01617950	      0.01752269	      0.02270657	      0.02296002	      0.02050395	      0.02580599	      0.02602080	      0.02905626	      0.03426654	      0.06238966	      0.03211442	      0.03152980	      0.03297497	      0.01761184	      0.01742244	      0.01659316	      0.01796573	      0.01952018	      0.01513888	      0.01886172	      0.04090670	      0.03753653	      0.02848934	      0.02266406	      0.02307938	      0.02257610	      0.01357237	      0.01648130	      0.01179756	      0.01494142	      0.02578866	      0.01439686	      0.01541285	      0.01768754	      0.01539502	      0.01773747	      0.02013077	      0.02877219	      0.02970639	      0.02119806	      0.02114633	      0.02380765	      0.02000881	      0.01617947	      0.01752270	      0.02270653	      0.02296011	      0.02050397	      0.02580581	      0.02602048	      0.02905632	      0.03426665	      0.06239029	      0.03211424	      0.03152906	      0.03297513	      0.01761164	      0.01742225	      0.01659299	      0.01796563	      0.01951945	      0.01513869	      0.01886135	      0.04090623	      0.03753726	      0.02848796	      0.02266628	      0.02307690	      0.02257676	      0.01357242	      0.01648139	      0.01979945	      0.01979946	      0.02313888	      0.02313887	      0.02449021	      0.02449020
      2.10000000	      0.01119654	      0.01341854	      0.02509058	      0.01298003	      0.01373461	      0.01557313	      0.01353899	      0.01529909	      0.01669664	      0.02508341	      0.02810079	      0.01683558	      0.01750015	      0.01945431	      0.01705008	      0.01417311	      0.01548873	      0.01952017	      0.01957005	      0.01809788	      0.02310960	      0.02069636	      0.02696302	      0.03212141	      0.04032638	      0.02848070	      0.03046987	      0.03406644	      0.01518056	      0.01502426	      0.01435042	      0.01258039	      0.01537017	      0.01248945	      0.01498421	      0.02824670	      0.02688518	      0.03247203	      0.02164542	      0.02470572	      0.02041132	      0.01246101	      0.01452976	      0.01119654	      0.01341854	      0.02509054	      0.01298003	      0.01373461	      0.01557312	      0.01353899	      0.01529910	      0.01669667	      0.02508346	      0.02810074	      0.01683558	      0.01750015	      0.01945431	      0.01705009	      0.01417311	      0.01548872	      0.01952018	      0.01957006	      0.01809788	      0.02310959	      0.02069636	      0.02696299	      0.03212134	      0.04032636	      0.02848069	      0.03046982	      0.03406659	      0.01518057	      0.01502427	      0.01435044	      0.01258054	      0.01537027	      0.01248954	      0.01498420	      0.02824671	      0.02688521	      0.03247247	      0.02164546	      0.02470601	      0.02041135	      0.01246102	      0.01452976	      0.01667398	      0.01667398	      0.01933622	      0.01933622	      0.01793307	      0.01793307
      2.11000000	      0.01041957	      0.01115844	      0.01502331	      0.01106962	      0.01132976	      0.01198882	      0.01162612	      0.01258289	      0.01424151	      0.02080762	      0.01838717	      0.01969298	      0.01608597	      0.01774841	      0.01390429	      0.01183827	      0.01182706	      0.01533815	      0.01590588	      0.01294828	      0.01552528	      0.01933297	      0.02181136	      0.02739733	      0.06392086	      0.02250107	      0.01994215	      0.01621513	      0.01198589	      0.01191944	      0.01163721	      0.01433003	      0.01452298	      0.01228431	      0.01367417	      0.03818856	      0.03385514	      0.01478176	      0.01347457	      0.01314864	      0.01385070	      0.01072703	      0.01153581	      0.01041957	      0.01115844	      0.01502332	      0.01106962	      0.01132976	      0.01198882	      0.01162612	      0.01258289	      0.01424150	      0.02080763	      0.01838719	      0.01969297	      0.01608596	      0.01774841	      0.01390429	      0.01183827	      0.01182706	      0.01533815	      0.01590588	      0.01294828	      0.01552527	      0.01933296	      0.02181139	      0.02739734	      0.06392087	      0.02250108	      0.01994217	      0.01621507	      0.01198589	      0.01191944	      0.01163721	      0.01432992	      0.01452299	      0.01228431	      0.01367419	      0.03818853	      0.03385517	      0.01478161	      0.01347453	      0.01314857	      0.01385068	      0.01072703	      0.01153581	      0.01235604	      0.01235603	      0.01635768	      0.01635768	      0.02118006	      0.02118006
      2.12000000	      0.01124104	      0.01352573	      0.02558135	      0.01303995	      0.01380506	      0.01566211	      0.01383237	      0.01562595	      0.01724920	      0.02824851	      0.02726430	      0.01689985	      0.01729562	      0.01890446	      0.01685342	      0.01412467	      0.01558783	      0.01914930	      0.01960721	      0.01801146	      0.02215945	      0.01941502	      0.02666425	      0.03043665	      0.03172225	      0.02685579	      0.02951561	      0.03474551	      0.01453119	      0.01437864	      0.01371875	      0.01326313	      0.01354561	      0.01127715	      0.01267392	      0.02648627	      0.02532508	      0.03261689	      0.02198760	      0.02317280	      0.02059972	      0.01210039	      0.01402131	      0.01123860	      0.01352652	      0.02574951	      0.01303563	      0.01380228	      0.01566737	      0.01382808	      0.01561781	      0.01724781	      0.02828896	      0.02733287	      0.01692758	      0.01728410	      0.01892568	      0.01683347	      0.01411645	      0.01558935	      0.01912867	      0.01959090	      0.01803866	      0.02222120	      0.01986616	      0.02673968	      0.03056367	      0.03141742	      0.02689586	      0.02959858	      0.03476264	      0.01451974	      0.01436697	      0.01370639	      0.01311827	      0.01374603	      0.01141282	      0.01270493	      0.02639455	      0.02539007	      0.03281898	      0.02206690	      0.02332370	      0.02055474	      0.01209200	      0.01400468	      0.01826392	      0.01826401	      0.01837092	      0.01837112	      0.01813188	      0.01813207
      2.13000000	      0.01148123	      0.01399598	      0.02341391	      0.01357713	      0.01438725	      0.01623822	      0.01509100	      0.01725650	      0.01977985	      0.03100516	      0.02776556	      0.02412632	      0.02149333	      0.02382113	      0.01902621	      0.01530113	      0.01587263	      0.02138566	      0.02234186	      0.01839591	      0.02269488	      0.02577966	      0.03237980	      0.02566213	      0.04717371	      0.03403763	      0.03322267	      0.02263122	      0.01534166	      0.01517694	      0.01444531	      0.01595755	      0.01881550	      0.01433693	      0.01756928	      0.04125482	      0.04040497	      0.02132577	      0.01924198	      0.01870686	      0.01970718	      0.01212700	      0.01431488	      0.01147522	      0.01398299	      0.02339218	      0.01356410	      0.01437191	      0.01622068	      0.01512037	      0.01729985	      0.02006070	      0.03294673	      0.02700016	      0.02409039	      0.02163250	      0.02404700	      0.01908941	      0.01531410	      0.01583090	      0.02138818	      0.02248123	      0.01841345	      0.02294019	      0.02647457	      0.02891161	      0.02864486	      0.04655875	      0.03307408	      0.03220331	      0.02431811	      0.01533531	      0.01517027	      0.01443741	      0.01595893	      0.01881073	      0.01433593	      0.01757189	      0.04185167	      0.03973598	      0.02129983	      0.01920930	      0.01871997	      0.01970857	      0.01212788	      0.01431614	      0.01814273	      0.01814273	      0.02064018	      0.02064018	      0.02104107	      0.02104107
      2.14000000	      0.01054079	      0.01147591	      0.01643602	      0.01134071	      0.01165851	      0.01245362	      0.01212141	      0.01323906	      0.01407189	      0.01988922	      0.01856760	      0.01743642	      0.01609089	      0.01720003	      0.01440184	      0.01224637	      0.01220303	      0.01573125	      0.01632371	      0.01354411	      0.01606984	      0.01788322	      0.02292085	      0.02817257	      0.04573235	      0.02181214	      0.02114402	      0.01566718	      0.01209669	      0.01202278	      0.01170139	      0.01349852	      0.01227639	      0.01074237	      0.01226948	      0.03280401	      0.03123624	      0.01876514	      0.01502603	      0.01500566	      0.01496783	      0.01074253	      0.01155998	      0.01054055	      0.01147606	      0.01644902	      0.01134031	      0.01165837	      0.01245442	      0.01215028	      0.01326730	      0.01413448	      0.02003274	      0.01860480	      0.01737910	      0.01606578	      0.01717530	      0.01439000	      0.01224091	      0.01220399	      0.01572760	      0.01634614	      0.01354468	      0.01606349	      0.01784786	      0.02300276	      0.02827732	      0.04577969	      0.02182749	      0.02116779	      0.01555772	      0.01207809	      0.01200431	      0.01168404	      0.01277545	      0.01259466	      0.01097156	      0.01242381	      0.03368065	      0.03022883	      0.01837743	      0.01495900	      0.01496899	      0.01490335	      0.01073662	      0.01155273	      0.01311391	      0.01311392	      0.01513012	      0.01513014	      0.01524813	      0.01524815
      2.15000000	      0.01244825	      0.01656172	      0.02846306	      0.01526602	      0.01642714	      0.01874626	      0.01581581	      0.01748293	      0.01836116	      0.03094392	      0.02673671	      0.01842700	      0.01793052	      0.01893171	      0.01753908	      0.01532608	      0.02010961	      0.01961086	      0.02015673	      0.02015022	      0.02118568	      0.01909662	      0.02871457	      0.03081655	      0.03117696	      0.02413493	      0.02680166	      0.02922263	      0.01515550	      0.01498151	      0.01420330	      0.01343798	      0.01598587	      0.01234608	      0.01523665	      0.02934578	      0.02816139	      0.03562734	      0.02294616	      0.02808949	      0.02147433	      0.01300640	      0.01533748	      0.01244825	      0.01656174	      0.02846318	      0.01526602	      0.01642714	      0.01874628	      0.01581578	      0.01748290	      0.01836122	      0.03094395	      0.02673676	      0.01842707	      0.01793053	      0.01893174	      0.01753908	      0.01532607	      0.02010966	      0.01961086	      0.02015673	      0.02015023	      0.02118568	      0.01909670	      0.02871458	      0.03081657	      0.03117685	      0.02413499	      0.02680169	      0.02922262	      0.01515553	      0.01498153	      0.01420333	      0.01343825	      0.01598543	      0.01234587	      0.01523645	      0.02934589	      0.02816135	      0.03562687	      0.02294662	      0.02808869	      0.02147468	      0.01300643	      0.01533750	      0.02164698	      0.02164698	      0.01934289	      0.01934289	      0.01921589	      0.01921589
      2.16000000	      0.01051469	      0.01136091	      0.01552449	      0.01125152	      0.01153146	      0.01222199	      0.01265338	      0.01368903	      0.01438418	      0.02265020	      0.01710952	      0.01754016	      0.01601641	      0.01670582	      0.01420776	      0.01214896	      0.01194190	      0.01529484	      0.01628883	      0.01311194	      0.01507710	      0.01685618	      0.02227196	      0.02685445	      0.04048967	      0.01989282	      0.01932475	      0.01301123	      0.01164075	      0.01157824	      0.01130664	      0.01013402	      0.01280339	      0.01112006	      0.01191530	      0.03386199	      0.03043127	      0.01597150	      0.01382868	      0.01375270	      0.01412513	      0.01056701	      0.01123894	      0.01051466	      0.01136070	      0.01552490	      0.01125140	      0.01153124	      0.01222149	      0.01263632	      0.01367552	      0.01434978	      0.02254651	      0.01710067	      0.01756946	      0.01602813	      0.01671943	      0.01421300	      0.01215133	      0.01194108	      0.01529643	      0.01628178	      0.01311242	      0.01508352	      0.01688018	      0.02221822	      0.02684163	      0.04044143	      0.01992126	      0.01934575	      0.01302822	      0.01164640	      0.01158382	      0.01131180	      0.01055774	      0.01241730	      0.01095375	      0.01190594	      0.03382269	      0.03048823	      0.01601269	      0.01384788	      0.01370451	      0.01413918	      0.01056953	      0.01124476	      0.01315130	      0.01315129	      0.01386597	      0.01386589	      0.01351783	      0.01351775
      2.17000000	      0.01313433	      0.01697649	      0.02485772	      0.01647411	      0.01747423	      0.01947076	      0.01868930	      0.02102684	      0.02307825	      0.04051839	      0.02561694	      0.02929586	      0.02488293	      0.02553387	      0.02241270	      0.01871395	      0.01897520	      0.02388090	      0.02464827	      0.02124748	      0.02374146	      0.02594516	      0.02734196	      0.02992317	      0.04281254	      0.02799457	      0.02776302	      0.02155233	      0.01754820	      0.01733820	      0.01634796	      0.02147943	      0.01999249	      0.01538300	      0.01940062	      0.04875743	      0.04648102	      0.02707157	      0.02269978	      0.02259977	      0.02310067	      0.01295134	      0.01576365	      0.01321198	      0.01713020	      0.02501251	      0.01656988	      0.01757816	      0.01957932	      0.02085742	      0.02166181	      0.02503464	      0.03350733	      0.02613030	      0.02769105	      0.02438545	      0.02503370	      0.02219836	      0.01862719	      0.01909461	      0.02377300	      0.02496740	      0.02131984	      0.02367089	      0.02523094	      0.03001442	      0.03223371	      0.04448705	      0.02799276	      0.02786284	      0.02128347	      0.01742343	      0.01721862	      0.01625504	      0.02175103	      0.02041592	      0.01552102	      0.01927182	      0.04992663	      0.04514678	      0.02792214	      0.02293076	      0.02303566	      0.02318761	      0.01294756	      0.01575118	      0.02396803	      0.02396193	      0.02080240	      0.02080410	      0.02014283	      0.02014709
      2.18000000	      0.01054518	      0.01136500	      0.01455375	      0.01130007	      0.01156007	      0.01218523	      0.01632289	      0.01602631	      0.02279404	      0.02729531	      0.01580899	      0.02731195	      0.01962527	      0.01935590	      0.01513223	      0.01250763	      0.01182977	      0.01571031	      0.01778549	      0.01295872	      0.01466683	      0.01969574	      0.02026030	      0.02345686	      0.04378766	      0.01923804	      0.01777888	      0.01190349	      0.01147491	      0.01141596	      0.01115897	      0.01941784	      0.01572837	      0.01238792	      0.01367874	      0.04521856	      0.04382107	      0.01534037	      0.01346727	      0.01323223	      0.01376401	      0.01047585	      0.01108551	      0.01054523	      0.01136515	      0.01454800	      0.01130017	      0.01156019	      0.01218538	      0.01629852	      0.01600926	      0.02214135	      0.02827723	      0.01580500	      0.02768562	      0.01956891	      0.01933952	      0.01513154	      0.01250750	      0.01182996	      0.01570758	      0.01776661	      0.01295923	      0.01466987	      0.01971949	      0.02002868	      0.02291302	      0.04383082	      0.01923275	      0.01778799	      0.01190499	      0.01147531	      0.01141631	      0.01115914	      0.01914672	      0.01570123	      0.01244476	      0.01374960	      0.04517751	      0.04386590	      0.01505742	      0.01342628	      0.01312218	      0.01374042	      0.01047513	      0.01108599	      0.01344970	      0.01344970	      0.01380656	      0.01380656	      0.01389739	      0.01389739
      2.19000000	      0.01088220	      0.01223739	      0.01679241	      0.01199901	      0.01240301	      0.01333409	      0.01549087	      0.01560668	      0.02084923	      0.02791553	      0.01768190	      0.02306738	      0.01678362	      0.01707961	      0.01484566	      0.01283148	      0.01291907	      0.01593314	      0.01725521	      0.01424078	      0.01572525	      0.01710676	      0.02242162	      0.02534916	      0.03127101	      0.01949013	      0.01951058	      0.01265160	      0.01195951	      0.01188388	      0.01154983	      0.01347284	      0.01395270	      0.01120747	      0.01250853	      0.03820715	      0.03463409	      0.01753276	      0.01620562	      0.01419823	      0.01565706	      0.01101142	      0.01199059	      0.01109836	      0.01250911	      0.01495884	      0.01239450	      0.01279038	      0.01355899	      0.01694794	      0.01612589	      0.02014031	      0.02717346	      0.01682375	      0.02228428	      0.01626989	      0.01614672	      0.01484101	      0.01322741	      0.01329950	      0.01575050	      0.01672088	      0.01406240	      0.01449182	      0.01517425	      0.02222659	      0.02429800	      0.03801903	      0.01725715	      0.01692907	      0.01223335	      0.01210667	      0.01202275	      0.01168168	      0.01340679	      0.01397863	      0.01147737	      0.01264465	      0.03191437	      0.04045068	      0.01812161	      0.01605530	      0.01439173	      0.01556882	      0.01037819	      0.01127236	      0.01590584	      0.01593885	      0.01408348	      0.01371299	      0.01364581	      0.01353319
      2.20000000	      0.01889467	      0.02463139	      0.03037388	      0.02415601	      0.02522776	      0.02707958	      0.03022786	      0.03011474	      0.03237811	      0.03998317	      0.03183363	      0.03390370	      0.03071509	      0.03070282	      0.02868390	      0.02545649	      0.02687094	      0.03027699	      0.03146804	      0.02773338	      0.02863054	      0.02972115	      0.03763565	      0.03916054	      0.04288820	      0.03249653	      0.03226619	      0.02520172	      0.02260330	      0.02229240	      0.02085608	      0.02462930	      0.02657703	      0.01855559	      0.02447332	      0.05971553	      0.05536264	      0.03654080	      0.03023001	      0.03087377	      0.03035732	      0.01551893	      0.02021945	      0.01870206	      0.02451907	      0.03085561	      0.02394880	      0.02508826	      0.02697978	      0.03010020	      0.03011148	      0.03217418	      0.04026871	      0.03196996	      0.03437776	      0.03074390	      0.03086694	      0.02870128	      0.02535696	      0.02673660	      0.03033736	      0.03151333	      0.02786013	      0.02892768	      0.02994172	      0.03731745	      0.03915672	      0.04138868	      0.03281528	      0.03286279	      0.02528892	      0.02255615	      0.02226144	      0.02080360	      0.02469821	      0.02659569	      0.01857831	      0.02448326	      0.06028593	      0.05463773	      0.03669640	      0.03028482	      0.03096831	      0.03034632	      0.01550018	      0.02017503	      0.03645316	      0.03642847	      0.02467538	      0.02468189	      0.02310334	      0.02312109
      2.21000000	      0.01077080	      0.01174817	      0.01451015	      0.01172042	      0.01200232	      0.01263705	      0.01549766	      0.01556054	      0.02028436	      0.02346373	      0.01560198	      0.01998433	      0.01522450	      0.01548613	      0.01439322	      0.01276890	      0.01227368	      0.01525462	      0.01627138	      0.01320230	      0.01410473	      0.01498984	      0.02122220	      0.02345576	      0.02403205	      0.01710044	      0.01669254	      0.01174611	      0.01155329	      0.01149191	      0.01121793	      0.01666293	      0.01177334	      0.01052513	      0.01100433	      0.03629129	      0.02892072	      0.02630931	      0.01631259	      0.01946285	      0.01562434	      0.01051753	      0.01111104	      0.01077320	      0.01178111	      0.01478255	      0.01172349	      0.01201586	      0.01267639	      0.01649090	      0.01601338	      0.01736262	      0.02515716	      0.01570779	      0.02168705	      0.01450363	      0.01509029	      0.01417788	      0.01270276	      0.01228593	      0.01506500	      0.01624149	      0.01329834	      0.01431637	      0.01499254	      0.02037575	      0.02242452	      0.02450532	      0.01722061	      0.01700737	      0.01165545	      0.01149162	      0.01143122	      0.01116322	      0.01584128	      0.01182241	      0.01058043	      0.01111167	      0.03611285	      0.02912608	      0.02522834	      0.01653174	      0.01868528	      0.01565469	      0.01051680	      0.01111017	      0.01768194	      0.01768134	      0.01253641	      0.01253615	      0.01216080	      0.01216082
      2.22000000	      0.01264533	      0.01509708	      0.01823746	      0.01535091	      0.01584448	      0.01675600	      0.02166887	      0.02052108	      0.02121372	      0.02823858	      0.02004696	      0.01944005	      0.01967231	      0.01945124	      0.01836739	      0.01652588	      0.01640363	      0.01921615	      0.02022349	      0.01698662	      0.01730297	      0.01841373	      0.02649010	      0.02760879	      0.02286291	      0.01999532	      0.01975567	      0.01410959	      0.01395877	      0.01382132	      0.01317973	      0.01420403	      0.01752837	      0.01283549	      0.01485198	      0.03888964	      0.03308343	      0.02912660	      0.02059398	      0.02329361	      0.01954813	      0.01130826	      0.01283388	      0.01265678	      0.01509555	      0.01815887	      0.01535843	      0.01584669	      0.01674717	      0.02157619	      0.02044747	      0.02112015	      0.02933639	      0.01994846	      0.01937890	      0.01975565	      0.01951021	      0.01841199	      0.01656292	      0.01638888	      0.01923248	      0.02021090	      0.01698178	      0.01730606	      0.01846458	      0.02635835	      0.02752869	      0.02289660	      0.01994522	      0.01965817	      0.01416694	      0.01400327	      0.01386559	      0.01322162	      0.01411449	      0.01650836	      0.01265374	      0.01473266	      0.03806057	      0.03404214	      0.02784497	      0.02069554	      0.02209106	      0.01970651	      0.01131835	      0.01283892	      0.02384412	      0.02384409	      0.01550759	      0.01550758	      0.01476069	      0.01476069
      2.23000000	      0.01297674	      0.01508869	      0.01748408	      0.01558019	      0.01597387	      0.01676270	      0.03089919	      0.02462212	      0.03087405	      0.03116198	      0.01958350	      0.03678651	      0.02578919	      0.02387476	      0.02135439	      0.01865741	      0.01613826	      0.02119953	      0.02296024	      0.01717355	      0.01790057	      0.02205380	      0.02503557	      0.02581849	      0.03070431	      0.02096527	      0.01953944	      0.01409639	      0.01451090	      0.01436140	      0.01365046	      0.02370522	      0.02077671	      0.01540332	      0.01810549	      0.05934526	      0.05266226	      0.02146453	      0.01868676	      0.01845765	      0.01910162	      0.01129681	      0.01294243	      0.01297330	      0.01508551	      0.01749345	      0.01557684	      0.01597089	      0.01676117	      0.03079918	      0.02464760	      0.03079737	      0.03113235	      0.01958983	      0.03677691	      0.02587516	      0.02392314	      0.02138771	      0.01867095	      0.01613638	      0.02121196	      0.02297240	      0.01717270	      0.01790009	      0.02207249	      0.02497084	      0.02572918	      0.03063276	      0.02097194	      0.01955237	      0.01409278	      0.01450792	      0.01435845	      0.01364769	      0.02390915	      0.02081237	      0.01538524	      0.01802010	      0.05934508	      0.05266097	      0.02173162	      0.01874285	      0.01854161	      0.01911673	      0.01129671	      0.01294102	      0.02750102	      0.02750102	      0.01567555	      0.01567555	      0.01485313	      0.01485313
      2.24000000	      0.02051533	      0.02191810	      0.02357972	      0.02319801	      0.02305133	      0.02275917	      0.03787844	      0.02974602	      0.03556155	      0.03895606	      0.02685989	      0.04099497	      0.03292466	      0.02893207	      0.02739818	      0.02519540	      0.02378058	      0.02728162	      0.02966592	      0.02372416	      0.02357616	      0.02780076	      0.03225519	      0.03418072	      0.03297495	      0.02728714	      0.02574349	      0.01896745	      0.01958340	      0.01921994	      0.01804696	      0.02472101	      0.02546892	      0.01716852	      0.02296154	      0.06490816	      0.05758560	      0.02773015	      0.02543474	      0.02449887	      0.02614969	      0.01216371	      0.01610522	      0.02061218	      0.02176628	      0.02189588	      0.02346573	      0.02330265	      0.02364608	      0.03705351	      0.02978597	      0.03474688	      0.03883169	      0.02637016	      0.04098662	      0.03166691	      0.02903301	      0.02772047	      0.02362014	      0.02230161	      0.02872763	      0.03021062	      0.02347155	      0.02358123	      0.02765025	      0.03285516	      0.03298564	      0.03323340	      0.02697131	      0.02520874	      0.01776308	      0.01980549	      0.01952503	      0.01819741	      0.02474742	      0.02534874	      0.01731664	      0.02313881	      0.06523528	      0.05806535	      0.02813765	      0.02557393	      0.02489720	      0.02569582	      0.01262037	      0.01664640	      0.03804794	      0.03791668	      0.02063012	      0.02087012	      0.01973052	      0.01942057
      2.25000000	      0.02690023	      0.02711215	      0.02684384	      0.02897532	      0.02880892	      0.02856337	      0.03196752	      0.03120044	      0.02808874	      0.03901267	      0.03066776	      0.02890633	      0.02823696	      0.02831299	      0.02850038	      0.02754222	      0.02933200	      0.03002610	      0.03039963	      0.02719722	      0.02605391	      0.02605038	      0.03804467	      0.03789370	      0.02741929	      0.02896646	      0.02826257	      0.02234824	      0.02294397	      0.02265030	      0.02110712	      0.02060378	      0.02297348	      0.01604662	      0.02135800	      0.04362394	      0.04675675	      0.04765884	      0.03342565	      0.03645685	      0.03293466	      0.01454350	      0.01932967	      0.02763543	      0.02850528	      0.02857243	      0.02934401	      0.02937038	      0.02935933	      0.03220973	      0.03072950	      0.02880727	      0.04037688	      0.03138024	      0.03410056	      0.02701577	      0.02726236	      0.02747331	      0.02660584	      0.03024216	      0.02932873	      0.02978122	      0.02804589	      0.02677262	      0.02564013	      0.03744793	      0.03766984	      0.02742552	      0.02925432	      0.02937066	      0.02243380	      0.02253360	      0.02222940	      0.02065179	      0.01736375	      0.02356793	      0.01559646	      0.02202207	      0.04545023	      0.04389694	      0.04250867	      0.03224171	      0.03404644	      0.03206985	      0.01432498	      0.01901998	      0.04213136	      0.04211811	      0.02333775	      0.02334130	      0.02172278	      0.02173348
      2.26000000	      0.03618534	      0.03835076	      0.03695449	      0.04072947	      0.04044440	      0.03999233	      0.05966171	      0.04540526	      0.04307158	      0.05794657	      0.04290345	      0.05763979	      0.03823905	      0.03904364	      0.03966837	      0.03844563	      0.04092453	      0.04200537	      0.04276710	      0.03783709	      0.03588789	      0.03610879	      0.05206599	      0.05173260	      0.03768650	      0.04033994	      0.03920349	      0.02985183	      0.03107610	      0.03062419	      0.02823491	      0.01493397	      0.03959706	      0.02330605	      0.03451794	      0.09265739	      0.06204309	      0.02916270	      0.03875534	      0.03236998	      0.04078000	      0.01936014	      0.02774444	      0.03582810	      0.03778558	      0.03745771	      0.03973071	      0.04004243	      0.03961376	      0.05943511	      0.04583232	      0.04383342	      0.05788671	      0.04298942	      0.05974471	      0.03521589	      0.03808070	      0.03933759	      0.03826336	      0.04038888	      0.04197071	      0.04298996	      0.03798624	      0.03621025	      0.03537073	      0.05184057	      0.05227136	      0.03649431	      0.04066855	      0.03964893	      0.02909788	      0.03050599	      0.02998079	      0.02746308	      0.01007454	      0.04220075	      0.02459448	      0.03702772	      0.08695338	      0.06540504	      0.02766181	      0.03820021	      0.03378772	      0.04024601	      0.01836687	      0.02751185	      0.05988925	      0.05989350	      0.03144936	      0.03135048	      0.02973165	      0.02971496
      2.27000000	      0.01333137	      0.01383206	      0.01395325	      0.01506345	      0.01516777	      0.01512317	      0.04378413	      0.02509956	      0.03105474	      0.02337454	      0.01639571	      0.04552036	      0.02844531	      0.02407418	      0.02092926	      0.01919615	      0.01462653	      0.01954696	      0.02123997	      0.01480552	      0.01483813	      0.01949414	      0.02101538	      0.02045321	      0.01992277	      0.01679333	      0.01530158	      0.01246396	      0.01339841	      0.01328224	      0.01272708	      0.03892744	      0.01289805	      0.01291607	      0.01311233	      0.06616560	      0.05928680	      0.02747388	      0.01723390	      0.01721156	      0.01795216	      0.01088705	      0.01201541	      0.01338504	      0.01393588	      0.01384772	      0.01551838	      0.01510805	      0.01484779	      0.04204400	      0.02622870	      0.03465875	      0.03059754	      0.01655183	      0.04492321	      0.02816194	      0.02390521	      0.02107875	      0.01848010	      0.01471104	      0.01947422	      0.02094438	      0.01475330	      0.01469841	      0.01885162	      0.02168751	      0.02156479	      0.02001449	      0.01679904	      0.01460453	      0.01234359	      0.01323144	      0.01311788	      0.01257942	      0.02746012	      0.02051267	      0.01446496	      0.01681669	      0.06511448	      0.06041358	      0.01954357	      0.01663358	      0.01625126	      0.01714814	      0.01086561	      0.01201884	      0.03240528	      0.03245530	      0.01360246	      0.01359076	      0.01303286	      0.01299316
      2.28000000	      0.07852597	      0.06219235	      0.05551006	      0.06912351	      0.06532126	      0.06387011	      0.06276516	      0.06270791	      0.05783671	      0.07218803	      0.06488125	      0.05999921	      0.05699648	      0.05827630	      0.06026210	      0.05567195	      0.06382936	      0.06155804	      0.06000275	      0.05756538	      0.05237655	      0.05198841	      0.08108708	      0.07325393	      0.05028730	      0.05632703	      0.05677349	      0.05049696	      0.05213374	      0.05196950	      0.04688772	      0.03454095	      0.04477943	      0.02685406	      0.04240065	      0.08184415	      0.08067658	      0.09502955	      0.07260795	      0.07386861	      0.06857457	      0.03341406	      0.04841655	      0.07624423	      0.06312026	      0.05710556	      0.06687634	      0.06640726	      0.06069291	      0.05845878	      0.06080494	      0.05513775	      0.07586179	      0.06433858	      0.05386246	      0.05736626	      0.05689523	      0.05359415	      0.05724836	      0.06878976	      0.06001439	      0.06042853	      0.05750567	      0.05055879	      0.05078028	      0.08081561	      0.07859054	      0.05126462	      0.05708343	      0.05899339	      0.05058061	      0.05009533	      0.04926131	      0.04595703	      0.03499064	      0.04518555	      0.02683362	      0.04193311	      0.08666721	      0.08326451	      0.09295398	      0.07116451	      0.07928417	      0.06935187	      0.02909346	      0.04178658	      0.08426061	      0.08663840	      0.04782412	      0.04895436	      0.04499624	      0.04562633
      2.29000000	      0.01205202	      0.01186533	      0.01160790	      0.01327041	      0.01291273	      0.01263482	      0.05151251	      0.02821184	      0.03151534	      0.02910142	      0.01353644	      0.04450336	      0.02917099	      0.02291125	      0.01969005	      0.01797123	      0.01251743	      0.01737611	      0.01957794	      0.01232157	      0.01222903	      0.01587108	      0.02112011	      0.01971108	      0.01440881	      0.01366092	      0.01233719	      0.01107315	      0.01168918	      0.01162304	      0.01132315	      0.02691291	      0.01999269	      0.01279618	      0.01510973	      0.06602584	      0.06238981	      0.01330979	      0.01307795	      0.01196679	      0.01382399	      0.01039034	      0.01096296	      0.01211501	      0.01186430	      0.01159154	      0.01330959	      0.01293057	      0.01263419	      0.05105001	      0.02825459	      0.03245658	      0.02933416	      0.01354315	      0.04379483	      0.03013901	      0.02278520	      0.01967079	      0.01795135	      0.01253744	      0.01738971	      0.01954763	      0.01230446	      0.01220268	      0.01581808	      0.02146841	      0.01995336	      0.01432700	      0.01363348	      0.01231535	      0.01107557	      0.01169086	      0.01162472	      0.01132475	      0.02685806	      0.01922471	      0.01226790	      0.01481893	      0.06545103	      0.06303758	      0.01142148	      0.01250321	      0.01054573	      0.01354645	      0.01039007	      0.01097024	      0.03311822	      0.03311822	      0.01182498	      0.01182498	      0.01151882	      0.01151882
      2.30000000	      0.01252032	      0.01135546	      0.01098094	      0.01300883	      0.01238001	      0.01190940	      0.05414295	      0.02802636	      0.03462282	      0.02752616	      0.01253782	      0.04686198	      0.03136659	      0.02024943	      0.01793367	      0.01707302	      0.01195266	      0.01599014	      0.01783868	      0.01153217	      0.01137893	      0.01363914	      0.02060770	      0.01873459	      0.01213005	      0.01232653	      0.01142256	      0.01069652	      0.01115003	      0.01110252	      0.01089318	      0.02957153	      0.01962271	      0.01272645	      0.01370494	      0.06819279	      0.06214624	      0.01545269	      0.01274629	      0.01230244	      0.01318373	      0.01027880	      0.01067844	      0.01249399	      0.01135474	      0.01098327	      0.01299570	      0.01237500	      0.01190936	      0.05426977	      0.02811559	      0.03406506	      0.02711305	      0.01254141	      0.04662524	      0.03188037	      0.02032187	      0.01796035	      0.01707352	      0.01195046	      0.01599126	      0.01786054	      0.01153399	      0.01138174	      0.01365898	      0.02039204	      0.01867738	      0.01214693	      0.01233347	      0.01142661	      0.01069571	      0.01114729	      0.01109983	      0.01089080	      0.03175393	      0.01602129	      0.01225099	      0.01410360	      0.06788710	      0.06249069	      0.01544845	      0.01269679	      0.01228876	      0.01315354	      0.01027917	      0.01068111	      0.03402466	      0.03402466	      0.01127261	      0.01127261	      0.01105948	      0.01105948
      2.31000000	      0.08663077	      0.06021584	      0.04589350	      0.06481002	      0.06693394	      0.06162933	      0.06673765	      0.06046391	      0.05310269	      0.06816820	      0.06177388	      0.05308887	      0.05529592	      0.05473913	      0.05500286	      0.05482711	      0.06669994	      0.05833172	      0.05629512	      0.05217663	      0.04689794	      0.04651018	      0.07163006	      0.07568582	      0.04374136	      0.05248905	      0.05059825	      0.04090238	      0.04679867	      0.04638586	      0.04303369	      0.03222625	      0.04346895	      0.02443736	      0.03858902	      0.07939761	      0.07688377	      0.09043459	      0.06640819	      0.07267262	      0.06814445	      0.02987715	      0.04457043	      0.08941435	      0.05924950	      0.04539243	      0.06846061	      0.06277885	      0.05710009	      0.04790325	      0.06309628	      0.05962750	      0.07909625	      0.06179127	      0.05507427	      0.05624720	      0.05273732	      0.05551323	      0.05443292	      0.06339238	      0.05976791	      0.05843273	      0.05251509	      0.04545952	      0.04745098	      0.07544434	      0.07178277	      0.04498296	      0.05344180	      0.05161695	      0.04273258	      0.04686703	      0.04682273	      0.04374351	      0.03354543	      0.04307573	      0.02532624	      0.04004652	      0.07492550	      0.07684739	      0.09671069	      0.06926014	      0.07565185	      0.06583789	      0.02902085	      0.04434049	      0.07753226	      0.07502611	      0.04163032	      0.04272941	      0.04030828	      0.04119787
      2.32000000	      0.02130859	      0.01342479	      0.01211012	      0.01820164	      0.01615721	      0.01454471	      0.06485981	      0.03412195	      0.03727395	      0.03257353	      0.01559949	      0.05061856	      0.03150429	      0.02337220	      0.02205481	      0.02215848	      0.01502426	      0.02015467	      0.02187963	      0.01342988	      0.01292483	      0.01576090	      0.02631657	      0.02362264	      0.01334415	      0.01460177	      0.01295904	      0.01162043	      0.01270529	      0.01259389	      0.01212043	      0.03206966	      0.02212617	      0.01401629	      0.01619423	      0.07233500	      0.06496329	      0.02070125	      0.01668314	      0.01631273	      0.01716160	      0.01074711	      0.01177712	      0.02131964	      0.01342472	      0.01211014	      0.01820337	      0.01615716	      0.01454443	      0.06482349	      0.03408752	      0.03721675	      0.03277177	      0.01559822	      0.05060680	      0.03155785	      0.02340198	      0.02208006	      0.02220423	      0.01502363	      0.02015678	      0.02187527	      0.01342968	      0.01292455	      0.01576311	      0.02627067	      0.02357674	      0.01334383	      0.01460124	      0.01295898	      0.01161968	      0.01270460	      0.01259316	      0.01211962	      0.03232357	      0.02148683	      0.01384004	      0.01645120	      0.07059599	      0.06690424	      0.02041677	      0.01663361	      0.01626279	      0.01713450	      0.01074737	      0.01177883	      0.04028790	      0.04028790	      0.01308725	      0.01308725	      0.01263210	      0.01263210
      2.33000000	      0.03443357	      0.01368924	      0.01204942	      0.02026616	      0.01716492	      0.01481957	      0.03839708	      0.03185017	      0.07110065	      0.04031842	      0.01610305	      0.06254993	      0.01522371	      0.01979296	      0.01943273	      0.01975219	      0.01572838	      0.01930811	      0.02075224	      0.01332410	      0.01266174	      0.01413482	      0.02551152	      0.02342803	      0.01277921	      0.01434154	      0.01284177	      0.01140954	      0.01214751	      0.01204725	      0.01164766	      0.03240371	      0.01769450	      0.01196391	      0.01467603	      0.06798474	      0.05834956	      0.02109393	      0.01662610	      0.01574513	      0.01743383	      0.01080294	      0.01186419	      0.02833764	      0.01356432	      0.01202225	      0.01976450	      0.01691887	      0.01471561	      0.05812586	      0.02286995	      0.05635461	      0.02910991	      0.01605157	      0.05442835	      0.01957581	      0.02075289	      0.02010580	      0.02027082	      0.01557788	      0.01965703	      0.02116950	      0.01327778	      0.01264177	      0.01433863	      0.02962234	      0.02575881	      0.01285227	      0.01436863	      0.01282511	      0.01141321	      0.01217696	      0.01207601	      0.01167301	      0.03272285	      0.01698417	      0.01191998	      0.01466120	      0.06863489	      0.05762803	      0.02094257	      0.01657451	      0.01560111	      0.01741976	      0.01080358	      0.01186578	      0.04041889	      0.04041889	      0.01289953	      0.01289953	      0.01247456	      0.01247456
      2.34000000	      0.02414854	      0.01147235	      0.01081307	      0.01692951	      0.01392997	      0.01229114	      0.05812941	      0.03097639	      0.03106924	      0.03721145	      0.01331831	      0.02534116	      0.02424469	      0.02051599	      0.01956863	      0.01945725	      0.01294295	      0.01827842	      0.02001049	      0.01150004	      0.01120662	      0.01276338	      0.02961873	      0.02633749	      0.01142864	      0.01229961	      0.01124869	      0.01074097	      0.01128318	      0.01122125	      0.01098513	      0.01889744	      0.01822834	      0.01174923	      0.01275323	      0.05072275	      0.04634918	      0.02079772	      0.01504982	      0.01756634	      0.01506279	      0.01042183	      0.01100558	      0.02494791	      0.01174081	      0.01094761	      0.01702483	      0.01419010	      0.01252816	      0.05678694	      0.02949806	      0.03147881	      0.03925458	      0.01351351	      0.03359627	      0.01732835	      0.01907682	      0.01845106	      0.01846997	      0.01314514	      0.01759856	      0.01934034	      0.01167295	      0.01133798	      0.01270041	      0.02635390	      0.02443654	      0.01149515	      0.01241433	      0.01139788	      0.01074090	      0.01124491	      0.01118416	      0.01095322	      0.01947443	      0.01860160	      0.01171183	      0.01245216	      0.05070491	      0.04636426	      0.02182052	      0.01508472	      0.01798410	      0.01506194	      0.01042195	      0.01100443	      0.03643578	      0.03643603	      0.01171268	      0.01171276	      0.01146153	      0.01146151
      2.35000000	      0.02507682	      0.03857157	      0.01259918	      0.01766980	      0.01645502	      0.01433044	      0.03939931	      0.02194584	      0.02045469	      0.01465650	      0.01457744	      0.01223903	      0.01164854	      0.01235214	      0.01262480	      0.01263962	      0.01464466	      0.01451178	      0.01590711	      0.01227707	      0.01150597	      0.01137182	      0.02818020	      0.03095645	      0.01118417	      0.01216260	      0.01217929	      0.01048895	      0.01067823	      0.01064191	      0.01051320	      0.01218046	      0.01287332	      0.01088164	      0.01053174	      0.01808371	      0.02060397	      0.04734612	      0.01757202	      0.03760530	      0.01587667	      0.01036321	      0.01079185	      0.02495615	      0.04139876	      0.01249694	      0.01742656	      0.01621759	      0.01417011	      0.03989470	      0.02223163	      0.02197861	      0.01203467	      0.01442828	      0.01268854	      0.01106196	      0.01221786	      0.01277874	      0.01250714	      0.01449337	      0.01464062	      0.01572468	      0.01220808	      0.01147022	      0.01138227	      0.02846426	      0.03316649	      0.01116649	      0.01212640	      0.01209954	      0.01049015	      0.01068578	      0.01064934	      0.01051917	      0.01207845	      0.01262861	      0.01086131	      0.01050976	      0.01816151	      0.02052070	      0.04686816	      0.01758742	      0.03718626	      0.01617073	      0.01036384	      0.01079254	      0.02668931	      0.02669988	      0.01122642	      0.01122425	      0.01105252	      0.01104279
      2.36000000	      0.04709971	      0.02078187	      0.01602604	      0.03274693	      0.02778678	      0.02316414	      0.09256705	      0.04995461	      0.04987779	      0.05354581	      0.02547500	      0.05602287	      0.03967235	      0.03161807	      0.03133753	      0.03222157	      0.02531328	      0.03073922	      0.03255590	      0.01962336	      0.01781650	      0.02113774	      0.04479672	      0.04059532	      0.01761033	      0.02173896	      0.01817134	      0.01453137	      0.01701185	      0.01669407	      0.01556538	      0.03725044	      0.03248770	      0.01678189	      0.02250852	      0.08094610	      0.07311403	      0.03600941	      0.02811003	      0.02801945	      0.02872144	      0.01316272	      0.01683902	      0.04729309	      0.02077569	      0.01602564	      0.03277455	      0.02779840	      0.02315796	      0.09191773	      0.05029243	      0.05039678	      0.05299189	      0.02548340	      0.05614480	      0.03973204	      0.03156339	      0.03133353	      0.03216883	      0.02532142	      0.03074644	      0.03254782	      0.01961397	      0.01780892	      0.02111410	      0.04465421	      0.04058060	      0.01760804	      0.02173571	      0.01816642	      0.01454950	      0.01703746	      0.01672098	      0.01559100	      0.03838240	      0.03153106	      0.01635187	      0.02255176	      0.08094404	      0.07314328	      0.03608506	      0.02801159	      0.02800137	      0.02875043	      0.01316952	      0.01685307	      0.05695252	      0.05695265	      0.01958241	      0.01958238	      0.01856518	      0.01856506
      2.37000000	      0.07845624	      0.03374058	      0.02428893	      0.05605631	      0.04819415	      0.03867320	      0.09930632	      0.06143457	      0.05308083	      0.06499331	      0.04099342	      0.07822698	      0.05662104	      0.04963159	      0.04721133	      0.05030091	      0.04353963	      0.05064640	      0.04896938	      0.03124653	      0.02760998	      0.03316788	      0.07254815	      0.05832798	      0.02649091	      0.03395530	      0.02808320	      0.02355671	      0.02950134	      0.02865700	      0.02618985	      0.04777707	      0.04542353	      0.02375574	      0.03799422	      0.08520706	      0.08525823	      0.06481292	      0.04363996	      0.04195861	      0.04851337	      0.02040696	      0.02916071	      0.08218458	      0.03599722	      0.02465938	      0.05325152	      0.04378021	      0.03528274	      0.11958908	      0.06798719	      0.06835981	      0.06615640	      0.04053941	      0.07716665	      0.05763148	      0.05393503	      0.04952404	      0.05398263	      0.03965583	      0.04838030	      0.05076522	      0.03122539	      0.02812155	      0.03450811	      0.05677953	      0.05638204	      0.02593571	      0.02937408	      0.02729164	      0.02242451	      0.02918903	      0.02855481	      0.02602477	      0.03860369	      0.04128672	      0.02159975	      0.03413230	      0.09145983	      0.08482253	      0.06269447	      0.04819760	      0.05156141	      0.04742211	      0.02042523	      0.02921774	      0.08331889	      0.07904150	      0.03504420	      0.02846501	      0.02976575	      0.02988545
      2.38000000	      0.06983592	      0.03126964	      0.02057923	      0.04707288	      0.04120464	      0.03419078	      0.07937190	      0.05909228	      0.05776610	      0.06567746	      0.03732970	      0.04304051	      0.04213511	      0.03700245	      0.03789242	      0.03774483	      0.03760811	      0.03988607	      0.04179893	      0.02708916	      0.02364990	      0.02606708	      0.05629094	      0.05494516	      0.02282796	      0.03004547	      0.02516454	      0.01658294	      0.02051285	      0.01992314	      0.01812291	      0.02804990	      0.03815854	      0.01766174	      0.02640196	      0.06325537	      0.06176650	      0.05822691	      0.04157547	      0.04376418	      0.04212434	      0.01441227	      0.02278749	      0.06781734	      0.03075955	      0.02019536	      0.04691109	      0.04035921	      0.03365801	      0.07755319	      0.05933929	      0.05833705	      0.06594282	      0.03675880	      0.04220230	      0.04411893	      0.03784990	      0.03885712	      0.03922002	      0.03758451	      0.04027597	      0.04229786	      0.02763036	      0.02367276	      0.02640754	      0.05656121	      0.05408349	      0.02289494	      0.02998737	      0.02506612	      0.01681236	      0.02071442	      0.02010656	      0.01834722	      0.02682189	      0.03742332	      0.01770135	      0.02657800	      0.06629047	      0.06417469	      0.05678624	      0.04145816	      0.04445321	      0.04184350	      0.01892196	      0.02095384	      0.06476661	      0.06432553	      0.02736022	      0.02599574	      0.02534304	      0.02549853
      2.39000000	      0.09143009	      0.03977323	      0.02679946	      0.06093063	      0.05284010	      0.04272590	      0.12782073	      0.07648151	      0.07116255	      0.08472619	      0.04727684	      0.06981793	      0.05594874	      0.04839074	      0.04983431	      0.05025891	      0.04807609	      0.05152246	      0.05314923	      0.03480059	      0.02999241	      0.03331277	      0.07461466	      0.06927229	      0.02808525	      0.03817104	      0.03137496	      0.02185614	      0.02685663	      0.02601662	      0.02368803	      0.04798684	      0.04669357	      0.02058310	      0.03328757	      0.09802842	      0.09031823	      0.07279201	      0.05278616	      0.05502115	      0.05357693	      0.02255008	      0.03209862	      0.09071291	      0.03887491	      0.02683046	      0.06011399	      0.05223343	      0.04321768	      0.11870245	      0.07264990	      0.06490941	      0.08393361	      0.04759521	      0.06995256	      0.05454460	      0.04777758	      0.04863617	      0.04923090	      0.04887218	      0.05190771	      0.05300359	      0.03454631	      0.02949553	      0.03236994	      0.07854673	      0.07386240	      0.02812706	      0.03853256	      0.03152966	      0.02265521	      0.02714927	      0.02637695	      0.02394004	      0.04783730	      0.04669755	      0.02079077	      0.03398694	      0.09767827	      0.09034737	      0.07335243	      0.05260791	      0.05423614	      0.05362176	      0.02249662	      0.03223967	      0.08241230	      0.08235979	      0.03468609	      0.03829122	      0.03503377	      0.03435173
      2.40000000	      0.07249601	      0.02607072	      0.01658987	      0.04923173	      0.04133931	      0.03142345	      0.08515710	      0.06626914	      0.06870640	      0.07394767	      0.03669018	      0.03998258	      0.04602526	      0.04040757	      0.04094624	      0.04183625	      0.03529841	      0.04253450	      0.04596947	      0.02400495	      0.02048939	      0.02537785	      0.05670410	      0.05522932	      0.02065969	      0.02849812	      0.02127972	      0.01212125	      0.01640680	      0.01588983	      0.01443835	      0.03324106	      0.04277304	      0.01690780	      0.02641066	      0.06529635	      0.06531416	      0.06251235	      0.04235345	      0.04432775	      0.04339814	      0.01322696	      0.02115376	      0.07132884	      0.02617794	      0.01690304	      0.04912282	      0.04082907	      0.03129908	      0.08079600	      0.06534277	      0.06696526	      0.07428745	      0.03691686	      0.04034979	      0.04580732	      0.04005344	      0.04075827	      0.04056638	      0.03572559	      0.04236544	      0.04610335	      0.02364078	      0.02034668	      0.02485013	      0.05845917	      0.05706465	      0.02102309	      0.02873003	      0.02158275	      0.01296150	      0.01635328	      0.01578932	      0.01435007	      0.03205907	      0.04343187	      0.01683215	      0.02641736	      0.06472098	      0.06445742	      0.06232485	      0.04213442	      0.04437096	      0.04329197	      0.01333767	      0.02136045	      0.06648131	      0.06634248	      0.02481484	      0.02606315	      0.02384681	      0.02341199
      2.41000000	      0.11311400	      0.04629056	      0.03026338	      0.07305001	      0.06272670	      0.05088568	      0.14191131	      0.08848928	      0.07945985	      0.09966180	      0.05631925	      0.07914642	      0.06377100	      0.05541217	      0.05701322	      0.05792318	      0.05779884	      0.06061940	      0.06227945	      0.03993682	      0.03355967	      0.03660943	      0.09305208	      0.08668004	      0.03178475	      0.04459319	      0.03600428	      0.02479633	      0.03016952	      0.02907676	      0.02635138	      0.05503514	      0.05465528	      0.02191261	      0.03809429	      0.10676832	      0.09924077	      0.09101158	      0.06277148	      0.06540770	      0.06405857	      0.02897173	      0.04020538	      0.11319899	      0.04627551	      0.03025835	      0.07304676	      0.06272650	      0.05084813	      0.14161334	      0.08850954	      0.07952599	      0.09994005	      0.05626806	      0.07922925	      0.06380553	      0.05543372	      0.05702660	      0.05791282	      0.05782296	      0.06063302	      0.06234571	      0.03991461	      0.03353492	      0.03658209	      0.09272056	      0.08668988	      0.03179394	      0.04458645	      0.03600036	      0.02477781	      0.03015115	      0.02905834	      0.02632957	      0.05504557	      0.05471401	      0.02192431	      0.03808164	      0.10663899	      0.09931701	      0.09112850	      0.06272334	      0.06549543	      0.06404586	      0.02893554	      0.04021533	      0.09588650	      0.09595935	      0.04358350	      0.04356895	      0.04185232	      0.04177475
      2.42000000	      0.12140621	      0.05079784	      0.03164248	      0.07827825	      0.06808483	      0.05548838	      0.11491057	      0.08619120	      0.07720292	      0.09954793	      0.06087448	      0.06902690	      0.06226846	      0.05636302	      0.05833884	      0.05935319	      0.06293352	      0.06325151	      0.06458893	      0.04303021	      0.03564747	      0.03826687	      0.09334733	      0.08877080	      0.03383544	      0.04810959	      0.03860342	      0.02261931	      0.02958398	      0.02823185	      0.02522580	      0.04376541	      0.05310719	      0.02151265	      0.03818305	      0.09097882	      0.08658117	      0.10118420	      0.06840896	      0.07209594	      0.06956328	      0.03058340	      0.04544357	      0.12112600	      0.05068036	      0.03162325	      0.07820615	      0.06801300	      0.05553840	      0.11518873	      0.08583212	      0.07694439	      0.09901291	      0.06085893	      0.06921003	      0.06232167	      0.05644841	      0.05852076	      0.05937903	      0.06285603	      0.06330478	      0.06468115	      0.04303972	      0.03572148	      0.03839104	      0.09308325	      0.08854349	      0.03390505	      0.04807657	      0.03866265	      0.02281411	      0.02977633	      0.02844246	      0.02542544	      0.04345061	      0.05284484	      0.02147483	      0.03814958	      0.09088693	      0.08651285	      0.10119496	      0.06841618	      0.07226004	      0.06963397	      0.03076878	      0.04553180	      0.09423419	      0.09442339	      0.04743792	      0.04702025	      0.04507756	      0.04528359
      2.43000000	      0.19606501	      0.09733997	      0.06009577	      0.11728956	      0.10793891	      0.09710501	      0.10144614	      0.10651561	      0.09085516	      0.12469286	      0.09677592	      0.08969617	      0.08103499	      0.07834293	      0.08204490	      0.08124793	      0.10732766	      0.09199734	      0.09116830	      0.07430787	      0.06005520	      0.05591924	      0.13147188	      0.12622385	      0.05254397	      0.08037957	      0.06802005	      0.05164555	      0.05497482	      0.05278191	      0.04799598	      0.04683314	      0.06673208	      0.02571407	      0.04926370	      0.12636198	      0.12227213	      0.17666988	      0.11328335	      0.12903360	      0.11246474	      0.09900554	      0.07064905	      0.18832671	      0.10296745	      0.06220344	      0.12204488	      0.11057335	      0.09431652	      0.09966389	      0.10223093	      0.08643270	      0.12314571	      0.09818924	      0.08861531	      0.08439782	      0.07570269	      0.08198940	      0.08006687	      0.10397345	      0.09202825	      0.09091334	      0.07333555	      0.05936631	      0.05475284	      0.14087301	      0.13632709	      0.05396269	      0.07745004	      0.06844413	      0.05248848	      0.05450821	      0.05224090	      0.04718807	      0.04631401	      0.06715136	      0.02691934	      0.05276545	      0.12357428	      0.12003862	      0.17105165	      0.11118387	      0.12404546	      0.11079196	      0.09633264	      0.07549132	      0.11888226	      0.11629735	      0.07990400	      0.08191339	      0.07884578	      0.07930627
      2.44000000	      0.12590669	      0.04782272	      0.02913598	      0.08202183	      0.07008796	      0.05487591	      0.16292794	      0.08655251	      0.08790069	      0.09766448	      0.06321638	      0.08540612	      0.06981260	      0.06099720	      0.06245225	      0.06199448	      0.06336292	      0.06774372	      0.07088425	      0.04074453	      0.03335836	      0.03713960	      0.10803772	      0.10074463	      0.03324271	      0.04818128	      0.03649541	      0.02061378	      0.02671115	      0.02534816	      0.02284141	      0.06129978	      0.06202373	      0.02160067	      0.04000751	      0.10974179	      0.10130421	      0.11327672	      0.07117669	      0.07455741	      0.07323467	      0.03199871	      0.04451159	      0.12668912	      0.04810378	      0.02921561	      0.08188101	      0.07082709	      0.05512098	      0.15798410	      0.09638149	      0.08981811	      0.09848956	      0.06348325	      0.08819500	      0.06744670	      0.06020106	      0.06158555	      0.06110140	      0.06414372	      0.06752143	      0.06989816	      0.04090611	      0.03341875	      0.03715403	      0.10803933	      0.10064147	      0.03330453	      0.04822914	      0.03660951	      0.02064576	      0.02673473	      0.02536609	      0.02287765	      0.06007949	      0.06229341	      0.02147351	      0.03992976	      0.11029642	      0.10077856	      0.11082794	      0.07060915	      0.07340331	      0.07269328	      0.03202678	      0.04455733	      0.10080078	      0.10080319	      0.04859223	      0.04859174	      0.04656174	      0.04655893
      2.45000000	      0.21934505	      0.08836117	      0.11043481	      0.12763734	      0.09886342	      0.08564044	      0.34409164	      0.09689421	      0.07190232	      0.15265645	      0.09178792	      0.19788303	      0.09965719	      0.08533946	      0.08985833	      0.05593161	      0.10854929	      0.10360042	      0.07171965	      0.07091460	      0.06031511	      0.03529358	      0.18902711	      0.18836140	      0.05344805	      0.07002240	      0.07647735	      0.06064702	      0.07964152	      0.07487236	      0.06599547	      0.11217866	      0.04742794	      0.02640221	      0.03300000	      0.24421806	      0.18998693	      0.14973862	      0.09778312	      0.09276085	      0.09644465	      0.14060491	      0.08354613	      0.21847666	      0.08435738	      0.11235918	      0.09794636	      0.11321137	      0.08342032	      0.33498759	      0.11689799	      0.06837320	      0.15811172	      0.09802987	      0.20148541	      0.07891604	      0.08211827	      0.07940878	      0.07511742	      0.10469062	      0.09982338	      0.07652239	      0.07793790	      0.05625344	      0.04032143	      0.21327767	      0.16896047	      0.05026170	      0.06917288	      0.06946775	      0.06060404	      0.07952044	      0.07453643	      0.06551714	      0.07955681	      0.11423018	      0.01745736	      0.03578802	      0.24232593	      0.19557390	      0.11679569	      0.09636448	      0.08079014	      0.09778839	      0.14207150	      0.08472281	      0.14984359	      0.18745352	      0.10894717	      0.10117689	      0.13262685	      0.08768087
      2.46000000	      0.09803690	      0.03070420	      0.01757639	      0.06356601	      0.05117760	      0.03786413	      0.11258992	      0.08553273	      0.07756320	      0.09473091	      0.04578403	      0.06291621	      0.05976842	      0.05047943	      0.05129707	      0.05149559	      0.04542300	      0.05367939	      0.05731216	      0.02824455	      0.02288504	      0.02854886	      0.08552695	      0.08226671	      0.02403895	      0.03568258	      0.02347767	      0.01108250	      0.01650252	      0.01563867	      0.01429312	      0.04415989	      0.05164934	      0.01720909	      0.03117523	      0.08423883	      0.08151618	      0.08352430	      0.05288168	      0.05469205	      0.05482932	      0.01485232	      0.03094671	      0.09437268	      0.03228103	      0.01698126	      0.06065810	      0.05128298	      0.03951393	      0.11593964	      0.08048066	      0.07596186	      0.09054142	      0.04800007	      0.06339203	      0.05613233	      0.04793217	      0.04938641	      0.04786029	      0.04649101	      0.05281560	      0.05622441	      0.02813561	      0.02251343	      0.02831610	      0.08121060	      0.07858609	      0.02546049	      0.03731440	      0.02525093	      0.01004040	      0.01508802	      0.01418397	      0.01301264	      0.04175675	      0.05079214	      0.01747552	      0.03099104	      0.07947330	      0.07719326	      0.08552131	      0.05298158	      0.05629745	      0.05537972	      0.01494319	      0.03272079	      0.07354257	      0.07836833	      0.03636237	      0.03469994	      0.03374109	      0.03438872
      2.47000000	      0.12414817	      0.04039587	      0.02577570	      0.07551516	      0.06202916	      0.04765073	      0.19165606	      0.10565581	      0.08829732	      0.12095231	      0.05670982	      0.10539640	      0.07285333	      0.05928639	      0.05982943	      0.05859880	      0.05670656	      0.06407231	      0.06613740	      0.03512232	      0.02878275	      0.03237663	      0.11724168	      0.10746567	      0.03031876	      0.04344259	      0.03196946	      0.02062168	      0.02417642	      0.02299323	      0.02123532	      0.06713637	      0.05974590	      0.01890459	      0.03704984	      0.12098453	      0.10986469	      0.09613157	      0.06129667	      0.06078769	      0.06444110	      0.03115428	      0.04399416	      0.12242606	      0.03922618	      0.02561217	      0.07670006	      0.06262086	      0.04744458	      0.19041862	      0.11209466	      0.09197804	      0.10825462	      0.05722454	      0.10624438	      0.07296051	      0.05428199	      0.05667348	      0.05501385	      0.05666242	      0.06327679	      0.06567972	      0.03487230	      0.02851023	      0.03223137	      0.11892394	      0.10849735	      0.03005349	      0.04331838	      0.03162717	      0.02051522	      0.02391643	      0.02276158	      0.02104050	      0.06773345	      0.06007869	      0.01876155	      0.03668497	      0.12091694	      0.10989544	      0.09664228	      0.06147254	      0.06037652	      0.06520781	      0.03143473	      0.04316962	      0.09720109	      0.09758428	      0.04690972	      0.04682846	      0.04576442	      0.04528268
      2.48000000	      0.11760932	      0.03407247	      0.02187410	      0.07182147	      0.05691420	      0.04179111	      0.18368162	      0.10522401	      0.09266885	      0.11438659	      0.05192459	      0.10695559	      0.07413225	      0.05863272	      0.05865973	      0.05739861	      0.05107529	      0.06175331	      0.06450855	      0.03035654	      0.02501599	      0.02940334	      0.11066403	      0.10206352	      0.02687978	      0.03878780	      0.02733413	      0.01781028	      0.02098926	      0.01996688	      0.01857777	      0.07267341	      0.06010819	      0.01784639	      0.03486062	      0.11917419	      0.10911190	      0.09701791	      0.05759123	      0.05734612	      0.06089942	      0.02637590	      0.03755633	      0.11760524	      0.03407974	      0.02187153	      0.07184041	      0.05691454	      0.04180786	      0.18369893	      0.10515210	      0.09268213	      0.11438604	      0.05193056	      0.10699807	      0.07412958	      0.05864122	      0.05863822	      0.05738476	      0.05108278	      0.06175790	      0.06450834	      0.03036247	      0.02500772	      0.02939341	      0.11059221	      0.10209191	      0.02687738	      0.03877655	      0.02734011	      0.01781136	      0.02098944	      0.01996704	      0.01857682	      0.07268268	      0.06010885	      0.01784620	      0.03486142	      0.11918912	      0.10909558	      0.09703457	      0.05759988	      0.05735082	      0.06090466	      0.02637785	      0.03755116	      0.09160754	      0.09161811	      0.04284357	      0.04284131	      0.04138209	      0.04136854
      2.49000000	      0.08891703	      0.01778791	      0.01364243	      0.04697617	      0.03218075	      0.02186892	      0.16860677	      0.10028926	      0.09246304	      0.10241807	      0.02900375	      0.10163122	      0.06463763	      0.04326887	      0.04195893	      0.04121992	      0.02740479	      0.04145411	      0.04537905	      0.01690702	      0.01499875	      0.01763736	      0.08933960	      0.07904081	      0.01597392	      0.02126023	      0.01563004	      0.01239407	      0.01360168	      0.01324134	      0.01277568	      0.08413159	      0.03014763	      0.01240037	      0.02037374	      0.10872707	      0.10069234	      0.06158073	      0.03199041	      0.02860486	      0.03599446	      0.01489550	      0.02016247	      0.08934976	      0.01780820	      0.01364224	      0.04713145	      0.03219669	      0.02188219	      0.16892748	      0.09812220	      0.09284587	      0.10004923	      0.02911582	      0.10342118	      0.06466193	      0.04300219	      0.04169466	      0.03963729	      0.02748438	      0.04150631	      0.04560437	      0.01688499	      0.01497295	      0.01745859	      0.08612154	      0.08025645	      0.01596967	      0.02130468	      0.01565367	      0.01237501	      0.01355007	      0.01319489	      0.01273614	      0.07769984	      0.04747578	      0.01313100	      0.02105120	      0.10911069	      0.10021212	      0.06823137	      0.03403996	      0.03328787	      0.03686617	      0.01492073	      0.01999900	      0.07073115	      0.07055978	      0.02391300	      0.02394990	      0.02276686	      0.02298918
      2.50000000	      0.11865054	      0.03002814	      0.01971063	      0.07080170	      0.05422678	      0.03806402	      0.18715204	      0.10648453	      0.09341900	      0.11009828	      0.04919927	      0.12234942	      0.08154199	      0.06211142	      0.06181569	      0.06094696	      0.04813149	      0.06248994	      0.06489814	      0.02754222	      0.02290979	      0.02807541	      0.11156583	      0.09967791	      0.02492223	      0.03614979	      0.02458656	      0.01702752	      0.02026290	      0.01927151	      0.01800724	      0.07935295	      0.06202131	      0.01791670	      0.03557321	      0.12804849	      0.11642734	      0.09399494	      0.05514462	      0.05414010	      0.05878977	      0.02381666	      0.03489060	      0.11817963	      0.03009375	      0.01971863	      0.07093286	      0.05399485	      0.03802317	      0.18906833	      0.10650726	      0.09164468	      0.10980284	      0.04921980	      0.12162018	      0.08155600	      0.06247591	      0.06164109	      0.06106148	      0.04810885	      0.06269509	      0.06528490	      0.02754210	      0.02291809	      0.02814468	      0.11038614	      0.10147697	      0.02493236	      0.03617593	      0.02458384	      0.01704426	      0.02027116	      0.01927991	      0.01801093	      0.07881249	      0.06192648	      0.01793141	      0.03571504	      0.12835426	      0.11610545	      0.09294205	      0.05519161	      0.05371600	      0.05876923	      0.02382160	      0.03489828	      0.08770673	      0.08729927	      0.04186357	      0.04195118	      0.04019485	      0.04072633
