Inverse Dynamics Generalized Forces
version=1
nRows=251
nColumns=24
inDegrees=no
endheader
time	pelvis_tilt_moment	pelvis_list_moment	pelvis_rotation_moment	pelvis_tx_force	pelvis_ty_force	pelvis_tz_force	hip_flexion_r_moment	hip_adduction_r_moment	hip_rotation_r_moment	hip_flexion_l_moment	hip_adduction_l_moment	hip_rotation_l_moment	lumbar_extension_moment	lumbar_bending_moment	lumbar_rotation_moment	knee_angle_r_moment	knee_angle_l_moment	ankle_angle_r_moment	ankle_angle_l_moment	subtalar_angle_r_moment	subtalar_angle_l_moment	mtp_angle_r_moment	mtp_angle_l_moment
      0.00000000	    -70.76876683	      0.00000000	      0.00000000	      0.00000000	    737.11292459	      0.00000000	      0.74494907	     -0.07903081	     -0.00000000	      0.74494907	     -0.07903081	     -0.00000000	    -10.07239060	      0.00000000	      0.00000000	      1.18253632	      1.18253632	      0.96557866	      0.96557866	     -0.17563324	     -0.17563324	      0.03822458	      0.03822458
      0.01000000	    -70.76874961	      0.00000000	      0.00000000	     -0.00154099	    737.11543029	      0.00000000	      0.74484925	     -0.07902892	      0.00000036	      0.74484925	     -0.07902892	      0.00000036	    -10.07200030	      0.00000000	      0.00000000	      1.18253019	      1.18253019	      0.96558222	      0.96558222	     -0.17563363	     -0.17563363	      0.03822472	      0.03822472
      0.02000000	    -70.76873582	      0.00000000	      0.00000000	     -0.00288973	    737.11762345	      0.00000000	      0.74476163	     -0.07902726	      0.00000068	      0.74476163	     -0.07902726	      0.00000068	    -10.07165947	      0.00000000	      0.00000000	      1.18252497	      1.18252497	      0.96558534	      0.96558534	     -0.17563397	     -0.17563397	      0.03822485	      0.03822485
      0.03000000	    -70.76872873	      0.00000000	      0.00000000	     -0.00385141	    737.11918741	      0.00000000	      0.74469862	     -0.07902608	      0.00000090	      0.74469862	     -0.07902608	      0.00000090	    -10.07141810	      0.00000000	      0.00000000	      1.18252155	      1.18252155	      0.96558756	      0.96558756	     -0.17563421	     -0.17563421	      0.03822494	      0.03822494
      0.04000000	    -70.76873122	      0.00000000	      0.00000000	     -0.00423050	    737.11980423	      0.00000000	      0.74467275	     -0.07902560	      0.00000099	      0.74467275	     -0.07902560	      0.00000099	    -10.07132615	      0.00000000	      0.00000000	      1.18252079	      1.18252079	      0.96558843	      0.96558843	     -0.17563431	     -0.17563431	      0.03822497	      0.03822497
      0.05000000	    -70.76874552	      0.00000000	      0.00000000	     -0.00384045	    737.11917060	      0.00000000	      0.74469608	     -0.07902606	      0.00000089	      0.74469608	     -0.07902606	      0.00000089	    -10.07143096	      0.00000000	      0.00000000	      1.18252344	      1.18252344	      0.96558753	      0.96558753	     -0.17563420	     -0.17563420	      0.03822493	      0.03822493
      0.06000000	    -70.76877281	      0.00000000	      0.00000000	     -0.00252408	    737.11703089	      0.00000000	      0.74477890	     -0.07902766	      0.00000057	      0.74477890	     -0.07902766	      0.00000057	    -10.07177197	      0.00000000	      0.00000000	      1.18253006	      1.18253006	      0.96558449	      0.96558449	     -0.17563386	     -0.17563386	      0.03822481	      0.03822481
      0.07000000	    -70.76881273	      0.00000000	      0.00000000	     -0.00018517	    737.11322855	      0.00000000	      0.74492771	     -0.07903050	      0.00000001	      0.74492771	     -0.07903050	      0.00000001	    -10.07237271	      0.00000000	      0.00000000	      1.18254088	      1.18254088	      0.96557908	      0.96557908	     -0.17563325	     -0.17563325	      0.03822460	      0.03822460
      0.08000000	    -70.76886294	      0.00000000	      0.00000000	      0.00317021	    737.10777331	      0.00000000	      0.74514259	     -0.07903460	     -0.00000078	      0.74514259	     -0.07903460	     -0.00000078	    -10.07323025	      0.00000000	      0.00000000	      1.18255563	      1.18255563	      0.96557133	      0.96557133	     -0.17563239	     -0.17563239	      0.03822429	      0.03822429
      0.09000000	    -70.76891857	      0.00000000	      0.00000000	      0.00738685	    737.10091735	      0.00000000	      0.74541407	     -0.07903976	     -0.00000178	      0.74541407	     -0.07903976	     -0.00000178	    -10.07430339	      0.00000000	      0.00000000	      1.18257333	      1.18257333	      0.96556158	      0.96556158	     -0.17563131	     -0.17563131	      0.03822390	      0.03822390
      0.10000000	    -70.76897199	      0.00000000	      0.00000000	      0.01211531	    737.09322868	      0.00000000	      0.74572026	     -0.07904556	     -0.00000289	      0.74572026	     -0.07904556	     -0.00000289	    -10.07550137	      0.00000000	      0.00000000	      1.18259220	      1.18259220	      0.96555066	      0.96555066	     -0.17563010	     -0.17563010	      0.03822347	      0.03822347
      0.11000000	    -70.76901281	      0.00000000	      0.00000000	      0.01677839	    737.08564560	      0.00000000	      0.74602453	     -0.07905130	     -0.00000398	      0.74602453	     -0.07905130	     -0.00000398	    -10.07667562	      0.00000000	      0.00000000	      1.18260949	      1.18260949	      0.96553988	      0.96553988	     -0.17562892	     -0.17562892	      0.03822304	      0.03822304
      0.12000000	    -70.76902835	      0.00000000	      0.00000000	      0.02056155	    737.07949239	      0.00000000	      0.74627481	     -0.07905598	     -0.00000485	      0.74627481	     -0.07905598	     -0.00000485	    -10.07761766	      0.00000000	      0.00000000	      1.18262158	      1.18262158	      0.96553114	      0.96553114	     -0.17562797	     -0.17562797	      0.03822269	      0.03822269
      0.13000000	    -70.76900469	      0.00000000	      0.00000000	      0.02244030	    737.07643478	      0.00000000	      0.74640523	     -0.07905836	     -0.00000526	      0.74640523	     -0.07905836	     -0.00000526	    -10.07806651	      0.00000000	      0.00000000	      1.18262411	      1.18262411	      0.96552681	      0.96552681	     -0.17562752	     -0.17562752	      0.03822252	      0.03822252
      0.14000000	    -70.76892850	      0.00000000	      0.00000000	      0.02125724	    737.07835471	      0.00000000	      0.74634088	     -0.07905702	     -0.00000494	      0.74634088	     -0.07905702	     -0.00000494	    -10.07772879	      0.00000000	      0.00000000	      1.18261245	      1.18261245	      0.96552955	      0.96552955	     -0.17562786	     -0.17562786	      0.03822263	      0.03822263
      0.15000000	    -70.76878948	      0.00000000	      0.00000000	      0.01585806	    737.08712935	      0.00000000	      0.74600649	     -0.07905053	     -0.00000362	      0.74600649	     -0.07905053	     -0.00000362	    -10.07631370	      0.00000000	      0.00000000	      1.18258229	      1.18258229	      0.96554203	      0.96554203	     -0.17562929	     -0.17562929	      0.03822312	      0.03822312
      0.16000000	    -70.76858348	      0.00000000	      0.00000000	      0.00528953	    737.10430902	      0.00000000	      0.74533904	     -0.07903771	     -0.00000108	      0.74533904	     -0.07903771	     -0.00000108	    -10.07358375	      0.00000000	      0.00000000	      1.18253056	      1.18253056	      0.96556646	      0.96556646	     -0.17563204	     -0.17563204	      0.03822409	      0.03822409
      0.17000000	    -70.76831600	      0.00000000	      0.00000000	     -0.01094637	    737.13070422	      0.00000000	      0.74430410	     -0.07901794	      0.00000279	      0.74430410	     -0.07901794	      0.00000279	    -10.06941947	      0.00000000	      0.00000000	      1.18245649	      1.18245649	      0.96560399	      0.96560399	     -0.17563624	     -0.17563624	      0.03822558	      0.03822558
      0.18000000	    -70.76800549	      0.00000000	      0.00000000	     -0.03260134	    737.16591210	      0.00000000	      0.74291471	     -0.07899149	      0.00000792	      0.74291471	     -0.07899149	      0.00000792	    -10.06389324	      0.00000000	      0.00000000	      1.18236282	      1.18236282	      0.96565403	      0.96565403	     -0.17564180	     -0.17564180	      0.03822757	      0.03822757
      0.19000000	    -70.76768614	      0.00000000	      0.00000000	     -0.05838580	    737.20783698	      0.00000000	      0.74125053	     -0.07895991	      0.00001400	      0.74125053	     -0.07895991	      0.00001400	    -10.05734365	      0.00000000	      0.00000000	      1.18225685	      1.18225685	      0.96571362	      0.96571362	     -0.17564840	     -0.17564840	      0.03822994	      0.03822994
      0.20000000	    -70.76740900	      0.00000000	      0.00000000	     -0.08571979	    737.25228510	      0.00000000	      0.73947436	     -0.07892633	      0.00002040	      0.73947436	     -0.07892633	      0.00002040	    -10.05043757	      0.00000000	      0.00000000	      1.18215130	      1.18215130	      0.96577678	      0.96577678	     -0.17565535	     -0.17565535	      0.03823245	      0.03823245
      0.21000000	    -70.76724085	      0.00000000	      0.00000000	     -0.11059310	    737.29273712	      0.00000000	      0.73784169	     -0.07889563	      0.00002618	      0.73784169	     -0.07889563	      0.00002618	    -10.04420402	      0.00000000	      0.00000000	      1.18206455	      1.18206455	      0.96583424	      0.96583424	     -0.17566163	     -0.17566163	      0.03823474	      0.03823474
      0.22000000	    -70.76725985	      0.00000000	      0.00000000	     -0.12760834	    737.32041780	      0.00000000	      0.73669867	     -0.07887440	      0.00003004	      0.73669867	     -0.07887440	      0.00003004	    -10.04002082	      0.00000000	      0.00000000	      1.18202003	      1.18202003	      0.96587354	      0.96587354	     -0.17566583	     -0.17566583	      0.03823630	      0.03823630
      0.23000000	    -70.76754714	      0.00000000	      0.00000000	     -0.13028178	    737.32478488	      0.00000000	      0.73646361	     -0.07887059	      0.00003046	      0.73646361	     -0.07887059	      0.00003046	    -10.03953545	      0.00000000	      0.00000000	      1.18204447	      1.18204447	      0.96587969	      0.96587969	     -0.17566631	     -0.17566631	      0.03823655	      0.03823655
      0.24000000	    -70.76817433	      0.00000000	      0.00000000	     -0.11166660	    737.29454195	      0.00000000	      0.73758769	     -0.07889272	      0.00002581	      0.73758769	     -0.07889272	      0.00002581	    -10.04450376	      0.00000000	      0.00000000	      1.18216484	      1.18216484	      0.96583664	      0.96583664	     -0.17566130	     -0.17566130	      0.03823484	      0.03823484
      0.25000000	    -70.76918681	      0.00000000	      0.00000000	     -0.06533612	    737.21923693	      0.00000000	      0.74049235	     -0.07894872	      0.00001460	      0.74049235	     -0.07894872	      0.00001460	    -10.05653753	      0.00000000	      0.00000000	      1.18240374	      1.18240374	      0.96572954	      0.96572954	     -0.17564917	     -0.17564917	      0.03823059	      0.03823059
      0.26000000	    -70.77058417	      0.00000000	      0.00000000	      0.01328004	    737.09143440	      0.00000000	      0.74548369	     -0.07904429	     -0.00000422	      0.74548369	     -0.07904429	     -0.00000422	    -10.07676321	      0.00000000	      0.00000000	      1.18277363	      1.18277363	      0.96554782	      0.96554782	     -0.17562879	     -0.17562879	      0.03822337	      0.03822337
      0.27000000	    -70.77229967	      0.00000000	      0.00000000	      0.12527854	    736.90934579	      0.00000000	      0.75264815	     -0.07918090	     -0.00003084	      0.75264815	     -0.07918090	     -0.00003084	    -10.10541080	      0.00000000	      0.00000000	      1.18327011	      1.18327011	      0.96528895	      0.96528895	     -0.17559992	     -0.17559992	      0.03821309	      0.03821309
      0.28000000	    -70.77418186	      0.00000000	      0.00000000	      0.26653612	    736.67966948	      0.00000000	      0.76173919	     -0.07935368	     -0.00006424	      0.76173919	     -0.07935368	     -0.00006424	    -10.14137226	      0.00000000	      0.00000000	      1.18386514	      1.18386514	      0.96496247	      0.96496247	     -0.17556370	     -0.17556370	      0.03820012	      0.03820012
      0.29000000	    -70.77598257	      0.00000000	      0.00000000	      0.42607859	    736.42024397	      0.00000000	      0.77207048	     -0.07954937	     -0.00010175	      0.77207048	     -0.07954937	     -0.00010175	    -10.18179210	      0.00000000	      0.00000000	      1.18450127	      1.18450127	      0.96459376	      0.96459376	     -0.17552299	     -0.17552299	      0.03818546	      0.03818546
      0.30000000	    -70.77735598	      0.00000000	      0.00000000	      0.58489984	    736.16196951	      0.00000000	      0.78243696	     -0.07974488	     -0.00013881	      0.78243696	     -0.07974488	     -0.00013881	    -10.22177579	      0.00000000	      0.00000000	      1.18508832	      1.18508832	      0.96422680	      0.96422680	     -0.17548274	     -0.17548274	      0.03817088	      0.03817088
      0.31000000	    -70.77787420	      0.00000000	      0.00000000	      0.71564035	    735.94933152	      0.00000000	      0.79109030	     -0.07990685	     -0.00016890	      0.79109030	     -0.07990685	     -0.00016890	    -10.25431982	      0.00000000	      0.00000000	      1.18550419	      1.18550419	      0.96392487	      0.96392487	     -0.17545001	     -0.17545001	      0.03815887	      0.03815887
      0.32000000	    -70.77706375	      0.00000000	      0.00000000	      0.78357284	    735.83879727	      0.00000000	      0.79579770	     -0.07999283	     -0.00018381	      0.79579770	     -0.07999283	     -0.00018381	    -10.27057679	      0.00000000	      0.00000000	      1.18560153	      1.18560153	      0.96376826	      0.96376826	     -0.17543372	     -0.17543372	      0.03815263	      0.03815263
      0.33000000	    -70.77446643	      0.00000000	      0.00000000	      0.74932240	    735.89439113	      0.00000000	      0.79401209	     -0.07995454	     -0.00017428	      0.79401209	     -0.07995454	     -0.00017428	    -10.26056275	      0.00000000	      0.00000000	      1.18522173	      1.18522173	      0.96384796	      0.96384796	     -0.17544392	     -0.17544392	      0.03815577	      0.03815577
      0.34000000	    -70.76972519	      0.00000000	      0.00000000	      0.57364551	    736.17992139	      0.00000000	      0.78317521	     -0.07974370	     -0.00013115	      0.78317521	     -0.07974370	     -0.00013115	    -10.21438721	      0.00000000	      0.00000000	      1.18421740	      1.18421740	      0.96425453	      0.96425453	     -0.17549055	     -0.17549055	      0.03817190	      0.03817190
      0.35000000	    -70.76269170	      0.00000000	      0.00000000	      0.22439001	    736.74766339	      0.00000000	      0.76116265	     -0.07932050	     -0.00004703	      0.76116265	     -0.07932050	     -0.00004703	    -10.12403400	      0.00000000	      0.00000000	      1.18248319	      1.18248319	      0.96506204	      0.96506204	     -0.17558165	     -0.17558165	      0.03820396	      0.03820396
      0.36000000	    -70.75354748	      0.00000000	      0.00000000	     -0.31455563	    737.62381400	      0.00000000	      0.72685955	     -0.07866459	      0.00008160	      0.72685955	     -0.07866459	      0.00008160	     -9.98564074	      0.00000000	      0.00000000	      1.17999398	      1.17999398	      0.96630739	      0.96630739	     -0.17572104	     -0.17572104	      0.03825342	      0.03825342
      0.37000000	    -70.74292387	      0.00000000	      0.00000000	     -1.03293412	    738.79171257	      0.00000000	      0.68082917	     -0.07778766	      0.00025194	      0.68082917	     -0.07778766	      0.00025194	     -9.80211761	      0.00000000	      0.00000000	      1.17684699	      1.17684699	      0.96796665	      0.96796665	     -0.17590575	     -0.17590575	      0.03831934	      0.03831934
      0.38000000	    -70.73199958	      0.00000000	      0.00000000	     -1.88352089	    740.17462930	      0.00000000	      0.62600406	     -0.07674655	      0.00045251	      0.62600406	     -0.07674655	      0.00045251	     -9.58581919	      0.00000000	      0.00000000	      1.17330258	      1.17330258	      0.96993083	      0.96993083	     -0.17612336	     -0.17612336	      0.03839739	      0.03839739
      0.39000000	    -70.72254803	      0.00000000	      0.00000000	     -2.77288975	    741.62076829	      0.00000000	      0.56829577	     -0.07565464	      0.00066095	      0.56829577	     -0.07565464	      0.00066095	     -9.36084978	      0.00000000	      0.00000000	      1.16981558	      1.16981558	      0.97198474	      0.97198474	     -0.17634969	     -0.17634969	      0.03847902	      0.03847902
      0.40000000	    -70.71690250	      0.00000000	      0.00000000	     -3.55564786	    742.89388803	      0.00000000	      0.51698768	     -0.07468907	      0.00084278	      0.51698768	     -0.07468907	      0.00084278	     -9.16446342	      0.00000000	      0.00000000	      1.16704732	      1.16704732	      0.97379371	      0.97379371	     -0.17654743	     -0.17654743	      0.03855094	      0.03855094
      0.41000000	    -70.71780668	      0.00000000	      0.00000000	     -4.03454864	    743.67343246	      0.00000000	      0.48475540	     -0.07409090	      0.00095147	      0.48475540	     -0.07409090	      0.00095147	     -9.04694540	      0.00000000	      0.00000000	      1.16584686	      1.16584686	      0.97490336	      0.97490336	     -0.17666617	     -0.17666617	      0.03859510	      0.03859510
      0.42000000	    -70.72812552	      0.00000000	      0.00000000	     -3.96889229	    743.56807765	      0.00000000	      0.48715813	     -0.07415510	      0.00093039	      0.48715813	     -0.07415510	      0.00093039	     -9.06936577	      0.00000000	      0.00000000	      1.16719188	      1.16719188	      0.97475790	      0.97475790	     -0.17664447	     -0.17664447	      0.03858939	      0.03858939
      0.43000000	    -70.75040708	      0.00000000	      0.00000000	     -3.09317165	    742.14590144	      0.00000000	      0.54147206	     -0.07520808	      0.00071714	      0.54147206	     -0.07520808	      0.00071714	     -9.29871677	      0.00000000	      0.00000000	      1.17208342	      1.17208342	      0.97274168	      0.97274168	     -0.17641453	     -0.17641453	      0.03850937	      0.03850937
      0.44000000	    -70.78631282	      0.00000000	      0.00000000	     -1.14687783	    738.98274572	      0.00000000	      0.66480348	     -0.07757150	      0.00025062	      0.66480348	     -0.07757150	      0.00025062	     -9.80021983	      0.00000000	      0.00000000	      1.18139744	      1.18139744	      0.96824707	      0.96824707	     -0.17590980	     -0.17590980	      0.03833088	      0.03833088
      0.45000000	    -70.83596822	      0.00000000	      0.00000000	      2.08536474	    733.72756944	      0.00000000	      0.87153076	     -0.08151342	     -0.00051938	      0.87153076	     -0.08151342	     -0.00051938	    -10.62703897	      0.00000000	      0.00000000	      1.19570701	      1.19570701	      0.96076829	      0.96076829	     -0.17507545	     -0.17507545	      0.03803381	      0.03803381
      0.46000000	    -70.89732276	      0.00000000	      0.00000000	      6.72664912	    726.17957631	      0.00000000	      1.17028437	     -0.08719054	     -0.00162037	      1.17028437	     -0.08719054	     -0.00162037	    -11.80827275	      0.00000000	      0.00000000	      1.21510094	      1.21510094	      0.95001551	      0.95001551	     -0.17388136	     -0.17388136	      0.03760664	      0.03760664
      0.47000000	    -70.96563903	      0.00000000	      0.00000000	     12.76012022	    716.36665911	      0.00000000	      1.56087909	     -0.09458967	     -0.00304494	      1.56087909	     -0.09458967	     -0.00304494	    -13.33689924	      0.00000000	      0.00000000	      1.23903428	      1.23903428	      0.93603519	      0.93603519	     -0.17233585	     -0.17233585	      0.03705113	      0.03705113
      0.48000000	    -71.03324510	      0.00000000	      0.00000000	     19.99099124	    704.60848131	      0.00000000	      2.03185288	     -0.10348073	     -0.00474034	      2.03185288	     -0.10348073	     -0.00474034	    -15.16026913	      0.00000000	      0.00000000	      1.26624921	      1.26624921	      0.91931218	      0.91931218	     -0.17049759	     -0.17049759	      0.03638644	      0.03638644
      0.49000000	    -71.08968159	      0.00000000	      0.00000000	     28.03246667	    691.54065749	      0.00000000	      2.55952901	     -0.11339883	     -0.00660395	      2.55952901	     -0.11339883	     -0.00660395	    -17.17673132	      0.00000000	      0.00000000	      1.29480303	      1.29480303	      0.90081601	      0.90081601	     -0.16848121	     -0.16848121	      0.03565085	      0.03565085
      0.50000000	    -71.12235043	      0.00000000	      0.00000000	     36.33244061	    678.07191871	      0.00000000	      3.10969344	     -0.12367629	     -0.00848930	      3.10969344	     -0.12367629	     -0.00848930	    -19.24261277	      0.00000000	      0.00000000	      1.32223312	      1.32223312	      0.88194496	      0.88194496	     -0.16645119	     -0.16645119	      0.03489960	      0.03489960
      0.51000000	    -71.11767601	      0.00000000	      0.00000000	     44.25088365	    665.25747906	      0.00000000	      3.64253324	     -0.13353704	     -0.01022582	      3.64253324	     -0.13353704	     -0.01022582	    -21.19200068	      0.00000000	      0.00000000	      1.34585938	      1.34585938	      0.86433748	      0.86433748	     -0.16460039	     -0.16460039	      0.03419735	      0.03419735
      0.52000000	    -71.06256457	      0.00000000	      0.00000000	     51.17334097	    654.11211453	      0.00000000	      4.11989696	     -0.14223550	     -0.01164889	      4.11989696	     -0.14223550	     -0.01164889	    -22.86560457	      0.00000000	      0.00000000	      1.36315398	      1.36315398	      0.84958295	      0.84958295	     -0.16311666	     -0.16311666	      0.03360682	      0.03360682
      0.53000000	    -70.94574128	      0.00000000	      0.00000000	     56.61962316	    645.43004006	      0.00000000	      4.51223234	     -0.14918984	     -0.01262953	      4.51223234	     -0.14918984	     -0.01262953	    -24.13835999	      0.00000000	      0.00000000	      1.37204683	      1.37204683	      0.83893311	      0.83893311	     -0.16214908	     -0.16214908	      0.03317732	      0.03317732
      0.54000000	    -70.75861288	      0.00000000	      0.00000000	     60.30863428	    639.67622092	      0.00000000	      4.80268052	     -0.15406151	     -0.01309329	      4.80268052	     -0.15406151	     -0.01309329	    -24.93593345	      0.00000000	      0.00000000	      1.37107001	      1.37107001	      0.83311738	      0.83311738	     -0.16178570	     -0.16178570	      0.03293755	      0.03293755
      0.55000000	    -70.49559914	      0.00000000	      0.00000000	     62.16897815	    636.96710866	      0.00000000	      4.98766977	     -0.15676822	     -0.01302437	      4.98766977	     -0.15676822	     -0.01302437	    -25.23753535	      0.00000000	      0.00000000	      1.35935072	      1.35935072	      0.83229800	      0.83229800	     -0.16204747	     -0.16204747	      0.03289384	      0.03289384
      0.56000000	    -70.15408154	      0.00000000	      0.00000000	     62.30934272	    637.11858780	      0.00000000	      5.07492937	     -0.15744747	     -0.01245806	      5.07492937	     -0.15744747	     -0.01245806	    -25.06857871	      0.00000000	      0.00000000	      1.33652758	      1.33652758	      0.83613804	      0.83613804	     -0.16289556	     -0.16289556	      0.03303286	      0.03303286
      0.57000000	    -69.73412407	      0.00000000	      0.00000000	     60.96814633	    639.72926195	      0.00000000	      5.08019510	     -0.15639467	     -0.01146640	      5.08019510	     -0.15639467	     -0.01146640	    -24.48808381	      0.00000000	      0.00000000	      1.30265310	      1.30265310	      0.84393542	      0.84393542	     -0.16424689	     -0.16424689	      0.03332691	      0.03332691
      0.58000000	    -69.23805905	      0.00000000	      0.00000000	     58.45776576	    644.27354001	      0.00000000	      5.02360197	     -0.15399461	     -0.01014163	      5.02360197	     -0.15399461	     -0.01014163	    -23.57466600	      0.00000000	      0.00000000	      1.25810657	      1.25810657	      0.85478033	      0.85478033	     -0.16599280	     -0.16599280	      0.03374018	      0.03374018
      0.59000000	    -68.66998605	      0.00000000	      0.00000000	     55.11352497	    650.18718962	      0.00000000	      4.92642072	     -0.15065898	     -0.00858078	      4.92642072	     -0.15065898	     -0.00858078	    -22.41364996	      0.00000000	      0.00000000	      1.20351646	      1.20351646	      0.86770370	      0.86770370	     -0.16801692	     -0.16801692	      0.03423453	      0.03423453
      0.60000000	    -68.03521423	      0.00000000	      0.00000000	     51.25324263	    656.93521507	      0.00000000	      4.80850562	     -0.14677692	     -0.00687370	      4.80850562	     -0.14677692	     -0.00687370	    -21.08676313	      0.00000000	      0.00000000	      1.13968372	      1.13968372	      0.88179586	      0.88179586	     -0.17020958	     -0.17020958	      0.03477417	      0.03477417
      0.61000000	    -67.33968995	      0.00000000	      0.00000000	     47.14963999	    664.05794180	      0.00000000	      4.68659024	     -0.14268153	     -0.00509526	      4.68659024	     -0.14268153	     -0.00509526	    -19.66500000	      0.00000000	      0.00000000	      1.06750135	      1.06750135	      0.89628570	      0.89628570	     -0.17247746	     -0.17247746	      0.03532882	      0.03532882
      0.62000000	    -66.58946988	      0.00000000	      0.00000000	     43.01537491	    671.19574394	      0.00000000	      4.57340289	     -0.13863189	     -0.00330185	      4.57340289	     -0.13863189	     -0.00330185	    -18.20462664	      0.00000000	      0.00000000	      0.98787302	      0.98787302	      0.91058027	      0.91058027	     -0.17474840	     -0.17474840	      0.03587518	      0.03587518
      0.63000000	    -65.79029995	      0.00000000	      0.00000000	     38.99883914	    678.09575091	      0.00000000	      4.47746934	     -0.13480816	     -0.00153122	      4.47746934	     -0.13480816	     -0.00153122	    -16.74589149	      0.00000000	      0.00000000	      0.90163853	      0.90163853	      0.92427102	      0.92427102	     -0.17697209	     -0.17697209	      0.03639725	      0.03639725
      0.64000000	    -64.94734043	      0.00000000	      0.00000000	     35.18801340	    684.60528685	      0.00000000	      4.40341976	     -0.13131630	      0.00019520	      4.40341976	     -0.13131630	      0.00019520	    -15.31379246	      0.00000000	      0.00000000	      0.80951514	      0.80951514	      0.93711602	      0.93711602	     -0.17911789	     -0.17911789	      0.03688561	      0.03688561
      0.65000000	    -64.06505328	      0.00000000	      0.00000000	     31.61945854	    690.65712457	      0.00000000	      4.35260742	     -0.12819885	      0.00186877	      4.35260742	     -0.12819885	      0.00186877	    -13.92018627	      0.00000000	      0.00000000	      0.71206066	      0.71206066	      0.94900839	      0.94900839	     -0.18117088	     -0.18117088	      0.03733617	      0.03733617
      0.66000000	    -63.14724336	      0.00000000	      0.00000000	     28.28975709	    696.25116565	      0.00000000	      4.32386661	     -0.12544822	      0.00348969	      4.32386661	     -0.12544822	      0.00348969	    -12.56657228	      0.00000000	      0.00000000	      0.60965992	      0.60965992	      0.95993955	      0.95993955	     -0.18312737	     -0.18312737	      0.03774873	      0.03774873
      0.67000000	    -62.19722020	      0.00000000	      0.00000000	     25.16724189	    701.43613319	      0.00000000	      4.31427384	     -0.12302012	      0.00506335	      4.31427384	     -0.12302012	      0.00506335	    -11.24700230	      0.00000000	      0.00000000	      0.50253138	      0.50253138	      0.96996405	      0.96996405	     -0.18499064	     -0.18499064	      0.03812560	      0.03812560
      0.68000000	    -61.21803172	      0.00000000	      0.00000000	     22.20251177	    706.29362566	      0.00000000	      4.31982090	     -0.12084524	      0.00659723	      4.31982090	     -0.12084524	      0.00659723	     -9.95072594	      0.00000000	      0.00000000	      0.39074794	      0.39074794	      0.97916999	      0.97916999	     -0.18676732	     -0.18676732	      0.03847046	      0.03847046
      0.69000000	    -60.21724963	      0.00000000	      0.00000000	     19.33057664	    710.92423912	      0.00000000	      4.33384642	     -0.11883767	      0.00809269	      4.33384642	     -0.11883767	      0.00809269	     -8.66435043	      0.00000000	      0.00000000	      0.27346941	      0.27346941	      0.98763056	      0.98763056	     -0.18846434	     -0.18846434	      0.03878751	      0.03878751
      0.70000000	    -59.29620386	      0.00000000	      0.00000000	     16.35235651	    715.40785652	      0.00000000	      4.30596173	     -0.11688437	      0.00942334	      4.30596173	     -0.11688437	      0.00942334	     -7.37345068	      0.00000000	      0.00000000	      0.13405814	      0.13405814	      0.99485095	      0.99485095	     -0.19007574	     -0.19007574	      0.03908187	      0.03908187
      0.71000000	    -58.36428505	      0.00000000	      0.00000000	     13.33954976	    719.89010588	      0.00000000	      4.27529066	     -0.11490267	      0.01071292	      4.27529066	     -0.11490267	      0.01071292	     -6.06369606	      0.00000000	      0.00000000	     -0.01031461	     -0.01031461	      1.00143083	      1.00143083	     -0.19161019	     -0.19161019	      0.03935395	      0.03935395
      0.72000000	    -57.42246298	      0.00000000	      0.00000000	     10.24081152	    724.48969238	      0.00000000	      4.23894956	     -0.11279572	      0.01196404	      4.23894956	     -0.11279572	      0.01196404	     -4.72165339	      0.00000000	      0.00000000	     -0.15913045	     -0.15913045	      1.00744717	      1.00744717	     -0.19306852	     -0.19306852	      0.03960626	      0.03960626
      0.73000000	    -56.47167691	      0.00000000	      0.00000000	      7.01230383	    729.31915360	      0.00000000	      4.19468346	     -0.11047284	      0.01317610	      4.19468346	     -0.11047284	      0.01317610	     -3.33547677	      0.00000000	      0.00000000	     -0.31181727	     -0.31181727	      1.01295950	      1.01295950	     -0.19444902	     -0.19444902	      0.03984053	      0.03984053
      0.74000000	    -55.51261432	      0.00000000	      0.00000000	      3.62055578	    734.47641528	      0.00000000	      4.14103986	     -0.10785636	      0.01434541	      4.14103986	     -0.10785636	      0.01434541	     -1.89569907	      0.00000000	      0.00000000	     -0.46770318	     -0.46770318	      1.01800728	      1.01800728	     -0.19574733	     -0.19574733	      0.04005765	      0.04005765
      0.75000000	    -54.54545542	      0.00000000	      0.00000000	      0.04611195	    740.03297583	      0.00000000	      4.07756289	     -0.10489089	      0.01546546	      4.07756289	     -0.10489089	      0.01546546	     -0.39629743	      0.00000000	      0.00000000	     -0.62596036	     -0.62596036	      1.02260662	      1.02260662	     -0.19695644	     -0.19695644	      0.04025751	      0.04025751
      0.76000000	    -53.56965705	      0.00000000	      0.00000000	     -3.71181023	    746.01855847	      0.00000000	      4.00501113	     -0.10155500	      0.01652776	      4.00501113	     -0.10155500	      0.01652776	      1.16387969	      0.00000000	      0.00000000	     -0.78553868	     -0.78553868	      1.02674634	      1.02674634	     -0.19806677	     -0.19806677	      0.04043888	      0.04043888
      0.77000000	    -52.58385974	      0.00000000	      0.00000000	     -7.62988025	    752.40317375	      0.00000000	      3.92557722	     -0.09787440	      0.01752318	      3.92557722	     -0.09787440	      0.01752318	      2.77936079	      0.00000000	      0.00000000	     -0.94509467	     -0.94509467	      1.03038413	      1.03038413	     -0.19906640	     -0.19906640	      0.04059933	      0.04059933
      0.78000000	    -51.58598716	      0.00000000	      0.00000000	    -11.65516573	    759.07865815	      0.00000000	      3.84306095	     -0.09393507	      0.01844391	      3.84306095	     -0.09393507	      0.01844391	      4.43616335	      0.00000000	      0.00000000	     -1.10292749	     -1.10292749	      1.03344401	      1.03344401	     -0.19994169	     -0.19994169	      0.04073512	      0.04073512
      0.79000000	    -50.57358358	      0.00000000	      0.00000000	    -15.70083381	    765.84306053	      0.00000000	      3.76292709	     -0.08989349	      0.01928587	      3.76292709	     -0.08989349	      0.01928587	      6.11012218	      0.00000000	      0.00000000	     -1.25694005	     -1.25694005	      1.03581643	      1.03581643	     -0.20067816	     -0.20067816	      0.04084135	      0.04084135
      0.80000000	    -49.53094015	      0.00000000	      0.00000000	    -19.62568756	    772.39883669	      0.00000000	      3.69849287	     -0.08598386	      0.02007278	      3.69849287	     -0.08598386	      0.02007278	      7.76594259	      0.00000000	      0.00000000	     -1.40238326	     -1.40238326	      1.03745974	      1.03745974	     -0.20126534	     -0.20126534	      0.04091262	      0.04091262
      0.81000000	    -48.39122755	      0.00000000	      0.00000000	    -23.18274722	    778.37841923	      0.00000000	      3.68876771	     -0.08252289	      0.02092302	      3.68876771	     -0.08252289	      0.02092302	      9.35760503	      0.00000000	      0.00000000	     -1.52631691	     -1.52631691	      1.03871355	      1.03871355	     -0.20171238	     -0.20171238	      0.04094592	      0.04094592
      0.82000000	    -47.24978350	      0.00000000	      0.00000000	    -26.32980463	    783.26441753	      0.00000000	      3.69778264	     -0.07983860	      0.02170775	      3.69778264	     -0.07983860	      0.02170775	     10.83079286	      0.00000000	      0.00000000	     -1.64240774	     -1.64240774	      1.03874865	      1.03874865	     -0.20198998	     -0.20198998	      0.04093231	      0.04093231
      0.83000000	    -46.11091710	      0.00000000	      0.00000000	    -28.88884199	    786.55400374	      0.00000000	      3.73276170	     -0.07829165	      0.02245411	      3.73276170	     -0.07829165	      0.02245411	     12.12794931	      0.00000000	      0.00000000	     -1.74801182	     -1.74801182	      1.03740926	      1.03740926	     -0.20209541	     -0.20209541	      0.04086655	      0.04086655
      0.84000000	    -44.98037075	      0.00000000	      0.00000000	    -30.70323715	    787.79162036	      0.00000000	      3.79953340	     -0.07820106	      0.02319849	      3.79953340	     -0.07820106	      0.02319849	     13.19635944	      0.00000000	      0.00000000	     -1.84074091	     -1.84074091	      1.03460614	      1.03460614	     -0.20203459	     -0.20203459	      0.04074589	      0.04074589
      0.85000000	    -43.86512290	      0.00000000	      0.00000000	    -31.67363440	    786.66829016	      0.00000000	      3.90089103	     -0.07977206	      0.02398095	      3.90089103	     -0.07977206	      0.02398095	     13.99927367	      0.00000000	      0.00000000	     -1.91894564	     -1.91894564	      1.03035584	      1.03035584	     -0.20182364	     -0.20182364	      0.04057153	      0.04057153
      0.86000000	    -42.77277949	      0.00000000	      0.00000000	    -31.80074591	    783.14168833	      0.00000000	      4.03471529	     -0.08301008	      0.02483597	      4.03471529	     -0.08301008	      0.02483597	     14.52954048	      0.00000000	      0.00000000	     -1.98230150	     -1.98230150	      1.02482048	      1.02482048	     -0.20148949	     -0.20148949	      0.04035000	      0.04035000
      0.87000000	    -41.71055736	      0.00000000	      0.00000000	    -31.23099994	    777.56619153	      0.00000000	      4.19205661	     -0.08762927	      0.02577987	      4.19205661	     -0.08762927	      0.02577987	     14.82452440	      0.00000000	      0.00000000	     -2.03244324	     -2.03244324	      1.01834323	      1.01834323	     -0.20106922	     -0.20106922	      0.04009441	      0.04009441
      0.88000000	    -40.68394088	      0.00000000	      0.00000000	    -30.29863735	    770.81560689	      0.00000000	      4.35547035	     -0.09296817	      0.02679593	      4.35547035	     -0.09296817	      0.02679593	     14.98031230	      0.00000000	      0.00000000	     -2.07355993	     -2.07355993	      1.01147290	      1.01147290	     -0.20060809	     -0.20060809	      0.03982534	      0.03982534
      0.89000000	    -39.69517512	      0.00000000	      0.00000000	    -29.55563710	    764.37483494	      0.00000000	      4.49798472	     -0.09793004	      0.02781908	      4.49798472	     -0.09793004	      0.02781908	     15.16245414	      0.00000000	      0.00000000	     -2.11282992	     -2.11282992	      1.00496934	      1.00496934	     -0.20015591	     -0.20015591	      0.03957092	      0.03957092
      0.90000000	    -38.74186357	      0.00000000	      0.00000000	    -29.77917443	    760.37168388	      0.00000000	      4.58313777	     -0.10096902	      0.02872316	      4.58313777	     -0.10096902	      0.02872316	     15.60987441	      0.00000000	      0.00000000	     -2.16054911	     -2.16054911	      0.99978090	      0.99978090	     -0.19976188	     -0.19976188	      0.03936600	      0.03936600
      0.91000000	    -37.81608578	      0.00000000	      0.00000000	    -31.94575585	    761.51798969	      0.00000000	      4.56651478	     -0.10014394	      0.02931456	      4.56651478	     -0.10014394	      0.02931456	     16.62828534	      0.00000000	      0.00000000	     -2.22979612	     -2.22979612	      0.99698727	      0.99698727	     -0.19946828	     -0.19946828	      0.03924990	      0.03924990
      0.92000000	    -36.90465475	      0.00000000	      0.00000000	    -37.16238079	    770.93183399	      0.00000000	      4.39911984	     -0.09325776	      0.02933691	      4.39911984	     -0.09325776	      0.02933691	     18.56961485	      0.00000000	      0.00000000	     -2.33549525	     -2.33549525	      0.99770714	      0.99770714	     -0.19930440	     -0.19930440	      0.03926302	      0.03926302
      0.93000000	    -35.99136686	      0.00000000	      0.00000000	    -46.54867409	    791.82183192	      0.00000000	      4.03270424	     -0.07809097	      0.02849181	      4.03270424	     -0.07809097	      0.02849181	     21.79484123	      0.00000000	      0.00000000	     -2.49279229	     -2.49279229	      1.00298067	      1.00298067	     -0.19928312	     -0.19928312	      0.03944258	      0.03944258
      0.94000000	    -35.06223132	      0.00000000	      0.00000000	    -61.07037320	    827.03158015	      0.00000000	      3.42685136	     -0.05272048	      0.02648002	      3.42685136	     -0.05272048	      0.02648002	     26.61944251	      0.00000000	      0.00000000	     -2.71475627	     -2.71475627	      1.01365017	      1.01365017	     -0.19940397	     -0.19940397	      0.03981855	      0.03981855
      0.95000000	    -34.11451247	      0.00000000	      0.00000000	    -81.33408228	    878.46825580	      0.00000000	      2.55718916	     -0.01589557	      0.02306434	      2.55718916	     -0.01589557	      0.02306434	     33.24367465	      0.00000000	      0.00000000	     -3.00959634	     -3.00959634	      1.03027487	      1.03027487	     -0.19966731	     -0.19966731	      0.04041135	      0.04041135
      0.96000000	    -33.16893606	      0.00000000	      0.00000000	   -107.36456573	    946.47006202	      0.00000000	      1.42382840	      0.03258264	      0.01815006	      1.42382840	      0.03258264	      0.01815006	     41.67428414	      0.00000000	      0.00000000	     -3.37753157	     -3.37753157	      1.05308906	      1.05308906	     -0.20009648	     -0.20009648	      0.04123156	      0.04123156
      0.97000000	    -32.28420085	      0.00000000	      0.00000000	   -138.40202184	   1029.21478094	      0.00000000	      0.05825247	      0.09153714	      0.01186987	      0.05825247	      0.09153714	      0.01186987	     51.65004927	      0.00000000	      0.00000000	     -3.80815054	     -3.80815054	      1.08205913	      1.08205913	     -0.20077544	     -0.20077544	      0.04228398	      0.04228398
      0.98000000	    -31.56784668	      0.00000000	      0.00000000	   -172.76822361	   1122.30253722	      0.00000000	     -1.47275502	      0.15822883	      0.00464978	     -1.47275502	      0.15822883	      0.00464978	     62.59027889	      0.00000000	      0.00000000	     -4.27860708	     -4.27860708	      1.11694498	      1.11694498	     -0.20187529	     -0.20187529	      0.04357167	      0.04357167
      0.99000000	    -31.17704541	      0.00000000	      0.00000000	   -207.86770748	   1218.69940082	      0.00000000	     -3.06848663	      0.22838196	     -0.00277683	     -3.06848663	      0.22838196	     -0.00277683	     73.59210730	      0.00000000	      0.00000000	     -4.75356410	     -4.75356410	      1.15731705	      1.15731705	     -0.20365508	     -0.20365508	      0.04509752	      0.04509752
      1.00000000	    -31.30155658	      0.00000000	      0.00000000	   -240.39588061	   1309.24696378	      0.00000000	     -4.60329055	      0.29650292	     -0.00944083	     -4.60329055	      0.29650292	     -0.00944083	     83.50508993	      0.00000000	      0.00000000	     -5.18774939	     -5.18774939	      1.20243904	      1.20243904	     -0.20641264	     -0.20641264	      0.04685913	      0.04685913
      1.01000000	    -32.12558014	      0.00000000	      0.00000000	   -266.78525853	   1383.83875866	      0.00000000	     -5.94389482	      0.35651919	     -0.01430917	     -5.94389482	      0.35651919	     -0.01430917	     91.09581968	      0.00000000	      0.00000000	     -5.53155628	     -5.53155628	      1.25098557	      1.25098557	     -0.21037737	     -0.21037737	      0.04883484	      0.04883484
      1.02000000	    -33.77551064	      0.00000000	      0.00000000	   -283.79797688	   1433.03759857	      0.00000000	     -6.97094701	      0.40259194	     -0.01652305	     -6.97094701	      0.40259194	     -0.01652305	     95.26971691	      0.00000000	      0.00000000	     -5.73873595	     -5.73873595	      1.30065798	      1.30065798	     -0.21557065	     -0.21557065	      0.05096368	      0.05096368
      1.03000000	    -36.27052989	      0.00000000	      0.00000000	   -289.05248318	   1449.58194014	      0.00000000	     -7.59593887	      0.42979865	     -0.01562333	     -7.59593887	      0.42979865	     -0.01562333	     95.27224254	      0.00000000	      0.00000000	     -5.77365138	     -5.77365138	      1.34785924	      1.34785924	     -0.22169182	     -0.22169182	      0.05312609	      0.05312609
      1.04000000	    -39.49079277	      0.00000000	      0.00000000	   -281.29850696	   1429.28033800	      0.00000000	     -7.76560753	      0.43449282	     -0.01168970	     -7.76560753	      0.43449282	     -0.01168970	     90.79937937	      0.00000000	      0.00000000	     -5.61565001	     -5.61565001	      1.38751480	      1.38751480	     -0.22805956	     -0.22805956	      0.05512966	      0.05512966
      1.05000000	    -43.17718380	      0.00000000	      0.00000000	   -260.42192712	   1371.23541023	      0.00000000	     -7.45526016	      0.41436995	     -0.00536860	     -7.45526016	      0.41436995	     -0.00536860	     82.00146332	      0.00000000	      0.00000000	     -5.26092516	     -5.26092516	      1.41341916	      1.41341916	     -0.23368357	     -0.23368357	      0.05671684	      0.05671684
      1.06000000	    -46.96025607	      0.00000000	      0.00000000	   -227.27108213	   1277.61464946	      0.00000000	     -6.65598370	      0.36845918	      0.00219586	     -6.65598370	      0.36845918	      0.00219586	     69.40925765	      0.00000000	      0.00000000	     -4.72186362	     -4.72186362	      1.41904161	      1.41904161	     -0.23742950	     -0.23742950	      0.05759306	      0.05759306
      1.07000000	    -50.41429879	      0.00000000	      0.00000000	   -183.41552048	   1153.23899028	      0.00000000	     -5.36263391	      0.29717510	      0.00950593	     -5.36263391	      0.29717510	      0.00950593	     53.82158069	      0.00000000	      0.00000000	     -4.02493237	     -4.02493237	      1.39869872	      1.39869872	     -0.23824630	     -0.23824630	      0.05747332	      0.05747332
      1.08000000	    -53.12859277	      0.00000000	      0.00000000	   -130.91244918	   1005.15877398	      0.00000000	     -3.56745492	      0.20244654	      0.01491293	     -3.56745492	      0.20244654	      0.01491293	     36.18598757	      0.00000000	      0.00000000	     -3.20737198	     -3.20737198	      1.34882206	      1.34882206	     -0.23539908	     -0.23539908	      0.05613798	      0.05613798
      1.09000000	    -53.12951666	      0.00000000	      0.00000000	    -69.79229258	    842.95765357	      0.00000000	     -0.48671185	      0.08758153	      0.01905202	     -0.48671185	      0.08758153	      0.01905202	     17.49317959	      0.00000000	      0.00000000	     -2.02597939	     -2.02597939	      1.28152785	      1.28152785	     -0.22940903	     -0.22940903	      0.05357579	      0.05357579
      1.10000000	    -51.61676932	      0.00000000	      0.00000000	     -4.50551424	    676.32525396	      0.00000000	      3.24168631	     -0.04177851	      0.01858199	      3.24168631	     -0.04177851	      0.01858199	     -1.30412592	      0.00000000	      0.00000000	     -0.74650746	     -0.74650746	      1.18864783	      1.18864783	     -0.21990925	     -0.21990925	      0.04971658	      0.04971658
      1.11000000	    -49.23665084	      0.00000000	      0.00000000	     61.51487270	    516.71626800	      0.00000000	      7.32880190	     -0.17870304	      0.01221858	      7.32880190	     -0.17870304	      0.01221858	    -19.34501568	      0.00000000	      0.00000000	      0.49466467	      0.49466467	      1.07365176	      1.07365176	     -0.20767297	     -0.20767297	      0.04478103	      0.04478103
      1.12000000	    -46.82658585	      0.00000000	      0.00000000	    124.88416773	    376.49068562	      0.00000000	     11.47895150	     -0.31510098	     -0.00020527	     11.47895150	     -0.31510098	     -0.00020527	    -35.88934505	      0.00000000	      0.00000000	      1.58049594	      1.58049594	      0.94512023	      0.94512023	     -0.19410788	     -0.19410788	      0.03921395	      0.03921395
      1.13000000	    -46.23025205	      0.00000000	      0.00000000	    181.14681880	    267.95515582	      0.00000000	     14.98994497	     -0.44215558	     -0.01849642	     14.98994497	     -0.44215558	     -0.01849642	    -50.32739388	      0.00000000	      0.00000000	      2.26766552	      2.26766552	      0.80983470	      0.80983470	     -0.18063204	     -0.18063204	      0.03362299	      0.03362299
      1.14000000	    -47.56374717	      0.00000000	      0.00000000	    228.55862229	    203.13536702	      0.00000000	     17.98562619	     -0.55139083	     -0.03961573	     17.98562619	     -0.55139083	     -0.03961573	    -62.17748422	      0.00000000	      0.00000000	      2.65427356	      2.65427356	      0.69023180	      0.69023180	     -0.16986039	     -0.16986039	      0.02882057	      0.02882057
      1.15000000	    -50.73079919	      0.00000000	      0.00000000	    265.88961109	    191.59725325	      0.00000000	     20.65127118	     -0.63516346	     -0.06004554	     20.65127118	     -0.63516346	     -0.06004554	    -71.07991769	      0.00000000	      0.00000000	      2.90694450	      2.90694450	      0.60864804	      0.60864804	     -0.16431011	     -0.16431011	      0.02558673	      0.02558673
      1.16000000	    -56.16042519	      0.00000000	      0.00000000	    291.34756870	    238.64569911	      0.00000000	     22.83775997	     -0.68751887	     -0.07690099	     22.83775997	     -0.68751887	     -0.07690099	    -76.79603740	      0.00000000	      0.00000000	      3.08026061	      3.08026061	      0.57932881	      0.57932881	     -0.16567051	     -0.16567051	      0.02455436	      0.02455436
      1.17000000	    -63.94948465	      0.00000000	      0.00000000	    303.75665104	    343.83281609	      0.00000000	     24.40755296	     -0.70511362	     -0.08774277	     24.40755296	     -0.70511362	     -0.08774277	    -79.21994525	      0.00000000	      0.00000000	      3.22332408	      3.22332408	      0.61087318	      0.61087318	     -0.17484043	     -0.17484043	      0.02611764	      0.02611764
      1.18000000	    -73.73472073	      0.00000000	      0.00000000	    302.77852675	    499.52468955	      0.00000000	     25.25883252	     -0.68784370	     -0.09107920	     25.25883252	     -0.68784370	     -0.09107920	    -78.40551135	      0.00000000	      0.00000000	      3.36497713	      3.36497713	      0.70373660	      0.70373660	     -0.19160026	     -0.19160026	      0.03031720	      0.03031720
      1.19000000	    -84.64582011	      0.00000000	      0.00000000	    289.08881044	    690.31244906	      0.00000000	     25.34520646	     -0.63912180	     -0.08670489	     25.34520646	     -0.63912180	     -0.08670489	    -74.60083605	      0.00000000	      0.00000000	      3.50429516	      3.50429516	      0.84859766	      0.84859766	     -0.21439073	     -0.21439073	      0.03676632	      0.03676632
      1.20000000	    -95.38648042	      0.00000000	      0.00000000	    264.41135094	    893.95382298	      0.00000000	     24.68237155	     -0.56559211	     -0.07574994	     24.68237155	     -0.56559211	     -0.07574994	    -68.26757888	      0.00000000	      0.00000000	      3.61040256	      3.61040256	      1.02646323	      1.02646323	     -0.24032238	     -0.24032238	      0.04465622	      0.04465622
      1.21000000	   -104.45888443	      0.00000000	      0.00000000	    231.32002132	   1084.29355704	      0.00000000	     23.33646033	     -0.47612465	     -0.06037818	     23.33646033	     -0.47612465	     -0.06037818	    -60.05603462	      0.00000000	      0.00000000	      3.63313569	      3.63313569	      1.21118196	      1.21118196	     -0.26551752	     -0.26551752	      0.05286634	      0.05286634
      1.22000000	   -110.47790806	      0.00000000	      0.00000000	    192.81669344	   1235.68037970	      0.00000000	     21.39691421	     -0.38023652	     -0.04321329	     21.39691421	     -0.38023652	     -0.04321329	    -50.72551264	      0.00000000	      0.00000000	      3.52145485	      3.52145485	      1.37403771	      1.37403771	     -0.28574846	     -0.28574846	      0.06016223	      0.06016223
      1.23000000	   -112.45896876	      0.00000000	      0.00000000	    151.83315903	   1327.36420558	      0.00000000	     18.94572869	     -0.28646767	     -0.02671060	     18.94572869	     -0.28646767	     -0.02671060	    -41.03430234	      0.00000000	      0.00000000	      3.24241365	      3.24241365	      1.48889602	      1.48889602	     -0.29716494	     -0.29716494	      0.06541312	      0.06541312
      1.24000000	   -109.97700759	      0.00000000	      0.00000000	    110.84087543	   1346.37810521	      0.00000000	     16.03712683	     -0.20126845	     -0.01270128	     16.03712683	     -0.20126845	     -0.01270128	    -31.63935292	      0.00000000	      0.00000000	      2.79345375	      2.79345375	      1.53621304	      1.53621304	     -0.29687791	     -0.29687791	      0.06775826	      0.06775826
      1.25000000	   -103.17367374	      0.00000000	      0.00000000	     71.65725769	   1288.45991584	      0.00000000	     12.69532618	     -0.12859551	     -0.00220731	     12.69532618	     -0.12859551	     -0.00220731	    -23.03147858	      0.00000000	      0.00000000	      2.20467078	      2.20467078	      1.50516890	      1.50516890	     -0.28329615	     -0.28329615	      0.06669459	      0.06669459
      1.26000000	    -92.65614649	      0.00000000	      0.00000000	     35.43127871	   1157.47615888	      0.00000000	      8.92943102	     -0.07007114	      0.00450930	      8.92943102	     -0.07007114	      0.00450930	    -15.51128816	      0.00000000	      0.00000000	      1.53198882	      1.53198882	      1.39412754	      1.39412754	     -0.25623825	     -0.25623825	      0.06209865	      0.06209865
      1.27000000	    -79.34684563	      0.00000000	      0.00000000	      2.75071964	    964.01691338	      0.00000000	      4.75910933	     -0.02546426	      0.00775968	      4.75910933	     -0.02546426	      0.00775968	     -9.20060935	      0.00000000	      0.00000000	      0.84456897	      0.84456897	      1.20994530	      1.20994530	     -0.21688297	     -0.21688297	      0.05420675	      0.05420675
      1.28000000	    -64.33004270	      0.00000000	      0.00000000	    -26.18635055	    723.67307028	      0.00000000	      0.24296830	      0.00670541	      0.00819949	      0.24296830	      0.00670541	      0.00819949	     -4.07983575	      0.00000000	      0.00000000	      0.21033582	      0.21033582	      0.96660756	      0.96660756	     -0.16761364	     -0.16761364	      0.04357197	      0.04357197
      1.29000000	    -48.72268013	      0.00000000	      0.00000000	    -51.38470728	    455.30993476	      0.00000000	     -4.49810409	      0.02857557	      0.00662627	     -4.49810409	      0.02857557	      0.00662627	     -0.03896254	      0.00000000	      0.00000000	     -0.31699154	     -0.31699154	      0.68354287	      0.68354287	     -0.11179636	     -0.11179636	      0.03100862	      0.03100862
      1.30000000	    -33.62974877	      0.00000000	      0.00000000	    -72.95674136	    179.46536232	      0.00000000	     -9.29189640	      0.04244867	      0.00380701	     -9.29189640	      0.04244867	      0.00380701	      3.07023595	      0.00000000	      0.00000000	     -0.71565912	     -0.71565912	      0.38337503	      0.38337503	     -0.05345998	     -0.05345998	      0.01752142	      0.01752142
      1.31000000	    -20.02461863	      0.00000000	      0.00000000	    -90.92441332	    -83.06773935	      0.00000000	    -13.89067504	      0.05042845	      0.00043254	    -13.89067504	      0.05042845	      0.00043254	      5.39115024	      0.00000000	      0.00000000	     -0.98983267	     -0.98983267	      0.09051955	      0.09051955	      0.00296184	      0.00296184	      0.00423361	      0.00423361
      1.32000000	     -8.41302289	      0.00000000	      0.00000000	   -104.74441335	   -312.45974738	      0.00000000	    -17.85031129	      0.05417979	     -0.00273387	    -17.85031129	      0.05417979	     -0.00273387	      7.03474918	      0.00000000	      0.00000000	     -1.11236004	     -1.11236004	     -0.16783556	     -0.16783556	      0.05262184	      0.05262184	     -0.00765634	     -0.00765634
      1.33000000	      0.50360203	      0.00000000	      0.00000000	   -114.26745287	   -491.38526149	      0.00000000	    -20.88381039	      0.05491391	     -0.00527084	    -20.88381039	      0.05491391	     -0.00527084	      8.06940352	      0.00000000	      0.00000000	     -1.13282743	     -1.13282743	     -0.37000649	     -0.37000649	      0.09141307	      0.09141307	     -0.01707195	     -0.01707195
      1.34000000	      6.15785412	      0.00000000	      0.00000000	   -119.35863990	   -606.22788954	      0.00000000	    -22.76010349	      0.05340109	     -0.00691402	    -22.76010349	      0.05340109	     -0.00691402	      8.52600451	      0.00000000	      0.00000000	     -1.10811360	     -1.10811360	     -0.49919231	     -0.49919231	      0.11608052	      0.11608052	     -0.02314293	     -0.02314293
      1.35000000	      8.17478034	      0.00000000	      0.00000000	   -119.92418466	   -648.24263936	      0.00000000	    -23.32931176	      0.05006866	     -0.00753210	    -23.32931176	      0.05006866	     -0.00753210	      8.41299704	      0.00000000	      0.00000000	     -1.08240260	     -1.08240260	     -0.54484380	     -0.54484380	      0.12454841	      0.12454841	     -0.02530493	     -0.02530493
      1.36000000	      6.42064638	      0.00000000	      0.00000000	   -115.94827368	   -614.38693033	      0.00000000	    -22.54102967	      0.04511644	     -0.00710798	    -22.54102967	      0.04511644	     -0.00710798	      7.73390672	      0.00000000	      0.00000000	     -1.07235536	     -1.07235536	     -0.50353334	     -0.50353334	      0.11614099	      0.11614099	     -0.02336865	     -0.02336865
      1.37000000	      1.02052455	      0.00000000	      0.00000000	   -107.53091026	   -507.57753363	      0.00000000	    -20.45256182	      0.03860667	     -0.00572760	    -20.45256182	      0.03860667	     -0.00572760	      6.50014752	      0.00000000	      0.00000000	     -1.06221241	     -1.06221241	     -0.37920118	     -0.37920118	      0.09165283	      0.09165283	     -0.01754212	     -0.01754212
      1.38000000	     -7.66427946	      0.00000000	      0.00000000	    -94.91749315	   -336.26752444	      0.00000000	    -17.22522135	      0.03050415	     -0.00357413	    -17.22522135	      0.03050415	     -0.00357413	      4.73514634	      0.00000000	      0.00000000	     -1.01039118	     -1.01039118	     -0.18270648	     -0.18270648	      0.05324730	      0.05324730	     -0.00839879	     -0.00839879
      1.39000000	    -19.08851492	      0.00000000	      0.00000000	    -78.51543124	   -113.47186601	      0.00000000	    -13.10929411	      0.02066880	     -0.00092400	    -13.10929411	      0.02066880	     -0.00092400	      2.47066829	      0.00000000	      0.00000000	     -0.86522541	     -0.86522541	      0.06926521	      0.06926521	      0.00420252	      0.00420252	      0.00320132	      0.00320132
      1.40000000	    -32.58216018	      0.00000000	      0.00000000	    -58.89443225	    144.49093307	      0.00000000	     -8.41965120	      0.00882266	      0.00185951	     -8.41965120	      0.00882266	      0.00185951	     -0.26036630	      0.00000000	      0.00000000	     -0.58443717	     -0.58443717	      0.35580419	      0.35580419	     -0.05144833	     -0.05144833	      0.01622031	      0.01622031
      1.41000000	    -47.66997781	      0.00000000	      0.00000000	    -37.14677725	    419.22741652	      0.00000000	     -3.63138806	     -0.00545945	      0.00417897	     -3.63138806	     -0.00545945	      0.00417897	     -3.42969539	      0.00000000	      0.00000000	     -0.20107983	     -0.20107983	      0.65140702	      0.65140702	     -0.10905936	     -0.10905936	      0.02953315	      0.02953315
      1.42000000	    -63.38930717	      0.00000000	      0.00000000	    -13.86084052	    691.73213874	      0.00000000	      0.98458016	     -0.02280668	      0.00564595	      0.98458016	     -0.02280668	      0.00564595	     -7.01456659	      0.00000000	      0.00000000	      0.29052145	      0.29052145	      0.93437836	      0.93437836	     -0.16453467	     -0.16453467	      0.04212359	      0.04212359
      1.43000000	    -78.69517154	      0.00000000	      0.00000000	     10.38524884	    943.38824332	      0.00000000	      5.21193988	     -0.04396133	      0.00588522	      5.21193988	     -0.04396133	      0.00588522	    -10.99198826	      0.00000000	      0.00000000	      0.86776995	      0.86776995	      1.18500755	      1.18500755	     -0.21421046	     -0.21421046	      0.05310892	      0.05310892
      1.44000000	    -92.53500421	      0.00000000	      0.00000000	     34.99553157	   1157.08182490	      0.00000000	      8.88959842	     -0.06965762	      0.00455576	      8.88959842	     -0.06965762	      0.00455576	    -15.32686871	      0.00000000	      0.00000000	      1.48220158	      1.48220158	      1.38681682	      1.38681682	     -0.25508186	     -0.25508186	      0.06179509	      0.06179509
      1.45000000	   -103.89523333	      0.00000000	      0.00000000	     59.38343496	   1318.38604288	      0.00000000	     11.92520606	     -0.10044113	      0.00141723	     11.92520606	     -0.10044113	      0.00141723	    -19.95658536	      0.00000000	      0.00000000	      2.07453525	      2.07453525	      1.52793128	      1.52793128	     -0.28500652	     -0.28500652	      0.06771465	      0.06771465
      1.46000000	   -111.91159234	      0.00000000	      0.00000000	     82.93591860	   1416.82628528	      0.00000000	     14.28254376	     -0.13643884	     -0.00361125	     14.28254376	     -0.13643884	     -0.00361125	    -24.77617751	      0.00000000	      0.00000000	      2.58511626	      2.58511626	      1.60185865	      1.60185865	     -0.30281288	     -0.30281288	      0.07064544	      0.07064544
      1.47000000	   -115.99366347	      0.00000000	      0.00000000	    104.98424327	   1447.17777107	      0.00000000	     15.96618454	     -0.17711708	     -0.01038493	     15.96618454	     -0.17711708	     -0.01038493	    -29.62917533	      0.00000000	      0.00000000	      2.96481598	      2.96481598	      1.60803990	      1.60803990	     -0.30836436	     -0.30836436	      0.07061928	      0.07061928
      1.48000000	   -115.94294279	      0.00000000	      0.00000000	    124.79693334	   1410.59410150	      0.00000000	     17.00809133	     -0.22108329	     -0.01848065	     17.00809133	     -0.22108329	     -0.01848065	    -34.30867027	      0.00000000	      0.00000000	      3.18429687	      3.18429687	      1.55209802	      1.55209802	     -0.30257555	     -0.30257555	      0.06792146	      0.06792146
      1.49000000	   -112.03177954	      0.00000000	      0.00000000	    141.60828689	   1315.18948421	      0.00000000	     17.45909455	     -0.26601280	     -0.02718751	     17.45909455	     -0.26601280	     -0.02718751	    -38.57159899	      0.00000000	      0.00000000	      3.23948125	      3.23948125	      1.44558494	      1.44558494	     -0.28735450	     -0.28735450	      0.06307468	      0.06307468
      1.50000000	   -105.00118798	      0.00000000	      0.00000000	    154.68997654	   1175.53821901	      0.00000000	     17.38536527	     -0.30879838	     -0.03557194	     17.38536527	     -0.30879838	     -0.03557194	    -42.16662008	      0.00000000	      0.00000000	      3.15135246	      3.15135246	      1.30489218	      1.30489218	     -0.26542005	     -0.26542005	      0.05679355	      0.05679355
      1.51000000	    -95.94555786	      0.00000000	      0.00000000	    163.45859702	   1010.66945244	      0.00000000	     16.86722494	     -0.34598073	     -0.04262898	     16.86722494	     -0.34598073	     -0.04262898	    -44.87150294	      0.00000000	      0.00000000	      2.95939419	      2.95939419	      1.14906645	      1.14906645	     -0.23995020	     -0.23995020	      0.04989621	      0.04989621
      1.52000000	    -86.09940949	      0.00000000	      0.00000000	    167.58744437	    840.81036008	      0.00000000	     15.99708896	     -0.37437967	     -0.04748634	     15.99708896	     -0.37437967	     -0.04748634	    -46.52928437	      0.00000000	      0.00000000	      2.71038984	      2.71038984	      0.99681823	      0.99681823	     -0.21410292	     -0.21410292	      0.04318218	      0.04318218
      1.53000000	    -76.59970528	      0.00000000	      0.00000000	    167.07618567	    683.96784620	      0.00000000	     14.87527798	     -0.39169822	     -0.04958603	     14.87527798	     -0.39169822	     -0.04958603	    -47.06926216	      0.00000000	      0.00000000	      2.44668993	      2.44668993	      0.86368047	      0.86368047	     -0.19055897	     -0.19055897	      0.03731450	      0.03731450
      1.54000000	    -68.30766189	      0.00000000	      0.00000000	    162.24962849	    553.52665614	      0.00000000	     13.60422729	     -0.39687933	     -0.04877449	     13.60422729	     -0.39687933	     -0.04877449	    -46.50579252	      0.00000000	      0.00000000	      2.19808035	      2.19808035	      0.76026884	      0.76026884	     -0.17123765	     -0.17123765	      0.03274572	      0.03274572
      1.55000000	    -61.72866311	      0.00000000	      0.00000000	    153.69285668	    457.30676005	      0.00000000	     12.28178374	     -0.39014928	     -0.04528359	     12.28178374	     -0.39014928	     -0.04528359	    -44.91992064	      0.00000000	      0.00000000	      1.97893611	      1.97893611	      0.69188949	      0.69188949	     -0.15722316	     -0.15722316	      0.02969947	      0.02969947
      1.56000000	    -57.02022118	      0.00000000	      0.00000000	    142.15159807	    397.81884421	      0.00000000	     10.99412920	     -0.37281602	     -0.03963172	     10.99412920	     -0.37281602	     -0.03963172	    -42.43481323	      0.00000000	      0.00000000	      1.78980424	      1.78980424	      0.65912910	      0.65912910	     -0.14884260	     -0.14884260	      0.02819371	      0.02819371
      1.57000000	    -54.05812331	      0.00000000	      0.00000000	    128.42598306	    373.24845639	      0.00000000	      9.80931562	     -0.34692796	     -0.03248998	      9.80931562	     -0.34692796	     -0.03248998	    -39.19344378	      0.00000000	      0.00000000	      1.62148487	      1.62148487	      0.65894197	      0.65894197	     -0.14581968	     -0.14581968	      0.02808674	      0.02808674
      1.58000000	    -52.53033790	      0.00000000	      0.00000000	    113.27656531	    378.76757627	      0.00000000	      8.77268084	     -0.31488649	     -0.02455292	      8.77268084	     -0.31488649	     -0.02455292	    -35.34184139	      0.00000000	      0.00000000	      1.45977221	      1.45977221	      0.68587901	      0.68587901	     -0.14745137	     -0.14745137	      0.02913120	      0.02913120
      1.59000000	    -52.03377152	      0.00000000	      0.00000000	     97.35291254	    407.88066096	      0.00000000	      7.90504743	     -0.27908450	     -0.01643994	      7.90504743	     -0.27908450	     -0.01643994	    -31.01766961	      0.00000000	      0.00000000	      1.28957987	      1.28957987	      0.73324165	      0.73324165	     -0.15277758	     -0.15277758	      0.03102616	      0.03102616
      1.60000000	    -52.15667365	      0.00000000	      0.00000000	     81.14869358	    453.61146999	      0.00000000	      7.20390943	     -0.24162045	     -0.00863835	      7.20390943	     -0.24162045	     -0.00863835	    -26.34252851	      0.00000000	      0.00000000	      1.09781551	      1.09781551	      0.79404458	      0.79404458	     -0.16072846	     -0.16072846	      0.03346141	      0.03346141
      1.61000000	    -52.53759444	      0.00000000	      0.00000000	     64.98281510	    509.42265507	      0.00000000	      6.64716744	     -0.20411452	     -0.00148708	      6.64716744	     -0.20411452	     -0.00148708	    -21.41652428	      0.00000000	      0.00000000	      0.87489243	      0.87489243	      0.86173848	      0.86173848	     -0.17024296	     -0.17024296	      0.03615063	      0.03615063
      1.62000000	    -53.21774321	      0.00000000	      0.00000000	     48.55768901	    569.71976352	      0.00000000	      6.04999054	     -0.16758513	      0.00448082	      6.04999054	     -0.16758513	      0.00448082	    -16.31450948	      0.00000000	      0.00000000	      0.55963800	      0.55963800	      0.92832570	      0.92832570	     -0.18017707	     -0.18017707	      0.03883706	      0.03883706
      1.63000000	    -53.92785387	      0.00000000	      0.00000000	     31.99174909	    630.37608704	      0.00000000	      5.40697734	     -0.13255455	      0.00919072	      5.40697734	     -0.13255455	      0.00919072	    -11.08427870	      0.00000000	      0.00000000	      0.16926148	      0.16926148	      0.98973820	      0.98973820	     -0.18974954	     -0.18974954	      0.04133046	      0.04133046
      1.64000000	    -54.35376016	      0.00000000	      0.00000000	     15.48052917	    688.75536437	      0.00000000	      4.77344625	     -0.09913518	      0.01280318	      4.77344625	     -0.09913518	      0.01280318	     -5.74751693	      0.00000000	      0.00000000	     -0.25557483	     -0.25557483	      1.04426239	      1.04426239	     -0.19844268	     -0.19844268	      0.04351012	      0.04351012
      1.65000000	    -54.42489208	      0.00000000	      0.00000000	     -1.08447223	    743.45971429	      0.00000000	      4.12831783	     -0.06712317	      0.01535315	      4.12831783	     -0.06712317	      0.01535315	     -0.30433025	      0.00000000	      0.00000000	     -0.70354643	     -0.70354643	      1.09014004	      1.09014004	     -0.20583260	     -0.20583260	      0.04530209	      0.04530209
      1.66000000	    -54.11764657	      0.00000000	      0.00000000	    -17.81875633	    794.10976205	      0.00000000	      3.45996783	     -0.03618452	      0.01689891	      3.45996783	     -0.03618452	      0.01689891	      5.25818628	      0.00000000	      0.00000000	     -1.16213383	     -1.16213383	      1.12665616	      1.12665616	     -0.21167274	     -0.21167274	      0.04667701	      0.04667701
      1.67000000	    -53.43647644	      0.00000000	      0.00000000	    -34.79307321	    840.99909205	      0.00000000	      2.76856768	     -0.00601574	      0.01751384	      2.76856768	     -0.00601574	      0.01751384	     10.95352496	      0.00000000	      0.00000000	     -1.61834255	     -1.61834255	      1.15391636	      1.15391636	     -0.21587052	     -0.21587052	      0.04763951	      0.04763951
      1.68000000	    -52.34640203	      0.00000000	      0.00000000	    -51.90981679	    884.75470571	      0.00000000	      2.09182895	      0.02350706	      0.01736573	      2.09182895	      0.02350706	      0.01736573	     16.78042470	      0.00000000	      0.00000000	     -2.05012319	     -2.05012319	      1.17303744	      1.17303744	     -0.21848511	     -0.21848511	      0.04822157	      0.04822157
      1.69000000	    -50.56705066	      0.00000000	      0.00000000	    -68.58161469	    926.10999261	      0.00000000	      1.59787001	      0.05217174	      0.01704316	      1.59787001	      0.05217174	      0.01704316	     22.70632156	      0.00000000	      0.00000000	     -2.39591779	     -2.39591779	      1.18764346	      1.18764346	     -0.21981122	     -0.21981122	      0.04849264	      0.04849264
      1.70000000	    -48.62542654	      0.00000000	      0.00000000	    -85.19402677	    965.09751420	      0.00000000	      1.08638716	      0.07961638	      0.01600180	      1.08638716	      0.07961638	      0.01600180	     28.65199810	      0.00000000	      0.00000000	     -2.72938628	     -2.72938628	      1.19504879	      1.19504879	     -0.21981073	     -0.21981073	      0.04847011	      0.04847011
      1.71000000	    -46.59022141	      0.00000000	      0.00000000	   -101.30436523	   1001.44150405	      0.00000000	      0.58126009	      0.10506826	      0.01437250	      0.58126009	      0.10506826	      0.01437250	     34.48037890	      0.00000000	      0.00000000	     -3.04321743	     -3.04321743	      1.19615713	      1.19615713	     -0.21870772	     -0.21870772	      0.04820095	      0.04820095
      1.72000000	    -44.53079964	      0.00000000	      0.00000000	   -116.29121416	   1034.28107599	      0.00000000	      0.11410976	      0.12746629	      0.01235111	      0.11410976	      0.12746629	      0.01235111	     39.99268011	      0.00000000	      0.00000000	     -3.32872842	     -3.32872842	      1.19189949	      1.19189949	     -0.21676093	     -0.21676093	      0.04773261	      0.04773261
      1.73000000	    -42.51863900	      0.00000000	      0.00000000	   -129.38750744	   1062.20542733	      0.00000000	     -0.27839477	      0.14554798	      0.01019727	     -0.27839477	      0.14554798	      0.01019727	     44.93494256	      0.00000000	      0.00000000	     -3.57606486	     -3.57606486	      1.18320793	      1.18320793	     -0.21425012	     -0.21425012	      0.04711187	      0.04711187
      1.74000000	    -40.62693393	      0.00000000	      0.00000000	   -139.74487801	   1083.40894116	      0.00000000	     -0.55792747	      0.15797804	      0.00821793	     -0.55792747	      0.15797804	      0.00821793	     49.01717344	      0.00000000	      0.00000000	     -3.77481558	     -3.77481558	      1.17099561	      1.17099561	     -0.21146037	     -0.21146037	      0.04638365	      0.04638365
      1.75000000	    -38.92726308	      0.00000000	      0.00000000	   -146.52989981	   1095.95795875	      0.00000000	     -0.68866866	      0.16351321	      0.00673475	     -0.68866866	      0.16351321	      0.00673475	     51.94572713	      0.00000000	      0.00000000	     -3.91506763	     -3.91506763	      1.15612940	      1.15612940	     -0.20866217	     -0.20866217	      0.04558936	      0.04558936
      1.76000000	    -37.48328520	      0.00000000	      0.00000000	   -149.04755370	   1098.14652623	      0.00000000	     -0.64219222	      0.16119567	      0.00603881	     -0.64219222	      0.16119567	      0.00603881	     53.46709183	      0.00000000	      0.00000000	     -3.98884611	     -3.98884611	      1.13939469	      1.13939469	     -0.20608794	     -0.20608794	      0.04476486	      0.04476486
      1.77000000	    -36.34261802	      0.00000000	      0.00000000	   -146.87956025	   1088.89868791	      0.00000000	     -0.40276794	      0.15056213	      0.00633914	     -0.40276794	      0.15056213	      0.00633914	     53.41796857	      0.00000000	      0.00000000	     -3.99178516	     -3.99178516	      1.12146687	      1.12146687	     -0.20390864	     -0.20390864	      0.04393877	      0.04393877
      1.78000000	    -35.52915098	      0.00000000	      0.00000000	   -140.01512316	   1068.14987655	      0.00000000	      0.02762855	      0.13184164	      0.00771590	      0.02762855	      0.13184164	      0.00771590	     51.77267536	      0.00000000	      0.00000000	     -3.92479068	     -3.92479068	      1.10291422	      1.10291422	     -0.20221749	     -0.20221749	      0.04313217	      0.04313217
      1.79000000	    -35.03800522	      0.00000000	      0.00000000	   -128.93820383	   1037.10613406	      0.00000000	      0.62606168	      0.10609480	      0.01009162	      0.62606168	      0.10609480	      0.01009162	     48.67479919	      0.00000000	      0.00000000	     -3.79502959	     -3.79502959	      1.08422424	      1.08422424	     -0.20102272	     -0.20102272	      0.04235961	      0.04235961
      1.80000000	    -34.83676496	      0.00000000	      0.00000000	   -114.62632025	    998.26081929	      0.00000000	      1.34871986	      0.07520648	      0.01323434	      1.34871986	      0.07520648	      0.01323434	     44.43704611	      0.00000000	      0.00000000	     -3.61608114	     -3.61608114	      1.06588975	      1.06588975	     -0.20026516	     -0.20026516	      0.04163314	      0.04163314
      1.81000000	    -34.87205688	      0.00000000	      0.00000000	    -98.42182454	    955.06349147	      0.00000000	      2.13651342	      0.04166977	      0.01680083	      2.13651342	      0.04166977	      0.01680083	     39.49766963	      0.00000000	      0.00000000	     -3.40626479	     -3.40626479	      1.04843402	      1.04843402	     -0.19984067	     -0.19984067	      0.04096433	      0.04096433
      1.82000000	    -35.08101399	      0.00000000	      0.00000000	    -81.79485655	    911.29701377	      0.00000000	      2.92521334	      0.00817318	      0.02041088	      2.92521334	      0.00817318	      0.02041088	     34.34038593	      0.00000000	      0.00000000	     -3.18557551	     -3.18557551	      1.03239613	      1.03239613	     -0.19963197	     -0.19963197	      0.04036514	      0.04036514
      1.83000000	    -35.40328375	      0.00000000	      0.00000000	    -66.08258712	    870.39061020	      0.00000000	      3.65664185	     -0.02286027	      0.02372533	      3.65664185	     -0.02286027	      0.02372533	     29.40676305	      0.00000000	      0.00000000	     -2.97227238	     -2.97227238	      1.01827289	      1.01827289	     -0.19953620	     -0.19953620	      0.03984694	      0.03984694
      1.84000000	    -35.78965658	      0.00000000	      0.00000000	    -52.29890645	    834.92047552	      0.00000000	      4.28687385	     -0.04961323	      0.02650008	      4.28687385	     -0.04961323	      0.02650008	     25.03256888	      0.00000000	      0.00000000	     -2.78035376	     -2.78035376	      1.00645405	      1.00645405	     -0.19948084	     -0.19948084	      0.03941885	      0.03941885
      1.85000000	    -36.20575254	      0.00000000	      0.00000000	    -41.05266453	    806.39862823	      0.00000000	      4.78980406	     -0.07102280	      0.02860556	      4.78980406	     -0.07102280	      0.02860556	     21.42069767	      0.00000000	      0.00000000	     -2.61843487	     -2.61843487	      0.99717420	      0.99717420	     -0.19942672	     -0.19942672	      0.03908611	      0.03908611
      1.86000000	    -36.63156741	      0.00000000	      0.00000000	    -32.55754630	    785.30392974	      0.00000000	      5.15678999	     -0.08676526	      0.03001795	      5.15678999	     -0.08676526	      0.03001795	     18.64485087	      0.00000000	      0.00000000	     -2.48982814	     -2.48982814	      0.99048769	      0.99048769	     -0.19936166	     -0.19936166	      0.03884882	      0.03884882
      1.87000000	    -37.05862581	      0.00000000	      0.00000000	    -26.69938097	    771.26364177	      0.00000000	      5.39379753	     -0.09713464	      0.03079442	      5.39379753	     -0.09713464	      0.03079442	     16.67224148	      0.00000000	      0.00000000	     -2.39339676	     -2.39339676	      0.98626848	      0.98626848	     -0.19929000	     -0.19929000	      0.03870156	      0.03870156
      1.88000000	    -37.48634075	      0.00000000	      0.00000000	    -23.13080100	    763.30537584	      0.00000000	      5.51729658	     -0.10286690	      0.03104278	      5.51729658	     -0.10286690	      0.03104278	     15.39499770	      0.00000000	      0.00000000	     -2.32479671	     -2.32479671	      0.98423562	      0.98423562	     -0.19922273	     -0.19922273	      0.03863390	      0.03863390
      1.89000000	    -37.91860915	      0.00000000	      0.00000000	    -21.37068126	    760.11973249	      0.00000000	      5.54986919	     -0.10495088	      0.03089300	      5.54986919	     -0.10495088	      0.03089300	     14.66268292	      0.00000000	      0.00000000	     -2.27779570	     -2.27779570	      0.98399841	      0.98399841	     -0.19917038	     -0.19917038	      0.03863167	      0.03863167
      1.90000000	    -38.36108594	      0.00000000	      0.00000000	    -20.89300718	    760.29338584	      0.00000000	      5.51622741	     -0.10445566	      0.03047443	      5.51622741	     -0.10445566	      0.03047443	     14.31098746	      0.00000000	      0.00000000	     -2.24547818	     -2.24547818	      0.98510843	      0.98510843	     -0.19913855	     -0.19913855	      0.03867870	      0.03867870
      1.91000000	    -38.81942292	      0.00000000	      0.00000000	    -21.19669141	    762.49108012	      0.00000000	      5.44000861	     -0.10239409	      0.02990032	      5.44000861	     -0.10239409	      0.02990032	     14.18393075	      0.00000000	      0.00000000	     -2.22121528	     -2.22121528	      0.98711511	      0.98711511	     -0.19912733	     -0.19912733	      0.03875875	      0.03875875
      1.92000000	    -39.29819224	      0.00000000	      0.00000000	    -21.85278375	    765.57744682	      0.00000000	      5.34158278	     -0.09962952	      0.02925928	      5.34158278	     -0.09962952	      0.02925928	     14.14868805	      0.00000000	      0.00000000	     -2.19931103	     -2.19931103	      0.98960817	      0.98960817	     -0.19913179	     -0.19913179	      0.03885699	      0.03885699
      1.93000000	    -39.80042019	      0.00000000	      0.00000000	    -22.52990015	    768.68133356	      0.00000000	      5.23683873	     -0.09682593	      0.02861262	      5.23683873	     -0.09682593	      0.02861262	     14.10340760	      0.00000000	      0.00000000	     -2.17536089	     -2.17536089	      0.99224657	      0.99224657	     -0.19914342	     -0.19914342	      0.03896108	      0.03896108
      1.94000000	    -40.32753605	      0.00000000	      0.00000000	    -23.00114214	    771.21145260	      0.00000000	      5.13682010	     -0.09443513	      0.02799592	      5.13682010	     -0.09443513	      0.02799592	     13.97915767	      0.00000000	      0.00000000	     -2.14635661	     -2.14635661	      0.99477266	      0.99477266	     -0.19915179	     -0.19915179	      0.03906165	      0.03906165
      1.95000000	    -40.87958277	      0.00000000	      0.00000000	    -23.13713038	    772.83570056	      0.00000000	      5.04800829	     -0.09271184	      0.02742339	      5.04800829	     -0.09271184	      0.02742339	     13.73752042	      0.00000000	      0.00000000	     -2.11059968	     -2.11059968	      0.99701357	      0.99701357	     -0.19914622	     -0.19914622	      0.03915238	      0.03915238
      1.96000000	    -41.45556679	      0.00000000	      0.00000000	    -22.89008995	    773.43733954	      0.00000000	      4.97303018	     -0.09174647	      0.02689355	      4.97303018	     -0.09174647	      0.02689355	     13.36541965	      0.00000000	      0.00000000	     -2.06749115	     -2.06749115	      0.99887331	      0.99887331	     -0.19911693	     -0.19911693	      0.03922970	      0.03922970
      1.97000000	    -42.05385126	      0.00000000	      0.00000000	    -22.27351804	    773.06011548	      0.00000000	      4.91158407	     -0.09150665	      0.02639502	      4.91158407	     -0.09150665	      0.02639502	     12.86862443	      0.00000000	      0.00000000	     -2.01726015	     -2.01726015	      1.00031925	      1.00031925	     -0.19905598	     -0.19905598	      0.03929233	      0.03929233
      1.98000000	    -42.67251934	      0.00000000	      0.00000000	    -21.34112183	    771.85204518	      0.00000000	      4.86141373	     -0.09187982	      0.02591181	      4.86141373	     -0.09187982	      0.02591181	     12.26509302	      0.00000000	      0.00000000	     -1.96068172	     -1.96068172	      1.00136611	      1.00136611	     -0.19895777	     -0.19895777	      0.03934069	      0.03934069
      1.99000000	    -43.30965453	      0.00000000	      0.00000000	    -20.16768275	    770.01472321	      0.00000000	      4.81920544	     -0.09271191	      0.02542737	      4.81920544	     -0.09271191	      0.02542737	     11.57898688	      0.00000000	      0.00000000	     -1.89882013	     -1.89882013	      1.00205977	      1.00205977	     -0.19881915	     -0.19881915	      0.03937636	      0.03937636
      2.00000000	    -43.96351098	      0.00000000	      0.00000000	    -18.83346824	    767.76223103	      0.00000000	      4.78132971	     -0.09383864	      0.02492740	      4.78132971	     -0.09383864	      0.02492740	     10.83585148	      0.00000000	      0.00000000	     -1.83281958	     -1.83281958	      1.00246241	      1.00246241	     -0.19863924	     -0.19863924	      0.03940150	      0.03940150
      2.01000000	    -44.63257873	      0.00000000	      0.00000000	    -17.41290198	    765.29146442	      0.00000000	      4.74439146	     -0.09510831	      0.02440135	      4.74439146	     -0.09510831	      0.02440135	     10.05916936	      0.00000000	      0.00000000	     -1.76375210	     -1.76375210	      1.00264009	      1.00264009	     -0.19841892	     -0.19841892	      0.03941842	      0.03941842
      2.02000000	    -45.31557093	      0.00000000	      0.00000000	    -15.96748857	    762.76388362	      0.00000000	      4.70558575	     -0.09639601	      0.02384287	      4.70558575	     -0.09639601	      0.02384287	      9.26826390	      0.00000000	      0.00000000	     -1.69252292	     -1.69252292	      1.00265347	      1.00265347	     -0.19816026	     -0.19816026	      0.03942929	      0.03942929
      2.03000000	    -46.01136189	      0.00000000	      0.00000000	    -14.54249287	    760.29727118	      0.00000000	      4.66287809	     -0.09761030	      0.02324948	      4.66287809	     -0.09761030	      0.02324948	      8.47737560	      0.00000000	      0.00000000	     -1.61982628	     -1.61982628	      1.00255182	      1.00255182	     -0.19786600	     -0.19786600	      0.03943583	      0.03943583
      2.04000000	    -46.71889978	      0.00000000	      0.00000000	    -13.16658909	    757.96525038	      0.00000000	      4.61504136	     -0.09869389	      0.02262181	      4.61504136	     -0.09869389	      0.02262181	      7.69564733	      0.00000000	      0.00000000	     -1.54614103	     -1.54614103	      1.00236986	      1.00236986	     -0.19753891	     -0.19753891	      0.03943927	      0.03943927
      2.05000000	    -47.43711887	      0.00000000	      0.00000000	    -11.85358860	    755.80215747	      0.00000000	      4.56158872	     -0.09962009	      0.02196255	      4.56158872	     -0.09962009	      0.02196255	      6.92772870	      0.00000000	      0.00000000	     -1.47175367	     -1.47175367	      1.00212708	      1.00212708	     -0.19718148	     -0.19718148	      0.03944028	      0.03944028
      2.06000000	    -48.16487333	      0.00000000	      0.00000000	    -10.60538704	    753.81105427	      0.00000000	      4.50264203	     -0.10038676	      0.02127559	      4.50264203	     -0.10038676	      0.02127559	      6.17472747	      0.00000000	      0.00000000	     -1.39679759	     -1.39679759	      1.00182899	      1.00182899	     -0.19679558	     -0.19679558	      0.03943900	      0.03943900
      2.07000000	    -48.90090102	      0.00000000	      0.00000000	     -9.41539421	    751.97293312	      0.00000000	      4.43877075	     -0.10100922	      0.02056512	      4.43877075	     -0.10100922	      0.02056512	      5.43528006	      0.00000000	      0.00000000	     -1.32129856	     -1.32129856	      1.00146964	      1.00146964	     -0.19638239	     -0.19638239	      0.03943517	      0.03943517
      2.08000000	    -49.64381528	      0.00000000	      0.00000000	     -8.27188281	    750.25560897	      0.00000000	      4.37082868	     -0.10151331	      0.01983511	      4.37082868	     -0.10151331	      0.01983511	      4.70657179	      0.00000000	      0.00000000	     -1.24521878	     -1.24521878	      1.00103471	      1.00103471	     -0.19594238	     -0.19594238	      0.03942819	      0.03942819
      2.09000000	    -50.36020152	      0.00000000	      0.00000000	     -7.11582217	    748.63570438	      0.00000000	      4.31478705	     -0.10193634	      0.01913918	      4.31478705	     -0.10193634	      0.01913918	      3.98519864	      0.00000000	      0.00000000	     -1.16282397	     -1.16282397	      1.00072892	      1.00072892	     -0.19548273	     -0.19548273	      0.03941820	      0.03941820
      2.10000000	    -51.07156454	      0.00000000	      0.00000000	     -5.96592752	    747.06433514	      0.00000000	      4.26080088	     -0.10230259	      0.01844224	      4.26080088	     -0.10230259	      0.01844224	      3.26781657	      0.00000000	      0.00000000	     -1.07746848	     -1.07746848	      1.00035637	      1.00035637	     -0.19499579	     -0.19499579	      0.03940319	      0.03940319
      2.11000000	    -51.78324441	      0.00000000	      0.00000000	     -4.81956151	    745.50545090	      0.00000000	      4.20658011	     -0.10263728	      0.01773514	      4.20658011	     -0.10263728	      0.01773514	      2.55156845	      0.00000000	      0.00000000	     -0.99029809	     -0.99029809	      0.99984518	      0.99984518	     -0.19447903	     -0.19447903	      0.03938203	      0.03938203
      2.12000000	    -52.49423548	      0.00000000	      0.00000000	     -3.66743029	    743.93274909	      0.00000000	      4.15272146	     -0.10296196	      0.01701838	      4.15272146	     -0.10296196	      0.01701838	      1.83431072	      0.00000000	      0.00000000	     -0.90143310	     -0.90143310	      0.99917202	      0.99917202	     -0.19393161	     -0.19393161	      0.03935393	      0.03935393
      2.13000000	    -53.20362378	      0.00000000	      0.00000000	     -2.50294739	    742.32738398	      0.00000000	      4.09967495	     -0.10329249	      0.01629206	      4.09967495	     -0.10329249	      0.01629206	      1.11468197	      0.00000000	      0.00000000	     -0.81104457	     -0.81104457	      0.99831700	      0.99831700	     -0.19335288	     -0.19335288	      0.03931821	      0.03931821
      2.14000000	    -53.91060005	      0.00000000	      0.00000000	     -1.32216119	    740.67759138	      0.00000000	      4.04774135	     -0.10363918	      0.01555609	      4.04774135	     -0.10363918	      0.01555609	      0.39206350	      0.00000000	      0.00000000	     -0.71935202	     -0.71935202	      0.99726413	      0.99726413	     -0.19274247	     -0.19274247	      0.03927436	      0.03927436
      2.15000000	    -54.61445686	      0.00000000	      0.00000000	     -0.12345958	    738.97771438	      0.00000000	      3.99708379	     -0.10400753	      0.01481029	      3.99708379	     -0.10400753	      0.01481029	     -0.33351878	      0.00000000	      0.00000000	     -0.62661773	     -0.62661773	      0.99600137	      0.99600137	     -0.19210033	     -0.19210033	      0.03922201	      0.03922201
      2.16000000	    -55.31457352	      0.00000000	      0.00000000	      1.09280333	    737.22701345	      0.00000000	      3.94774555	     -0.10439923	      0.01405455	      3.94774555	     -0.10439923	      0.01405455	     -1.06150955	      0.00000000	      0.00000000	     -0.53313931	     -0.53313931	      0.99452054	      0.99452054	     -0.19142679	     -0.19142679	      0.03916097	      0.03916097
      2.17000000	    -56.01039041	      0.00000000	      0.00000000	      2.32464866	    735.42851149	      0.00000000	      3.89966758	     -0.10481309	      0.01328891	      3.89966758	     -0.10481309	      0.01328891	     -1.79092612	      0.00000000	      0.00000000	     -0.43924211	     -0.43924211	      0.99281714	      0.99281714	     -0.19072257	     -0.19072257	      0.03909119	      0.03909119
      2.18000000	    -56.70137780	      0.00000000	      0.00000000	      3.56871750	    733.58806062	      0.00000000	      3.85270188	     -0.10524582	      0.01251363	      3.85270188	     -0.10524582	      0.01251363	     -2.52043005	      0.00000000	      0.00000000	     -0.34527225	     -0.34527225	      0.99089034	      0.99089034	     -0.18998881	     -0.18998881	      0.03901277	      0.03901277
      2.19000000	    -57.38700413	      0.00000000	      0.00000000	      4.82040170	    731.71370942	      0.00000000	      3.80661953	     -0.10569260	      0.01172926	      3.80661953	     -0.10569260	      0.01172926	     -3.24836494	      0.00000000	      0.00000000	     -0.25159037	     -0.25159037	      0.98874301	      0.98874301	     -0.18922709	     -0.18922709	      0.03892594	      0.03892594
      2.20000000	    -58.06670560	      0.00000000	      0.00000000	      6.07388916	    729.81530932	      0.00000000	      3.76111479	     -0.10614739	      0.01093664	      3.76111479	     -0.10614739	      0.01093664	     -3.97276911	      0.00000000	      0.00000000	     -0.15856606	     -0.15856606	      0.98638195	      0.98638195	     -0.18843946	     -0.18843946	      0.03883111	      0.03883111
      2.21000000	    -58.73986137	      0.00000000	      0.00000000	      7.32219038	    727.90426290	      0.00000000	      3.71580899	     -0.10660313	      0.01013699	      3.71580899	     -0.10660313	      0.01013699	     -4.69138227	      0.00000000	      0.00000000	     -0.06657214	     -0.06657214	      0.98381809	      0.98381809	     -0.18762849	     -0.18762849	      0.03872885	      0.03872885
      2.22000000	    -59.40578111	      0.00000000	      0.00000000	      8.55724145	    725.99329774	      0.00000000	      3.67026016	     -0.10705190	      0.00933192	      3.67026016	     -0.10705190	      0.00933192	     -5.40167200	      0.00000000	      0.00000000	      0.02402165	      0.02402165	      0.98106663	      0.98106663	     -0.18679723	     -0.18679723	      0.03861989	      0.03861989
      2.23000000	    -60.06370877	      0.00000000	      0.00000000	      9.77019116	    724.09609959	      0.00000000	      3.62398508	     -0.10748520	      0.00852339	      3.62398508	     -0.10748520	      0.00852339	     -6.10090887	      0.00000000	      0.00000000	      0.11285648	      0.11285648	      0.97814692	      0.97814692	     -0.18594924	     -0.18594924	      0.03850510	      0.03850510
      2.24000000	    -60.73220450	      0.00000000	      0.00000000	     10.92487721	    722.22066361	      0.00000000	      3.56750446	     -0.10789126	      0.00768847	      3.56750446	     -0.10789126	      0.00768847	     -6.78631680	      0.00000000	      0.00000000	      0.19610191	      0.19610191	      0.97497187	      0.97497187	     -0.18508703	     -0.18508703	      0.03838596	      0.03838596
      2.25000000	    -61.40508318	      0.00000000	      0.00000000	     12.02056345	    720.38241356	      0.00000000	      3.50291821	     -0.10826411	      0.00683766	      3.50291821	     -0.10826411	      0.00683766	     -7.45531743	      0.00000000	      0.00000000	      0.27398825	      0.27398825	      0.97160491	      0.97160491	     -0.18421636	     -0.18421636	      0.03826373	      0.03826373
      2.26000000	    -62.06381727	      0.00000000	      0.00000000	     13.07583623	    718.59680013	      0.00000000	      3.43819142	     -0.10860200	      0.00599687	      3.43819142	     -0.10860200	      0.00599687	     -8.10587340	      0.00000000	      0.00000000	      0.34938214	      0.34938214	      0.96817189	      0.96817189	     -0.18334291	     -0.18334291	      0.03813901	      0.03813901
      2.27000000	    -62.70731834	      0.00000000	      0.00000000	     14.08863143	    716.86799579	      0.00000000	      3.37345650	     -0.10890441	      0.00516867	      3.37345650	     -0.10890441	      0.00516867	     -8.73691709	      0.00000000	      0.00000000	      0.42220998	      0.42220998	      0.96469251	      0.96469251	     -0.18247015	     -0.18247015	      0.03801251	      0.03801251
      2.28000000	    -63.33467262	      0.00000000	      0.00000000	     15.06233416	    715.19150653	      0.00000000	      3.30917841	     -0.10917741	      0.00435478	      3.30917841	     -0.10917741	      0.00435478	     -9.34882738	      0.00000000	      0.00000000	      0.49244558	      0.49244558	      0.96117671	      0.96117671	     -0.18160052	     -0.18160052	      0.03788455	      0.03788455
      2.29000000	    -63.94516231	      0.00000000	      0.00000000	     16.00761548	    713.55118097	      0.00000000	      3.24627202	     -0.10943588	      0.00355560	      3.24627202	     -0.10943588	      0.00355560	     -9.94388988	      0.00000000	      0.00000000	      0.56011442	      0.56011442	      0.95761966	      0.95761966	     -0.18073484	     -0.18073484	      0.03775487	      0.03775487
      2.30000000	    -64.53826136	      0.00000000	      0.00000000	     16.94389133	    711.91676695	      0.00000000	      3.18619771	     -0.10970525	      0.00276973	      3.18619771	     -0.10970525	      0.00276973	    -10.52664982	      0.00000000	      0.00000000	      0.62529259	      0.62529259	      0.95399714	      0.95399714	     -0.17987176	     -0.17987176	      0.03762244	      0.03762244
      2.31000000	    -65.11360444	      0.00000000	      0.00000000	     17.89996148	    710.24280800	      0.00000000	      3.13100759	     -0.11002244	      0.00199360	      3.13100759	     -0.11002244	      0.00199360	    -11.10404487	      0.00000000	      0.00000000	      0.68809863	      0.68809863	      0.95026255	      0.95026255	     -0.17900739	     -0.17900739	      0.03748534	      0.03748534
      2.32000000	    -65.67092277	      0.00000000	      0.00000000	     18.91332869	    708.46968662	      0.00000000	      3.08331006	     -0.11043502	      0.00122137	      3.08331006	     -0.11043502	      0.00122137	    -11.68519230	      0.00000000	      0.00000000	      0.74867693	      0.74867693	      0.94634672	      0.94634672	     -0.17813520	     -0.17813520	      0.03734077	      0.03734077
      2.33000000	    -66.20993584	      0.00000000	      0.00000000	     20.02770083	    706.52753372	      0.00000000	      3.04612020	     -0.11099835	      0.00044520	      3.04612020	     -0.11099835	      0.00044520	    -12.28070686	      0.00000000	      0.00000000	      0.80717214	      0.80717214	      0.94216186	      0.94216186	     -0.17724648	     -0.17724648	      0.03718520	      0.03718520
      2.34000000	    -66.73020274	      0.00000000	      0.00000000	     21.28826645	    704.34369321	      0.00000000	      3.02256831	     -0.11176989	     -0.00034393	      3.02256831	     -0.11176989	     -0.00034393	    -12.90145137	      0.00000000	      0.00000000	      0.86369553	      0.86369553	      0.93761113	      0.93761113	     -0.17633133	     -0.17633133	      0.03701475	      0.03701475
      2.35000000	    -67.23095553	      0.00000000	      0.00000000	     22.73453097	    701.85425085	      0.00000000	      3.01545156	     -0.11280050	     -0.00115471	      3.01545156	     -0.11280050	     -0.00115471	    -13.55667598	      0.00000000	      0.00000000	      0.91828581	      0.91828581	      0.93260467	      0.93260467	     -0.17538047	     -0.17538047	      0.03682584	      0.03682584
      2.36000000	    -67.71093894	      0.00000000	      0.00000000	     24.39081806	    699.01955339	      0.00000000	      3.02663272	     -0.11412285	     -0.00199328	      3.02663272	     -0.11412285	     -0.00199328	    -14.25158375	      0.00000000	      0.00000000	      0.97086860	      0.97086860	      0.92708265	      0.92708265	     -0.17438788	     -0.17438788	      0.03661610	      0.03661610
      2.37000000	    -68.16827477	      0.00000000	      0.00000000	     26.25497798	    695.84278292	      0.00000000	      3.05631746	     -0.11573758	     -0.00286034	      3.05631746	     -0.11573758	     -0.00286034	    -14.98447034	      0.00000000	      0.00000000	      1.02121982	      1.02121982	      0.92104403	      0.92104403	     -0.17335408	     -0.17335408	      0.03638548	      0.03638548
      2.38000000	    -68.60037382	      0.00000000	      0.00000000	     28.28637882	    692.38977187	      0.00000000	      3.10227621	     -0.11759846	     -0.00374792	      3.10227621	     -0.11759846	     -0.00374792	    -15.74371865	      0.00000000	      0.00000000	      1.06893902	      1.06893902	      0.91457851	      0.91457851	     -0.17228987	     -0.17228987	      0.03613755	      0.03613755
      2.39000000	    -69.00392808	      0.00000000	      0.00000000	     30.39483706	    688.80737069	      0.00000000	      3.15911443	     -0.11959858	     -0.00463605	      3.15911443	     -0.11959858	     -0.00463605	    -16.50507319	      0.00000000	      0.00000000	      1.11343837	      1.11343837	      0.90789732	      0.90789732	     -0.17121990	     -0.17121990	      0.03588068	      0.03588068
      2.40000000	    -69.37501591	      0.00000000	      0.00000000	     32.43268867	    685.33679528	      0.00000000	      3.21773202	     -0.12156029	     -0.00549022	      3.21773202	     -0.12156029	     -0.00549022	    -17.22975160	      0.00000000	      0.00000000	      1.15395221	      1.15395221	      0.90135686	      0.90135686	     -0.17018540	     -0.17018540	      0.03562898	      0.03562898
      2.41000000	    -69.70933969	      0.00000000	      0.00000000	     34.19259891	    682.31763940	      0.00000000	      3.26513944	     -0.12323222	     -0.00626020	      3.26513944	     -0.12323222	     -0.00626020	    -17.86404251	      0.00000000	      0.00000000	      1.18956998	      1.18956998	      0.89546753	      0.89546753	     -0.16924523	     -0.16924523	      0.03540268	      0.03540268
      2.42000000	    -70.00259164	      0.00000000	      0.00000000	     35.41381620	    680.17792412	      0.00000000	      3.28480778	     -0.12429655	     -0.00688132	      3.28480778	     -0.12429655	     -0.00688132	    -18.34105766	      0.00000000	      0.00000000	      1.21929348	      1.21929348	      0.89087978	      0.89087978	     -0.16847420	     -0.16847420	      0.03522750	      0.03522750
      2.43000000	    -70.25092480	      0.00000000	      0.00000000	     35.79923508	    679.40607721	      0.00000000	      3.25771039	     -0.12438958	     -0.00727872	      3.25771039	     -0.12438958	     -0.00727872	    -18.58521452	      0.00000000	      0.00000000	      1.24211856	      1.24211856	      0.88834039	      0.88834039	     -0.16795787	     -0.16795787	      0.03513300	      0.03513300
      2.44000000	    -70.45150142	      0.00000000	      0.00000000	     35.04468224	    680.50245980	      0.00000000	      3.16415528	     -0.12313738	     -0.00737515	      3.16415528	     -0.12313738	     -0.00737515	    -18.51978535	      0.00000000	      0.00000000	      1.25714185	      1.25714185	      0.88861536	      0.88861536	     -0.16778341	     -0.16778341	      0.03514951	      0.03514951
      2.45000000	    -70.60309382	      0.00000000	      0.00000000	     32.88013460	    683.91111861	      0.00000000	      2.98639852	     -0.12020615	     -0.00710210	      2.98639852	     -0.12020615	     -0.00710210	    -18.07742454	      0.00000000	      0.00000000	      1.26369450	      1.26369450	      0.89238202	      0.89238202	     -0.16802703	     -0.16802703	      0.03530386	      0.03530386
      2.46000000	    -70.70670529	      0.00000000	      0.00000000	     29.12002515	    689.93682124	      0.00000000	      2.71186472	     -0.11536380	     -0.00641309	      2.71186472	     -0.11536380	     -0.00641309	    -17.21294925	      0.00000000	      0.00000000	      1.26150412	      1.26150412	      0.90010049	      0.90010049	     -0.16873907	     -0.16873907	      0.03561433	      0.03561433
      2.47000000	    -70.76615028	      0.00000000	      0.00000000	     23.71637186	    698.65804258	      0.00000000	      2.33657804	     -0.10854507	     -0.00529725	      2.33657804	     -0.10854507	     -0.00529725	    -15.91679017	      0.00000000	      0.00000000	      1.25087805	      1.25087805	      0.91188394	      0.91188394	     -0.16992938	     -0.16992938	      0.03608545	      0.03608545
      2.48000000	    -70.78847968	      0.00000000	      0.00000000	     16.80429643	    709.85316692	      0.00000000	      1.86813447	     -0.09990745	     -0.00379020	      1.86813447	     -0.09990745	     -0.00379020	    -14.22647382	      0.00000000	      0.00000000	      1.23288266	      1.23288266	      0.92739559	      0.92739559	     -0.17155606	     -0.17155606	      0.03670397	      0.03670397
      2.49000000	    -70.78407271	      0.00000000	      0.00000000	      8.72475163	    722.96458424	      0.00000000	      1.32723364	     -0.08985907	     -0.00197841	      1.32723364	     -0.08985907	     -0.00197841	    -12.23228955	      0.00000000	      0.00000000	      1.20946161	      1.20946161	      0.94580837	      0.94580837	     -0.17352176	     -0.17352176	      0.03743718	      0.03743718
      2.50000000	    -70.76617606	      0.00000000	      0.00000000	      0.00573852	    737.13080988	      0.00000000	      0.74655172	     -0.07903593	      0.00000695	      0.74655172	     -0.07903593	      0.00000695	    -10.07239060	      0.00000000	      0.00000000	      1.18340266	      1.18340266	      0.96586667	      0.96586667	     -0.17568152	     -0.17568152	      0.03823534	      0.03823534
